state,county,farm_operations_number_of_operations,area_operated_(1.0_to_9.9_acres),area_operated_(10.0_to_49.9_acres),area_operated_(50_to_179_acres),area_operated_(180_to_499_acres),area_operated_(500_to_999_acres),area_operated_(1000_or_more_acres),farm_operations_acres_operated,farm_operations_area_operated_measured_in_acres_operation,farm_operations_area_operated_measured_in_acres_operation_median,ag_land_incl_buildings_asset_value_measured_in_$_operation,ag_land_incl_buildings_asset_value_measured_in_$_acre,machinery_totals_asset_value_measured_in_$,machinery_totals_asset_value_measured_in_$_operation,ag_land_cropland_number_of_operations,ag_land_cropland_acres,ag_land_cropland_harvested_number_of_operations,ag_land_cropland_harvested_acres,ag_land_irrigated_number_of_operations,ag_land_irrigated_acres,commodity_totals_sales_measured_in_$,commodity_totals_sales_measured_in_$_operation,crop_totals_sales_measured_in_$,animal_totals_incl_products_sales_measured_in_$,commodity_totals_operations_with_sales,farm_sales_(less_than_2500_$),farm_sales_(2500_to_4999_$),farm_sales_(5000_to_9999_$),farm_sales_(10000_to_24999_$),farm_sales_(25000_to_49999_$),farm_sales_(50000_to_99999_$),farm_sales_(100000_or_more_$),govt_programs_federal_operations_with_receipts,govt_programs_federal_receipts_measured_in_$,income_farmrelated_operations_with_receipts,income_farmrelated_receipts_measured_in_$,expense_totals_operating_expense_measured_in_$,expense_totals_operating_expense_measured_in_$_operation,income_net_cash_farm_of_operations_operations_with_net_income,income_net_cash_farm_of_operations_net_income_measured_in_$,income_net_cash_farm_of_operations_net_income_measured_in_$_operation,cattle_incl_calves_operations_with_inventory,cattle_incl_calves_inventory,cattle_cows_beef_operations_with_inventory,cattle_cows_beef_inventory,cattle_cows_milk_operations_with_inventory,cattle_cows_milk_inventory,cattle_incl_calves_operations_with_sales,cattle_incl_calves_sales_measured_in_head,hogs_operations_with_inventory,hogs_inventory,hogs_operations_with_sales,hogs_sales_measured_in_head,sheep_incl_lambs_operations_with_inventory,sheep_incl_lambs_inventory,chickens_layers_operations_with_inventory,chickens_layers_inventory,chickens_broilers_operations_with_sales,chickens_broilers_sales_measured_in_head,corn_grain_operations_with_area_harvested,corn_grain_acres_harvested,corn_grain_production_measured_in_bu,corn_silage_operations_with_area_harvested,corn_silage_acres_harvested,corn_silage_production_measured_in_tons,wheat_operations_with_area_harvested,wheat_acres_harvested,wheat_production_measured_in_bu,wheat_winter_operations_with_area_harvested,wheat_winter_acres_harvested,wheat_winter_production_measured_in_bu,barley_operations_with_area_harvested,barley_acres_harvested,barley_production_measured_in_bu,sorghum_grain_operations_with_area_harvested,sorghum_grain_acres_harvested,sorghum_grain_production_measured_in_bu,sorghum_silage_operations_with_area_harvested,sorghum_silage_acres_harvested,sorghum_silage_production_measured_in_tons,soybeans_operations_with_area_harvested,soybeans_acres_harvested,soybeans_production_measured_in_bu,beans_dry_edible_(excl_chickpeas_&_lima)_operations_with_area_harvested,beans_dry_edible_(excl_chickpeas_&_lima)_acres_harvested,beans_dry_edible_(excl_chickpeas_&_lima)_production_measured_in_cwt,hay_&_haylage_operations_with_area_harvested,hay_&_haylage_acres_harvested,hay_&_haylage_production_measured_in_tons_dry_basis,sunflower_operations_with_area_harvested,sunflower_acres_harvested,sunflower_production_measured_in_lb,sugarbeets_operations_with_area_harvested,sugarbeets_acres_harvested,sugarbeets_production_measured_in_tons,vegetable_totals_in_the_open_operations_with_area_harvested,vegetable_totals_in_the_open_acres_harvested,potatoes_operations_with_area_harvested,potatoes_acres_harvested,orchards_operations_with_area_bearing_&_nonbearing,orchards_acres_bearing_&_nonbearing,ag_land_incl_buildings_operations_with_asset_value,wheat_spring_durum_operations_with_area_harvested,wheat_spring_durum_acres_harvested,wheat_spring_durum_production_measured_in_bu,wheat_spring_(excl_durum)_operations_with_area_harvested,wheat_spring_(excl_durum)_acres_harvested,wheat_spring_(excl_durum)_production_measured_in_bu,oats_operations_with_area_harvested,oats_acres_harvested,oats_production_measured_in_bu,sweet_potatoes_operations_with_area_harvested,sweet_potatoes_acres_harvested
colorado,adams,905,150,411,139,67,39,99,"705,289",779,40,"1,256,762","1,613","117,126,000","129,421",570,"586,828",384,"283,538",214,"21,557","126,500,000","139,779","103,563,000","22,937,000",,467,90,75,82,49,39,103,236,"5,037,000",282,"9,577,000","117,262,000","129,571",905,"23,852,000","26,355",302,"14,986",234,"6,235",32,"1,698",222,"6,653",74,(d),71,(d),45,593,220,"4,505",26,654,73,"42,882","3,603,391",10,"1,540","39,597",151,"193,026","7,727,255",151,"193,026","7,727,255",1,(d),(d),20,"10,236","228,106",5,"1,288","2,384",8,"1,239","39,501",6,935,"21,670",202,"13,406","27,499",16,"8,124","6,213,176",6,910,"27,225",28,368,2,(d),15,22,905,NA,NA,NA,NA,NA,NA,NA,NA,NA,NA,NA
colorado,alamosa,280,14,51,76,44,37,58,"192,030",686,166,"1,453,990","2,120","76,381,000","272,790",178,"81,082",149,"59,432",181,"79,543","89,334,000","319,051","81,248,000","8,086,000",,111,12,7,23,11,33,83,64,"836,000",134,"3,483,000","72,426,000","258,666",280,"21,227,000","75,811",99,"11,898",88,"7,197",3,8,79,"7,363",5,34,3,(d),37,"4,465",22,405,2,(d),NA,NA,NA,2,(d),(d),9,"1,525","122,710",NA,NA,NA,31,"10,666","1,281,067",1,(d),(d),NA,NA,NA,NA,NA,NA,NA,NA,NA,120,"27,326","90,902",NA,NA,NA,NA,NA,NA,30,"16,071",30,(d),NA,NA,280,3,900,"67,500",9,625,"55,210",7,380,"46,000",NA,NA
colorado,arapahoe,851,87,542,124,40,17,41,"282,912",332,38,"751,389","2,260","54,166,000","63,650",419,"136,849",206,"44,558",46,"1,155","26,695,000","31,369","20,815,000","5,881,000",,570,85,84,46,24,17,25,128,"1,705,000",223,"3,050,000","37,698,000","44,299",851,"-6,248,000","-7,342",343,"8,343",263,"4,325",19,33,227,"4,223",78,732,79,829,37,457,259,"4,646",17,730,3,(d),(d),NA,NA,NA,46,"35,106","1,308,309",46,"35,106","1,308,309",NA,NA,NA,1,(d),(d),NA,NA,NA,NA,NA,NA,2,(d),(d),139,"4,715","5,627",1,(d),(d),NA,NA,NA,12,20,6,3,5,8,851,NA,NA,NA,NA,NA,NA,NA,NA,NA,NA,NA
colorado,archuleta,399,37,128,117,43,17,57,"210,147",527,72,"1,634,748","3,104","26,744,000","67,028",206,"12,532",151,"8,124",200,"18,332","11,157,000","27,963","1,403,000","9,755,000",,187,33,50,57,29,19,24,10,"143,000",140,"1,836,000","15,247,000","38,213",399,"-2,111,000","-5,291",168,"8,487",134,(d),1,(d),147,"10,172",3,15,3,11,12,228,26,437,3,58,NA,NA,NA,NA,NA,NA,NA,NA,NA,NA,NA,NA,8,236,"7,208",NA,NA,NA,NA,NA,NA,NA,NA,NA,NA,NA,NA,127,"7,417","12,963",NA,NA,NA,NA,NA,NA,7,3,6,1,9,16,399,NA,NA,NA,NA,NA,NA,NA,NA,NA,NA,NA
colorado,baca,667,5,17,85,147,90,323,"1,471,783","2,207",960,"1,729,456",784,"98,912,000","149,867",538,"742,370",253,(d),91,"45,519","114,083,000","171,039","52,394,000","61,689,000",,302,20,18,41,58,70,158,560,"19,467,000",290,"12,474,000","120,288,000","180,342",667,"25,737,000","38,586",251,"55,493",238,"26,091",6,7,235,"50,391",NA,NA,1,(d),2,(d),18,476,NA,NA,73,"49,206","5,660,274",10,"1,441","22,074",182,"133,845","4,012,111",182,"133,845","4,012,111",1,(d),(d),115,"79,903","3,630,643",6,"1,700","22,613",1,(d),(d),1,(d),(d),86,"15,932","39,107",8,"5,961","3,172,492",NA,NA,NA,NA,NA,NA,NA,NA,NA,667,NA,NA,NA,NA,NA,NA,1,(d),(d),NA,NA
colorado,bent,274,23,12,71,49,26,93,"734,630","2,681",400,"1,850,149",690,"45,607,000","166,448",156,"93,280",98,(d),92,"38,828","60,817,000","221,962","16,433,000","44,385,000",,103,5,13,26,20,26,81,141,"1,854,000",115,"2,662,000","50,086,000","182,796",274,"15,247,000","55,647",147,"27,518",143,"16,269",4,8,132,"20,686",2,(d),3,(d),7,211,30,403,NA,NA,44,"12,066","2,094,138",6,298,"5,778",36,"3,547","215,168",35,(d),(d),NA,NA,NA,14,"3,224","292,926",5,246,"3,820",NA,NA,NA,1,(d),(d),84,"22,848","71,576",3,379,"219,450",NA,NA,NA,NA,NA,NA,NA,NA,NA,274,NA,NA,NA,1,(d),(d),2,(d),(d),NA,NA
colorado,boulder,"1,012",373,426,144,35,12,22,"107,043",106,15,"1,329,691","12,571","67,843,000","67,305",793,"38,128",704,"28,868",712,"27,232","43,898,000","43,378","38,380,000","5,519,000",,579,111,113,99,36,27,47,57,"501,000",280,"9,776,000","54,094,000","53,453","1,012","81,000",80,188,"5,986",144,"3,978",10,17,142,"3,721",28,518,39,739,44,955,180,"5,031",5,910,15,"2,564","421,460",7,"1,246","33,284",11,"1,588","127,600",11,"1,588","127,600",7,968,"75,693",1,(d),(d),NA,NA,NA,NA,NA,NA,5,263,"6,297",551,"20,351","46,587",1,(d),(d),6,704,"21,325",92,722,14,8,58,65,"1,012",NA,NA,NA,NA,NA,NA,2,(d),(d),3,3
colorado,broomfield,38,14,15,4,2,NA,3,"8,506",224,25,"1,223,811","5,467","1,836,000","48,312",31,"7,695",17,"2,221",12,"1,231","613,000","16,125","475,000","138,000",,31,1,NA,1,2,NA,3,1,(d),2,(d),"713,000","18,775",38,"-76,000","-1,995",11,268,9,89,NA,NA,5,319,NA,NA,NA,NA,2,(d),8,24,NA,NA,1,(d),(d),2,(d),(d),3,(d),(d),3,660,"11,080",NA,NA,NA,NA,NA,NA,NA,NA,NA,NA,NA,NA,NA,NA,NA,16,601,"1,462",NA,NA,NA,NA,NA,NA,NA,NA,NA,NA,NA,NA,38,NA,NA,NA,1,(d),(d),NA,NA,NA,NA,NA
colorado,chaffee,NA,NA,NA,NA,NA,NA,NA,NA,NA,NA,NA,NA,NA,NA,NA,NA,NA,NA,NA,NA,NA,NA,NA,0,NA,NA,NA,NA,NA,NA,NA,NA,NA,NA,NA,NA,NA,NA,NA,0,NA,NA,NA,NA,NA,NA,NA,NA,NA,NA,NA,NA,NA,NA,NA,NA,NA,NA,NA,NA,NA,NA,NA,NA,NA,NA,NA,NA,NA,NA,NA,NA,NA,NA,NA,NA,NA,NA,NA,NA,NA,NA,NA,NA,NA,NA,NA,NA,NA,NA,NA,NA,NA,NA,NA,NA,NA,NA,NA,NA,NA,NA,NA,NA,NA,NA,NA,NA,NA,NA,NA,NA,NA
colorado,cheyenne,377,9,9,39,53,67,200,"1,075,562","2,853","1,172","2,389,477",838,"98,277,000","260,682",317,"599,063",200,"308,850",48,"23,554","89,226,000","236,675","67,819,000","21,408,000",,117,6,21,25,29,47,132,309,"10,125,000",189,"4,580,000","76,511,000","202,948",377,"27,420,000","72,733",140,"34,782",131,"18,647",3,12,145,"25,160",2,(d),6,50,NA,NA,2,(d),NA,NA,78,"69,591","7,976,634",NA,NA,NA,166,"172,664","8,446,362",166,"172,664","8,446,362",NA,NA,NA,70,"48,191","2,221,997",9,"3,280","40,472",3,258,"15,816",NA,NA,NA,77,"19,291","31,818",12,"3,620","4,184,000",NA,NA,NA,NA,NA,NA,NA,NA,NA,377,NA,NA,NA,NA,NA,NA,NA,NA,NA,NA,NA
colorado,clear creek,33,11,3,10,3,3,3,"10,357",314,55,"990,682","3,157","1,805,000","54,704",21,924,19,454,17,286,"174,000","5,261","53,000","121,000",,18,5,9,NA,NA,1,NA,NA,NA,13,"21,000","357,000","10,831",33,0,(d),8,100,7,(d),NA,NA,11,113,NA,NA,NA,NA,NA,NA,NA,NA,NA,NA,NA,NA,NA,NA,NA,NA,NA,NA,NA,NA,NA,NA,NA,NA,NA,NA,NA,NA,NA,NA,NA,NA,NA,NA,NA,NA,NA,16,448,347,NA,NA,NA,NA,NA,NA,NA,NA,NA,NA,NA,NA,33,NA,NA,NA,NA,NA,NA,NA,NA,NA,NA,NA
colorado,conejos,524,44,131,131,84,59,75,"266,278",508,140,"857,351","1,687","70,025,000","133,635",414,"131,453",388,"103,574",384,"119,518","53,941,000","102,941","34,080,000","19,860,000",,163,47,44,38,63,41,128,95,"718,000",195,"5,388,000","42,618,000","81,333",524,"17,428,000","33,259",247,"35,855",215,"22,585",10,186,206,"19,171",20,411,20,311,42,"10,867",54,"1,504",2,(d),3,39,"3,900",1,(d),(d),3,932,"36,110",3,(d),(d),32,"6,008","645,537",NA,NA,NA,NA,NA,NA,NA,NA,NA,NA,NA,NA,383,"94,133","238,988",NA,NA,NA,NA,NA,NA,5,(d),2,(d),NA,NA,524,NA,NA,NA,1,(d),(d),18,"1,268","83,800",NA,NA
colorado,costilla,229,11,107,45,32,12,22,"357,617","1,562",46,"1,898,119","1,215","35,310,000","154,192",197,"50,567",166,"31,267",167,"39,343","22,059,000","96,328","19,353,000","2,706,000",,111,21,21,25,15,12,24,21,"308,000",50,"2,821,000","21,575,000","94,215",229,"3,612,000","15,775",90,"6,297",83,"4,256",7,10,73,"3,601",5,18,2,(d),15,544,20,418,1,(d),NA,NA,NA,NA,NA,NA,6,"1,881","162,114",1,(d),(d),9,"4,842","574,290",NA,NA,NA,NA,NA,NA,NA,NA,NA,2,(d),(d),164,"21,817","67,243",NA,NA,NA,NA,NA,NA,7,"2,770",4,(d),NA,NA,229,NA,NA,NA,5,(d),(d),NA,NA,NA,NA,NA
colorado,crowley,246,14,38,50,35,33,76,"484,328","1,969",280,"1,002,121",509,"21,784,000","88,555",120,"30,995",59,(d),55,"4,684","96,277,000","391,371","1,312,000","94,965,000",,113,15,8,30,22,13,45,120,"1,701,000",89,"962,000","85,758,000","348,609",246,"13,182,000","53,585",140,"72,158",125,"15,597",5,7,127,"65,452",12,552,4,450,22,830,48,"1,407",10,670,5,217,"25,090",3,86,"1,562",2,(d),(d),2,(d),(d),1,(d),(d),5,"1,413","33,040",11,369,"5,273",NA,NA,NA,1,(d),(d),53,"5,744","17,136",NA,NA,NA,NA,NA,NA,5,150,NA,NA,2,(d),246,NA,NA,NA,NA,NA,NA,NA,NA,NA,NA,NA
colorado,custer,315,15,97,89,56,31,27,"161,337",512,105,"994,967","1,943","25,680,000","81,523",142,"28,989",110,"20,527",98,"22,558","9,680,000","30,731","4,582,000","5,099,000",,178,19,25,23,15,20,35,10,"173,000",84,"2,126,000","9,920,000","31,493",315,"2,059,000","6,537",133,"8,387",101,"5,709",4,5,90,"5,529",3,56,6,84,10,243,43,655,3,18,NA,NA,NA,NA,NA,NA,NA,NA,NA,NA,NA,NA,NA,NA,NA,NA,NA,NA,NA,NA,NA,NA,NA,NA,NA,NA,NA,100,"20,086","35,224",NA,NA,NA,NA,NA,NA,NA,NA,NA,NA,NA,NA,315,NA,NA,NA,NA,NA,NA,NA,NA,NA,NA,NA
colorado,delta,"1,615",433,693,288,114,41,46,"236,846",147,25,"705,824","4,813","109,790,000","67,981","1,303","69,393","1,198","49,214","1,429","66,762","67,117,000","41,558","30,366,000","36,751,000",,849,165,170,153,94,54,130,101,"897,000",383,"6,075,000","59,466,000","36,821","1,615","14,623,000","9,054",513,"40,550",419,(d),13,(d),396,"23,694",56,910,61,"1,284",77,"15,613",261,"7,159",22,"2,827",33,"4,087","672,246",18,"2,315","55,731",14,"1,496","151,797",14,"1,496","151,797",1,(d),(d),NA,NA,NA,NA,NA,NA,NA,NA,NA,20,"1,464","35,374","1,025","34,823","67,495",1,(d),(d),NA,NA,NA,83,"1,295",15,7,154,"2,070","1,615",NA,NA,NA,NA,NA,NA,3,72,"5,450",NA,NA
colorado,denver,12,6,6,NA,NA,NA,NA,129,11,8,"685,079","63,728","313,000","26,067",7,43,7,(d),5,(d),(d),(d),(d),0,,8,NA,NA,1,NA,2,1,NA,NA,4,(d),"1,097,000","91,450",12,0,(d),2,(d),NA,NA,2,(d),NA,NA,NA,NA,NA,NA,NA,NA,2,(d),NA,NA,NA,NA,NA,NA,NA,NA,1,(d),(d),1,(d),(d),NA,NA,NA,NA,NA,NA,NA,NA,NA,NA,NA,NA,NA,NA,NA,NA,NA,NA,NA,NA,NA,NA,NA,NA,2,(d),2,(d),NA,NA,12,NA,NA,NA,NA,NA,NA,NA,NA,NA,NA,NA
colorado,dolores,313,11,57,111,68,33,33,"157,664",504,157,"898,017","1,783","21,839,000","69,774",230,"69,871",111,"31,048",60,"7,241","8,516,000","27,208","6,038,000","2,478,000",,188,21,13,35,19,12,25,139,"1,123,000",123,"909,000","7,979,000","25,491",313,"2,569,000","8,207",67,"5,052",48,"3,212",NA,NA,42,"2,951",NA,NA,NA,NA,7,109,30,415,NA,NA,1,(d),(d),NA,NA,NA,65,"15,008","239,470",62,"14,756","227,183",1,(d),(d),NA,NA,NA,NA,NA,NA,NA,NA,NA,31,"8,321","45,210",38,"6,395","21,455",1,(d),(d),NA,NA,NA,5,11,5,2,7,25,313,NA,NA,NA,4,252,"12,287",NA,NA,NA,NA,NA
colorado,douglas,"1,223",180,644,241,98,23,37,"201,574",165,36,"1,112,035","6,747","61,790,000","50,523",484,"26,536",305,"12,371",87,"2,285","18,867,000","15,427","11,700,000","7,168,000",,811,146,99,82,37,26,22,41,"428,000",309,"7,516,000","36,398,000","29,761","1,223","-9,587,000","-7,839",437,"8,005",322,"5,012",8,14,322,"5,680",29,95,30,97,57,673,242,"4,542",9,112,NA,NA,NA,NA,NA,NA,7,"1,500","40,546",7,"1,500","40,546",NA,NA,NA,NA,NA,NA,NA,NA,NA,NA,NA,NA,NA,NA,NA,266,"10,500","10,175",2,(d),(d),NA,NA,NA,10,7,2,(d),12,9,"1,223",NA,NA,NA,NA,NA,NA,1,(d),(d),NA,NA
colorado,eagle,257,41,74,81,31,10,20,"155,200",604,77,"1,998,474","3,309","21,480,000","83,582",201,"15,360",170,"12,404",191,"14,780","8,243,000","32,074","1,972,000","6,271,000",,121,30,35,24,13,18,16,13,"60,000",91,"3,219,000","11,465,000","44,610",257,"57,000",223,72,"9,513",66,(d),2,(d),49,"6,024",4,14,4,30,6,"9,432",29,823,NA,NA,NA,NA,NA,NA,NA,NA,6,960,"8,640",6,960,"8,640",NA,NA,NA,NA,NA,NA,NA,NA,NA,NA,NA,NA,NA,NA,NA,147,"11,393","15,786",NA,NA,NA,NA,NA,NA,6,5,6,2,1,(d),257,NA,NA,NA,NA,NA,NA,NA,NA,NA,NA,NA
colorado,elbert,"1,632",171,534,502,167,86,172,"1,018,461",624,60,"952,293","1,526","99,851,000","61,221",665,"189,920",408,"77,935",103,"6,690","35,373,000","21,675","7,511,000","27,862,000",,917,159,198,161,77,45,75,194,"3,286,000",466,"6,654,000","58,412,000","35,792","1,632","-13,098,000","-8,026",815,"40,779",665,"24,785",25,41,622,"28,704",59,407,56,680,90,"1,582",329,"6,252",12,"1,512",16,"7,484","505,528",NA,NA,NA,34,"22,094","603,510",34,"22,094","603,510",NA,NA,NA,9,"5,804","175,124",7,775,873,NA,NA,NA,NA,NA,NA,345,"34,765","36,089",2,(d),(d),NA,NA,NA,30,28,7,1,10,5,"1,632",NA,NA,NA,NA,NA,NA,3,184,"8,206",NA,NA
colorado,el paso,"1,345",188,424,368,149,74,142,"630,033",468,75,"659,073","1,407","62,265,000","46,294",443,"51,531",232,"18,121",126,"8,922","31,898,000","23,716","13,803,000","18,095,000",,795,140,133,119,61,51,46,101,"1,300,000",299,"5,548,000","44,015,000","32,725","1,345","-5,269,000","-3,917",545,"28,082",451,"15,738",19,29,412,"15,779",59,349,84,574,64,973,353,(d),29,"2,270",3,5,500,2,(d),(d),5,504,"15,910",4,(d),(d),NA,NA,NA,4,268,"16,208",3,(d),149,NA,NA,NA,NA,NA,NA,161,"15,812","24,655",NA,NA,NA,NA,NA,NA,29,56,18,3,11,17,"1,345",NA,NA,NA,1,(d),(d),NA,NA,NA,NA,NA
colorado,fremont,"1,034",403,346,129,57,29,70,"278,093",269,12,"628,195","2,336","49,739,000","48,150",633,"15,097",565,"9,668",616,"11,254","21,806,000","21,089","5,136,000","16,670,000",,679,137,73,48,45,29,23,21,"244,000",258,"1,885,000","24,653,000","23,843","1,034","-719,000",-695,397,"15,249",305,"7,919",18,"2,009",235,"8,909",24,216,27,380,17,139,169,"3,195",11,763,NA,NA,NA,2,(d),(d),NA,NA,NA,NA,NA,NA,NA,NA,NA,NA,NA,NA,NA,NA,NA,NA,NA,NA,NA,NA,NA,496,"8,830","20,538",NA,NA,NA,NA,NA,NA,29,50,4,(z),59,138,"1,034",NA,NA,NA,NA,NA,NA,NA,NA,NA,NA,NA
colorado,garfield,661,78,249,131,74,42,87,"475,166",719,50,"1,724,785","2,399","59,117,000","89,572",496,"77,405",421,"41,885",500,"51,961","35,863,000","54,255","8,786,000","27,077,000",,257,79,67,91,56,34,77,48,"360,000",190,"6,900,000","38,428,000","58,135",661,"4,696,000","7,104",258,"34,267",234,"18,993",6,8,231,"22,468",17,205,30,243,37,"10,529",119,"9,779",17,364,5,390,"62,196",4,160,"3,600",4,325,"9,493",3,(d),(d),1,(d),(d),3,312,"8,253",NA,NA,NA,NA,NA,NA,NA,NA,NA,397,"39,902","68,475",NA,NA,NA,NA,NA,NA,13,287,2,(d),17,35,661,NA,NA,NA,1,(d),(d),2,(d),(d),NA,NA
colorado,gilpin,37,4,15,12,4,2,NA,"3,908",106,46,"446,403","4,226","1,256,000","33,954",14,484,8,145,2,(d),"216,000","5,842","37,000","179,000",,24,2,4,6,NA,1,NA,6,"28,000",9,"568,000","606,000","16,382",37,"207,000","5,583",7,(d),5,47,2,(d),9,154,NA,NA,NA,NA,2,(d),3,42,NA,NA,NA,NA,NA,NA,NA,NA,NA,NA,NA,NA,NA,NA,NA,NA,NA,NA,NA,NA,NA,NA,NA,NA,NA,NA,NA,NA,NA,6,142,567,NA,NA,NA,NA,NA,NA,1,(d),1,(d),NA,NA,37,NA,NA,NA,NA,NA,NA,NA,NA,NA,NA,NA
colorado,grand,290,22,117,58,42,13,38,"240,980",831,60,"1,827,034","2,199","26,852,000","92,591",196,"36,525",156,"30,952",174,"36,290","14,440,000","49,792","3,388,000","11,052,000",,154,21,19,21,18,21,36,5,"30,000",120,"4,422,000","17,237,000","59,439",290,"1,655,000","5,707",126,"17,031",102,"10,699",4,8,94,"12,592",3,15,9,26,7,111,39,773,1,(d),NA,NA,NA,NA,NA,NA,NA,NA,NA,NA,NA,NA,NA,NA,NA,NA,NA,NA,NA,NA,NA,NA,NA,NA,NA,NA,NA,152,"30,932","46,758",NA,NA,NA,NA,NA,NA,1,(d),NA,NA,NA,NA,290,NA,NA,NA,NA,NA,NA,NA,NA,NA,NA,NA
colorado,gunnison,309,35,90,53,40,35,56,"266,922",864,120,"2,217,820","2,567","33,278,000","107,695",197,"49,344",179,"41,202",214,"57,672","24,117,000","78,047","5,472,000","18,644,000",,130,30,33,24,12,21,59,12,"51,000",105,"1,529,000","22,193,000","71,821",309,"3,504,000","11,341",113,"23,819",99,"13,842",6,6,115,"17,519",8,61,9,32,13,"10,931",25,753,5,395,NA,NA,NA,NA,NA,NA,NA,NA,NA,NA,NA,NA,NA,NA,NA,NA,NA,NA,NA,NA,NA,NA,NA,NA,NA,NA,NA,169,"41,177","52,192",NA,NA,NA,NA,NA,NA,6,17,5,1,2,(d),309,NA,NA,NA,NA,NA,NA,NA,NA,NA,NA,NA
colorado,hinsdale,26,NA,2,16,2,2,4,"10,478",403,120,"741,831","1,841","1,824,000","70,145",15,"1,067",15,947,20,"2,461","261,000","10,052",(d),0,,17,2,2,1,2,2,NA,1,(d),8,"101,000","557,000","21,429",26,"-189,000","-7,263",8,587,8,391,NA,NA,9,381,NA,NA,NA,NA,NA,NA,1,(d),NA,NA,NA,NA,NA,NA,NA,NA,NA,NA,NA,NA,NA,NA,NA,NA,NA,NA,NA,NA,NA,NA,NA,NA,NA,NA,NA,NA,NA,15,947,"1,706",NA,NA,NA,NA,NA,NA,NA,NA,NA,NA,NA,NA,26,NA,NA,NA,NA,NA,NA,NA,NA,NA,NA,NA
colorado,huerfano,437,15,78,110,107,32,95,"581,606","1,331",200,"1,280,062",962,"25,687,000","58,781",193,"19,449",150,"9,152",134,"8,573","13,186,000","30,174","1,421,000","11,765,000",,238,29,38,40,46,32,14,34,"311,000",100,"673,000","14,738,000","33,727",437,"-568,000","-1,300",211,"17,144",197,(d),4,(d),162,"9,663",7,19,4,12,9,29,43,681,2,(d),NA,NA,NA,2,(d),(d),2,(d),(d),NA,NA,NA,NA,NA,NA,NA,NA,NA,NA,NA,NA,NA,NA,NA,NA,NA,NA,134,"8,843","20,434",NA,NA,NA,NA,NA,NA,5,7,4,1,3,(d),437,NA,NA,NA,2,(d),(d),NA,NA,NA,NA,NA
colorado,jackson,131,5,15,15,32,15,49,"301,474","2,301",430,"3,045,594","1,323","25,712,000","196,274",76,"67,437",73,"61,097",88,"70,448","24,487,000","186,923","4,530,000","19,957,000",,47,13,5,3,4,11,48,9,"35,000",63,"3,477,000","18,681,000","142,600",131,"9,319,000","71,134",59,"22,758",50,"14,207",NA,NA,57,"20,455",NA,NA,NA,NA,7,(d),16,205,NA,NA,1,(d),(d),1,(d),(d),NA,NA,NA,NA,NA,NA,NA,NA,NA,NA,NA,NA,NA,NA,NA,NA,NA,NA,NA,NA,NA,71,"60,927","69,820",NA,NA,NA,NA,NA,NA,1,(d),1,(d),NA,NA,131,NA,NA,NA,NA,NA,NA,NA,NA,NA,NA,NA
colorado,jefferson,597,247,217,90,24,3,16,"68,536",115,15,"885,635","7,715","21,988,000","36,831",277,"5,446",228,"3,362",164,"1,190","9,041,000","15,144","7,036,000","2,005,000",,418,67,38,35,17,10,12,18,"151,000",128,"6,759,000","19,166,000","32,105",597,"-3,215,000","-5,386",157,"2,049",126,"1,455",6,10,124,"1,195",NA,NA,1,(d),50,469,123,"2,304",NA,NA,1,(d),(d),NA,NA,NA,2,(d),(d),2,(d),(d),NA,NA,NA,NA,NA,NA,NA,NA,NA,1,(d),(d),NA,NA,NA,150,"2,446","3,220",NA,NA,NA,NA,NA,NA,38,39,5,1,8,8,597,NA,NA,NA,NA,NA,NA,NA,NA,NA,NA,NA
colorado,kiowa,388,7,5,69,65,55,187,"1,091,807","2,814",895,"2,122,946",754,"63,184,000","162,846",315,"676,329",167,(d),21,"2,740","65,468,000","168,731","40,491,000","24,976,000",,172,10,9,25,51,25,96,318,"10,450,000",188,"5,753,000","60,496,000","155,917",388,"21,175,000","54,575",114,"17,980",109,"10,371",4,10,109,"13,153",3,(d),3,(d),6,126,9,381,NA,NA,32,"26,280","2,261,313",NA,NA,NA,133,"168,831","5,366,284",133,"168,831","5,366,284",NA,NA,NA,59,"61,016","2,949,838",2,(d),(d),1,(d),(d),NA,NA,NA,37,"5,242","9,673",19,"15,990","18,439,447",NA,NA,NA,NA,NA,NA,NA,NA,NA,388,NA,NA,NA,NA,NA,NA,NA,NA,NA,NA,NA
colorado,kit carson,574,11,52,102,110,67,232,"1,357,856","2,366",640,"2,883,863","1,219","214,289,000","375,287",438,"890,703",317,"497,533",150,"117,816","474,278,000","826,269","153,440,000","320,838,000",,190,16,23,33,56,33,223,410,"13,382,000",366,"10,888,000","435,111,000","758,033",574,"63,438,000","110,518",207,"173,384",176,(d),2,(d),189,"197,343",6,(d),9,(d),15,547,12,181,1,(d),172,"209,854","28,901,833",23,"5,395","132,047",256,"233,352","11,989,239",255,(d),(d),NA,NA,NA,58,"30,817","1,573,394",6,"10,314","148,264",17,"5,095","299,317",9,"2,291","47,915",118,"24,116","65,379",20,"13,005","11,377,260",1,(d),(d),NA,NA,NA,NA,NA,NA,574,NA,NA,NA,1,(d),(d),4,387,"35,257",NA,NA
colorado,lake,33,1,13,13,NA,4,2,"11,946",362,77,"743,849","2,055","1,550,000","46,972",8,530,8,530,13,"1,872","727,000","22,043",(d),0,,16,6,NA,2,4,2,3,NA,NA,16,"165,000","1,201,000","36,387",33,"-309,000","-9,355",19,326,15,198,NA,NA,13,454,NA,NA,1,(d),1,(d),1,(d),1,(d),NA,NA,NA,NA,NA,NA,NA,NA,NA,NA,NA,NA,NA,NA,NA,NA,NA,NA,NA,NA,NA,NA,NA,NA,NA,NA,NA,6,460,432,NA,NA,NA,NA,NA,NA,NA,NA,NA,NA,NA,NA,33,NA,NA,NA,NA,NA,NA,NA,NA,NA,NA,NA
colorado,la plata,"1,093",161,423,270,138,58,43,"549,241",503,40,"1,135,305","2,259","81,503,000","74,568",803,"89,669",634,"39,672",788,"58,522","24,352,000","22,280","9,319,000","15,034,000",,508,137,141,118,85,50,54,92,"1,066,000",438,"3,562,000","31,758,000","29,056","1,093","-2,777,000","-2,541",382,"21,301",329,"12,657",22,56,327,"13,241",49,309,60,555,88,"7,483",167,"4,435",16,969,8,586,"77,804",1,(d),(d),12,"2,355","38,710",12,"2,355","38,710",3,146,"7,340",NA,NA,NA,2,(d),(d),NA,NA,NA,2,(d),(d),552,"35,218","70,534",NA,NA,NA,NA,NA,NA,30,52,6,3,55,159,"1,093",NA,NA,NA,NA,NA,NA,10,530,"48,756",2,(d)
colorado,larimer,"2,043",502,949,302,148,53,89,"482,456",236,35,"1,095,047","4,637","157,117,000","76,905","1,213","98,639","1,007","66,092",925,"60,191","150,717,000","73,772","68,874,000","81,843,000",,"1,179",236,194,171,92,58,113,112,"633,000",619,"10,950,000","150,951,000","73,887","2,043","11,349,000","5,555",622,"57,507",496,"16,048",25,"10,199",454,"31,968",84,584,101,699,104,"1,877",417,"9,210",26,"5,546",39,"8,713","1,383,435",42,"7,557","167,401",28,"3,127","179,550",28,"3,127","179,550",6,813,"107,098",NA,NA,NA,1,(d),(d),NA,NA,NA,16,"2,528","57,672",850,"38,955","93,248",NA,NA,NA,12,"1,508","46,505",76,112,21,7,31,77,"2,043",NA,NA,NA,NA,NA,NA,1,(d),(d),NA,NA
colorado,las animas,549,8,97,98,69,70,207,"1,796,248","3,272",520,"1,968,541",602,"44,175,000","80,465",280,"75,578",210,"25,731",193,"17,327","25,847,000","47,080","3,791,000","22,056,000",,198,47,41,90,44,54,75,151,"4,168,000",197,"4,255,000","27,654,000","50,371",549,"6,616,000","12,051",310,"41,650",294,"28,174",3,4,287,"24,680",15,48,13,34,15,96,62,"13,150",1,(d),3,(d),(d),NA,NA,NA,8,"6,793","101,558",8,"6,793","101,558",NA,NA,NA,1,(d),(d),NA,NA,NA,NA,NA,NA,7,488,"8,382",191,"17,809","37,649",NA,NA,NA,NA,NA,NA,7,5,NA,NA,1,(d),549,NA,NA,NA,NA,NA,NA,NA,NA,NA,NA,NA
colorado,lincoln,489,18,23,67,72,57,252,"1,499,785","3,067","1,135","2,158,581",704,"98,250,000","200,920",316,"588,312",184,(d),31,"5,804","67,900,000","138,854","39,999,000","27,901,000",,185,10,29,36,24,58,147,302,"10,318,000",258,"4,861,000","59,719,000","122,125",489,"23,359,000","47,769",252,"42,545",233,"26,726",11,19,233,"30,647",7,229,7,659,12,147,17,703,NA,NA,54,"32,484","1,873,924",1,(d),(d),114,"126,768","5,524,694",114,"126,768","5,524,694",1,(d),(d),38,"12,734","484,648",7,"4,140","7,800",2,(d),(d),1,(d),(d),97,"31,641","54,964",17,"9,048","9,305,492",NA,NA,NA,NA,NA,NA,NA,NA,NA,489,NA,NA,NA,NA,NA,NA,NA,NA,NA,NA,NA
colorado,logan,861,33,110,190,135,108,285,"1,138,144","1,322",402,"1,570,536","1,188","179,729,000","208,745",637,"562,650",471,"338,105",234,"107,058","617,928,000","717,687","99,146,000","518,782,000",,258,32,59,69,75,85,283,592,"11,511,000",505,"10,166,000","569,096,000","660,971",861,"70,509,000","81,892",388,"225,744",322,"26,634",9,19,355,"356,853",22,"17,044",23,"45,871",15,825,76,"2,405",2,(d),191,"95,667","14,062,142",22,"8,289","190,763",242,"118,197","4,932,807",241,(d),(d),8,260,"15,888",26,"14,404","662,203",3,347,"5,087",11,944,"52,145",8,533,"11,974",287,"56,557","177,454",15,"6,537","5,515,092",23,"5,984","213,940",3,(d),NA,NA,2,(d),861,NA,NA,NA,1,(d),(d),5,497,"24,791",NA,NA
colorado,mesa,"2,465","1,098",876,268,92,68,63,"342,534",139,10,"767,492","5,523","141,120,000","57,249","1,916","79,815","1,750","50,065","2,025","76,221","94,186,000","38,209","45,915,000","48,271,000",,"1,434",289,215,212,117,67,131,97,"730,000",679,"5,062,000","86,090,000","34,925","2,465","13,889,000","5,634",810,"46,952",648,"29,806",31,537,569,"28,255",86,444,88,"1,196",141,"18,634",537,(d),6,71,60,"5,111","1,006,529",36,"1,589","37,026",21,"2,821","273,286",21,"2,821","273,286",NA,NA,NA,NA,NA,NA,NA,NA,NA,2,(d),(d),11,173,"1,987","1,426","36,164","94,201",1,(d),(d),NA,NA,NA,80,660,10,19,311,"2,895","2,465",NA,NA,NA,NA,NA,NA,7,260,"19,000",1,(d)
colorado,mineral,19,NA,NA,9,5,1,4,"8,428",444,240,"1,526,408","3,441","595,000","31,306",8,742,4,(d),8,"2,887",(d),(d),(d),"80,000",,13,NA,1,2,3,NA,NA,2,(d),14,"241,000","526,000","27,693",19,"-152,000","-7,990",3,105,3,(d),NA,NA,4,110,NA,NA,NA,NA,2,(d),2,(d),NA,NA,NA,NA,NA,NA,NA,NA,NA,NA,NA,NA,NA,NA,NA,NA,NA,NA,NA,NA,NA,NA,NA,NA,NA,NA,NA,NA,NA,3,370,472,NA,NA,NA,NA,NA,NA,NA,NA,NA,NA,NA,NA,19,NA,NA,NA,NA,NA,NA,NA,NA,NA,NA,NA
colorado,moffat,462,13,100,105,64,50,130,"953,100","2,063",232,"1,648,562",799,"49,668,000","107,741",322,"123,447",227,"48,941",129,"30,141","33,138,000","71,728","3,861,000","29,277,000",,218,36,31,43,27,31,76,122,"2,109,000",149,"2,690,000","28,720,000","62,165",462,"9,217,000","19,950",196,"34,663",172,"23,712",10,18,168,"24,663",35,507,20,436,31,"54,647",75,"1,145",NA,NA,NA,NA,NA,2,(d),(d),16,"10,961","275,489",14,"10,639",(d),NA,NA,NA,NA,NA,NA,NA,NA,NA,NA,NA,NA,NA,NA,NA,218,"37,534","61,171",NA,NA,NA,NA,NA,NA,NA,NA,NA,NA,NA,NA,462,NA,NA,NA,3,322,(d),2,(d),(d),NA,NA
colorado,montezuma,"1,123",188,364,303,139,63,66,"690,788",615,50,"744,860","1,211","95,598,000","85,128",796,"117,243",620,"76,013",822,"79,029","46,424,000","41,340","29,848,000","16,576,000",,545,96,134,142,72,36,98,149,"1,237,000",333,"3,249,000","42,442,000","37,794","1,123","8,468,000","7,541",446,"26,889",405,"14,461",15,33,364,"18,372",29,981,26,260,79,"2,468",174,"5,092",5,240,6,"3,578","397,452",11,741,"17,040",41,"18,115","917,138",34,"15,618","815,508",3,225,"13,500",NA,NA,NA,NA,NA,NA,NA,NA,NA,19,"4,329","52,877",519,"47,886","174,961",1,(d),(d),NA,NA,NA,47,86,8,8,68,239,"1,123",NA,NA,NA,14,"2,497","101,630",NA,NA,NA,2,(d)
colorado,montrose,"1,135",218,416,275,129,28,69,"330,523",291,40,"900,826","3,093","90,708,000","79,919",832,"65,605",754,"45,940",954,"79,821","81,226,000","71,565","18,468,000","62,758,000",,479,126,118,143,84,69,116,116,"792,000",374,"2,381,000","74,391,000","65,543","1,135","10,008,000","8,817",485,"53,051",424,(d),7,(d),428,"35,764",41,"1,331",55,"2,122",55,"13,086",172,"352,317",14,"1,932",67,"5,128","968,698",28,"2,107","49,359",10,320,"27,840",10,(d),(d),4,109,"9,745",1,(d),(d),2,(d),(d),14,376,"18,573",33,"2,562","58,160",662,"31,859","64,029",1,(d),(d),NA,NA,NA,40,"2,065",5,7,34,242,"1,135",NA,NA,NA,1,(d),(d),7,127,"7,980",NA,NA
colorado,morgan,740,96,114,138,138,110,144,"659,366",891,230,"1,546,382","1,735","178,613,000","241,369",547,"340,373",407,"207,058",329,"132,296","559,535,000","756,128","89,981,000","469,555,000",,228,49,62,55,45,80,221,399,"6,040,000",324,"7,946,000","514,596,000","695,400",740,"58,925,000","79,628",324,"223,038",248,"19,909",20,"34,838",288,"242,439",23,686,33,485,47,"4,775",74,"1,658",7,270,170,"58,136","9,570,940",88,"26,184","663,083",119,"61,216","2,928,395",118,(d),(d),NA,NA,NA,7,"1,203","40,288",3,(d),(d),1,(d),(d),4,413,"14,478",265,"40,188","170,495",NA,NA,NA,18,"1,517","49,831",25,581,1,(d),2,(d),740,NA,NA,NA,1,(d),(d),2,(d),(d),NA,NA
colorado,otero,444,40,95,131,59,44,75,"687,530","1,548",120,"1,162,135",750,"65,881,000","148,382",281,"78,064",234,"50,652",252,"49,291","121,550,000","273,760","30,569,000","90,980,000",,134,32,40,52,43,54,89,217,"2,724,000",178,"2,705,000","111,886,000","251,996",444,"15,092,000","33,992",217,"75,253",194,"15,575",4,10,184,"77,219",12,192,12,273,15,"2,362",43,816,NA,NA,77,"8,956","1,590,136",16,"1,491","26,293",11,"1,151","55,229",11,"1,151","55,229",NA,NA,NA,12,"1,298","113,189",36,"5,325","105,342",NA,NA,NA,8,"1,007","20,931",225,"29,845","117,337",NA,NA,NA,NA,NA,NA,18,"1,804",NA,NA,2,(d),444,NA,NA,NA,NA,NA,NA,NA,NA,NA,NA,NA
colorado,ouray,122,18,50,22,11,9,12,"85,105",698,47,"2,130,534","3,054","10,852,000","88,951",63,"8,624",53,"7,883",80,"8,603","4,204,000","34,463","723,000","3,481,000",,60,6,14,19,6,7,10,5,"64,000",46,"1,846,000","5,841,000","47,875",122,"274,000","2,242",62,"4,395",57,(d),1,(d),52,"3,313",3,15,1,(d),NA,NA,22,307,1,(d),NA,NA,NA,NA,NA,NA,NA,NA,NA,NA,NA,NA,NA,NA,NA,NA,NA,NA,NA,NA,NA,NA,NA,NA,NA,NA,NA,50,"7,838","13,425",NA,NA,NA,NA,NA,NA,3,5,3,1,1,(d),122,NA,NA,NA,NA,NA,NA,NA,NA,NA,NA,NA
colorado,park,278,18,66,79,59,16,40,"189,110",680,119,"1,142,769","1,680","15,349,000","55,212",82,"11,163",75,"6,934",62,"12,040","5,107,000","18,371","383,000","4,725,000",,153,40,25,18,12,20,10,7,"26,000",92,"1,472,000","7,264,000","26,131",278,"-659,000","-2,370",142,"7,574",125,"4,038",3,5,105,"4,985",6,20,12,64,8,72,44,696,1,(d),NA,NA,NA,NA,NA,NA,NA,NA,NA,NA,NA,NA,NA,NA,NA,NA,NA,NA,NA,NA,NA,NA,NA,NA,NA,NA,NA,67,"6,924","7,314",NA,NA,NA,NA,NA,NA,1,(d),NA,NA,NA,NA,278,NA,NA,NA,NA,NA,NA,NA,NA,NA,NA,NA
colorado,phillips,326,15,22,68,54,37,130,"439,213","1,347",530,"2,279,496","1,692","105,641,000","324,052",280,"384,426",224,"248,339",109,"79,278","174,241,000","534,481","87,942,000","86,298,000",,60,18,12,28,38,33,137,259,"8,706,000",209,"7,139,000","153,525,000","470,936",326,"36,561,000","112,149",84,"27,298",60,(d),2,(d),84,"41,464",2,(d),4,(d),1,(d),4,131,NA,NA,136,"118,783","17,936,205",10,"2,986","70,537",178,"95,730","5,300,991",178,"95,730","5,300,991",NA,NA,NA,9,"1,458","96,807",NA,NA,NA,4,247,"4,991",18,"3,028","93,879",41,"5,248","13,227",1,(d),(d),4,"1,292","44,109",1,(d),1,(d),NA,NA,326,NA,NA,NA,NA,NA,NA,NA,NA,NA,NA,NA
colorado,pitkin,112,23,35,30,5,9,10,"32,718",292,37,"2,225,232","7,617","9,884,000","88,246",72,"5,902",61,"4,555",79,"10,082","2,912,000","25,996","1,016,000","1,896,000",,50,11,11,20,4,7,9,NA,NA,46,"390,000","5,247,000","46,844",112,"-1,945,000","-17,364",36,"2,535",20,(d),2,(d),30,"1,766",NA,NA,NA,NA,5,121,11,247,1,(d),NA,NA,NA,NA,NA,NA,NA,NA,NA,NA,NA,NA,NA,NA,NA,NA,NA,NA,NA,NA,NA,NA,NA,NA,NA,NA,NA,59,"4,494","7,286",NA,NA,NA,NA,NA,NA,4,1,NA,NA,NA,NA,112,NA,NA,NA,NA,NA,NA,NA,NA,NA,NA,NA
colorado,prowers,472,18,30,82,81,87,174,"1,011,291","2,143",643,"1,726,199",806,"104,214,000","220,792",392,"525,180",249,(d),185,"88,311","310,045,000","656,875","62,809,000","247,236,000",,181,14,14,43,40,40,140,357,"9,185,000",237,"4,845,000","270,441,000","572,968",472,"53,634,000","113,631",147,"96,398",128,(d),1,(d),124,"160,819",4,(d),5,(d),8,116,18,338,2,(d),79,"29,416","4,283,514",23,"4,606","103,041",140,"122,289","4,761,603",140,"122,289","4,761,603",NA,NA,NA,76,"35,067","1,849,547",5,374,"6,364",1,(d),(d),NA,NA,NA,166,"57,812","196,169",10,"1,798","2,407,642",NA,NA,NA,NA,NA,NA,NA,4,4,472,NA,NA,NA,NA,NA,NA,1,(d),(d),NA,NA
colorado,pueblo,839,163,187,207,105,58,119,"895,508","1,067",80,"1,097,156","1,028","63,659,000","76,147",427,"72,025",271,"19,147",260,"18,078","52,047,000","62,034","21,356,000","30,690,000",,485,67,80,55,43,27,82,117,"2,117,000",180,"2,030,000","50,810,000","60,560",839,"5,384,000","6,417",348,"37,418",289,"19,177",23,547,260,"25,097",48,"9,169",44,"21,188",36,"1,738",171,"2,943",8,165,29,"3,601","771,648",25,"1,677","41,879",1,(d),(d),1,(d),(d),NA,NA,NA,NA,NA,NA,1,(d),(d),1,(d),(d),13,"1,624","48,017",225,"10,626","30,660",NA,NA,NA,NA,NA,NA,29,"1,179",3,3,14,11,839,NA,NA,NA,NA,NA,NA,2,(d),(d),NA,NA
colorado,rio blanco,320,31,82,74,41,21,71,"410,923","1,284",110,"1,763,734","1,373","32,343,000","101,073",216,"43,663",193,"29,221",208,"27,124","18,751,000","58,597","2,770,000","15,981,000",,140,23,20,34,32,13,58,43,"390,000",112,"2,743,000","19,558,000","61,119",320,"2,326,000","7,269",145,"25,253",122,"16,792",5,5,137,"16,155",1,(d),5,40,25,"7,859",58,534,2,(d),NA,NA,NA,NA,NA,NA,1,(d),(d),1,(d),(d),NA,NA,NA,NA,NA,NA,NA,NA,NA,NA,NA,NA,NA,NA,NA,187,"28,624","44,522",NA,NA,NA,NA,NA,NA,NA,NA,NA,NA,1,(d),320,NA,NA,NA,1,(d),(d),NA,NA,NA,NA,NA
colorado,rio grande,321,25,64,75,66,39,52,"177,452",553,164,"1,726,626","3,123","100,102,000","311,844",238,"109,145",228,"84,274",242,"93,586","98,956,000","308,275","87,758,000","11,198,000",,78,29,20,25,24,27,118,85,"998,000",185,"6,196,000","72,275,000","225,156",321,"33,875,000","105,529",113,"10,598",97,"7,011",5,28,100,"7,527",11,312,12,208,20,"12,518",18,570,NA,NA,NA,NA,NA,NA,NA,NA,11,"1,741","176,455",3,336,"32,820",60,"18,567","2,457,795",NA,NA,NA,NA,NA,NA,NA,NA,NA,NA,NA,NA,187,"44,547","153,737",NA,NA,NA,NA,NA,NA,48,"17,732",48,(d),NA,NA,321,NA,NA,NA,8,"1,405","143,635",2,(d),(d),NA,NA
colorado,routt,887,91,355,195,83,58,105,"465,119",524,49,"1,647,039","3,141","61,505,000","69,340",708,"80,958",613,"47,525",338,"42,745","31,647,000","35,679","5,116,000","26,531,000",,459,117,81,74,47,49,60,96,"962,000",340,"10,426,000","45,424,000","51,211",887,"-2,389,000","-2,694",282,"24,882",232,"15,831",11,23,250,"25,508",10,24,25,133,30,"14,163",79,"1,469",4,51,NA,NA,NA,NA,NA,NA,5,970,"27,150",5,970,"27,150",NA,NA,NA,NA,NA,NA,NA,NA,NA,NA,NA,NA,NA,NA,NA,594,"46,475","58,273",NA,NA,NA,NA,NA,NA,4,16,2,(d),5,3,887,NA,NA,NA,NA,NA,NA,NA,NA,NA,NA,NA
colorado,saguache,288,25,43,64,36,47,73,"313,811","1,090",280,"2,068,512","1,898","63,005,000","218,769",172,"132,699",157,"99,231",174,"118,411","105,403,000","365,983","90,393,000","15,010,000",,94,16,17,23,17,22,99,54,"843,000",127,"4,178,000","77,727,000","269,884",288,"32,697,000","113,532",116,"21,264",104,"14,374",6,10,89,"17,036",7,56,8,44,26,"3,597",35,(d),NA,NA,NA,NA,NA,NA,NA,NA,11,"2,239","191,203",4,(d),(d),34,"14,116","1,964,846",2,(d),(d),1,(d),(d),NA,NA,NA,NA,NA,NA,128,"60,609","167,897",NA,NA,NA,NA,NA,NA,43,"19,186",34,"16,832",3,(d),288,4,685,"70,589",3,(d),(d),2,(d),(d),NA,NA
colorado,san juan,NA,NA,NA,NA,NA,NA,NA,NA,NA,NA,NA,NA,NA,NA,NA,NA,NA,NA,NA,NA,NA,NA,NA,0,NA,NA,NA,NA,NA,NA,NA,NA,NA,NA,NA,NA,NA,NA,NA,0,NA,NA,NA,NA,NA,NA,NA,NA,NA,NA,NA,NA,NA,NA,NA,NA,NA,NA,NA,NA,NA,NA,NA,NA,NA,NA,NA,NA,NA,NA,NA,NA,NA,NA,NA,NA,NA,NA,NA,NA,NA,NA,NA,NA,NA,NA,NA,NA,NA,NA,NA,NA,NA,NA,NA,NA,NA,NA,NA,NA,NA,NA,NA,NA,NA,NA,NA,NA,NA,NA,NA,NA,NA
colorado,san miguel,133,9,31,25,34,11,23,"136,062","1,023",185,"1,524,124","1,490","10,513,000","79,047",83,"14,259",50,"5,737",83,"15,918","6,374,000","47,923","895,000","5,479,000",,51,15,14,12,11,8,22,20,"322,000",54,"1,496,000","7,353,000","55,283",133,"839,000","6,309",71,"9,583",66,(d),1,(d),64,"5,781",2,(d),3,(d),19,892,14,596,1,(d),1,(d),(d),4,526,"11,120",4,654,"12,946",4,654,"12,946",NA,NA,NA,NA,NA,NA,NA,NA,NA,NA,NA,NA,1,(d),(d),42,"4,453","7,358",NA,NA,NA,NA,NA,NA,3,(d),1,(d),4,4,133,NA,NA,NA,NA,NA,NA,NA,NA,NA,NA,NA
colorado,sedgwick,212,3,14,46,33,29,87,"348,739","1,645",640,"2,226,323","1,353","68,058,000","321,028",189,"228,063",164,"165,060",84,"40,407","93,851,000","442,692","46,232,000","47,619,000",,29,20,5,14,21,18,105,173,"4,776,000",125,"3,554,000","84,447,000","398,335",212,"17,734,000","83,649",84,"16,849",66,"6,041",NA,NA,73,"13,532",2,(d),3,(d),2,(d),8,357,NA,NA,73,"58,960","8,446,067",7,"1,250","37,958",119,"70,420","3,335,823",119,"70,420","3,335,823",NA,NA,NA,17,"3,211","155,541",1,(d),(d),10,"1,696","85,050",7,"1,225","22,869",52,"5,696","17,794",7,"5,013","7,093,700",2,(d),(d),NA,NA,NA,NA,NA,NA,212,NA,NA,NA,NA,NA,NA,NA,NA,NA,NA,NA
colorado,summit,55,2,23,14,6,2,8,"26,572",483,80,"2,041,182","4,225","4,979,000","90,529",36,"6,768",24,"4,082",30,"5,509","1,492,000","27,129","524,000","968,000",,29,5,5,9,2,NA,5,1,(d),23,"249,000","3,109,000","56,527",55,"-1,367,000","-24,851",15,"1,399",13,"1,026",NA,NA,21,"1,218",NA,NA,5,15,NA,NA,4,32,4,40,NA,NA,NA,NA,NA,NA,NA,NA,NA,NA,NA,NA,NA,NA,NA,NA,NA,NA,NA,NA,NA,NA,NA,NA,NA,NA,NA,24,"4,057","4,242",NA,NA,NA,NA,NA,NA,NA,NA,NA,NA,NA,NA,55,NA,NA,NA,NA,NA,NA,NA,NA,NA,NA,NA
colorado,teller,159,9,73,37,15,9,16,"71,366",449,48,"908,034","2,023","6,439,000","40,497",48,"5,573",39,"1,884",27,874,"1,242,000","7,812","151,000","1,091,000",,105,19,10,9,9,5,2,NA,NA,44,"433,000","3,263,000","20,520",159,"-1,587,000","-9,982",71,"2,425",58,"1,627",18,27,46,"1,111",1,(d),1,(d),4,42,29,378,NA,NA,NA,NA,NA,NA,NA,NA,NA,NA,NA,NA,NA,NA,NA,NA,NA,NA,NA,NA,NA,NA,NA,NA,NA,NA,NA,NA,NA,17,"1,643","1,607",NA,NA,NA,NA,NA,NA,8,15,5,9,2,(d),159,NA,NA,NA,NA,NA,NA,NA,NA,NA,NA,NA
colorado,washington,757,15,62,164,138,82,296,"1,357,931","1,794",480,"1,969,481","1,098","165,472,000","221,219",591,"836,159",390,"473,869",92,"40,427","184,558,000","243,802","94,001,000","90,557,000",,269,41,33,65,64,49,236,550,"15,207,000",406,"9,450,000","174,359,000","230,330",757,"34,856,000","46,044",287,"73,532",246,(d),1,(d),255,"64,464",23,"3,860",24,"8,086",11,(d),56,"9,995",2,(d),129,"121,491","10,633,922",11,"4,167","126,722",295,"219,114","8,533,713",293,(d),(d),2,(d),(d),45,"19,855","1,065,640",4,"2,280","30,405",4,385,"12,625",4,207,"3,540",169,"47,421","116,119",8,"2,318","1,191,241",2,(d),(d),NA,NA,NA,NA,NA,NA,757,NA,NA,NA,2,(d),(d),1,(d),(d),NA,NA
colorado,weld,"4,062",822,"1,059","1,026",470,269,416,"2,098,803",517,66,"1,335,953","2,586","648,553,000","159,664","2,491","922,979","1,853","477,839","1,557","323,436","2,047,177,000","503,982","348,647,000","1,698,529,000",,"1,914",292,343,364,257,237,655,"1,057","19,375,000","1,512","48,482,000","1,719,824,000","423,393","4,062","395,210,000","97,295","1,572","582,267","1,202","57,847",109,"107,387","1,188","755,188",180,"2,459",221,"5,368",180,"180,468",728,"3,589,459",27,(d),388,"105,661","18,272,370",299,"65,970","1,662,884",285,"110,603","4,850,219",281,"110,102","4,822,113",53,"6,282","715,977",8,"1,486","45,332",22,"1,619","25,044",5,(d),(d),69,"9,075","239,780","1,476","134,532","461,454",34,"3,692","2,437,616",125,"14,520","478,645",84,"9,646",8,(d),24,70,"4,062",NA,NA,NA,6,501,"28,106",10,"1,046","59,945",NA,NA
colorado,yuma,774,32,92,90,127,104,329,"1,400,296","1,809",640,"2,953,997","1,633","242,404,000","313,588",534,"628,161",365,"390,328",265,"208,967","918,716,000","1,186,971","199,821,000","718,895,000",,236,28,20,49,42,63,336,540,"19,612,000",469,"15,129,000","861,086,000","1,112,514",774,"92,370,000","119,341",394,"265,393",341,(d),13,(d),357,"400,818",7,(d),6,(d),7,97,41,738,2,(d),243,"223,822","41,943,607",32,"7,662","219,278",198,"101,158","5,213,712",194,"100,388","5,155,002",5,600,"57,762",31,"9,432","517,292",3,160,"2,130",21,"4,913","314,577",39,"10,334","294,620",143,"19,607","77,910",12,"2,575","3,237,194",10,"4,083","149,769",4,"2,107",3,(d),NA,NA,774,NA,NA,NA,4,770,"58,710",NA,NA,NA,NA,NA
wyoming,albany,451,46,81,72,90,26,136,"1,406,745","3,119",260,"2,280,442",731,"42,890,000","96,165",194,"106,924",163,"86,194",165,"109,508","50,819,000","112,681","6,340,000","44,480,000",,209,35,23,35,37,17,95,24,"441,000",186,"2,652,000","46,768,000","103,699",451,"7,145,000","15,842",222,"53,567",177,(d),2,(d),198,"44,598",12,163,24,154,28,"4,770",83,"1,778",7,80,3,(d),(d),2,(d),(d),8,"8,290","227,290",8,"8,290","227,290",NA,NA,NA,NA,NA,NA,NA,NA,NA,NA,NA,NA,2,(d),(d),139,"76,614","120,299",2,(d),(d),NA,NA,NA,3,(d),1,(d),5,(d),451,NA,NA,NA,NA,NA,NA,NA,NA,NA,NA,NA
wyoming,big horn,586,44,193,136,82,56,75,"322,241",550,80,"874,055","1,589","94,231,000","161,355",399,"117,850",357,"89,084",486,"107,391","74,921,000","127,852","44,574,000","30,347,000",,207,57,57,75,32,33,125,95,"541,000",280,"5,547,000","71,112,000","121,352",586,"9,897,000","16,889",255,"42,978",229,"23,896",8,15,230,"26,436",23,389,22,543,81,"18,783",108,"2,382",6,260,25,"4,506","749,450",28,"4,016","90,832",6,495,"29,641",4,(d),(d),64,"18,476","2,080,124",NA,NA,NA,NA,NA,NA,NA,NA,NA,37,"10,746","268,191",318,"36,129","118,326",NA,NA,NA,33,"7,983","216,019",2,(d),NA,NA,3,4,586,NA,NA,NA,2,(d),(d),14,798,"65,948",NA,NA
wyoming,campbell,643,50,114,91,62,34,292,"2,901,210","4,512",537,"2,553,745",566,"86,513,000","134,546",277,"184,280",240,"70,947",30,"5,110","69,897,000","108,705","2,557,000","67,340,000",,232,46,47,56,35,48,179,171,"3,119,000",278,"5,896,000","61,876,000","96,230",643,"17,036,000","26,495",388,"78,310",335,"50,609",20,41,366,"65,944",13,91,20,154,54,"28,194",89,"1,688",4,60,NA,NA,NA,NA,NA,NA,12,"3,422","98,092",10,"2,500","70,457",4,509,(d),NA,NA,NA,NA,NA,NA,NA,NA,NA,NA,NA,NA,236,"66,838","53,533",NA,NA,NA,NA,NA,NA,2,(d),2,(d),1,(d),643,NA,NA,NA,3,922,"27,635",3,172,"3,767",NA,NA
wyoming,carbon,345,29,36,72,40,21,147,"2,811,832","8,150",450,"4,486,393",550,"49,871,000","145,397",172,"143,863",165,"83,376",183,"187,434","73,241,000","212,292","6,162,000","67,079,000",,94,15,25,36,23,41,111,21,"423,000",132,"2,586,000","61,416,000","178,018",345,"14,833,000","42,995",191,"95,767",167,"51,164",15,17,191,"70,988",15,185,12,155,19,(d),25,437,NA,NA,1,(d),(d),NA,NA,NA,NA,NA,NA,NA,NA,NA,NA,NA,NA,NA,NA,NA,NA,NA,NA,NA,NA,NA,NA,NA,NA,161,"83,293","129,953",NA,NA,NA,NA,NA,NA,1,(d),NA,NA,NA,NA,345,NA,NA,NA,NA,NA,NA,NA,NA,NA,NA,NA
wyoming,converse,384,30,61,43,61,32,157,"2,593,514","6,754",479,"3,576,045",529,"61,379,000","159,841",182,"106,652",176,"57,238",172,"65,241","56,347,000","146,737","6,902,000","49,444,000",,135,19,31,29,14,50,106,37,"657,000",128,"1,599,000","48,686,000","126,787",384,"9,916,000","25,824",224,"66,320",205,"36,803",13,36,211,"42,664",14,93,18,180,42,"58,164",41,"1,040",2,(d),2,(d),(d),8,"1,150","28,168",1,(d),(d),NA,NA,NA,5,285,"12,024",NA,NA,NA,NA,NA,NA,NA,NA,NA,1,(d),(d),176,"54,283","119,499",NA,NA,NA,NA,NA,NA,NA,NA,NA,NA,NA,NA,384,NA,NA,NA,1,(d),(d),2,(d),(d),NA,NA
wyoming,crook,554,29,58,122,85,55,205,"1,465,641","2,646",380,"2,590,429",979,"74,507,000","134,976",347,"175,527",260,"81,793",39,"9,367","52,936,000","95,552","3,626,000","49,310,000",,219,27,24,53,31,71,129,175,"2,959,000",305,"4,642,000","45,667,000","82,431",554,"14,869,000","26,840",308,"67,640",272,"41,282",10,21,290,"47,136",16,270,16,323,32,"12,214",34,562,NA,NA,NA,NA,NA,NA,NA,NA,18,"3,619","94,741",13,"2,161","80,272",7,597,"21,162",NA,NA,NA,NA,NA,NA,NA,NA,NA,NA,NA,NA,254,"77,415","75,696",NA,NA,NA,NA,NA,NA,1,(d),NA,NA,1,(d),554,NA,NA,NA,5,"1,458","14,469",1,(d),(d),NA,NA
wyoming,fremont,"1,152",100,318,276,205,114,139,"1,165,154","1,011",100,"1,288,331","1,274","140,312,000","122,650",813,"125,861",741,"107,753",894,"135,890","82,427,000","71,551","33,443,000","48,984,000",,381,95,111,162,89,98,216,153,"2,073,000",488,"12,831,000","74,392,000","64,576","1,152","22,939,000","19,912",537,"89,022",473,"55,924",18,43,475,"52,309",9,23,11,30,92,"16,589",126,"2,647",9,"1,230",16,"1,067","135,719",35,"2,523","54,669",1,(d),(d),NA,NA,NA,35,"5,075","608,378",NA,NA,NA,NA,NA,NA,NA,NA,NA,14,"1,142","27,013",714,"93,176","268,443",NA,NA,NA,12,"2,975","92,765",14,21,5,(d),16,18,"1,152",NA,NA,NA,1,(d),(d),10,434,"39,703",NA,NA
wyoming,goshen,842,58,103,196,167,109,209,"1,256,099","1,492",284,"1,286,023",862,"130,190,000","156,103",563,"234,304",453,"136,490",425,"118,408","201,878,000","239,760","48,526,000","153,352,000",,247,57,52,91,74,82,239,341,"4,111,000",503,"5,004,000","173,924,000","206,561",842,"37,069,000","44,025",426,"124,186",357,(d),10,(d),398,"117,603",19,237,21,264,58,"1,328",80,"1,857",NA,NA,150,"29,885","4,508,049",44,"3,084","64,334",50,"13,640","377,656",48,(d),(d),12,"1,190","63,034",NA,NA,NA,2,(d),(d),NA,NA,NA,61,"8,862","202,692",411,"76,596","262,450",5,"1,158",(d),8,(d),(d),4,4,2,(d),8,28,842,NA,NA,NA,2,(d),(d),12,561,"35,362",NA,NA
wyoming,hot springs,223,37,52,51,29,13,41,"528,123","2,368",79,"1,469,992",621,"20,114,000","90,195",141,"22,740",115,"10,210",154,"14,809","15,225,000","68,275","999,000","14,227,000",,91,17,24,24,23,14,30,29,"408,000",75,"692,000","15,698,000","70,395",223,"627,000","2,814",124,"20,972",103,(d),1,(d),98,"11,766",5,15,1,(d),31,"7,300",47,614,NA,NA,1,(d),(d),NA,NA,NA,1,(d),(d),1,(d),(d),3,(d),(d),NA,NA,NA,NA,NA,NA,NA,NA,NA,NA,NA,NA,113,"10,002","22,224",NA,NA,NA,NA,NA,NA,2,(d),NA,NA,1,(d),223,NA,NA,NA,NA,NA,NA,2,(d),(d),NA,NA
wyoming,johnson,384,10,71,71,56,14,162,"1,974,363","5,142",355,"3,020,697",588,"48,847,000","128,544",152,"40,970",137,"30,312",130,"31,697","44,146,000","114,964","3,098,000","41,049,000",,129,33,27,33,31,25,106,83,"1,088,000",156,"8,437,000","44,561,000","116,044",384,"9,110,000","23,725",247,"63,035",207,"41,974",6,12,240,"42,219",10,183,9,(d),61,"36,628",37,793,1,(d),NA,NA,NA,1,(d),(d),2,(d),(d),2,(d),(d),NA,NA,NA,NA,NA,NA,NA,NA,NA,NA,NA,NA,NA,NA,NA,135,"29,970","64,501",NA,NA,NA,NA,NA,NA,NA,NA,NA,NA,1,(d),384,NA,NA,NA,NA,NA,NA,1,(d),(d),NA,NA
wyoming,laramie,999,87,230,197,180,86,219,"1,629,655","1,631",160,"1,383,473",848,"123,767,000","123,891",438,"382,266",335,"170,990",173,"67,134","184,577,000","184,762","33,042,000","151,535,000",,456,71,81,94,78,70,149,293,"4,856,000",411,"6,015,000","164,980,000","165,145",999,"30,468,000","30,499",402,"80,617",326,(d),11,(d),373,"70,621",38,(d),36,(d),58,"30,110",141,"2,336",3,132,39,"17,181","1,898,832",17,"3,713","87,167",124,"73,299","2,177,182",122,(d),(d),4,"1,128",(d),1,(d),(d),1,(d),(d),NA,NA,NA,19,"4,562","106,523",252,"62,186","112,027",7,"2,101","1,526,000",1,(d),(d),7,(d),4,(d),1,(d),999,NA,NA,NA,2,(d),(d),4,528,"17,012",NA,NA
wyoming,lincoln,698,109,254,136,87,39,73,"364,892",523,40,"955,622","1,828","57,535,000","82,429",472,"94,026",436,"80,829",443,"81,307","47,860,000","68,567","11,166,000","36,693,000",,312,56,52,68,45,55,110,36,"182,000",177,"2,098,000","40,945,000","58,661",698,"9,194,000","13,172",251,"43,358",217,"29,822",18,609,251,"31,830",19,322,26,425,37,"20,090",89,"1,403",4,(d),1,(d),(d),1,(d),(d),NA,NA,NA,NA,NA,NA,24,"3,502","265,317",NA,NA,NA,NA,NA,NA,NA,NA,NA,NA,NA,NA,425,"76,450","153,848",NA,NA,NA,NA,NA,NA,3,9,3,(d),3,3,698,NA,NA,NA,NA,NA,NA,6,685,"89,052",NA,NA
wyoming,natrona,430,71,101,68,56,25,109,"1,933,264","4,496",120,"2,039,344",454,"47,016,000","109,339",219,"55,654",178,"32,424",221,"44,293","43,213,000","100,494","5,586,000","37,626,000",,191,31,33,42,32,18,83,34,"318,000",137,"2,529,000","42,646,000","99,177",430,"3,414,000","7,939",202,"55,824",172,"38,218",7,29,165,"40,024",17,127,22,169,38,"17,915",89,"1,630",3,105,5,"1,805","224,758",1,(d),(d),3,675,"16,200",3,675,"16,200",4,602,"51,403",NA,NA,NA,NA,NA,NA,NA,NA,NA,2,(d),(d),172,"28,014","70,415",NA,NA,NA,NA,NA,NA,1,(d),NA,NA,2,(d),430,NA,NA,NA,NA,NA,NA,1,(d),(d),NA,NA
wyoming,niobrara,242,6,6,23,20,19,168,"1,277,446","5,279","2,727","3,308,558",627,"37,868,000","156,480",106,"54,646",82,"28,312",52,"10,470","49,683,000","205,303","4,039,000","45,645,000",,45,6,2,15,15,35,124,90,"1,861,000",142,"2,721,000","40,690,000","168,139",242,"13,575,000","56,097",178,"59,317",159,"33,119",6,9,177,"47,004",1,(d),2,(d),15,"3,895",25,404,NA,NA,2,(d),(d),2,(d),(d),11,"2,796","84,057",11,"2,796","84,057",NA,NA,NA,NA,NA,NA,2,(d),(d),NA,NA,NA,NA,NA,NA,81,"24,153","51,106",NA,NA,NA,NA,NA,NA,1,(d),1,(d),NA,NA,242,NA,NA,NA,NA,NA,NA,3,641,(d),NA,NA
wyoming,park,"1,008",127,333,262,123,63,100,"929,926",923,60,"1,378,458","1,494","125,470,000","124,845",750,"140,520",657,"101,589",824,"127,546","85,174,000","84,498","45,730,000","39,443,000",,442,65,137,80,72,51,161,101,"931,000",395,"6,739,000","90,821,000","90,100","1,008","2,022,000","2,006",335,"41,925",288,(d),12,(d),309,"28,338",40,293,38,669,68,"19,758",146,"3,537",8,680,37,"4,311","695,841",20,"2,612","60,411",7,"1,566","47,776",NA,NA,NA,96,"19,091","2,201,227",1,(d),(d),NA,NA,NA,4,107,"1,130",65,"9,930","226,247",572,"46,573","134,745",4,(d),(d),44,"10,240","287,677",11,16,6,2,13,23,"1,008",NA,NA,NA,7,"1,566","47,776",18,"1,086","106,340",NA,NA
wyoming,platte,505,34,89,83,75,57,167,"1,046,754","2,073",320,"1,820,452",878,"69,014,000","136,932",288,"134,849",224,"60,160",215,"58,948","94,232,000","186,599","18,537,000","75,695,000",,197,29,35,61,22,39,122,137,"2,872,000",197,"3,301,000","77,516,000","153,497",505,"22,889,000","45,325",270,"64,118",226,(d),5,(d),253,"56,488",8,(d),9,(d),20,818,38,568,4,82,36,"6,606","1,108,965",25,"4,300","98,502",18,"7,591","208,009",16,(d),(d),10,"1,017","75,019",NA,NA,NA,NA,NA,NA,NA,NA,NA,22,"2,231","60,706",193,"35,020","92,087",NA,NA,NA,10,"2,241","71,884",6,6,3,(z),5,4,505,NA,NA,NA,2,(d),(d),5,281,"18,449",NA,NA
wyoming,sheridan,833,97,284,147,90,69,146,"1,213,820","1,457",60,"1,783,962","1,224","84,678,000","101,776",596,"95,916",535,"71,992",473,"54,571","59,674,000","71,638","8,646,000","51,028,000",,383,64,58,69,98,31,130,102,"1,417,000",331,"3,241,000","58,228,000","69,901",833,"6,105,000","7,328",400,"65,069",355,"36,716",14,22,341,"46,517",7,41,28,112,18,"5,156",119,"1,992",7,32,NA,NA,NA,2,(d),(d),6,227,"8,110",4,(d),(d),5,158,(d),NA,NA,NA,NA,NA,NA,NA,NA,NA,1,(d),(d),517,"69,861","148,998",NA,NA,NA,1,(d),(d),7,13,2,(d),5,4,833,NA,NA,NA,2,(d),(d),9,201,"10,403",NA,NA
wyoming,sublette,402,43,99,87,27,31,115,"546,353","1,359",101,"2,243,832","1,651","51,383,000","128,778",244,"143,517",225,"101,119",287,"158,698","47,872,000","119,084","6,188,000","41,684,000",,177,30,24,24,14,27,106,11,"155,000",158,"4,221,000","37,620,000","93,582",402,"14,629,000","36,390",164,"57,479",138,"29,179",15,22,162,"40,955",NA,NA,8,38,13,(d),34,653,1,(d),NA,NA,NA,NA,NA,NA,NA,NA,NA,NA,NA,NA,2,(d),(d),NA,NA,NA,NA,NA,NA,NA,NA,NA,NA,NA,NA,223,"100,968","129,777",NA,NA,NA,NA,NA,NA,3,(d),NA,NA,NA,NA,402,NA,NA,NA,NA,NA,NA,NA,NA,NA,NA,NA
wyoming,sweetwater,219,16,40,57,33,19,54,"1,370,042","6,256",160,"1,851,640",296,"24,051,000","110,326",144,"35,586",134,"28,358",147,"35,424","16,454,000","75,133","4,560,000","11,894,000",,70,3,17,38,18,26,47,13,"201,000",79,"2,137,000","14,055,000","64,179",219,"4,737,000","21,628",132,"21,554",117,"14,434",3,10,118,"13,242",12,113,5,50,6,"5,754",30,400,NA,NA,NA,NA,NA,NA,NA,NA,NA,NA,NA,NA,NA,NA,12,827,"76,006",NA,NA,NA,NA,NA,NA,NA,NA,NA,NA,NA,NA,125,"27,530","64,055",NA,NA,NA,NA,NA,NA,NA,NA,NA,NA,NA,NA,219,NA,NA,NA,NA,NA,NA,NA,NA,NA,NA,NA
wyoming,teton,142,24,25,42,25,7,19,"67,649",476,118,"1,929,058","4,049","14,544,000","103,147",98,"15,791",92,"12,795",98,"25,529","17,582,000","123,820","3,973,000","13,609,000",,48,10,15,22,13,9,25,6,"131,000",59,"7,155,000","23,958,000","168,719",142,"910,000","6,411",43,"3,949",39,(d),1,(d),49,"15,103",1,(d),4,26,5,163,11,167,1,(d),NA,NA,NA,NA,NA,NA,NA,NA,NA,NA,NA,NA,10,"1,698","161,739",NA,NA,NA,NA,NA,NA,NA,NA,NA,NA,NA,NA,77,"11,078","23,952",NA,NA,NA,NA,NA,NA,11,6,2,(d),1,(d),142,NA,NA,NA,NA,NA,NA,NA,NA,NA,NA,NA
wyoming,uinta,403,65,108,67,53,30,80,"656,988","1,630",80,"1,747,715","1,072","41,144,000","102,095",247,"84,769",236,"47,960",280,"76,188","26,662,000","66,158","3,629,000","23,033,000",,168,37,30,34,33,34,67,6,"130,000",109,"1,668,000","24,304,000","60,308",403,"4,155,000","10,310",221,"38,737",199,"25,268",NA,NA,179,"22,993",14,36,20,25,38,"32,118",42,943,NA,NA,NA,NA,NA,NA,NA,NA,NA,NA,NA,NA,NA,NA,4,132,"6,412",NA,NA,NA,NA,NA,NA,NA,NA,NA,1,(d),(d),232,"47,824","91,191",NA,NA,NA,NA,NA,NA,1,(d),NA,NA,NA,NA,403,NA,NA,NA,NA,NA,NA,NA,NA,NA,NA,NA
wyoming,washakie,246,36,53,61,25,15,56,"316,161","1,285",85,"1,502,187","1,169","51,552,000","211,277",155,"53,438",134,"33,320",182,"38,477","43,019,000","174,873","16,260,000","26,759,000",,75,19,27,31,13,15,66,62,"508,000",119,"3,062,000","39,687,000","161,330",246,"6,902,000","28,058",112,"30,496",103,"14,383",3,12,111,"21,780",22,266,18,341,33,"29,376",38,790,4,24,13,"1,065","150,170",12,"1,759","45,244",1,(d),(d),1,(d),(d),20,"9,682","1,122,514",NA,NA,NA,NA,NA,NA,NA,NA,NA,2,(d),(d),121,"15,556","46,744",NA,NA,NA,15,"4,908","154,987",3,(d),1,(d),1,(d),246,NA,NA,NA,NA,NA,NA,NA,NA,NA,NA,NA
wyoming,weston,247,20,24,45,36,9,113,"1,227,012","4,968",465,"3,321,035",669,"31,936,000","129,296",133,"37,507",89,"21,581",17,"4,159","34,273,000","138,759","617,000","33,657,000",,96,12,20,11,20,24,64,77,"836,000",90,"1,370,000","32,542,000","131,747",247,"3,938,000","15,943",130,"44,627",118,"29,688",6,31,125,"33,855",5,123,3,60,12,"2,685",31,929,2,(d),NA,NA,NA,NA,NA,NA,1,(d),(d),NA,NA,NA,1,(d),(d),NA,NA,NA,NA,NA,NA,NA,NA,NA,NA,NA,NA,84,"21,234","20,347",NA,NA,NA,NA,NA,NA,NA,NA,NA,NA,1,(d),247,NA,NA,NA,1,(d),(d),2,(d),(d),NA,NA
north dakota,adams,380,7,29,82,75,49,138,"599,579","1,578",480,"1,682,952","1,067","112,887,000","297,071",334,"388,019",232,"289,199",NA,NA,"60,396,000","158,938","30,430,000","29,966,000",,146,23,12,24,27,21,127,312,"8,748,000",272,"20,210,000","74,723,000","196,640",380,"14,631,000","38,503",144,"29,950",141,(d),2,(d),146,"22,976",2,(d),2,(d),7,"3,626",11,470,3,550,55,"53,999","2,558,669",16,"6,735","41,312",76,"86,227","1,848,763",2,(d),(d),7,"2,091","89,356",NA,NA,NA,NA,NA,NA,17,"7,063","91,893",NA,NA,NA,206,"75,199","75,816",43,"22,848","24,155,344",NA,NA,NA,NA,NA,NA,NA,NA,NA,380,17,(d),(d),63,"70,964","1,492,151",4,336,"5,736",NA,NA
north dakota,barnes,749,18,90,173,131,80,257,"952,048","1,271",360,"2,937,290","2,311","296,301,000","395,596",679,"819,825",503,"722,914",9,"2,481","278,736,000","372,144","257,603,000","21,132,000",,258,28,21,36,48,34,324,586,"8,226,000",577,"22,743,000","237,199,000","316,687",749,"72,506,000","96,804",184,"34,300",167,(d),1,(d),171,"17,769",5,95,7,326,27,"2,272",23,357,2,(d),259,"194,835","29,533,371",30,"2,877","55,227",178,"72,529","4,328,965",NA,NA,NA,43,"11,471","937,279",NA,NA,NA,NA,NA,NA,356,"407,715","14,871,077",26,"9,991","222,622",223,"19,477","45,519",2,(d),(d),NA,NA,NA,6,66,3,(d),1,(d),749,23,"4,914","298,463",162,"67,615","4,030,502",12,612,"45,028",NA,NA
north dakota,benson,473,5,31,73,86,84,194,"750,870","1,587",705,"2,172,369","1,368","181,794,000","384,343",420,"586,721",337,"503,944",5,"2,028","164,317,000","347,393","147,665,000","16,652,000",,138,16,17,21,34,31,216,373,"9,813,000",359,"8,841,000","126,257,000","266,928",473,"56,713,000","119,901",153,"30,315",149,(d),2,(d),136,"15,155",4,34,NA,NA,3,76,14,240,NA,NA,123,"59,722","7,753,257",29,"2,926","36,638",199,"122,254","6,766,206",NA,NA,NA,69,"25,857","1,939,168",NA,NA,NA,NA,NA,NA,222,"202,859","6,815,448",56,"34,814","656,426",189,"39,127","63,700",7,"2,392","4,934,000",NA,NA,NA,2,(d),NA,NA,1,(d),473,25,"8,669","434,580",181,"113,585","6,331,626",17,"1,444","81,717",NA,NA
north dakota,billings,204,NA,15,18,30,31,110,"734,722","3,602","1,094","3,308,786",919,"48,370,000","237,105",163,"125,728",127,"87,556",2,(d),"28,754,000","140,949","5,667,000","23,087,000",,38,4,11,19,20,22,90,142,"2,338,000",149,"4,946,000","25,513,000","125,064",204,"10,525,000","51,594",144,"31,163",144,"18,508",4,42,139,"25,578",3,80,3,90,2,(d),19,226,NA,NA,11,"3,445","185,425",6,393,"3,409",34,"28,865","532,779",5,"1,203","20,901",7,"2,610","92,480",NA,NA,NA,NA,NA,NA,1,(d),(d),NA,NA,NA,115,"44,144","28,853",8,"3,651","4,468,320",NA,NA,NA,1,(d),1,(d),NA,NA,204,4,800,"10,000",33,"26,862","501,878",6,635,"27,050",NA,NA
north dakota,bottineau,684,12,47,146,130,79,270,"958,377","1,401",521,"2,166,705","1,546","241,646,000","354,320",629,"865,610",479,"765,191",5,29,"215,501,000","315,060","199,430,000","16,070,000",,221,26,17,42,44,29,305,557,"18,721,000",495,"13,883,000","179,419,000","262,308",684,"68,686,000","100,418",143,"14,081",137,"8,628",NA,NA,124,"8,397",2,(d),4,(d),8,422,7,146,1,(d),53,"33,095","3,130,130",12,627,"9,392",291,"275,185","12,510,030",2,(d),(d),48,"20,219","1,300,384",NA,NA,NA,NA,NA,NA,270,"264,490","8,616,670",4,(d),(d),226,"41,707","50,603",11,"3,212","4,855,989",NA,NA,NA,2,(d),1,(d),2,(d),684,53,(d),(d),270,"236,142","11,183,118",13,"3,655","252,139",NA,NA
north dakota,bowman,341,NA,24,69,59,44,145,"711,385","2,086",700,"2,144,932","1,028","86,708,000","254,275",296,"334,867",209,"232,332",5,878,"74,079,000","217,241","19,553,000","54,526,000",,123,28,6,15,31,35,103,273,"5,354,000",223,"7,839,000","67,037,000","196,590",341,"20,236,000","59,343",149,"38,521",144,"22,682",4,4,140,"35,208",1,(d),1,(d),26,"6,126",6,153,2,(d),28,"14,632","854,825",9,"1,368","6,939",70,"93,947","1,854,850",5,479,"11,971",14,"5,561","204,829",NA,NA,NA,NA,NA,NA,2,(d),(d),NA,NA,NA,187,"82,740","61,020",13,"6,556","7,856,520",NA,NA,NA,NA,NA,NA,NA,NA,NA,341,26,"37,677","687,373",57,"55,791","1,155,506",8,711,"52,780",NA,NA
north dakota,burke,356,8,23,68,63,57,137,"519,380","1,459",600,"1,537,171","1,054","107,999,000","303,368",317,"393,351",199,"315,550",NA,NA,"71,578,000","201,062","61,157,000","10,421,000",,148,5,9,17,22,34,121,314,"7,985,000",224,"6,428,000","63,476,000","178,302",356,"22,515,000","63,245",86,"15,980",76,"9,650",NA,NA,72,"10,739",1,(d),NA,NA,6,144,4,49,NA,NA,13,"1,508","141,655",3,215,"2,133",130,"119,544","4,249,464",1,(d),(d),31,"10,660","652,822",NA,NA,NA,NA,NA,NA,64,"31,263","734,931",1,(d),(d),112,"36,942","42,000",17,"5,987","9,870,967",NA,NA,NA,NA,NA,NA,NA,NA,NA,356,74,(d),(d),81,"63,678","2,543,639",22,"5,309","456,165",NA,NA
north dakota,burleigh,785,34,201,207,76,81,186,"824,199","1,050",155,"1,994,601","1,900","157,567,000","200,722",567,"423,352",503,"341,199",32,"4,001","134,131,000","170,867","65,405,000","68,725,000",,300,50,46,96,39,62,192,415,"6,674,000",421,"10,233,000","106,464,000","135,623",785,"44,573,000","56,781",298,"83,872",282,"44,000",10,686,309,"51,467",4,76,2,(d),29,572,43,(d),4,78,101,"48,788","4,570,487",57,"9,478","125,108",91,"56,441","1,751,517",6,"1,244","62,262",22,"16,645","769,496",NA,NA,NA,NA,NA,NA,82,"63,727","1,991,910",5,"2,360","43,056",423,"100,572","146,045",21,"14,067","27,773,922",NA,NA,NA,17,170,10,(d),9,14,785,23,"16,029","484,752",74,"39,168","1,204,503",11,"2,247","161,840",NA,NA
north dakota,cass,784,35,122,117,85,57,368,"1,126,085","1,436",746,"5,339,580","3,718","436,769,000","557,103",727,"1,085,430",611,"1,045,202",32,"13,871","439,453,000","560,527","417,188,000","22,266,000",,184,27,36,25,24,33,455,559,"8,418,000",579,"28,199,000","365,332,000","465,985",784,"110,738,000","141,247",113,"12,712",103,(d),2,(d),95,"7,232",3,(d),7,"10,716",20,"2,854",27,"1,289",10,"1,270",383,"308,952","49,723,902",10,562,"8,672",201,"84,930","5,568,070",2,(d),(d),42,"12,082","1,072,404",NA,NA,NA,NA,NA,NA,483,"588,856","22,056,511",23,"11,804","237,664",150,"12,073","25,696",19,"7,286","17,388,432",43,"17,477","496,702",6,23,4,2,10,51,784,12,(d),(d),189,"80,045","5,271,328",1,(d),(d),NA,NA
north dakota,cavalier,523,5,26,77,75,54,286,"928,239","1,775","1,120","3,691,559","2,080","285,943,000","546,736",495,"877,208",399,"823,328",8,318,"280,592,000","536,506","276,485,000","4,108,000",,110,9,11,23,23,15,332,473,"25,654,000",397,"19,710,000","210,566,000","402,612",523,"115,390,000","220,631",43,"2,099",43,(d),2,(d),43,"1,168",NA,NA,NA,NA,5,135,6,88,6,"1,167",69,"16,631","2,029,675",1,(d),(d),332,"295,858","18,904,264",1,(d),(d),63,"15,798","1,197,237",NA,NA,NA,NA,NA,NA,311,"199,898","6,133,384",57,"20,727","333,735",52,"5,851","9,770",18,"3,368","6,614,193",NA,NA,NA,4,16,4,4,5,5,523,37,(d),(d),315,"272,803","17,661,198",9,405,"33,493",NA,NA
north dakota,dickey,419,12,13,71,83,62,178,"678,927","1,620",750,"3,847,791","2,375","213,748,000","510,138",393,"541,941",298,"455,957",31,"14,813","225,092,000","537,212","181,796,000","43,296,000",,105,11,12,24,17,23,227,340,"6,323,000",324,"18,519,000","191,443,000","456,904",419,"58,491,000","139,597",154,"52,428",142,"24,005",NA,NA,144,"28,630",2,(d),2,(d),13,"4,732",20,712,4,204,185,"164,970","26,652,326",35,"3,905","67,023",45,"23,115","1,080,041",8,"1,737","105,117",11,"2,403","161,960",NA,NA,NA,2,(d),(d),203,"211,676","8,256,223",6,"3,469","76,425",180,"34,757","109,283",7,"2,410","4,230,600",NA,NA,NA,2,(d),2,(d),NA,NA,419,2,(d),(d),41,(d),(d),15,"1,928","111,984",NA,NA
north dakota,divide,416,6,8,64,63,86,189,"704,197","1,693",800,"1,808,767","1,069","149,024,000","358,232",398,"538,723",269,"433,046",17,"2,265","71,450,000","171,754","61,544,000","9,906,000",,157,13,9,5,31,35,166,380,"9,797,000",296,"10,809,000","71,653,000","172,242",416,"20,403,000","49,046",99,"13,828",96,"10,139",NA,NA,96,"9,737",1,(d),3,(d),3,120,14,277,2,(d),19,"3,572","191,615",7,914,"7,438",180,"195,872","4,512,664",8,"2,936","112,829",13,985,"42,480",NA,NA,NA,NA,NA,NA,64,"27,181","463,661",3,422,"8,148",140,"42,730","41,543",10,"3,159","5,754,814",NA,NA,NA,NA,NA,NA,NA,NA,NA,416,148,"140,629","2,919,814",95,"52,307","1,480,021",15,"1,861","76,818",NA,NA
north dakota,dunn,524,20,28,84,61,59,272,"1,016,961","1,941","1,144","2,225,966","1,147","155,816,000","297,360",431,"417,815",379,"315,667",13,788,"77,605,000","148,102","27,704,000","49,901,000",,100,36,18,40,44,67,219,346,"6,276,000",341,"14,443,000","77,345,000","147,606",524,"20,979,000","40,036",309,"70,169",293,"42,723",4,4,314,"46,746",9,334,10,351,17,699,19,437,1,(d),37,"14,639","761,275",34,"5,573","45,558",126,"128,285","2,715,297",10,"3,081","90,034",32,"6,909","291,153",NA,NA,NA,NA,NA,NA,5,"1,053","25,723",NA,NA,NA,343,"130,009","138,293",24,"7,557","9,689,304",NA,NA,NA,2,(d),2,(d),NA,NA,524,23,"11,385","259,860",114,"113,819","2,365,403",20,"2,609","143,688",NA,NA
north dakota,eddy,291,1,8,60,61,44,117,"377,145","1,296",655,"1,886,332","1,455","90,966,000","312,599",280,"285,628",199,"225,420",NA,NA,"82,231,000","282,582","63,600,000","18,632,000",,98,6,10,15,22,10,130,259,"4,439,000",209,"5,434,000","55,075,000","189,263",291,"37,029,000","127,248",108,"29,310",104,"15,159",NA,NA,103,"15,192",NA,NA,NA,NA,5,514,NA,NA,NA,NA,84,"31,010","4,041,124",20,"1,912","20,132",107,"42,829","2,192,578",3,(d),(d),19,"3,789","295,246",NA,NA,NA,NA,NA,NA,120,"83,250","2,948,683",30,"9,100","175,878",140,"40,141","88,964",14,"3,362","5,053,096",NA,NA,NA,NA,NA,NA,NA,NA,NA,291,2,(d),(d),105,"42,074","2,159,153",23,"2,571","122,190",NA,NA
north dakota,emmons,516,8,27,81,97,77,226,"811,583","1,573",768,"2,493,059","1,585","183,671,000","357,337",458,"500,409",376,"435,870",17,"10,090","162,102,000","314,151","111,806,000","50,296,000",,111,20,9,19,56,55,246,422,"7,581,000",386,"15,937,000","146,002,000","282,949",516,"39,618,000","76,779",274,"68,889",259,"35,339",14,595,266,"41,675",1,(d),1,(d),3,"1,305",4,97,NA,NA,176,"93,971","9,993,369",52,"4,344","57,783",150,"65,294","1,671,778",4,948,"37,695",17,"7,019","295,622",NA,NA,NA,NA,NA,NA,149,"121,933","4,306,708",2,(d),(d),287,"70,090","127,512",111,"52,912","107,743,215",NA,NA,NA,1,(d),1,(d),3,4,516,16,"8,473","265,544",136,"55,873","1,368,539",24,"3,197","202,235",NA,NA
north dakota,foster,230,5,28,32,19,17,129,"393,909","1,713","1,278","3,438,653","2,008","140,231,000","609,701",214,"342,911",179,"299,987",11,"2,788","118,733,000","516,229","90,780,000","27,953,000",,39,1,14,6,14,11,145,197,"5,532,000",175,"18,268,000","106,056,000","461,113",230,"36,476,000","158,593",68,"23,083",63,(d),1,(d),66,"15,663",6,72,7,150,8,391,8,259,NA,NA,99,"68,561","8,869,727",37,"3,114","50,972",85,"41,696","2,047,878",3,(d),(d),23,"11,354","885,993",NA,NA,NA,NA,NA,NA,129,"145,661","5,170,202",15,"4,566","86,711",73,"15,365","33,518",6,"1,809","3,186,669",NA,NA,NA,3,26,2,(d),4,2,230,11,(d),(d),79,"35,383","1,714,552",6,316,"14,644",NA,NA
north dakota,golden valley,287,4,27,38,58,37,123,"626,343","2,182",640,"2,296,429","1,052","89,965,000","313,468",239,"274,099",177,"171,764",11,"1,106","45,171,000","157,390","20,849,000","24,322,000",,79,13,18,21,16,31,109,218,"5,890,000",189,"6,802,000","49,731,000","173,278",287,"8,133,000","28,337",146,"32,816",139,"19,416",9,18,137,"20,434",2,(d),3,44,17,"3,352",21,653,2,(d),19,"8,238","367,241",3,"1,001","20,726",56,"74,946","1,527,228",5,"1,068","29,915",4,652,"25,407",NA,NA,NA,NA,NA,NA,NA,NA,NA,NA,NA,NA,147,"40,228","36,165",8,"2,238","2,953,340",NA,NA,NA,1,(d),1,(d),NA,NA,287,36,"41,621","814,266",45,"32,257","683,047",12,"1,480","57,760",NA,NA
north dakota,grand forks,889,12,117,253,188,101,218,"798,480",898,266,"3,064,078","3,411","319,873,000","359,812",831,"744,093",497,"646,860",27,"27,498","318,362,000","358,113","294,658,000","23,704,000",,391,11,11,43,51,56,326,778,"14,911,000",651,"28,336,000","270,319,000","304,071",889,"91,290,000","102,688",125,"17,058",118,(d),1,(d),103,"9,937",3,(d),3,(d),6,129,7,(d),2,(d),196,"110,718","16,487,951",13,292,"4,698",266,"127,562","7,963,275",2,(d),(d),19,"5,215","361,621",NA,NA,NA,NA,NA,NA,328,"244,573","8,340,161",162,"86,562","1,695,070",144,"14,696","32,572",19,"4,289","7,786,190",78,"35,413","1,043,145",20,"11,269",17,"11,244",NA,NA,889,1,(d),(d),263,"127,406","7,954,578",1,(d),(d),NA,NA
north dakota,grant,412,3,28,50,71,47,213,"959,467","2,329","1,030","2,494,937","1,071","108,857,000","264,216",367,"429,013",272,"292,548",11,"2,146","83,018,000","201,501","29,084,000","53,935,000",,105,11,10,25,41,47,173,360,"8,094,000",305,"15,131,000","74,387,000","180,550",412,"31,856,000","77,321",249,"65,965",243,"39,196",5,16,245,"45,823",1,(d),1,(d),21,"1,691",9,264,1,(d),72,"38,674","2,233,800",47,"6,818","60,491",85,"85,889","1,234,539",2,(d),(d),4,(d),(d),NA,NA,NA,1,(d),(d),18,"6,002","123,055",NA,NA,NA,239,"105,895","118,394",52,"27,808","46,662,397",NA,NA,NA,NA,NA,NA,NA,NA,NA,412,4,(d),(d),80,"81,321","1,185,712",12,"1,105","66,540",NA,NA
north dakota,griggs,393,4,28,74,90,53,144,"453,644","1,154",534,"2,051,720","1,777","133,565,000","339,861",365,"364,840",259,"305,764",9,"1,504","114,622,000","291,659","105,078,000","9,544,000",,131,7,28,15,35,19,158,347,"7,670,000",296,"11,347,000","90,173,000","229,449",393,"43,465,000","110,599",122,"17,730",122,"9,224",3,3,111,"10,287",2,(d),2,(d),11,"1,062",11,516,NA,NA,89,"47,527","7,452,159",27,"1,065","18,744",122,"66,520","3,963,723",1,(d),(d),18,"6,289","477,290",NA,NA,NA,NA,NA,NA,148,"140,048","5,109,516",29,"12,594","296,594",150,"26,037","60,622",12,"2,035","2,123,058",NA,NA,NA,6,10,3,3,4,(d),393,5,(d),(d),121,"65,516","3,920,423",14,"1,166","89,982",NA,NA
north dakota,hettinger,482,10,33,88,125,49,177,"704,881","1,462",465,"2,055,386","1,405","127,454,000","264,427",416,"586,003",262,"468,172",NA,NA,"66,553,000","138,077","53,282,000","13,271,000",,220,11,19,45,25,29,133,418,"13,029,000",335,"24,010,000","86,244,000","178,930",482,"17,348,000","35,991",137,"15,237",130,(d),1,(d),119,"10,739",1,(d),1,(d),14,515,23,444,NA,NA,63,"35,840","1,987,735",13,"1,032","10,606",135,"260,881","4,942,487",8,"1,168","36,596",8,"1,013","39,340",NA,NA,NA,NA,NA,NA,17,"5,030","74,529",NA,NA,NA,183,"52,884","36,726",36,"18,181","24,278,545",NA,NA,NA,NA,NA,NA,NA,2,(d),482,58,"48,581","840,470",120,"211,132","4,065,421",5,685,"57,308",NA,NA
north dakota,kidder,476,1,38,73,83,55,226,"748,445","1,572",800,"1,978,460","1,258","125,964,000","264,631",446,"423,945",343,"316,750",38,"23,722","113,586,000","238,627","72,824,000","40,762,000",,141,16,18,25,23,45,208,393,"6,882,000",346,"6,019,000","91,630,000","192,500",476,"34,858,000","73,231",228,"68,114",221,"40,290",6,23,224,"34,149",8,120,7,192,24,"6,026",20,523,NA,NA,71,"23,216","3,240,347",55,"6,830","96,539",145,"67,727","2,121,112",3,477,"13,356",32,"6,308","349,971",NA,NA,NA,NA,NA,NA,111,"62,213","2,140,830",2,(d),(d),296,"116,231","158,165",5,"1,300","1,820,000",NA,NA,NA,11,"6,339",6,"6,252",NA,NA,476,17,"7,641","260,784",138,"59,609","1,846,972",38,"6,793","311,307",NA,NA
north dakota,la moure,571,8,42,114,102,68,237,"726,731","1,273",715,"3,230,939","2,539","238,487,000","417,666",533,"632,944",427,"568,231",24,"5,528","225,991,000","395,781","192,505,000","33,486,000",,129,6,20,39,29,38,310,448,"4,860,000",468,"20,363,000","195,931,000","343,137",571,"55,283,000","96,817",178,"28,102",165,"12,639",4,180,174,"20,186",1,(d),1,(d),4,151,11,872,2,(d),257,"151,319","23,150,510",31,"2,534","34,843",150,"42,207","1,877,930",2,(d),(d),14,"2,563","139,815",NA,NA,NA,NA,NA,NA,337,"333,701","11,498,872",17,"7,472","168,849",194,"19,974","42,742",10,"2,638","1,802,197",NA,NA,NA,6,(d),6,(d),NA,NA,571,7,(d),(d),142,"39,967","1,800,942",14,"1,063","57,051",NA,NA
north dakota,logan,351,15,21,42,52,38,183,"631,778","1,800","1,050","2,144,519","1,191","114,472,000","326,130",315,"347,661",279,"288,475",8,"2,372","155,379,000","442,675","55,368,000","100,011,000",,85,1,8,16,14,35,192,298,"4,218,000",250,"6,769,000","127,759,000","363,986",351,"38,607,000","109,991",192,"77,256",172,"33,607",5,713,193,"60,695",2,(d),2,(d),14,585,3,82,1,(d),89,"30,709","3,374,583",58,"7,487","106,052",109,"47,704","1,783,278",NA,NA,NA,14,"3,305","136,564",NA,NA,NA,1,(d),(d),141,"109,005","2,990,589",1,(d),(d),230,"74,827","155,549",8,"3,700","4,488,856",NA,NA,NA,NA,NA,NA,NA,1,(d),351,5,"2,171","65,230",106,"45,533","1,718,048",23,"3,325","114,561",NA,NA
north dakota,mchenry,750,19,65,161,134,117,254,"1,040,198","1,387",490,"1,510,122","1,089","180,593,000","241,112",667,"629,415",531,"499,325",19,"6,226","146,347,000","195,129","82,196,000","64,151,000",,228,33,36,74,55,91,233,582,"10,874,000",513,"10,197,000","128,014,000","170,685",750,"39,404,000","52,539",337,"83,726",325,(d),2,(d),329,"47,609",3,(d),2,(d),13,"2,032",26,829,4,142,109,"40,023","3,613,643",60,"13,034","136,632",171,"116,761","3,896,343",3,261,"6,823",47,"10,686","569,425",3,87,"5,910",NA,NA,NA,154,"108,528","3,063,441",5,"1,706","25,764",425,"145,015","187,594",5,"1,631","2,530,960",NA,NA,NA,1,(d),1,(d),3,(d),750,26,"12,085","381,376",155,"104,415","3,508,144",47,"5,059","371,807",NA,NA
north dakota,mcintosh,363,2,47,67,68,48,131,"487,665","1,343",480,"1,832,362","1,364","99,791,000","275,666",295,"298,286",243,"257,023",3,694,"94,800,000","261,158","53,703,000","41,097,000",,84,6,29,24,37,35,148,278,"3,200,000",268,"8,677,000","84,842,000","233,726",363,"21,835,000","60,153",196,"53,606",190,(d),8,(d),207,"33,137",7,99,7,66,18,"1,013",7,213,3,138,76,"36,640","4,180,181",36,"6,051","68,871",96,"57,745","1,951,212",5,959,"36,088",9,672,"21,600",NA,NA,NA,NA,NA,NA,108,"84,064","2,401,132",1,(d),(d),198,"53,574","77,162",28,"11,562","19,153,655",NA,NA,NA,NA,NA,NA,NA,NA,NA,363,4,"3,346","77,753",94,"53,440","1,837,371",7,747,"26,944",NA,NA
north dakota,mckenzie,539,20,41,61,69,70,278,"1,119,275","2,077","1,020","2,130,024","1,026","200,521,000","372,024",445,"433,255",385,"342,035",66,"26,683","104,690,000","194,230","50,179,000","54,511,000",,107,16,42,42,24,60,248,344,"7,119,000",316,"10,094,000","96,731,000","179,465",539,"25,171,000","46,699",290,"78,111",268,"46,747",6,24,280,"51,002",5,160,8,392,1,(d),17,344,NA,NA,12,"1,465","98,305",28,"2,862","31,470",163,"158,067","3,917,255",5,"1,017","21,746",25,"6,744","263,798",NA,NA,NA,4,208,"1,596",16,"2,889","103,146",4,"1,227","17,597",310,"105,237","109,518",1,(d),(d),34,"11,026","341,566",NA,NA,NA,NA,NA,NA,539,89,"77,041","1,834,661",123,"80,009","2,060,848",18,"1,658","85,159",NA,NA
north dakota,mclean,762,10,65,172,140,103,272,"1,045,419","1,372",480,"2,448,520","1,785","249,534,000","327,473",691,"807,311",543,"729,466",30,"8,098","176,922,000","232,181","150,812,000","26,109,000",,245,33,36,48,74,44,282,620,"17,822,000",537,"16,483,000","162,996,000","213,905",762,"48,231,000","63,295",247,"32,256",241,"19,001",NA,NA,243,"20,218",1,(d),NA,NA,5,196,23,473,2,(d),115,"79,230","7,501,711",23,"2,785","22,712",289,"258,693","8,018,723",4,868,"47,515",25,"7,528","439,190",NA,NA,NA,NA,NA,NA,212,"128,482","3,461,961",41,"27,185","400,181",358,"59,551","75,751",9,"3,263","6,086,554",NA,NA,NA,3,(d),3,(d),1,(d),762,80,"42,444","1,256,806",246,"215,381","6,714,402",18,"2,286","107,181",NA,NA
north dakota,mercer,317,5,33,71,41,38,129,"518,195","1,635",619,"2,236,333","1,368","92,463,000","291,683",266,"232,831",231,"180,750",15,"2,431","57,168,000","180,340","25,030,000","32,138,000",,80,15,22,27,27,40,106,207,"4,684,000",219,"5,676,000","51,097,000","161,188",317,"16,431,000","51,833",179,"45,225",166,"25,297",NA,NA,181,"26,243",7,204,7,154,6,280,26,429,1,(d),29,"15,788","1,183,853",20,"2,969","30,590",57,"42,422","1,191,384",7,"2,180","62,524",25,"6,977","298,248",NA,NA,NA,NA,NA,NA,23,"7,989","222,714",2,(d),(d),205,"63,307","55,721",21,"10,531","19,295,997",NA,NA,NA,1,(d),1,(d),2,(d),317,6,"5,836","155,214",50,"34,406","973,646",18,"3,553","163,182",NA,NA
north dakota,morton,781,17,77,163,112,88,324,"1,225,934","1,570",623,"2,203,330","1,404","215,299,000","275,670",626,"562,846",563,"450,014",30,"4,684","145,997,000","186,936","63,552,000","82,445,000",,165,53,42,86,57,97,281,513,"7,594,000",528,"11,584,000","134,661,000","172,422",781,"30,514,000","39,070",486,"99,680",448,"54,371",30,"3,901",461,"58,971",5,153,11,292,34,"2,129",48,(d),2,(d),108,"43,052","3,803,066",107,"14,705","153,575",187,"176,799","4,037,343",4,571,"8,307",40,"8,050","404,978",NA,NA,NA,NA,NA,NA,78,"40,610","1,107,812",4,425,(d),485,"125,239","161,496",65,"28,430","44,036,225",NA,NA,NA,5,33,3,5,2,(d),781,21,"11,193","189,136",179,"165,035","3,839,900",28,"3,067","142,451",3,1
north dakota,mountrail,584,9,31,68,101,89,286,"1,081,383","1,852",890,"2,367,371","1,278","242,503,000","415,245",523,"697,242",455,"630,440",3,9,"135,742,000","232,435","105,856,000","29,886,000",,120,15,40,43,49,81,236,447,"14,849,000",420,"17,841,000","137,742,000","235,859",584,"30,691,000","52,552",246,"40,006",236,"26,437",3,6,228,"22,899",9,24,8,86,2,(d),7,125,NA,NA,38,"8,133","543,534",13,"1,477","12,506",229,"239,365","7,328,760",3,547,"14,671",30,"7,479","435,431",NA,NA,NA,NA,NA,NA,109,"56,625","1,342,034",5,537,"8,560",317,"87,208","90,152",19,"12,351","21,930,162",NA,NA,NA,1,(d),1,(d),NA,NA,584,106,"69,892","2,052,561",176,"168,926","5,261,528",14,"2,248","117,409",NA,NA
north dakota,nelson,489,3,38,137,102,59,150,"552,853","1,131",320,"1,537,488","1,360","167,088,000","341,693",469,"475,351",243,"360,775",8,"2,884","120,888,000","247,214","112,527,000","8,360,000",,236,15,16,18,21,25,158,457,"9,416,000",346,"9,235,000","98,369,000","201,163",489,"41,170,000","84,191",68,"9,912",64,(d),1,(d),66,"5,065",NA,NA,NA,NA,1,(d),4,97,NA,NA,81,"36,250","4,648,955",13,"1,596","25,484",140,"93,429","5,341,071",1,(d),(d),38,"10,537","834,512",NA,NA,NA,NA,NA,NA,179,"151,761","4,962,677",43,"23,566","415,943",106,"20,835","43,193",5,720,"1,398,641",NA,NA,NA,1,(d),1,(d),NA,NA,489,6,(d),(d),136,"90,187","5,159,579",4,476,"28,450",NA,NA
north dakota,oliver,234,2,32,42,50,30,78,"313,542","1,340",410,"1,932,910","1,443","68,490,000","292,694",208,"148,539",189,"136,062",10,"2,734","47,326,000","202,248","21,911,000","25,415,000",,51,15,13,22,33,20,80,167,"2,639,000",179,"3,746,000","43,653,000","186,553",234,"10,058,000","42,981",139,"33,130",120,(d),3,(d),129,"20,181",1,(d),1,(d),9,405,5,255,NA,NA,43,"15,620","1,612,480",31,"6,361","70,981",62,"33,656","984,852",NA,NA,NA,10,"2,353","91,800",NA,NA,NA,NA,NA,NA,29,"15,647","497,660",4,"2,606","46,946",168,"46,491","54,175",17,"3,794","7,432,049",NA,NA,NA,5,(d),1,(d),NA,NA,234,8,"2,267","50,721",54,"31,389","934,131",12,"1,828","119,117",NA,NA
north dakota,pembina,481,3,48,106,85,55,184,"691,493","1,438",480,"3,962,790","2,757","247,381,000","514,306",439,"640,772",342,"594,939",9,"1,449","282,661,000","587,654","275,337,000","7,324,000",,128,14,26,18,27,24,244,375,"11,608,000",338,"19,838,000","233,198,000","484,818",481,"80,910,000","168,211",77,"12,127",76,"3,102",NA,NA,64,"6,607",1,(d),NA,NA,4,498,5,78,1,(d),105,"43,721","5,896,171",3,395,"5,241",238,"182,351","11,514,085",1,(d),(d),21,"4,929","448,111",NA,NA,NA,NA,NA,NA,260,"217,471","7,122,131",108,"46,421","848,692",78,"12,017","28,702",7,767,"1,550,379",107,"52,868","1,401,486",38,"18,222",35,(d),NA,NA,481,13,(d),(d),228,"174,920","11,081,742",18,"1,052","82,897",NA,NA
north dakota,pierce,446,5,54,83,59,76,169,"540,395","1,212",600,"1,707,184","1,409","150,482,000","337,405",400,"435,295",307,"363,005",4,782,"98,774,000","221,467","83,304,000","15,470,000",,147,8,18,21,31,32,189,385,"8,501,000",346,"11,467,000","85,155,000","190,931",446,"33,587,000","75,307",131,"22,342",119,"11,954",NA,NA,113,"13,320",5,10,3,3,7,242,11,394,5,90,78,"20,860","1,958,277",19,987,"12,857",211,"129,386","5,605,111",NA,NA,NA,50,"17,649","1,284,608",NA,NA,NA,NA,NA,NA,197,"110,320","3,089,193",14,"6,964","133,186",161,"31,171","47,535",7,672,"580,900",NA,NA,NA,NA,NA,NA,NA,3,2,446,38,"14,662","647,783",177,"114,724","4,957,328",16,"2,104","170,411",NA,NA
north dakota,ramsey,515,20,47,117,92,54,185,"696,611","1,353",400,"2,446,528","1,809","244,188,000","474,152",478,"626,350",286,"529,017",1,(d),"190,189,000","369,299","163,906,000","26,282,000",,224,23,13,23,21,5,206,437,"12,149,000",331,"14,313,000","158,152,000","307,091",515,"58,498,000","113,589",58,"4,181",51,"2,492",NA,NA,45,"2,153",9,"37,926",6,"401,790",10,536,7,210,NA,NA,106,"65,718","7,823,963",2,(d),(d),176,"141,694","7,858,878",NA,NA,NA,74,"31,443","2,592,668",NA,NA,NA,NA,NA,NA,212,"185,058","5,939,144",60,"30,156","558,635",82,"10,241","20,244",7,"1,262","2,423,018",NA,NA,NA,NA,NA,NA,NA,1,(d),515,16,"5,722","253,510",163,"135,972","7,605,368",3,284,"16,841",NA,NA
north dakota,ransom,507,21,42,136,94,59,155,"549,074","1,083",331,"2,179,084","2,012","175,286,000","345,733",461,"389,053",326,"337,943",55,"28,943","173,624,000","342,454","137,681,000","35,943,000",,179,16,18,20,32,31,211,375,"6,098,000",369,"11,975,000","146,113,000","288,192",507,"45,583,000","89,907",181,"44,432",159,(d),4,(d),167,"22,556",3,(d),6,(d),18,"3,673",22,939,NA,NA,180,"114,661","20,362,422",42,"4,655","63,392",80,"29,143","1,806,784",4,(d),(d),2,(d),(d),NA,NA,NA,NA,NA,NA,192,"148,434","6,198,422",25,"15,289","298,567",185,"21,309","60,856",2,(d),(d),NA,NA,NA,1,(d),1,(d),1,(d),507,2,(d),(d),77,"27,937","1,753,129",17,813,"73,526",NA,NA
north dakota,renville,269,6,28,31,25,17,162,"554,267","2,060","1,720","3,306,195","1,605","180,969,000","672,748",251,"523,440",225,"498,177",4,6,"125,488,000","466,500","122,657,000","2,831,000",,53,6,10,6,9,14,171,226,"10,660,000",190,"8,363,000","100,847,000","374,895",269,"43,665,000","162,324",44,"3,979",42,(d),1,(d),38,"2,262",2,(d),NA,NA,NA,NA,6,98,NA,NA,36,"15,350","1,585,281",9,640,"9,680",165,"159,489","6,272,640",5,"1,111","29,275",49,"25,532","1,737,134",NA,NA,NA,NA,NA,NA,156,"158,165","4,444,959",1,(d),(d),74,"10,589","16,968",21,"10,342","16,362,402",NA,NA,NA,3,1,3,(d),NA,NA,269,39,"21,369","752,813",153,"137,009","5,490,552",19,"3,523","203,043",NA,NA
north dakota,richland,846,29,130,153,143,106,285,"875,444","1,035",453,"3,300,158","3,189","395,780,000","467,825",791,"822,988",591,"773,174",29,"6,093","390,797,000","461,935","354,985,000","35,812,000",,254,11,28,20,33,70,430,659,"6,568,000",643,"19,476,000","333,136,000","393,778",846,"83,705,000","98,942",161,"31,293",139,"11,219",4,268,153,"22,003",3,(d),8,107,12,"12,331",19,521,4,619,442,"305,542","53,717,222",30,"2,404","45,586",145,"54,406","3,532,462",NA,NA,NA,7,639,"59,593",NA,NA,NA,NA,NA,NA,478,"351,437","14,696,310",25,"8,376","202,910",167,"17,858","47,405",15,"3,913","6,297,014",67,"28,164","874,911",6,(d),5,3,6,3,846,7,"1,894","103,537",143,"52,512","3,428,925",4,326,"33,900",NA,NA
north dakota,rolette,453,22,17,91,107,54,162,"512,172","1,131",441,"1,447,711","1,280","148,215,000","327,186",396,"373,089",300,"320,999",4,967,"91,542,000","202,079","77,154,000","14,388,000",,141,13,40,38,44,29,148,320,"9,446,000",296,"7,588,000","76,333,000","168,505",453,"32,243,000","71,177",155,"19,331",149,"11,577",NA,NA,149,"10,185",2,(d),1,(d),2,(d),9,373,1,(d),38,"11,125","1,078,676",8,450,"5,740",145,"106,418","5,029,580",1,(d),(d),39,"8,790","587,751",NA,NA,NA,NA,NA,NA,115,"69,105","1,959,827",NA,NA,NA,207,"43,414","64,548",8,"1,517","2,686,750",NA,NA,NA,3,(d),3,(d),NA,NA,453,38,(d),(d),127,"90,630","4,455,281",48,"4,394","337,777",NA,NA
north dakota,sargent,501,11,52,100,109,60,169,"548,088","1,094",450,"3,049,460","2,787","200,127,000","399,455",472,"489,203",322,"427,772",27,"16,773","214,144,000","427,433","188,725,000","25,419,000",,185,8,8,22,25,25,228,396,"5,981,000",366,"15,827,000","177,647,000","354,585",501,"58,305,000","116,377",104,"23,617",94,(d),3,(d),89,"11,852",3,(d),4,(d),8,757,4,92,2,(d),206,"162,661","27,323,896",10,"1,263","24,207",88,"18,987","1,131,141",NA,NA,NA,8,"3,372","268,220",NA,NA,NA,NA,NA,NA,254,"217,294","9,284,158",6,"2,482","56,363",120,"15,784","35,556",8,"1,561","2,448,538",NA,NA,NA,3,"3,825",2,(d),NA,NA,501,1,(d),(d),87,(d),(d),1,(d),(d),NA,NA
north dakota,sheridan,260,NA,6,25,63,24,142,"551,381","2,121","1,245","2,328,439","1,098","81,831,000","314,736",238,"397,900",193,"347,936",NA,NA,"92,044,000","354,016","73,788,000","18,256,000",,68,5,4,20,14,18,131,209,"5,366,000",172,"4,340,000","71,760,000","276,000",260,"29,990,000","115,347",112,"30,703",106,"16,085",NA,NA,110,"18,179",1,(d),1,(d),6,583,7,445,1,(d),53,"27,514","2,784,959",27,"2,476","26,828",120,"110,063","3,706,756",NA,NA,NA,51,"16,515","898,307",NA,NA,NA,NA,NA,NA,98,"105,398","2,966,277",11,"5,714","70,685",126,"38,721","44,851",13,"4,991","9,243,700",1,(d),(d),1,(d),1,(d),NA,NA,260,30,"17,438","546,944",106,"92,625","3,159,812",8,624,"33,200",NA,NA
north dakota,sioux,187,NA,30,25,25,7,100,"588,162","3,145","1,315","3,909,369","1,243","73,069,000","390,741",126,"226,064",107,"145,806",2,(d),"61,906,000","331,046","21,718,000","40,188,000",,34,13,9,20,10,13,88,128,"2,912,000",110,"4,723,000","53,150,000","284,226",187,"16,391,000","87,650",115,"46,366",113,(d),3,(d),114,"36,309",NA,NA,1,(d),1,(d),3,67,NA,NA,30,"15,606","1,676,478",27,"5,609","52,503",31,"38,504","1,070,756",5,"2,970","99,924",4,472,"23,200",NA,NA,NA,NA,NA,NA,9,"2,656","57,860",NA,NA,NA,94,"59,169","55,568",20,"21,179","43,008,891",NA,NA,NA,2,(d),2,(d),2,(d),187,10,"5,860","123,678",28,"29,674","847,154",4,491,(d),NA,NA
north dakota,slope,215,1,1,34,40,23,116,"727,694","3,385","1,575","3,579,166","1,057","89,908,000","418,177",198,"286,479",147,"202,552",NA,NA,"47,904,000","222,808","19,787,000","28,117,000",,51,14,13,15,8,18,96,180,"4,683,000",161,"9,148,000","49,260,000","229,118",215,"12,474,000","58,019",115,"35,665",115,"25,432",NA,NA,109,"21,749",1,(d),1,(d),6,220,4,65,NA,NA,17,"6,084","459,443",12,"2,111","13,077",57,"117,995","2,441,034",NA,NA,NA,9,"2,241","95,229",NA,NA,NA,NA,NA,NA,5,"1,200","22,000",NA,NA,NA,127,"47,213","32,947",10,"5,316","6,200,133",NA,NA,NA,NA,NA,NA,NA,NA,NA,215,29,"27,264","504,604",52,"90,731","1,936,430",NA,NA,NA,NA,NA
north dakota,stark,678,24,110,116,167,60,201,"735,504","1,085",310,"1,444,094","1,331","150,637,000","222,178",542,"493,631",434,"401,715",22,476,"68,476,000","100,996","43,552,000","24,924,000",,230,44,40,76,63,50,175,404,"7,576,000",426,"16,081,000","79,808,000","117,711",678,"12,324,000","18,177",339,"33,352",321,(d),3,(d),318,"22,884",3,24,12,110,19,"1,054",27,627,5,196,59,"29,446","1,892,373",30,"4,034","40,947",172,"214,925","3,871,659",3,354,"6,060",14,"2,446","72,834",NA,NA,NA,NA,NA,NA,7,"2,145","35,848",3,"3,158","36,570",389,"84,305","71,888",31,"23,569","31,388,985",NA,NA,NA,2,(d),1,(d),NA,NA,678,40,"37,150","729,384",156,"177,421","3,136,215",14,"1,784","55,938",NA,NA
north dakota,steele,358,14,46,80,50,35,133,"421,219","1,177",362,"2,584,785","2,197","187,972,000","525,062",328,"398,585",214,"372,477",9,"6,621","149,924,000","418,782","145,894,000","4,030,000",,142,2,4,12,11,20,167,288,"5,812,000",278,"11,648,000","124,886,000","348,843",358,"42,498,000","118,709",47,"6,133",45,"3,524",NA,NA,43,"3,353",1,(d),1,(d),NA,NA,2,(d),NA,NA,133,"90,667","14,766,652",6,326,"3,703",103,"36,883","2,217,543",2,(d),(d),26,"10,090","846,095",NA,NA,NA,NA,NA,NA,189,"172,812","6,255,186",90,"53,277","1,111,273",38,"6,273","13,758",8,"1,758","2,809,331",NA,NA,NA,NA,NA,NA,NA,NA,NA,358,7,(d),(d),97,"32,545","1,969,223",NA,NA,NA,NA,NA
north dakota,stutsman,939,33,85,170,167,130,354,"1,315,703","1,401",520,"2,808,671","2,005","347,531,000","370,108",829,"1,048,238",682,"937,500",17,"4,209","335,625,000","357,428","286,065,000","49,560,000",,244,36,53,72,68,59,407,702,"10,869,000",666,"25,148,000","273,435,000","291,198",939,"98,208,000","104,588",345,"70,314",300,"31,623",3,"1,469",323,"37,471",12,258,13,344,24,"1,845",32,759,2,(d),293,"216,020","30,267,908",49,"4,294","70,838",227,"98,003","4,679,578",2,(d),(d),34,"8,314","562,419",NA,NA,NA,3,120,"1,500",421,"498,462","17,000,985",40,"24,760","494,642",415,"74,259","133,496",8,"2,820","5,655,755",NA,NA,NA,4,8,1,(d),NA,NA,939,23,(d),(d),207,"90,815","4,344,876",17,"1,526","65,348",NA,NA
north dakota,towner,454,1,30,81,77,64,201,"630,795","1,389",855,"1,923,869","1,385","181,257,000","399,244",429,"552,379",299,"463,782",NA,NA,"166,148,000","365,965","140,915,000","25,233,000",,152,12,7,12,22,15,234,387,"14,647,000",324,"14,756,000","127,466,000","280,761",454,"68,085,000","149,967",81,"9,235",80,"5,621",NA,NA,80,"4,956",3,"36,015",5,"220,397",3,144,5,170,NA,NA,49,"18,219","2,014,676",16,939,"17,597",229,"167,952","9,443,108",2,(d),(d),33,"8,030","448,084",NA,NA,NA,NA,NA,NA,202,"138,023","4,521,388",39,"19,781","366,110",102,"17,971","35,223",8,"4,312","8,538,879",NA,NA,NA,2,(d),1,(d),NA,NA,454,21,(d),(d),221,"156,710","8,948,610",4,120,"7,200",NA,NA
north dakota,traill,415,14,62,66,45,41,187,"538,836","1,298",800,"4,004,597","3,084","245,793,000","592,272",391,"526,077",325,"509,495",2,(d),"225,930,000","544,409","223,748,000","2,182,000",,107,5,13,16,15,13,246,332,"4,053,000",316,"14,170,000","199,814,000","481,480",415,"44,339,000","106,841",34,"3,399",33,(d),2,(d),38,"1,780",2,(d),4,14,13,843,8,176,3,3,189,"121,132","19,509,373",NA,NA,NA,142,"79,795","5,206,089",2,(d),(d),39,"12,857","1,090,078",NA,NA,NA,NA,NA,NA,267,"222,634","8,304,189",66,"38,013","721,328",61,"2,615","7,716",6,"1,898","4,116,000",70,"28,321","836,255",10,"1,477",8,"1,465",3,(d),415,6,(d),(d),138,"77,449","5,063,110",4,164,"15,380",NA,NA
north dakota,walsh,763,17,75,192,153,80,246,"804,520","1,054",320,"2,649,975","2,513","340,391,000","446,123",707,"720,275",436,"643,446",12,"1,741","335,598,000","439,840","323,415,000","12,183,000",,295,23,32,35,37,37,304,657,"13,679,000",539,"18,659,000","278,548,000","365,070",763,"89,388,000","117,153",123,"18,927",118,"9,825",NA,NA,113,"9,745",1,(d),NA,NA,16,"1,394",10,292,2,(d),130,"50,276","7,197,447",8,323,"4,840",316,"193,379","11,939,275",NA,NA,NA,43,"10,864","896,356",NA,NA,NA,NA,NA,NA,293,"162,082","5,153,976",194,"83,731","1,610,351",127,"20,128","37,150",20,"4,819","10,664,344",109,"49,188","1,444,611",43,"26,635",39,"26,629",1,(d),763,20,"5,572","288,343",303,"187,807","11,650,932",2,(d),(d),NA,NA
north dakota,ward,718,21,83,92,122,87,313,"1,153,475","1,607",715,"2,623,383","1,633","268,328,000","373,715",604,"967,455",534,"873,331",21,523,"205,986,000","286,889","188,435,000","17,552,000",,164,27,38,56,51,39,343,548,"20,719,000",508,"20,159,000","191,449,000","266,642",718,"55,415,000","77,180",227,"24,482",212,"13,912",NA,NA,206,"16,997",NA,NA,NA,NA,22,"1,055",34,544,4,80,77,"26,408","2,450,268",14,"1,189","14,413",342,"342,337","12,764,178",18,"3,383","133,597",59,"15,316","779,066",NA,NA,NA,NA,NA,NA,270,"214,658","5,445,893",7,"2,249","36,750",254,"43,025","56,084",40,"15,242","26,640,454",NA,NA,NA,15,33,9,4,8,9,718,90,"58,748","1,935,547",303,"280,206","10,695,034",20,"1,251","82,779",NA,NA
north dakota,wells,435,1,23,81,64,60,206,"785,692","1,806",917,"3,089,877","1,711","273,594,000","628,953",400,"664,776",351,"621,906",4,"1,010","208,249,000","478,732","184,896,000","23,353,000",,95,11,17,21,31,22,238,349,"10,874,000",293,"7,322,000","151,647,000","348,614",435,"74,798,000","171,948",138,"27,441",123,"12,490",NA,NA,137,"19,820",2,(d),2,(d),12,710,15,"1,084",NA,NA,144,"95,691","13,058,800",25,"2,316","31,904",196,"159,105","7,902,930",1,(d),(d),43,"13,705","863,730",NA,NA,NA,3,405,"3,003",242,"238,022","7,922,048",77,"48,446","782,675",209,"39,552","61,663",13,"7,414","13,598,192",NA,NA,NA,NA,NA,NA,NA,1,(d),435,30,(d),(d),183,"132,074","6,867,459",13,"1,007","49,412",NA,NA
north dakota,williams,569,8,62,113,82,41,263,"999,227","1,756",660,"1,925,239","1,096","260,132,000","457,175",467,"754,415",398,"674,223",43,"21,065","131,781,000","231,601","117,426,000","14,355,000",,162,17,34,43,44,45,224,331,"9,204,000",368,"16,912,000","122,531,000","215,345",569,"35,366,000","62,155",156,"19,733",139,"12,549",NA,NA,132,"11,605",NA,NA,1,(d),8,168,20,414,NA,NA,21,"5,075","505,618",4,485,"5,021",257,"321,536","7,026,239",9,"1,366","43,305",42,"11,521","560,982",NA,NA,NA,NA,NA,NA,43,"15,378","517,113",4,"1,099","21,013",216,"36,905","38,291",11,"8,199","12,785,724",6,(d),(d),5,756,5,(d),2,(d),569,218,"269,327","5,496,867",87,"50,843","1,486,067",11,"1,007","68,322",NA,NA
south dakota,aurora,392,15,52,78,90,62,95,"354,554",904,340,"2,400,283","2,654","116,741,000","297,809",339,"228,778",284,"204,840",NA,NA,"138,196,000","352,540","64,497,000","73,699,000",,95,13,10,40,28,25,181,325,"4,879,000",302,"8,561,000","130,764,000","333,581",392,"20,872,000","53,244",194,"57,078",172,(d),2,(d),196,"39,354",9,"21,264",9,"61,014",19,"3,749",17,(d),2,(d),179,"74,521","9,880,562",32,"4,828","41,581",21,"6,528","393,999",21,(d),(d),1,(d),(d),15,782,"54,530",12,600,"6,635",172,"74,807","3,362,876",NA,NA,NA,219,"37,114","67,256",6,"2,230","5,252,488",NA,NA,NA,NA,NA,NA,NA,NA,NA,392,NA,NA,NA,2,(d),(d),19,"3,136","236,250",NA,NA
south dakota,beadle,744,29,124,151,118,95,227,"810,623","1,090",310,"2,934,337","2,693","246,835,000","331,767",652,"548,456",562,"497,788",71,"20,121","295,269,000","396,867","167,053,000","128,216,000",,199,23,38,57,42,53,332,548,"12,672,000",497,"19,060,000","247,598,000","332,793",744,"79,404,000","106,725",400,"96,986",368,(d),4,(d),347,"72,532",13,"69,901",7,"195,090",23,939,52,846,4,(d),329,"195,099","27,090,300",112,"16,492","203,628",69,"13,909","697,722",38,"8,120","423,097",NA,NA,NA,2,(d),(d),8,444,"8,320",359,"205,280","8,721,592",NA,NA,NA,401,"63,958","109,551",6,"1,325","2,417,405",NA,NA,NA,7,75,3,(d),5,5,744,NA,NA,NA,40,"5,789","274,625",9,685,"49,855",2,(d)
south dakota,bennett,213,NA,12,22,14,26,139,"636,917","2,990","1,760","2,846,734",952,"53,495,000","251,150",177,"214,299",164,"175,530",33,"8,516","65,933,000","309,545","26,736,000","39,197,000",,24,6,9,13,20,21,120,153,"3,641,000",101,"5,641,000","47,487,000","222,943",213,"27,729,000","130,181",142,"63,562",136,"31,582",6,8,139,"36,714",2,(d),2,(d),2,(d),2,(d),NA,NA,58,"37,746","3,117,758",20,"1,310","15,109",35,"24,698","957,709",32,"18,930","742,281",NA,NA,NA,12,"2,296","119,638",4,400,"9,500",14,"15,026","423,568",1,(d),(d),145,"66,852","90,626",23,"16,514","23,859,940",NA,NA,NA,NA,NA,NA,NA,1,(d),213,NA,NA,NA,19,"5,768","215,428",13,"3,015","200,334",NA,NA
south dakota,bon homme,583,23,105,120,134,111,90,"304,914",523,270,"2,083,627","3,984","159,775,000","274,056",527,"228,354",443,"206,886",36,"8,608","152,852,000","262,182","77,984,000","74,868,000",,132,28,20,43,57,64,239,505,"6,300,000",383,"8,086,000","124,239,000","213,103",583,"42,999,000","73,755",285,"51,634",254,(d),1,(d),279,"47,474",16,"26,962",16,"53,029",17,"1,900",25,619,NA,NA,323,"83,741","11,164,510",73,"6,559","80,728",42,"2,746","154,344",40,(d),(d),NA,NA,NA,1,(d),(d),3,91,"1,588",333,"87,674","4,093,108",NA,NA,NA,344,"25,136","80,759",NA,NA,NA,NA,NA,NA,1,(d),NA,NA,2,(d),583,NA,NA,NA,2,(d),(d),13,708,"48,269",NA,NA
south dakota,brookings,886,46,229,220,165,99,127,"459,501",519,152,"2,386,912","4,602","219,955,000","248,257",747,"345,429",605,"286,523",78,"20,527","316,332,000","357,033","126,076,000","190,256,000",,290,46,60,65,63,61,301,527,"6,331,000",566,"22,041,000","278,767,000","314,635",886,"65,937,000","74,421",334,"87,936",264,"19,353",34,"18,551",299,"58,366",14,"73,820",15,"178,910",76,"7,131",40,417,2,(d),342,"116,563","21,509,439",92,"13,369","251,165",28,"4,229","274,085",5,(d),(d),NA,NA,NA,NA,NA,NA,NA,NA,NA,319,"116,221","5,817,478",NA,NA,NA,400,"34,692","106,930",1,(d),(d),NA,NA,NA,5,32,1,(d),6,8,886,1,(d),(d),26,"3,945","257,000",32,"1,341","107,302",NA,NA
south dakota,brown,"1,034",54,197,239,162,99,283,"1,083,014","1,047",210,"3,521,412","3,362","372,886,000","360,625",917,"884,554",677,"771,781",16,"4,443","377,443,000","365,032","293,761,000","83,682,000",,376,37,56,55,61,61,388,650,"11,893,000",706,"32,536,000","331,917,000","321,002","1,034","89,956,000","86,998",308,"60,352",279,"28,206",11,"2,587",299,"49,290",13,(d),14,"82,206",49,"2,309",68,"1,697",2,(d),432,"319,973","49,433,618",49,"8,372","103,277",63,"13,635","629,173",5,311,"9,100",1,(d),(d),1,(d),(d),1,(d),(d),468,"381,167","15,471,367",10,"2,157","31,374",359,"43,171","75,566",3,476,"852,000",NA,NA,NA,3,(d),NA,NA,7,6,"1,034",NA,NA,NA,59,"13,324","620,073",14,"2,035","149,512",NA,NA
south dakota,brule,394,11,57,55,83,39,149,"517,536","1,314",417,"3,386,122","2,578","123,264,000","312,852",342,"277,869",290,"228,639",9,"5,405","153,565,000","389,760","49,970,000","103,595,000",,90,19,25,13,29,48,170,304,"5,948,000",288,"14,995,000","130,086,000","330,168",394,"44,421,000","112,745",224,"95,797",213,(d),6,(d),213,"71,390",9,"20,540",9,"51,809",19,993,15,795,NA,NA,142,"54,457","5,116,005",68,"18,776","158,612",52,"22,672","1,132,074",48,"19,322","974,295",NA,NA,NA,12,"2,416","207,315",22,"2,547","22,457",156,"76,834","2,985,851",NA,NA,NA,235,"47,970","82,430",4,466,"507,453",NA,NA,NA,NA,NA,NA,NA,NA,NA,394,NA,NA,NA,8,"3,350","157,779",9,"1,512","104,380",NA,NA
south dakota,buffalo,68,NA,10,6,7,1,44,"299,891","4,410","2,585","6,815,539","1,545","34,189,000","502,785",58,"85,435",51,"74,195",12,"9,330","39,513,000","581,067","16,679,000","22,833,000",,7,6,7,4,2,3,39,54,"2,436,000",42,"3,307,000","37,081,000","545,302",68,"8,175,000","120,214",44,"32,984",44,"14,923",NA,NA,42,"17,578",NA,NA,NA,NA,4,260,3,90,NA,NA,29,"21,923","2,568,764",15,"5,444","40,830",5,"1,662","57,800",4,(d),(d),NA,NA,NA,5,"1,542","109,791",2,(d),(d),29,"19,531","584,537",NA,NA,NA,41,"19,135","25,260",13,"4,148","7,717,489",NA,NA,NA,NA,NA,NA,NA,NA,NA,68,NA,NA,NA,1,(d),(d),NA,NA,NA,NA,NA
south dakota,butte,565,16,84,139,102,52,172,"1,155,068","2,044",310,"1,959,536",959,"72,086,000","127,586",408,"150,243",356,"81,073",279,"46,730","67,976,000","120,312","8,473,000","59,503,000",,115,41,51,62,57,78,161,296,"5,104,000",314,"4,919,000","60,299,000","106,723",565,"17,701,000","31,329",311,"72,287",287,"38,738",8,34,299,"49,272",2,(d),1,(d),96,"35,144",51,844,2,(d),11,899,"131,008",19,"2,072","22,678",13,"3,053","99,357",5,(d),(d),1,(d),(d),3,237,"10,904",7,368,"3,288",6,(d),"24,869",NA,NA,NA,337,"73,580","118,586",NA,NA,NA,NA,NA,NA,5,18,4,1,10,31,565,NA,NA,NA,8,(d),(d),5,147,"10,600",NA,NA
south dakota,campbell,249,7,11,46,27,38,120,"433,761","1,742",960,"3,190,052","1,831","84,624,000","339,855",204,"250,820",159,"206,637",13,"4,640","96,197,000","386,333","55,364,000","40,833,000",,74,NA,5,14,15,21,120,217,"3,925,000",194,"6,859,000","84,417,000","339,026",249,"22,563,000","90,616",110,"38,587",103,"18,938",NA,NA,103,"25,757",1,(d),1,(d),2,(d),1,(d),NA,NA,111,"62,002","7,895,300",34,"3,629","38,184",61,"28,449","697,883",5,"1,101","32,129",NA,NA,NA,NA,NA,NA,NA,NA,NA,102,"71,766","2,393,841",NA,NA,NA,120,"28,625","48,715",21,"11,309","21,996,840",NA,NA,NA,NA,NA,NA,NA,1,(d),249,NA,NA,NA,60,"27,348","665,754",11,855,"31,838",NA,NA
south dakota,charles mix,671,12,74,129,136,102,218,"685,988","1,022",465,"2,850,723","2,788","235,060,000","350,312",598,"451,000",509,"397,907",39,"13,380","262,114,000","390,633","119,962,000","142,153,000",,130,14,18,55,45,64,345,594,"9,733,000",484,"14,528,000","228,907,000","341,143",671,"57,468,000","85,645",336,"115,465",302,"45,920",10,906,322,"69,552",16,"96,226",21,"514,283",41,"7,878",37,800,4,(d),331,"118,035","14,552,060",105,"17,224","159,447",131,"44,489","2,608,927",128,"42,182","2,550,215",4,160,"4,800",18,"6,472","361,529",5,617,"14,860",368,"147,560","6,586,828",NA,NA,NA,356,"58,084","155,434",7,"2,897","5,593,325",NA,NA,NA,7,(d),2,(d),NA,NA,671,NA,NA,NA,11,"2,307","58,712",17,"1,567","116,473",NA,NA
south dakota,clark,553,2,57,119,91,101,183,"602,011","1,089",520,"3,428,717","3,150","160,661,000","290,526",511,"444,844",408,"400,622",44,"17,607","267,581,000","483,871","148,899,000","118,681,000",,144,16,13,32,31,50,267,455,"7,415,000",434,"16,608,000","228,066,000","412,416",553,"63,538,000","114,896",236,"67,264",219,(d),5,(d),231,"53,406",12,"84,339",11,"599,320",20,"2,071",16,"1,228",1,(d),273,"158,712","24,013,022",64,"5,496","70,661",84,"21,279","1,211,855",14,"3,738","243,145",NA,NA,NA,1,(d),(d),NA,NA,NA,277,"179,895","7,905,336",NA,NA,NA,248,"31,592","76,191",4,"1,040","2,600,000",NA,NA,NA,3,(d),2,(d),NA,NA,553,NA,NA,NA,82,"17,541","968,710",10,832,"64,823",NA,NA
south dakota,clay,472,30,94,103,83,83,79,"238,940",506,205,"2,380,474","4,702","141,513,000","299,816",430,"221,206",348,"204,924",89,"28,116","113,093,000","239,604","99,657,000","13,437,000",,138,12,12,20,39,40,211,384,"4,754,000",304,"7,957,000","86,211,000","182,651",472,"39,593,000","83,884",103,"14,338",93,(d),1,(d),97,"8,426",17,"11,021",18,"41,417",26,"1,602",31,573,4,230,271,"93,558","16,698,229",30,"1,378","22,427",6,415,"20,529",4,337,"18,802",NA,NA,NA,1,(d),(d),10,336,"5,040",249,"96,904","5,015,609",NA,NA,NA,145,"12,129","44,897",NA,NA,NA,NA,NA,NA,8,9,2,(d),4,(d),472,NA,NA,NA,3,78,"1,727",4,177,"14,728",1,(d)
south dakota,codington,601,34,173,128,100,48,118,"383,166",638,152,"2,210,441","3,467","130,984,000","217,944",481,"268,043",410,"230,280",24,"8,226","155,878,000","259,365","88,966,000","66,912,000",,202,24,44,56,43,59,173,352,"7,928,000",362,"8,723,000","122,112,000","203,181",601,"50,417,000","83,889",220,"47,560",185,"16,731",11,"3,520",202,"29,542",5,(d),8,"42,267",22,(d),31,643,NA,NA,198,"75,042","12,799,417",62,"9,376","163,715",104,"21,082","1,204,601",19,"2,182","128,844",NA,NA,NA,NA,NA,NA,NA,NA,NA,206,"91,395","4,156,592",NA,NA,NA,291,"29,144","76,530",NA,NA,NA,NA,NA,NA,4,8,NA,NA,1,(d),601,NA,NA,NA,95,"18,900","1,075,757",32,"1,765","177,226",NA,NA
south dakota,corson,322,5,14,25,21,40,217,"1,287,507","3,998","2,270","3,675,545",919,"104,693,000","325,133",266,"398,555",231,"292,697",1,(d),"116,952,000","363,206","33,492,000","83,460,000",,33,9,9,18,14,49,190,258,"6,905,000",213,"7,301,000","108,368,000","336,547",322,"22,790,000","70,777",248,"111,546",240,(d),2,(d),238,"70,603",1,(d),1,(d),5,(d),23,603,NA,NA,69,"37,229","2,909,141",37,"7,076","47,326",70,"58,532","1,406,453",22,"11,519","371,008",2,(d),(d),NA,NA,NA,4,808,"1,975",19,"9,984","176,923",NA,NA,NA,212,"124,094","142,854",51,"45,946","71,295,436",NA,NA,NA,NA,NA,NA,NA,NA,NA,322,3,"1,500","27,000",68,"45,513","1,008,445",16,"2,645","81,167",NA,NA
south dakota,custer,441,17,91,119,69,46,99,"611,805","1,387",160,"2,213,944","1,596","38,085,000","86,361",271,"49,435",239,"34,331",31,"3,872","26,632,000","60,391","1,955,000","24,678,000",,157,51,33,43,35,54,68,167,"1,641,000",165,"2,084,000","23,202,000","52,611",441,"7,155,000","16,225",248,"28,656",231,"20,344",9,20,218,"20,746",3,3,6,78,7,101,58,839,NA,NA,14,"2,188","68,940",1,(d),(d),6,704,"20,522",5,(d),(d),NA,NA,NA,3,198,"9,096",NA,NA,NA,NA,NA,NA,NA,NA,NA,227,"30,597","30,294",3,590,"545,652",NA,NA,NA,1,(d),NA,NA,NA,NA,441,NA,NA,NA,1,(d),(d),NA,NA,NA,NA,NA
south dakota,davison,463,18,124,106,92,46,77,"270,256",584,160,"1,983,497","3,398","103,768,000","224,120",377,"212,393",337,"192,356",15,"2,709","107,665,000","232,539","66,080,000","41,585,000",,139,50,24,37,42,35,136,279,"4,987,000",259,"7,282,000","83,177,000","179,647",463,"36,757,000","79,390",181,"24,399",163,"12,202",11,"1,350",188,"14,337",11,"28,236",13,"237,241",24,"1,025",36,787,2,(d),163,"74,095","9,590,577",31,"5,050","51,642",34,"6,496","401,732",31,"5,982","378,632",NA,NA,NA,3,230,"11,900",2,(d),(d),165,"81,180","3,589,945",NA,NA,NA,260,"24,608","51,693",1,(d),(d),NA,NA,NA,2,(d),1,(d),1,(d),463,NA,NA,NA,7,514,"23,100",13,429,"31,968",NA,NA
south dakota,day,581,16,65,153,112,66,169,"610,611","1,051",329,"2,779,344","2,645","160,001,000","275,390",504,"456,455",366,"392,578",10,"1,301","183,980,000","316,661","152,480,000","31,500,000",,197,13,41,51,28,34,217,461,"13,431,000",415,"12,335,000","151,565,000","260,869",581,"58,181,000","100,139",192,"38,702",180,"17,390",15,"1,932",194,"21,920",3,6,3,60,12,501,20,483,NA,NA,225,"147,852","24,267,969",46,"3,577","54,504",111,"26,576","1,225,206",8,"1,238","58,261",NA,NA,NA,NA,NA,NA,NA,NA,NA,249,"184,075","7,620,195",1,(d),(d),241,"26,466","59,330",3,"1,687","3,927,958",NA,NA,NA,3,5,3,1,1,(d),581,NA,NA,NA,109,"25,338","1,166,945",22,"1,105","66,978",1,(d)
south dakota,deuel,634,39,118,152,130,79,116,"335,322",529,195,"1,823,780","3,448","131,264,000","207,041",546,"223,776",391,"190,336",11,527,"184,909,000","291,654","70,035,000","114,874,000",,234,12,23,62,29,49,225,468,"4,029,000",475,"17,160,000","157,590,000","248,565",634,"48,508,000","76,511",262,"65,537",224,"20,218",16,"7,624",254,"45,287",11,"54,216",10,"213,382",36,"2,990",35,(d),1,(d),242,"64,421","10,459,201",63,"10,437","180,695",58,"7,824","506,876",3,370,(d),NA,NA,NA,1,(d),(d),NA,NA,NA,225,"77,471","3,314,265",NA,NA,NA,267,"26,921","91,757",NA,NA,NA,NA,NA,NA,6,16,4,(z),4,13,634,NA,NA,NA,56,"7,454",(d),36,"2,797","298,333",NA,NA
south dakota,dewey,310,22,16,25,30,27,190,"1,136,564","3,666","1,700","3,555,413",970,"80,483,000","259,622",209,"195,586",188,"129,016",1,(d),"58,712,000","189,394","13,658,000","45,054,000",,39,4,10,30,24,34,169,258,"5,510,000",193,"11,923,000","51,130,000","164,934",310,"25,015,000","80,694",232,"64,394",230,(d),2,(d),229,"45,689",1,(d),2,(d),9,800,13,261,1,(d),48,"18,482","1,334,160",18,"2,820","21,126",32,"15,903","396,528",10,"4,199","158,454",2,(d),(d),8,"1,232","59,228",4,110,"1,849",5,"2,508","77,434",NA,NA,NA,179,"72,693","79,275",30,"12,026","23,233,500",NA,NA,NA,NA,NA,NA,NA,NA,NA,310,NA,NA,NA,32,"11,704","238,074",10,"1,728","81,004",NA,NA
south dakota,douglas,392,21,64,73,64,81,89,"274,755",701,355,"2,607,726","3,721","128,328,000","327,367",336,"214,714",293,"190,476",15,"1,789","144,630,000","368,954","64,277,000","80,353,000",,60,2,21,28,31,44,206,299,"4,604,000",321,"7,829,000","124,761,000","318,268",392,"32,302,000","82,404",198,"44,353",169,"15,449",8,310,192,"36,730",21,"62,802",21,"452,470",31,"3,503",16,(d),2,(d),222,"77,028","9,667,668",46,"3,778","57,189",38,"4,894","311,638",37,(d),(d),NA,NA,NA,5,550,"72,785",3,119,"2,520",218,"81,353","3,277,116",NA,NA,NA,211,"21,022","53,835",1,(d),(d),NA,NA,NA,NA,NA,NA,NA,NA,NA,392,NA,NA,NA,1,(d),(d),13,"1,589","147,703",NA,NA
south dakota,edmunds,348,6,21,61,35,40,185,"739,006","2,124","1,078","5,223,055","2,460","191,820,000","551,208",325,"569,487",278,"514,439",5,"5,792","237,694,000","683,029","153,630,000","84,064,000",,58,13,13,17,15,27,205,290,"6,569,000",241,"12,137,000","214,895,000","617,513",348,"41,506,000","119,270",145,"53,358",143,(d),2,(d),150,"47,438",9,"27,413",11,"85,522",6,597,8,208,1,(d),192,"172,578","20,987,419",46,"7,104","71,587",59,"42,152","1,239,111",6,"1,799","40,502",2,(d),(d),NA,NA,NA,1,(d),(d),203,"251,359","8,702,131",NA,NA,NA,162,"35,860","54,834",5,"3,300","5,274,168",NA,NA,NA,NA,NA,NA,NA,NA,NA,348,NA,NA,NA,58,"40,353","1,198,609",6,646,"41,912",NA,NA
south dakota,fall river,314,12,32,66,41,20,143,"898,071","2,860",711,"2,048,121",716,"35,559,000","113,245",185,"68,739",162,"47,226",45,"9,273","87,087,000","277,347","3,250,000","83,837,000",,87,19,15,27,34,37,95,156,"2,368,000",148,"2,350,000","74,659,000","237,767",314,"17,147,000","54,608",207,"61,856",193,"49,386",4,6,189,"72,514",12,59,6,53,33,"1,882",50,"1,298",3,78,16,"1,919","270,569",1,(d),(d),7,"2,722","71,816",7,"2,722","71,816",NA,NA,NA,1,(d),(d),2,(d),(d),NA,NA,NA,NA,NA,NA,148,"40,110","67,128",6,888,"990,000",NA,NA,NA,4,9,2,(d),3,(d),314,NA,NA,NA,NA,NA,NA,4,183,"7,000",NA,NA
south dakota,faulk,291,2,19,38,43,25,164,"627,164","2,155","1,390","5,489,770","2,547","122,571,000","421,205",252,"408,359",228,"364,999",5,(d),"163,954,000","563,417","108,093,000","55,861,000",,30,15,7,11,24,23,181,241,"12,360,000",211,"10,829,000","142,401,000","489,351",291,"44,742,000","153,754",148,"49,823",144,(d),3,(d),148,"34,458",3,"63,332",4,"132,156",7,732,4,114,NA,NA,173,"121,429","14,942,387",43,"4,585","58,838",66,"28,400","797,816",15,"2,484","94,268",NA,NA,NA,4,648,(d),1,(d),(d),180,"166,167","6,265,496",NA,NA,NA,155,"38,398","53,938",14,"4,280","9,751,942",NA,NA,NA,3,(d),1,(d),1,(d),291,NA,NA,NA,63,"25,916","703,548",4,483,"34,817",NA,NA
south dakota,grant,554,23,113,122,85,66,145,"425,627",768,242,"2,864,773","3,729","186,530,000","336,697",483,"307,747",397,"283,987",17,"5,218","235,442,000","424,986","118,509,000","116,933,000",,132,24,25,46,36,60,231,386,"4,192,000",382,"8,927,000","198,630,000","358,539",554,"49,931,000","90,128",240,"70,998",208,"18,718",15,"17,697",223,"44,983",8,"1,380",8,(d),20,889,35,651,6,201,235,"103,363","18,343,053",48,"14,024","295,442",95,"14,704","893,901",8,"1,598","94,330",NA,NA,NA,NA,NA,NA,NA,NA,NA,254,"109,149","4,770,994",2,(d),(d),248,"39,269","132,029",2,(d),(d),NA,NA,NA,2,(d),1,(d),2,(d),554,5,502,"17,042",86,"12,604","782,529",8,714,"86,574",NA,NA
south dakota,gregory,495,1,44,91,119,86,154,"562,085","1,136",480,"2,134,179","1,879","103,143,000","208,369",435,"226,113",396,"191,649",4,297,"93,063,000","188,005","42,683,000","50,379,000",,66,26,36,44,58,94,171,399,"4,617,000",345,"6,757,000","75,253,000","152,026",495,"29,183,000","58,956",308,"83,935",299,"38,647",17,534,303,"40,218",2,(d),2,(d),9,361,8,113,NA,NA,189,"47,093","5,215,503",32,"4,860","41,806",52,"13,828","730,308",50,"13,304","713,708",NA,NA,NA,8,329,"16,740",7,446,"5,372",151,"48,608","2,075,352",NA,NA,NA,358,"73,400","129,800",3,(d),"1,219,617",NA,NA,NA,2,(d),NA,NA,3,9,495,NA,NA,NA,6,524,"16,600",19,"2,320","145,879",NA,NA
south dakota,haakon,293,10,14,32,29,11,197,"1,157,670","3,951","2,033","3,646,592",923,"75,497,000","257,669",239,"323,940",189,"190,737",2,(d),"77,337,000","263,948","25,569,000","51,768,000",,34,4,12,24,23,33,163,246,"7,822,000",197,"8,446,000","66,912,000","228,367",293,"26,694,000","91,105",215,"90,937",210,"48,747",13,22,218,"49,826",8,35,9,22,8,"1,850",20,212,2,(d),41,"34,876","1,797,413",18,"4,590","24,265",56,"45,923","1,472,577",44,"31,369","1,121,228",3,996,"94,620",21,"8,470","422,792",13,"2,140","8,420",5,"8,094","336,194",3,"1,593","33,453",174,"58,218","67,754",31,"18,062","25,767,639",NA,NA,NA,NA,NA,NA,NA,NA,NA,293,NA,NA,NA,29,"14,554","351,349",6,"1,389","41,596",NA,NA
south dakota,hamlin,476,26,106,117,67,74,86,"310,025",651,167,"2,557,064","3,926","144,998,000","304,618",419,"249,634",333,"221,708",24,"9,015","179,768,000","377,664","97,218,000","82,550,000",,140,31,32,31,31,22,189,330,"3,100,000",330,"10,328,000","151,888,000","319,093",476,"41,308,000","86,782",195,"50,007",149,"11,475",23,"8,471",187,"27,196",14,"15,841",7,(d),23,"1,510",41,751,2,(d),212,"93,529","16,899,798",57,"8,797","146,262",28,"5,679","439,889",5,509,"41,345",NA,NA,NA,5,640,"46,720",NA,NA,NA,230,"95,265","4,439,180",NA,NA,NA,184,"13,210","39,417",2,(d),(d),NA,NA,NA,NA,NA,NA,NA,NA,NA,476,NA,NA,NA,25,"5,170","398,544",21,"2,016","209,743",NA,NA
south dakota,hand,405,8,44,66,51,33,203,"895,347","2,211","1,000","4,545,489","2,056","184,854,000","456,429",363,"578,039",307,"521,841",11,"2,605","224,455,000","554,210","142,419,000","82,036,000",,89,10,21,19,11,32,223,338,"12,357,000",281,"18,537,000","210,119,000","518,813",405,"45,229,000","111,678",203,"101,899",191,(d),3,(d),203,"59,466",3,(d),3,(d),13,"1,555",13,218,NA,NA,202,"149,949","17,594,118",75,"15,274","172,262",44,"12,722","452,217",20,"2,494","119,095",1,(d),(d),11,"3,574","196,834",9,973,"5,598",208,"243,929","8,310,058",NA,NA,NA,226,"78,015","98,558",29,"16,658","33,599,924",NA,NA,NA,NA,NA,NA,NA,NA,NA,405,NA,NA,NA,39,"10,228","333,122",4,(d),(d),NA,NA
south dakota,hanson,333,13,48,53,68,62,89,"270,935",814,400,"3,516,095","4,322","123,418,000","370,625",303,"225,992",249,"210,853",7,"5,076","132,793,000","398,778","82,082,000","50,711,000",,79,13,10,21,22,20,168,254,"5,966,000",223,"6,389,000","108,876,000","326,954",333,"36,273,000","108,927",148,"29,462",135,"13,108",9,723,141,"20,606",10,"42,453",11,"79,756",15,728,17,633,2,(d),187,"92,874","14,188,421",24,"2,446","31,995",19,"3,579","212,259",18,(d),(d),NA,NA,NA,4,25,"2,300",3,135,900,201,"100,077","4,454,132",NA,NA,NA,152,"11,114","27,190",NA,NA,NA,NA,NA,NA,NA,NA,NA,NA,NA,NA,333,NA,NA,NA,1,(d),(d),5,403,"30,855",NA,NA
south dakota,harding,265,8,9,5,20,12,211,"1,467,765","5,539","2,700","3,683,948",665,"60,566,000","228,551",174,"184,604",140,"96,615",15,"1,107","63,368,000","239,125","7,584,000","55,784,000",,33,3,8,18,16,40,147,178,"6,699,000",173,"5,424,000","55,315,000","208,735",265,"20,176,000","76,134",223,"73,242",207,"49,265",17,43,213,"50,015",NA,NA,NA,NA,47,"23,922",16,354,NA,NA,14,"4,649","259,798",8,690,"3,619",20,"21,328","570,504",4,(d),(d),5,896,"24,084",NA,NA,NA,NA,NA,NA,NA,NA,NA,NA,NA,NA,137,"58,474","42,011",6,"2,272","2,486,400",NA,NA,NA,NA,NA,NA,NA,NA,NA,265,1,(d),(d),17,"19,693","525,583",4,260,"5,805",NA,NA
south dakota,hughes,315,15,58,61,41,21,119,"435,033","1,381",341,"2,611,187","1,891","83,676,000","265,639",236,"262,987",198,"184,497",27,"11,468","70,275,000","223,095","43,540,000","26,735,000",,98,7,21,24,17,20,128,200,"6,354,000",154,"10,173,000","71,682,000","227,563",315,"15,120,000","47,999",116,"23,654",109,"13,879",NA,NA,105,"16,947",5,(d),5,(d),5,"1,220",25,420,NA,NA,81,"35,453","3,749,803",16,"2,849","15,002",63,"33,587","929,615",46,"16,367","519,001",NA,NA,NA,27,"6,477","442,670",10,"1,374","17,353",63,"25,252","835,663",NA,NA,NA,134,"27,246","37,174",63,"43,288","78,797,977",NA,NA,NA,4,50,2,(d),2,(d),315,NA,NA,NA,54,"17,220","410,614",4,330,"12,669",2,(d)
south dakota,hutchinson,775,44,117,193,154,120,147,"455,628",588,237,"2,642,567","4,495","235,983,000","304,494",700,"363,750",565,"327,021",35,"7,344","270,014,000","348,405","131,153,000","138,861,000",,192,21,31,40,62,79,350,639,"9,766,000",569,"14,830,000","225,483,000","290,946",775,"69,127,000","89,196",344,"84,099",297,"30,221",22,"2,310",325,"59,740",36,"145,125",38,"383,316",54,"3,767",31,"1,658",9,(d),408,"141,570","21,649,407",116,"11,239","185,947",32,"2,489","161,909",30,(d),(d),NA,NA,NA,1,(d),(d),3,99,"1,660",425,"144,480","6,567,181",NA,NA,NA,349,"26,410","92,108",NA,NA,NA,NA,NA,NA,4,16,1,(d),2,(d),775,NA,NA,NA,2,(d),(d),19,685,"75,039",NA,NA
south dakota,hyde,174,2,10,30,12,28,92,"505,694","2,906","1,200","4,438,942","1,527","61,085,000","351,062",146,"219,914",134,"171,676",2,(d),"64,899,000","372,984","38,003,000","26,896,000",,37,2,3,8,18,19,87,132,"4,401,000",109,"4,085,000","58,767,000","337,743",174,"14,618,000","84,012",97,"43,124",91,"21,616",4,12,94,"24,915",2,(d),2,(d),9,925,11,175,NA,NA,63,"35,461","3,770,613",21,"9,160","86,032",24,"14,357","500,476",14,"3,350","150,161",NA,NA,NA,16,"5,255","306,532",6,721,"5,301",43,"28,759","907,787",NA,NA,NA,99,"36,116","36,490",49,"34,913","61,941,116",NA,NA,NA,NA,NA,NA,NA,NA,NA,174,NA,NA,NA,23,"11,007","350,315",9,"1,887","76,988",NA,NA
south dakota,jackson,314,9,6,28,27,37,207,"1,166,244","3,714","1,882","3,248,165",875,"51,793,000","164,945",233,"185,533",207,"114,233",5,274,"52,439,000","167,002","7,581,000","44,858,000",,35,4,10,31,32,30,172,211,"4,724,000",168,"3,631,000","42,948,000","136,776",314,"17,846,000","56,834",263,"66,396",251,"42,937",18,25,254,"47,453",6,10,4,14,4,56,20,442,NA,NA,25,"9,895","528,028",6,"1,690","14,905",33,"22,733","661,690",29,"16,298","533,706",NA,NA,NA,2,(d),(d),3,"2,160","10,800",7,"1,548",(d),NA,NA,NA,196,"68,420","48,133",13,"5,368","4,881,644",NA,NA,NA,1,(d),1,(d),NA,NA,314,NA,NA,NA,12,"6,435","127,984",1,(d),(d),NA,NA
south dakota,jerauld,244,4,28,41,50,53,68,"341,627","1,400",478,"3,348,353","2,391","92,312,000","378,327",210,"219,801",164,"195,650",10,"3,022","112,543,000","461,244","50,832,000","61,711,000",,47,11,7,22,29,22,106,196,"3,271,000",175,"6,594,000","111,497,000","456,955",244,"10,912,000","44,719",132,"46,926",115,"17,927",NA,NA,128,"41,068",3,(d),3,(d),12,"3,264",6,249,NA,NA,81,"60,280","6,583,442",32,"8,861","59,947",20,"7,577","267,680",16,"5,772","223,731",NA,NA,NA,8,673,"37,443",11,"1,040","10,600",102,"81,445","2,861,938",NA,NA,NA,120,"27,160","38,964",5,"5,734","9,629,900",NA,NA,NA,1,(d),NA,NA,NA,NA,244,NA,NA,NA,9,"1,805","43,949",2,(d),(d),NA,NA
south dakota,jones,192,3,6,26,24,17,116,"618,468","3,221","1,850","3,680,881","1,143","62,099,000","323,434",166,"233,783",143,"178,612",1,(d),"57,891,000","301,516","32,162,000","25,729,000",,31,5,15,12,16,17,96,160,"3,245,000",126,"2,954,000","49,322,000","256,884",192,"14,768,000","76,917",99,"44,486",99,"26,363",4,8,104,"25,342",NA,NA,NA,NA,NA,NA,7,133,NA,NA,38,"30,790","3,085,982",5,528,"4,080",44,"36,587","1,064,914",35,"22,235","707,369",5,"2,200","100,000",36,"24,107","1,566,689",NA,NA,NA,11,"1,783","46,492",NA,NA,NA,121,"50,611","53,700",43,"28,394","47,585,721",NA,NA,NA,NA,NA,NA,NA,NA,NA,192,NA,NA,NA,31,"14,352","357,545",11,"1,981","107,859",NA,NA
south dakota,kingsbury,518,10,69,102,82,90,165,"535,987","1,035",480,"3,941,833","3,810","190,393,000","367,554",479,"391,197",440,"356,452",17,"2,621","257,855,000","497,789","144,503,000","113,352,000",,71,14,33,37,34,31,298,365,"3,492,000",381,"7,271,000","196,661,000","379,654",518,"71,957,000","138,913",222,"78,501",195,"24,397",4,"1,085",211,"75,518",2,(d),5,"18,006",52,"9,739",29,(d),6,270,339,"146,876","24,467,633",62,"7,114","113,249",47,"11,064","631,542",21,"5,215","369,823",NA,NA,NA,NA,NA,NA,2,(d),(d),345,"158,404","6,993,505",NA,NA,NA,238,"28,878","83,922",2,(d),(d),NA,NA,NA,6,5,2,(d),NA,NA,518,NA,NA,NA,38,"5,849","261,719",32,"2,575","201,841",2,(d)
south dakota,lake,463,24,100,103,88,58,90,"272,529",589,180,"3,014,550","5,121","138,593,000","299,337",408,"225,644",344,"203,422",13,"8,181","161,876,000","349,624","99,465,000","62,411,000",,115,36,21,27,25,50,189,353,"2,755,000",318,"6,423,000","132,095,000","285,303",463,"38,958,000","84,143",166,"30,914",151,"10,176",4,"1,414",155,"21,825",15,"55,061",16,"164,070",19,"2,294",15,"1,193",2,(d),242,"95,888","17,270,695",47,"4,427","80,114",12,892,"62,646",3,380,"32,300",NA,NA,NA,NA,NA,NA,NA,NA,NA,247,"88,906","4,675,130",NA,NA,NA,162,"11,471","34,346",NA,NA,NA,NA,NA,NA,2,(d),1,(d),3,(d),463,NA,NA,NA,9,512,"30,346",21,"1,187","106,300",NA,NA
south dakota,lawrence,275,19,64,102,38,12,40,"165,012",600,84,"1,073,421","1,789","28,439,000","103,416",211,"33,608",189,"23,023",53,"4,443","13,083,000","47,575","1,936,000","11,147,000",,106,37,25,23,25,20,39,51,"452,000",157,"1,574,000","12,198,000","44,356",275,"2,911,000","10,586",107,"16,608",99,"9,206",NA,NA,108,"9,046",NA,NA,2,(d),NA,NA,21,485,NA,NA,6,540,"9,000",1,(d),(d),2,(d),(d),NA,NA,NA,1,(d),(d),NA,NA,NA,NA,NA,NA,NA,NA,NA,NA,NA,NA,183,"22,349","31,426",NA,NA,NA,NA,NA,NA,6,21,1,(d),13,10,275,NA,NA,NA,2,(d),(d),1,(d),(d),NA,NA
south dakota,lincoln,756,70,203,167,141,84,91,"294,694",390,140,"2,692,014","6,906","143,605,000","189,954",664,"267,866",575,"252,973",24,"2,123","204,790,000","270,887","122,460,000","82,330,000",,220,48,25,31,58,77,297,529,"6,210,000",469,"10,948,000","173,361,000","229,314",756,"48,587,000","64,269",199,"36,494",157,"4,955",9,"5,728",185,"29,568",22,"40,388",26,"114,459",25,"3,269",62,"1,803",1,(d),366,"118,690","20,101,014",53,"4,872","107,943",NA,NA,NA,NA,NA,NA,NA,NA,NA,2,(d),(d),6,300,"6,000",387,"120,091","6,019,133",NA,NA,NA,264,"8,325","25,754",NA,NA,NA,NA,NA,NA,16,42,2,(d),2,(d),756,NA,NA,NA,NA,NA,NA,8,274,"20,330",NA,NA
south dakota,lyman,414,2,19,76,72,65,180,"950,795","2,297",735,"3,792,074","1,651","124,497,000","300,717",376,"419,157",285,"284,093",6,(d),"97,042,000","234,401","54,336,000","42,706,000",,95,11,28,21,32,46,181,371,"12,929,000",274,"8,777,000","90,821,000","219,375",414,"27,927,000","67,457",184,"70,791",176,"37,948",4,14,187,"39,554",1,(d),1,(d),3,172,13,330,NA,NA,97,"42,088","3,890,414",17,"3,535","23,655",82,"65,618","2,120,812",70,"50,197","1,723,670",NA,NA,NA,86,"42,470","2,609,026",6,676,"3,686",39,"23,057","759,175",1,(d),(d),219,"64,845","85,027",66,"29,044","47,348,224",NA,NA,NA,1,(d),1,(d),NA,NA,414,NA,NA,NA,50,"15,421","397,142",4,777,"42,440",NA,NA
south dakota,marshall,503,13,51,121,112,70,136,"525,474","1,045",338,"2,939,925","2,814","161,684,000","321,438",448,"343,430",330,"278,897",9,716,"270,689,000","538,148","107,979,000","162,709,000",,168,17,12,46,22,38,200,409,"8,489,000",359,"11,717,000","228,599,000","454,471",503,"62,295,000","123,848",204,"92,515",186,(d),3,(d),194,"66,987",9,"51,558",10,"87,568",21,"1,882",17,(d),1,(d),181,"100,584","16,904,147",82,"11,688","183,660",34,"7,260","376,859",2,(d),(d),1,(d),(d),NA,NA,NA,NA,NA,NA,205,"124,285","5,271,706",NA,NA,NA,230,"32,427","82,082",2,(d),(d),NA,NA,NA,5,(d),NA,NA,NA,NA,503,NA,NA,NA,32,(d),(d),15,"1,112","89,280",NA,NA
south dakota,mccook,512,29,89,112,63,85,134,"367,087",717,312,"3,131,091","4,367","138,758,000","271,011",459,"294,253",359,"271,326",5,39,"195,940,000","382,695","122,696,000","73,244,000",,134,22,11,37,35,26,247,431,"5,726,000",384,"7,474,000","152,184,000","297,235",512,"56,956,000","111,242",221,"46,764",192,"16,035",11,"3,002",204,"32,065",23,"52,008",23,"201,873",25,"1,313",20,992,1,(d),262,"115,113","19,345,165",78,"8,134","130,157",6,556,"35,817",5,(d),(d),NA,NA,NA,1,(d),(d),2,(d),(d),271,"126,400","6,557,189",NA,NA,NA,218,"19,404","51,273",NA,NA,NA,NA,NA,NA,6,26,2,(d),1,(d),512,NA,NA,NA,1,(d),(d),15,"1,289","129,706",NA,NA
south dakota,mcpherson,382,9,10,52,83,56,172,"723,073","1,893",840,"4,077,571","2,154","138,691,000","363,067",350,"383,940",286,"286,770",11,"1,330","140,212,000","367,046","63,407,000","76,805,000",,81,1,18,19,34,52,177,326,"4,087,000",269,"10,931,000","115,627,000","302,687",382,"39,603,000","103,672",202,"83,092",201,(d),1,(d),200,"41,854",5,"60,966",7,"169,020",9,"6,462",12,"1,984",1,(d),132,"64,814","8,190,760",56,"10,912","126,049",66,"26,659","911,013",2,(d),(d),6,"1,250","62,164",3,"1,200","96,924",1,(d),(d),140,"91,452","2,982,036",NA,NA,NA,238,"79,074","120,166",19,"6,032","11,374,602",NA,NA,NA,NA,NA,NA,NA,3,9,382,NA,NA,NA,66,(d),(d),22,"2,764","112,728",NA,NA
south dakota,meade,835,49,117,153,75,71,370,"1,998,775","2,394",640,"2,277,231",951,"141,118,000","169,003",565,"394,758",460,"204,457",46,"5,298","99,167,000","118,763","11,324,000","87,844,000",,201,49,38,94,89,85,279,437,"11,199,000",448,"10,647,000","93,328,000","111,770",835,"27,685,000","33,156",534,"125,017",505,"79,459",16,40,509,"84,505",6,67,6,82,50,"9,399",92,"2,185",3,135,16,"2,762","159,387",19,"4,631","25,197",26,"23,754","668,572",20,"16,905","565,724",12,"1,385","28,913",7,"3,686","245,137",9,"1,485","6,168",NA,NA,NA,NA,NA,NA,451,"147,998","116,280",3,"7,299","5,177,000",NA,NA,NA,5,5,3,(d),2,(d),835,NA,NA,NA,14,"6,849","102,848",6,334,"11,911",NA,NA
south dakota,mellette,219,NA,3,28,23,23,142,"752,566","3,436","2,285","3,314,464",965,"47,348,000","216,199",164,"131,081",159,"111,439",8,665,"45,422,000","207,408","8,380,000","37,043,000",,26,NA,3,20,11,42,117,170,"2,321,000",144,"2,757,000","35,509,000","162,142",219,"14,991,000","68,454",182,"63,823",177,"37,423",14,18,179,"35,707",3,(d),1,(d),3,377,6,228,2,(d),10,"7,070","476,253",4,896,"5,739",17,"16,752","564,686",17,"11,499","387,058",NA,NA,NA,13,"2,585","111,130",NA,NA,NA,3,(d),(d),NA,NA,NA,158,"69,739","69,271",12,"4,116","4,704,400",NA,NA,NA,NA,NA,NA,NA,NA,NA,219,NA,NA,NA,6,"5,253","177,628",3,269,"9,023",NA,NA
south dakota,miner,408,15,50,93,103,41,106,"351,356",861,300,"3,042,444","3,533","97,522,000","239,023",365,"239,830",263,"205,109",2,(d),"126,057,000","308,964","71,351,000","54,706,000",,126,20,16,43,20,37,146,323,"6,404,000",287,"7,634,000","105,340,000","258,186",408,"34,756,000","85,185",172,"47,513",161,(d),4,(d),167,"34,570",8,"26,714",10,"56,258",16,"2,711",8,(d),NA,NA,168,"78,514","12,031,247",41,"3,905","53,872",28,"13,581","774,056",26,"12,410","704,220",NA,NA,NA,NA,NA,NA,2,(d),(d),160,"86,163","4,159,990",NA,NA,NA,178,"21,813","49,442",NA,NA,NA,NA,NA,NA,2,(d),NA,NA,2,(d),408,NA,NA,NA,8,"1,171","69,836",12,498,"41,898",NA,NA
south dakota,minnehaha,"1,023",101,330,214,151,110,117,"374,666",366,79,"2,362,080","6,449","237,885,000","232,537",860,"317,964",793,"301,993",46,"5,239","253,779,000","248,073","149,458,000","104,321,000",,294,63,78,87,71,79,351,573,"2,507,000",575,"12,459,000","226,928,000","221,826","1,023","41,817,000","40,877",344,"73,638",274,"20,798",17,"9,092",299,"40,804",41,"37,565",36,"105,405",42,"1,417",52,"1,190",NA,NA,430,"139,203","25,966,836",67,"6,494","115,552",6,213,"14,151",4,(d),(d),NA,NA,NA,1,(d),(d),NA,NA,NA,450,"130,050","6,880,909",NA,NA,NA,482,"25,144","80,627",NA,NA,NA,NA,NA,NA,16,39,6,4,26,85,"1,023",NA,NA,NA,2,(d),(d),9,351,"27,290",1,(d)
south dakota,moody,490,48,117,97,91,58,79,"265,024",541,160,"3,147,674","5,820","145,170,000","296,266",407,"223,522",314,"210,670",17,"3,286","216,079,000","440,977","103,345,000","112,733,000",,138,17,35,34,26,46,194,289,"3,759,000",354,"9,409,000","178,638,000","364,567",490,"50,608,000","103,282",185,"42,389",148,"14,369",8,"6,396",183,"40,269",15,"30,557",19,"157,692",30,"1,130",48,(d),11,550,223,"105,916","19,436,087",48,"3,590","74,596",1,(d),(d),NA,NA,NA,NA,NA,NA,NA,NA,NA,NA,NA,NA,208,"89,007","4,759,377",NA,NA,NA,180,"11,751","42,414",NA,NA,NA,NA,NA,NA,6,11,2,(d),1,(d),490,NA,NA,NA,1,(d),(d),4,136,"15,220",NA,NA
south dakota,oglala lakota,190,NA,7,34,34,11,104,"1,116,156","5,875","1,430","3,960,426",674,"27,991,000","147,320",94,"88,929",77,"64,815",2,(d),"38,746,000","203,927","7,753,000","30,993,000",,38,2,13,18,13,33,73,106,"3,643,000",90,"9,163,000","33,651,000","177,111",190,"17,901,000","94,215",124,"40,253",121,(d),1,(d),122,"32,584",1,(d),1,(d),1,(d),6,156,NA,NA,25,"15,528","1,207,702",5,570,"4,616",17,"12,974","518,936",16,(d),(d),NA,NA,NA,1,(d),(d),NA,NA,NA,NA,NA,NA,NA,NA,NA,73,"32,052","47,463",7,"2,770","3,616,023",NA,NA,NA,NA,NA,NA,NA,NA,NA,190,NA,NA,NA,3,(d),(d),7,226,"9,696",NA,NA
south dakota,pennington,656,34,125,163,104,44,186,"1,146,586","1,748",200,"1,849,403","1,058","82,768,000","126,171",417,"207,236",324,"124,052",86,"10,653","60,454,000","92,156","16,957,000","43,497,000",,221,51,42,94,37,67,144,280,"6,415,000",282,"7,316,000","59,679,000","90,975",656,"14,506,000","22,112",360,"56,057",325,"35,043",9,20,356,"40,584",9,104,8,197,12,590,78,"1,352",3,150,23,"11,350","590,453",6,"3,680","34,117",33,"33,292","1,074,405",31,"21,511","851,268",NA,NA,NA,3,417,(d),1,(d),(d),13,"5,309","23,945",NA,NA,NA,290,"52,988","70,120",4,"10,368","9,029,000",NA,NA,NA,16,13,2,(d),9,9,656,NA,NA,NA,13,"11,781","223,137",2,(d),(d),NA,NA
south dakota,perkins,421,8,17,40,49,33,274,"1,639,705","3,895","2,705","3,236,529",831,"98,069,000","232,943",343,"347,672",259,"177,102",NA,NA,"84,893,000","201,646","12,404,000","72,489,000",,70,22,25,29,38,22,215,336,"9,976,000",266,"7,486,000","78,142,000","185,612",421,"24,213,000","57,513",288,"112,752",286,"63,816",11,15,284,"67,687",1,(d),1,(d),33,"13,081",23,379,NA,NA,33,"12,313","669,409",26,"6,809","40,181",52,"28,723","639,590",11,"3,933","133,506",5,"1,650","59,166",NA,NA,NA,4,"1,042","1,066",12,"3,260","104,270",NA,NA,NA,247,"109,282","96,268",13,"7,021","6,964,041",NA,NA,NA,NA,NA,NA,NA,NA,NA,421,8,"3,026","54,040",45,"21,764","452,044",13,"2,181","100,696",NA,NA
south dakota,potter,221,2,10,35,23,42,109,"548,312","2,481",965,"5,246,162","2,114","120,699,000","546,151",205,"386,454",162,"330,022",6,"1,624","101,891,000","461,045","83,510,000","18,381,000",,52,2,NA,15,8,23,121,204,"7,893,000",165,"9,398,000","117,052,000","529,648",221,"2,129,000","9,636",69,"28,864",65,(d),1,(d),66,"17,258",1,(d),2,(d),2,(d),11,257,3,3,112,"83,539","9,800,389",21,"4,580","28,760",99,"87,458","2,708,075",58,"21,524","904,095",NA,NA,NA,1,(d),(d),2,(d),(d),105,"82,733","2,660,312",NA,NA,NA,80,"19,224","33,509",66,"49,110","87,232,329",NA,NA,NA,1,(d),NA,NA,3,9,221,NA,NA,NA,87,"65,934","1,803,980",11,"1,264","71,710",NA,NA
south dakota,roberts,782,24,93,188,186,94,197,"595,195",761,291,"2,288,827","3,007","203,891,000","260,731",686,"451,658",540,"400,198",21,"2,390","204,389,000","261,366","159,659,000","44,729,000",,244,22,48,44,40,81,303,586,"8,289,000",570,"18,862,000","180,152,000","230,374",782,"51,387,000","65,712",272,"36,365",230,"15,241",10,861,248,"24,537",18,"16,358",17,"33,135",4,237,31,(d),NA,NA,337,"157,139","26,414,683",49,"3,636","60,572",112,"14,087","762,803",10,"1,060","64,105",9,692,"37,412",NA,NA,NA,NA,NA,NA,332,"190,210","8,255,456",NA,NA,NA,327,"33,464","69,956",6,540,"675,000",NA,NA,NA,5,10,NA,NA,5,18,782,NA,NA,NA,104,"13,027","698,698",9,311,"26,924",NA,NA
south dakota,sanborn,351,11,33,89,64,44,110,"363,599","1,036",399,"2,959,610","2,857","93,078,000","265,179",320,"200,379",247,"160,213",3,9,"112,061,000","319,263","52,001,000","60,060,000",,96,10,13,19,32,31,150,236,"2,914,000",238,"9,559,000","91,170,000","259,742",351,"33,365,000","95,056",149,"61,460",137,(d),5,(d),141,"41,320",3,(d),1,(d),17,"1,475",10,254,NA,NA,161,"57,386","7,851,380",45,"5,424","59,781",13,"1,694","109,412",12,(d),(d),NA,NA,NA,8,"1,276","118,886",24,"2,884","31,026",130,"54,535","2,558,725",NA,NA,NA,184,"35,120","87,190",3,966,"2,035,049",NA,NA,NA,5,52,NA,NA,3,(d),351,NA,NA,NA,2,(d),(d),5,292,"19,647",NA,NA
south dakota,spink,556,13,46,93,76,59,269,"961,154","1,729",960,"5,413,741","3,132","283,594,000","510,061",526,"832,799",432,"761,144",47,"22,260","382,482,000","687,916","281,707,000","100,775,000",,109,3,22,29,29,27,337,498,"20,072,000",424,"17,759,000","298,356,000","536,612",556,"121,956,000","219,346",185,"75,707",162,"22,295",6,90,183,"65,340",13,"36,328",13,"56,327",16,"1,319",6,172,NA,NA,338,"276,984","41,757,839",63,"8,933","118,791",95,"37,204","1,424,109",16,"3,457","161,395",4,941,"49,011",2,(d),(d),4,301,"2,929",366,"399,152","16,178,741",NA,NA,NA,221,"32,546","66,907",16,"4,173","9,123,948",NA,NA,NA,3,99,NA,NA,NA,NA,556,NA,NA,NA,90,"33,747","1,262,714",5,418,"18,712",NA,NA
south dakota,stanley,172,4,11,11,25,19,102,"812,145","4,722","1,407","4,349,277",921,"41,492,000","241,233",129,"195,706",103,"129,496",NA,NA,"50,611,000","294,253","18,062,000","32,550,000",,37,7,8,18,11,12,79,132,"3,863,000",101,"3,868,000","40,026,000","232,710",172,"18,317,000","106,493",102,"28,854",98,"18,659",7,33,110,"25,428",3,190,3,(d),2,(d),10,374,2,(d),17,"13,125","898,561",4,940,"3,350",28,"41,997","1,124,742",24,"27,657","816,589",1,(d),(d),19,"7,748","492,650",1,(d),(d),6,"2,371","50,440",NA,NA,NA,93,"38,632","40,357",40,"19,961","28,722,232",NA,NA,NA,NA,NA,NA,NA,NA,NA,172,NA,NA,NA,24,"14,340","308,153",7,"1,551","76,702",NA,NA
south dakota,sully,201,2,18,33,21,21,106,"632,859","3,149","1,250","6,783,106","2,154","123,021,000","612,046",168,"505,654",144,"376,872",9,"23,669","137,239,000","682,779","101,848,000","35,391,000",,37,2,10,14,9,5,124,161,"10,351,000",138,"13,629,000","140,854,000","700,768",201,"20,364,000","101,314",60,"30,153",45,"9,469",NA,NA,57,"24,888",1,(d),1,(d),2,(d),8,139,NA,NA,95,"118,066","12,701,022",12,"4,009","35,555",61,"61,036","1,344,491",51,"22,513","526,835",NA,NA,NA,20,"8,456","456,247",4,611,"6,144",68,"40,259","1,255,751",NA,NA,NA,61,"16,066","22,277",93,"121,613","235,054,617",NA,NA,NA,NA,NA,NA,NA,NA,NA,201,NA,NA,NA,54,"38,523","817,656",3,118,"4,342",NA,NA
south dakota,todd,223,2,6,21,39,24,131,"880,043","3,946","1,640","3,355,405",850,"56,846,000","254,915",157,"113,678",151,"96,762",26,"7,801","53,659,000","240,621","6,130,000","47,528,000",,31,2,2,25,29,30,104,127,"686,000",129,"7,388,000","49,547,000","222,185",223,"12,185,000","54,643",169,"69,062",161,"37,202",6,12,164,"39,467",8,65,7,72,8,325,19,326,7,601,45,"5,530","625,622",26,"2,250","17,243",16,"5,012","166,593",15,"3,027","113,683",NA,NA,NA,1,(d),(d),7,370,"2,100",6,"2,838","93,520",NA,NA,NA,148,"74,950","87,898",14,"5,237","7,257,392",NA,NA,NA,1,(d),NA,NA,NA,NA,223,NA,NA,NA,6,"1,985","52,910",NA,NA,NA,NA,NA
south dakota,tripp,648,20,69,70,124,90,275,"1,036,646","1,600",640,"2,591,113","1,620","176,204,000","271,919",554,"438,142",472,"334,661",28,"5,119","202,582,000","312,626","50,219,000","152,363,000",,144,19,32,40,53,73,287,551,"9,317,000",416,"15,136,000","179,605,000","277,168",648,"47,430,000","73,194",369,"170,456",351,"68,964",5,271,350,"115,428",5,"12,117",6,"59,100",33,"12,094",48,"1,493",NA,NA,234,"67,292","5,177,182",71,"14,637","109,020",98,"35,118","1,472,743",86,"28,522","1,240,634",NA,NA,NA,50,"16,097","878,934",16,"1,794","17,079",153,"47,989","1,472,586",NA,NA,NA,426,"142,000","238,332",21,"5,360","8,168,620",NA,NA,NA,NA,NA,NA,NA,1,(d),648,NA,NA,NA,27,"6,596","232,109",16,"3,225","222,451",NA,NA
south dakota,turner,757,51,178,150,120,135,123,"392,794",519,176,"2,604,252","5,019","200,667,000","265,081",640,"350,342",553,"332,905",96,"26,943","265,710,000","351,003","162,925,000","102,785,000",,183,37,44,50,55,41,347,548,"9,119,000",491,"10,226,000","213,068,000","281,464",757,"71,986,000","95,094",279,"54,565",223,"13,985",20,"6,656",263,"40,972",14,"67,238",17,"239,542",61,"3,689",20,"1,724",NA,NA,402,"159,558","28,735,650",71,"5,615","109,609",22,"1,643","110,976",19,"1,411","100,898",NA,NA,NA,1,(d),(d),NA,NA,NA,407,"149,326","7,742,813",1,(d),(d),318,"15,731","53,545",1,(d),(d),NA,NA,NA,2,(d),1,(d),1,(d),757,2,(d),(d),4,(d),(d),6,197,"12,470",NA,NA
south dakota,union,557,31,131,115,102,76,102,"290,055",521,187,"3,059,199","5,875","175,669,000","315,383",507,"266,743",415,"251,314",99,"40,670","187,025,000","335,773","134,284,000","52,741,000",,143,22,25,47,33,30,257,455,"4,214,000",347,"9,100,000","149,581,000","268,548",557,"50,758,000","91,127",156,"28,082",109,"6,021",8,846,131,"24,907",26,"50,152",20,"74,710",11,"1,292",22,407,2,(d),323,"123,105","22,104,932",26,"3,748","61,252",3,342,"28,552",3,342,"28,552",NA,NA,NA,NA,NA,NA,NA,NA,NA,321,"115,615","6,342,303",NA,NA,NA,155,"8,256","32,104",NA,NA,NA,NA,NA,NA,4,4,1,(d),8,28,557,NA,NA,NA,NA,NA,NA,5,204,"15,800",NA,NA
south dakota,walworth,256,6,23,44,46,35,102,"453,301","1,771",613,"3,506,300","1,980","91,141,000","356,021",227,"273,828",172,"237,695",8,"2,811","87,056,000","340,063","61,045,000","26,012,000",,63,6,10,17,15,30,115,196,"6,182,000",175,"8,135,000","76,036,000","297,016",256,"25,338,000","98,976",115,"41,941",103,"19,062",NA,NA,117,"22,752",3,60,3,45,5,226,3,129,1,(d),101,"62,861","8,021,423",29,"3,539","41,878",82,"50,722","1,379,092",21,"5,188","225,633",1,(d),(d),2,(d),(d),2,(d),(d),105,"66,937","2,382,803",NA,NA,NA,121,"34,834","63,048",24,"9,538","18,570,669",NA,NA,NA,NA,NA,NA,NA,1,(d),256,NA,NA,NA,81,"45,534","1,153,459",13,"2,492","111,041",NA,NA
south dakota,yankton,610,35,110,149,119,91,106,"329,607",540,195,"2,389,517","4,422","157,395,000","258,025",528,"252,592",454,"232,945",68,"38,028","162,378,000","266,193","105,817,000","56,561,000",,139,27,35,49,48,55,257,466,"7,994,000",384,"13,223,000","135,548,000","222,210",610,"48,047,000","78,766",254,"41,091",220,"16,265",4,104,261,"33,951",14,"15,405",12,"44,277",13,"1,089",42,"1,844",3,(d),303,"104,389","17,991,587",70,"4,791","62,731",16,"1,125","67,264",14,(d),(d),NA,NA,NA,1,(d),(d),3,34,252,309,"98,393","5,152,242",NA,NA,NA,303,"23,665","76,450",1,(d),(d),NA,NA,NA,5,3,NA,NA,6,35,610,NA,NA,NA,2,(d),(d),5,142,"9,900",NA,NA
south dakota,ziebach,213,2,1,16,9,26,159,"1,099,454","5,162","3,600","4,412,411",855,"75,000,000","352,110",156,"256,789",125,"165,565",NA,NA,"59,911,000","281,271","21,236,000","38,675,000",,23,1,2,8,17,22,140,187,"6,373,000",127,"7,283,000","58,283,000","273,627",213,"15,285,000","71,759",164,"50,843",158,"36,929",5,10,162,"36,500",NA,NA,NA,NA,17,"2,592",10,138,NA,NA,29,"18,753","1,320,202",10,"1,673","9,737",33,"44,042","1,167,158",22,"25,086","716,263",NA,NA,NA,2,(d),(d),NA,NA,NA,19,"17,850","323,371",NA,NA,NA,112,"54,705","57,577",25,"25,451","46,936,618",NA,NA,NA,NA,NA,NA,NA,NA,NA,213,NA,NA,NA,24,"18,956","450,895",6,689,"16,625",NA,NA
utah,beaver,272,48,65,62,61,10,26,"157,030",577,80,"1,284,918","2,226","59,113,000","217,327",192,"44,416",174,"37,496",207,"40,240","258,008,000","948,558","20,061,000","237,947,000",,75,16,17,31,16,25,92,71,"699,000",73,"723,000","217,173,000","798,431",272,"42,256,000","155,354",138,"27,146",127,"13,035",11,"1,700",110,"13,345",12,(d),17,"1,375,275",14,638,24,"1,417",2,(d),29,"2,140","400,861",23,"2,702","68,191",2,(d),(d),2,(d),(d),1,(d),(d),NA,NA,NA,NA,NA,NA,NA,NA,NA,NA,NA,NA,165,"31,924","153,125",NA,NA,NA,NA,NA,NA,5,4,NA,NA,2,(d),272,NA,NA,NA,NA,NA,NA,1,(d),(d),NA,NA
utah,box elder,"1,187",355,245,207,137,60,183,"1,220,773","1,028",46,"1,577,010","1,533","174,666,000","147,150",916,"308,292",792,"154,321",819,"103,836","134,068,000","112,947","56,906,000","77,162,000",,401,112,120,153,96,90,215,405,"8,193,000",416,"7,495,000","112,914,000","95,125","1,187","36,842,000","31,038",504,"78,614",396,"36,455",24,"8,732",440,"43,627",23,130,42,656,96,"46,914",117,"1,869",12,660,70,"10,274","1,754,216",76,"6,556","174,905",206,"59,547","2,713,277",194,"55,656","2,524,561",34,"2,280","174,421",NA,NA,NA,NA,NA,NA,1,(d),(d),1,(d),(d),653,"64,292","227,442",NA,NA,NA,NA,NA,NA,63,"1,447",8,6,83,894,"1,187",NA,NA,NA,31,"3,891","188,716",7,140,"10,700",2,(d)
utah,cache,"1,397",371,444,283,165,81,53,"276,273",198,30,"955,825","4,833","168,682,000","120,832","1,166","159,356","1,010","116,796","1,002","90,148","162,737,000","116,490","41,413,000","121,324,000",,532,148,158,137,118,85,219,360,"3,439,000",504,"3,756,000","129,929,000","93,006","1,397","40,003,000","28,635",558,"57,695",355,"10,192",113,"18,402",482,"31,691",18,(d),40,(d),82,"2,685",167,(d),2,(d),22,"1,935","340,987",102,"9,126","221,068",127,"18,869","1,054,211",106,"15,887","891,109",128,"8,033","576,126",NA,NA,NA,4,147,"1,605",NA,NA,NA,NA,NA,NA,907,"73,833","275,682",1,(d),(d),NA,NA,NA,53,606,16,(d),45,109,"1,397",NA,NA,NA,31,"2,982","163,102",5,128,"11,220",NA,NA
utah,carbon,309,90,126,44,4,4,41,"230,942",747,22,"924,915","1,238","21,316,000","68,983",221,"15,829",184,"8,011",235,"9,253","6,459,000","20,904","2,321,000","4,139,000",,157,39,34,33,15,12,19,17,"101,000",54,"799,000","7,245,000","23,448",309,"113,000",367,142,"6,378",123,(d),1,(d),105,"3,001",9,123,13,93,49,"5,655",53,979,NA,NA,1,(d),(d),1,(d),(d),2,(d),(d),2,(d),(d),NA,NA,NA,NA,NA,NA,1,(d),(d),NA,NA,NA,NA,NA,NA,167,"7,759","26,723",NA,NA,NA,NA,NA,NA,13,5,NA,NA,9,15,309,NA,NA,NA,NA,NA,NA,1,(d),(d),NA,NA
utah,daggett,52,14,7,12,8,5,6,"17,671",340,146,"943,662","2,777","5,137,000","98,797",32,"6,556",32,"5,409",42,"7,168","2,403,000","46,215","340,000","2,063,000",,16,10,NA,6,11,2,7,4,"220,000",18,"421,000","2,131,000","40,973",52,"914,000","17,574",23,"3,671",21,"2,536",NA,NA,23,"2,589",6,18,5,100,1,(d),6,84,NA,NA,NA,NA,NA,NA,NA,NA,NA,NA,NA,NA,NA,NA,1,(d),(d),NA,NA,NA,NA,NA,NA,NA,NA,NA,NA,NA,NA,31,"5,390","7,515",NA,NA,NA,NA,NA,NA,NA,NA,NA,NA,NA,NA,52,NA,NA,NA,NA,NA,NA,NA,NA,NA,NA,NA
utah,davis,528,325,152,34,9,1,7,"51,793",98,7,"914,737","9,325","30,636,000","58,022",352,"7,718",306,"6,316",389,"9,995","23,798,000","45,073","20,241,000","3,558,000",,287,56,58,63,29,13,22,15,"50,000",133,"2,674,000","22,908,000","43,386",528,"3,614,000","6,845",138,"3,492",112,"2,157",8,28,104,"2,894",9,143,18,765,54,491,91,"1,202",4,34,7,(d),(d),2,(d),(d),16,"1,244","137,569",13,(d),(d),2,(d),(d),NA,NA,NA,NA,NA,NA,NA,NA,NA,3,3,15,228,"3,341","13,768",NA,NA,NA,NA,NA,NA,62,729,19,16,32,120,528,NA,NA,NA,4,(d),(d),NA,NA,NA,NA,NA
utah,duchesne,"1,063",214,313,258,182,40,56,"1,057,413",995,50,"970,628",976,"106,898,000","100,563",702,"77,299",625,"59,527",868,"96,513","57,892,000","54,461","16,130,000","41,762,000",,375,114,117,151,119,96,91,53,"584,000",271,"1,896,000","51,169,000","48,137","1,063","9,203,000","8,657",649,"54,683",532,"27,555",18,"3,194",537,"33,801",34,300,22,353,74,"2,668",162,"2,510",1,(d),21,"2,130","352,367",28,"3,291","69,811",NA,NA,NA,NA,NA,NA,1,(d),(d),NA,NA,NA,NA,NA,NA,2,(d),(d),NA,NA,NA,598,"53,691","186,335",NA,NA,NA,NA,NA,NA,20,26,8,3,17,15,"1,063",NA,NA,NA,NA,NA,NA,5,163,"12,870",NA,NA
utah,emery,504,59,201,127,57,25,35,"133,699",265,44,"557,310","2,101","37,500,000","74,404",412,"36,880",366,"21,370",439,"32,848","15,354,000","30,465","4,883,000","10,471,000",,183,51,77,102,29,16,46,72,"460,000",111,"360,000","15,519,000","30,792",504,"655,000","1,299",316,"19,047",276,"13,010",8,126,246,"10,363",26,249,16,404,53,"6,179",79,"1,212",NA,NA,6,(d),(d),6,175,"3,255",3,(d),(d),2,(d),(d),3,15,702,NA,NA,NA,NA,NA,NA,NA,NA,NA,NA,NA,NA,359,"19,927","62,753",NA,NA,NA,NA,NA,NA,5,(d),NA,NA,10,15,504,NA,NA,NA,2,(d),(d),1,(d),(d),NA,NA
utah,garfield,286,43,105,69,43,6,20,"82,637",289,44,"903,654","3,127","26,303,000","91,968",210,"16,297",184,"13,013",238,"21,194","21,786,000","76,176","3,600,000","18,186,000",,103,20,45,52,16,17,33,11,(d),71,"1,318,000","12,837,000","44,885",286,"10,308,000","36,042",145,"14,764",132,"10,219",6,10,127,"9,749",NA,NA,4,52,20,652,26,478,NA,NA,NA,NA,NA,3,61,"1,211",NA,NA,NA,NA,NA,NA,2,(d),(d),NA,NA,NA,NA,NA,NA,NA,NA,NA,NA,NA,NA,178,"12,783","46,870",NA,NA,NA,NA,NA,NA,10,14,2,(d),2,(d),286,NA,NA,NA,NA,NA,NA,NA,NA,NA,NA,NA
utah,grand,102,30,20,16,21,6,9,"231,361","2,268",53,"1,868,935",824,"14,196,000","139,177",78,"14,561",74,"9,705",83,"11,498","7,170,000","70,295","4,696,000","2,474,000",,38,NA,15,13,10,13,13,4,(d),27,"506,000","6,694,000","65,629",102,"1,114,000","10,923",34,"5,393",30,"3,509",6,10,28,"2,768",3,13,2,(d),3,(d),7,66,NA,NA,1,(d),(d),4,350,"7,750",NA,NA,NA,NA,NA,NA,NA,NA,NA,NA,NA,NA,NA,NA,NA,NA,NA,NA,NA,NA,NA,58,"9,156","31,903",NA,NA,NA,NA,NA,NA,14,165,3,1,19,31,102,NA,NA,NA,NA,NA,NA,NA,NA,NA,NA,NA
utah,iron,486,88,96,104,76,41,81,"512,940","1,055",102,"2,063,886","1,955","87,234,000","179,494",344,"83,441",308,"65,182",333,"64,380","133,512,000","274,716","54,238,000","79,274,000",,156,33,56,47,28,41,125,59,"530,000",141,"1,131,000","110,246,000","226,844",486,"24,928,000","51,291",229,"36,720",191,"11,808",9,"11,357",183,"19,646",22,(d),18,(d),69,"42,525",69,"1,329",NA,NA,8,"1,506","248,153",12,"3,311","83,594",7,596,"49,060",4,406,(d),2,(d),(d),NA,NA,NA,NA,NA,NA,NA,NA,NA,NA,NA,NA,282,"59,417","278,020",NA,NA,NA,NA,NA,NA,18,19,3,2,11,36,486,NA,NA,NA,4,190,(d),1,(d),(d),NA,NA
utah,juab,292,30,51,97,47,24,43,"264,644",906,107,"1,202,491","1,327","35,770,000","122,499",240,"56,608",181,"27,013",179,"23,731","53,679,000","183,831","30,741,000","22,938,000",,92,17,34,49,38,20,42,100,"933,000",105,"1,131,000","40,245,000","137,824",292,"15,498,000","53,075",137,"19,494",123,(d),2,(d),106,"9,379",4,13,5,13,25,"9,376",11,137,NA,NA,11,735,"115,762",12,"1,889","44,174",19,"3,902","115,964",18,(d),(d),7,466,"36,268",NA,NA,NA,NA,NA,NA,NA,NA,NA,NA,NA,NA,174,"19,425","83,935",NA,NA,NA,NA,NA,NA,3,(d),NA,NA,NA,NA,292,NA,NA,NA,3,(d),(d),2,(d),(d),NA,NA
utah,kane,182,29,46,26,28,22,31,"128,697",707,126,"1,282,578","1,814","14,623,000","80,345",99,"4,862",93,"3,384",117,"6,896","6,267,000","34,437","739,000","5,529,000",,49,20,15,42,23,24,9,5,"56,000",54,"379,000","6,448,000","35,427",182,"254,000","1,396",121,"8,493",116,(d),1,(d),106,"6,339",3,20,4,37,18,353,19,423,NA,NA,NA,NA,NA,NA,NA,NA,NA,NA,NA,NA,NA,NA,NA,NA,NA,NA,NA,NA,NA,NA,NA,NA,NA,NA,NA,NA,NA,85,"3,335","8,897",NA,NA,NA,NA,NA,NA,8,8,NA,NA,12,9,182,NA,NA,NA,NA,NA,NA,NA,NA,NA,NA,NA
utah,millard,654,66,117,134,152,65,120,"481,539",736,200,"1,504,464","2,043","154,507,000","236,249",516,"145,965",432,"112,567",473,"122,680","179,959,000","275,167","85,460,000","94,500,000",,184,19,24,112,77,74,164,260,"3,031,000",240,"4,329,000","150,928,000","230,777",654,"36,391,000","55,643",275,"56,875",231,"18,754",20,"12,299",247,"26,618",16,238,8,300,45,"2,500",46,(d),NA,NA,35,"6,027","1,158,068",72,"8,958","199,088",60,"6,097","567,576",32,"3,630","377,068",30,"3,246","292,195",NA,NA,NA,3,92,750,NA,NA,NA,NA,NA,NA,404,"81,658","384,539",NA,NA,NA,NA,NA,NA,8,(d),NA,NA,NA,NA,654,NA,NA,NA,29,"2,467","190,508",3,97,"10,000",NA,NA
utah,morgan,372,101,135,69,27,13,27,"242,666",652,21,"1,434,803","2,200","26,206,000","70,446",263,"16,629",240,"12,636",238,"9,023","17,129,000","46,047","2,470,000","14,659,000",,167,54,47,32,16,19,37,16,"392,000",94,"987,000","19,923,000","53,556",372,"-1,415,000","-3,803",152,"7,910",124,"4,556",7,832,111,"4,305",14,82,25,206,39,"17,814",47,"1,315",5,115,1,(d),(d),4,392,"10,094",2,(d),(d),NA,NA,NA,14,"1,223","92,568",NA,NA,NA,1,(d),(d),NA,NA,NA,NA,NA,NA,234,"10,910","32,899",NA,NA,NA,NA,NA,NA,5,4,5,1,1,(d),372,NA,NA,NA,2,(d),(d),4,50,"2,740",3,(z)
utah,piute,104,10,23,28,14,12,17,"54,445",524,135,"1,089,630","2,081","13,037,000","125,352",75,"14,909",65,"11,308",87,"15,340","40,605,000","390,433","3,445,000","37,160,000",,27,3,9,11,10,15,29,8,"68,000",27,"314,000","25,700,000","247,111",104,"15,288,000","146,997",81,"17,823",79,"6,223",6,"4,442",76,"7,947",NA,NA,NA,NA,7,"9,113",3,48,NA,NA,1,(d),(d),4,68,992,1,(d),(d),1,(d),(d),3,260,"27,600",NA,NA,NA,NA,NA,NA,NA,NA,NA,NA,NA,NA,61,"10,650","36,432",NA,NA,NA,NA,NA,NA,NA,NA,NA,NA,NA,NA,104,NA,NA,NA,NA,NA,NA,NA,NA,NA,NA,NA
utah,rich,160,18,33,11,21,25,52,"374,947","2,343",390,"2,046,056",873,"21,781,000","136,133",117,"70,648",110,"41,118",118,"42,422","22,074,000","137,965","3,555,000","18,519,000",,45,15,14,13,7,17,49,21,"633,000",55,"1,970,000","18,002,000","112,514",160,"6,675,000","41,717",103,"39,726",95,(d),1,(d),83,"23,355",2,(d),5,8,10,"7,501",11,123,1,(d),NA,NA,NA,1,(d),(d),NA,NA,NA,NA,NA,NA,NA,NA,NA,NA,NA,NA,NA,NA,NA,NA,NA,NA,NA,NA,NA,104,"40,701","93,791",NA,NA,NA,NA,NA,NA,4,5,4,1,2,(d),160,NA,NA,NA,NA,NA,NA,NA,NA,NA,NA,NA
utah,salt lake,592,391,125,49,7,8,12,"61,965",105,6,"1,013,467","9,682","31,110,000","52,551",296,"10,909",249,"6,003",340,"7,430","19,901,000","33,617","17,052,000","2,849,000",,367,75,51,34,13,25,27,14,"188,000",160,"4,683,000","29,824,000","50,378",592,"-5,052,000","-8,533",125,"2,060",100,(d),1,(d),84,961,11,90,11,356,40,555,157,"3,029",2,(d),2,(d),(d),2,(d),(d),10,"2,889","136,428",10,"2,889","136,428",NA,NA,NA,NA,NA,NA,NA,NA,NA,NA,NA,NA,2,(d),(d),118,"2,230","7,558",NA,NA,NA,NA,NA,NA,68,475,11,12,30,60,592,NA,NA,NA,NA,NA,NA,10,102,"7,500",NA,NA
utah,san juan,823,325,107,150,99,35,107,"1,657,212","2,014",40,"738,348",367,"39,838,000","48,406",366,"130,173",157,"44,614",128,"7,571","16,776,000","20,383","8,598,000","8,177,000",,593,44,77,46,13,13,37,119,"1,636,000",79,"767,000","16,636,000","20,214",823,"2,543,000","3,090",307,"14,591",257,"9,381",3,7,148,"8,629",12,72,12,251,413,"8,269",71,668,NA,NA,1,(d),(d),NA,NA,NA,37,"34,692","771,856",35,"33,764","723,536",NA,NA,NA,NA,NA,NA,NA,NA,NA,NA,NA,NA,2,(d),(d),66,"6,939","23,862",NA,NA,NA,NA,NA,NA,33,181,1,(d),8,39,823,NA,NA,NA,4,928,"48,320",2,(d),(d),NA,NA
utah,sanpete,"1,003",206,325,244,96,69,63,"301,691",301,40,"848,242","2,820","109,870,000","109,542",712,"71,661",644,"57,963",768,"76,489","171,757,000","171,243","20,706,000","151,051,000",,372,114,117,156,63,37,144,146,"854,000",365,"4,675,000","114,623,000","114,280","1,003","62,663,000","62,476",474,"56,496",407,"16,998",23,"7,476",387,"33,288",33,315,40,760,155,"68,645",107,"2,097",2,(d),3,(d),(d),25,"2,596","52,549",21,885,"60,589",14,673,"47,320",20,998,"102,869",NA,NA,NA,NA,NA,NA,NA,NA,NA,NA,NA,NA,619,"51,212","205,151",NA,NA,NA,NA,NA,NA,17,198,2,(d),18,10,"1,003",NA,NA,NA,8,212,"13,269",12,401,"35,962",NA,NA
utah,sevier,691,230,237,125,49,30,20,"108,992",158,20,"675,452","4,282","81,845,000","118,445",496,"50,453",434,"40,129",569,"49,440","88,546,000","128,141","21,528,000","67,017,000",,316,67,74,78,45,24,87,70,"432,000",202,"2,220,000","70,688,000","102,298",691,"20,510,000","29,681",276,"47,169",213,"13,210",14,"4,605",216,"50,198",33,407,30,934,68,"3,826",108,"3,438",9,596,27,"2,249","380,057",57,"5,247","117,749",1,(d),(d),1,(d),(d),3,114,"8,240",NA,NA,NA,2,(d),(d),NA,NA,NA,NA,NA,NA,400,"31,379","147,820",NA,NA,NA,NA,NA,NA,17,61,3,(d),15,12,691,NA,NA,NA,1,(d),(d),NA,NA,NA,NA,NA
utah,summit,626,214,209,90,58,21,34,"295,588",472,20,"1,541,565","3,265","44,688,000","71,386",378,"26,278",346,"18,616",452,"21,298","25,540,000","40,798","4,099,000","21,441,000",,244,78,88,81,46,38,51,31,"833,000",238,"3,749,000","24,006,000","38,349",626,"6,115,000","9,769",276,"18,707",211,"9,279",8,852,247,"12,846",19,97,18,221,56,"12,603",67,953,8,206,NA,NA,NA,1,(d),(d),1,(d),(d),NA,NA,NA,NA,NA,NA,NA,NA,NA,NA,NA,NA,NA,NA,NA,NA,NA,NA,340,"18,490","51,562",NA,NA,NA,NA,NA,NA,3,12,2,(d),NA,NA,626,NA,NA,NA,1,(d),(d),2,(d),(d),NA,NA
utah,tooele,540,228,114,92,33,32,41,"348,934",646,20,"888,625","1,375","48,545,000","89,898",276,"21,726",214,"16,663",277,"21,894","40,753,000","75,468","6,497,000","34,256,000",,274,62,65,50,15,33,41,14,"406,000",106,"3,625,000","40,431,000","74,872",540,"4,353,000","8,061",262,"20,402",212,"13,060",9,15,193,"11,668",36,259,42,668,78,"9,658",116,(d),3,(d),NA,NA,NA,2,(d),(d),3,776,(d),1,(d),(d),2,(d),(d),NA,NA,NA,NA,NA,NA,NA,NA,NA,NA,NA,NA,187,"14,523","46,991",NA,NA,NA,NA,NA,NA,18,24,1,(d),10,(d),540,NA,NA,NA,2,(d),(d),NA,NA,NA,NA,NA
utah,uintah,"1,114",237,395,244,114,54,70,"1,824,700","1,638",35,"1,032,638",630,"98,322,000","88,260",722,"70,742",640,"47,696",876,"65,306","42,268,000","37,943","16,333,000","25,935,000",,425,151,154,170,88,58,68,71,"1,402,000",228,"1,419,000","40,636,000","36,477","1,114","4,454,000","3,998",562,"35,632",464,"22,969",23,692,414,"25,065",66,723,43,667,66,"5,929",192,"4,390",9,"2,216",15,"2,854","428,620",26,987,"20,271",6,380,"25,783",2,(d),(d),18,698,"36,436",NA,NA,NA,NA,NA,NA,NA,NA,NA,NA,NA,NA,592,"42,515","150,715",NA,NA,NA,NA,NA,NA,48,87,17,7,30,28,"1,114",NA,NA,NA,4,(d),(d),8,50,"4,600",NA,NA
utah,utah,"2,589","1,383",745,257,114,42,48,"303,795",117,9,"1,024,882","8,734","192,340,000","74,291","1,871","118,125","1,687","73,397","2,026","72,669","202,580,000","78,246","79,793,000","122,787,000",,"1,316",329,319,240,151,99,135,148,"1,679,000",625,"7,796,000","183,151,000","70,742","2,589","28,904,000","11,164",983,"54,299",734,"17,050",74,"15,337",720,"30,191",86,"1,060",103,"1,973",190,"9,484",393,(d),12,214,50,"2,738","492,105",41,"8,163","207,998",56,"13,093","500,481",56,(d),(d),81,"1,706","116,226",NA,NA,NA,NA,NA,NA,NA,NA,NA,NA,NA,NA,"1,482","39,125","146,505",1,(d),(d),NA,NA,NA,84,305,14,16,157,"6,655","2,589",NA,NA,NA,2,(d),(d),12,288,"28,512",3,(d)
utah,wasatch,475,217,174,57,13,5,9,"97,098",204,10,"1,135,964","5,557","29,826,000","62,791",341,"8,845",325,"7,836",411,"11,252","8,802,000","18,530","1,892,000","6,910,000",,258,64,62,51,11,15,14,10,"102,000",85,"330,000","11,275,000","23,737",475,"-2,041,000","-4,298",150,"7,325",133,"4,987",7,662,127,"4,393",12,97,18,107,66,"13,390",100,"1,357",NA,NA,2,(d),(d),2,(d),(d),2,(d),(d),2,(d),(d),NA,NA,NA,NA,NA,NA,NA,NA,NA,NA,NA,NA,NA,NA,NA,309,"7,698","23,492",NA,NA,NA,NA,NA,NA,2,(d),2,(d),2,(d),475,NA,NA,NA,NA,NA,NA,NA,NA,NA,NA,NA
utah,washington,537,200,125,101,54,26,31,"155,047",289,23,"1,078,856","3,737","32,933,000","61,328",294,"22,347",235,"9,231",310,"12,984","16,458,000","30,647","6,463,000","9,995,000",,264,49,68,71,30,24,31,17,"190,000",141,"1,470,000","22,100,000","41,154",537,"-3,982,000","-7,414",281,"12,670",245,"8,564",15,19,226,"9,188",30,292,27,165,28,766,119,"3,058",2,(d),1,(d),(d),2,(d),(d),1,(d),(d),1,(d),(d),1,(d),(d),NA,NA,NA,NA,NA,NA,NA,NA,NA,NA,NA,NA,167,"8,507","35,346",NA,NA,NA,NA,NA,NA,32,114,4,(d),78,252,537,NA,NA,NA,NA,NA,NA,2,(d),(d),2,(d)
utah,wayne,209,41,66,52,27,12,11,"42,751",205,46,"928,420","4,539","18,701,000","89,480",171,"14,587",161,"13,336",183,"16,552","12,885,000","61,649","2,022,000","10,862,000",,60,10,34,38,24,17,26,46,"87,000",70,"537,000","10,471,000","50,102",209,"3,037,000","14,533",132,"18,156",125,"9,821",4,731,114,"8,015",3,60,3,(d),35,"7,575",26,390,NA,NA,NA,NA,NA,6,153,"3,035",NA,NA,NA,NA,NA,NA,4,57,"3,529",NA,NA,NA,2,(d),(d),NA,NA,NA,NA,NA,NA,151,"12,898","46,027",NA,NA,NA,NA,NA,NA,4,6,4,(d),11,144,209,NA,NA,NA,NA,NA,NA,2,(d),(d),NA,NA
utah,weber,"1,260",618,453,117,52,10,10,"94,361",75,10,"697,872","9,319","74,481,000","59,112",911,"28,259",818,"22,238",952,"27,169","49,443,000","39,241","24,734,000","24,709,000",,646,205,195,95,48,26,45,39,"497,000",261,"4,974,000","52,194,000","41,424","1,260","2,720,000","2,159",453,"19,294",344,"5,731",23,"4,545",343,"7,695",19,71,23,167,44,"4,818",159,"2,894",5,106,4,89,"18,140",46,"2,788","69,658",27,862,"98,200",25,(d),(d),9,591,"40,023",NA,NA,NA,NA,NA,NA,NA,NA,NA,1,(d),(d),730,"16,226","52,743",NA,NA,NA,NA,NA,NA,56,"1,518",13,16,50,99,"1,260",NA,NA,NA,2,(d),(d),2,(d),(d),NA,NA
montana,beaverhead,494,72,130,81,49,14,148,"1,233,811","2,498",115,"3,290,191","1,317","99,378,000","201,987",303,"162,767",277,"139,731",347,"263,772","118,202,000","239,276","37,220,000","80,983,000",,166,34,51,27,42,49,125,42,"577,000",213,"4,839,000","95,350,000","193,017",494,"28,268,000","57,223",238,"126,752",223,"71,880",4,10,243,"76,312",2,(d),8,49,34,"13,290",70,773,NA,NA,1,(d),(d),NA,NA,NA,15,"8,162","687,703",NA,NA,NA,22,"8,392","920,100",NA,NA,NA,NA,NA,NA,NA,NA,NA,NA,NA,NA,260,"120,822","330,404",NA,NA,NA,NA,NA,NA,10,(d),3,(d),1,(d),494,NA,NA,NA,15,"8,162","687,703",NA,NA,NA,NA,NA
montana,big horn,353,14,53,47,48,28,163,"3,188,139","9,032",721,"3,546,651",393,"77,057,000","218,911",231,"223,799",208,"141,866",115,"44,093","83,602,000","236,832","33,001,000","50,601,000",,78,20,15,46,35,32,127,129,"2,444,000",163,"3,769,000","73,187,000","207,327",353,"16,628,000","47,106",205,"83,734",193,"52,726",NA,NA,199,"54,437",5,33,8,20,9,424,27,395,1,(d),12,"1,841","268,161",12,"1,833","44,587",57,"57,213","2,617,984",45,"50,177","2,268,035",34,"11,129","873,789",NA,NA,NA,NA,NA,NA,11,736,"19,451",1,(d),(d),184,"57,239","127,048",NA,NA,NA,22,"4,980","170,351",1,(d),NA,NA,NA,NA,353,NA,NA,NA,27,"7,036","349,949",2,(d),(d),NA,NA
montana,blaine,491,16,21,63,81,61,249,"2,040,127","4,155","1,000","2,460,670",592,"104,471,000","215,403",374,"599,000",316,"340,763",175,"44,226","89,977,000","183,253","39,564,000","50,413,000",,127,11,11,31,57,55,199,312,"10,435,000",287,"14,318,000","81,987,000","166,981",491,"32,743,000","66,687",242,"70,698",226,(d),2,(d),238,"50,326",3,(d),5,(d),21,"3,036",17,(d),1,(d),3,153,"8,670",9,743,"7,109",122,"204,033","4,311,343",54,"43,893","1,327,290",28,"9,604","301,417",NA,NA,NA,NA,NA,NA,5,154,"5,114",NA,NA,NA,250,"69,099","108,842",NA,NA,NA,NA,NA,NA,4,11,2,(d),NA,NA,491,18,"15,992","317,719",106,"144,148","2,666,334",1,(d),(d),NA,NA
montana,broadwater,296,8,67,91,25,17,88,"466,920","1,577",149,"1,844,915","1,170","49,219,000","166,279",224,"112,503",182,"60,658",168,"47,139","39,688,000","134,080","22,510,000","17,178,000",,119,14,22,25,22,26,68,133,"2,336,000",157,"2,935,000","32,890,000","111,114",296,"12,069,000","40,774",136,"23,154",125,(d),6,(d),123,"16,053",4,279,12,488,14,"2,425",51,820,NA,NA,NA,NA,NA,6,716,"16,672",28,"18,811","1,112,058",16,"7,681","366,835",15,"2,808","257,895",NA,NA,NA,NA,NA,NA,1,(d),(d),NA,NA,NA,159,"31,292","103,479",1,(d),(d),NA,NA,NA,6,"1,432",4,"1,427",7,1,296,NA,NA,NA,22,"11,130","745,223",2,(d),(d),NA,NA
montana,carbon,725,49,154,150,127,73,172,"815,758","1,125",202,"1,669,647","1,484","111,653,000","154,004",554,"134,972",493,"103,740",490,"98,757","99,023,000","136,584","33,059,000","65,965,000",,196,49,62,87,91,71,169,236,"1,388,000",349,"3,045,000","79,430,000","109,558",725,"24,027,000","33,140",375,"78,558",338,"33,793",6,7,365,"65,435",18,154,29,178,49,"6,765",85,"1,680",2,(d),39,"3,712","675,024",60,"6,312","158,934",30,"5,457","230,496",14,"4,070","146,620",79,"11,896","1,282,271",NA,NA,NA,NA,NA,NA,2,(d),(d),6,550,"14,918",460,"68,618","172,970",NA,NA,NA,25,"3,442","118,372",6,41,4,(d),7,(d),725,NA,NA,NA,18,"1,387","83,876",14,920,"112,310",NA,NA
montana,carter,323,8,6,19,29,29,232,"1,767,723","5,473","4,085","2,943,872",538,"85,865,000","270,868",232,"247,524",174,"112,920",27,"2,312","70,628,000","218,664","5,998,000","64,630,000",,47,10,16,16,23,30,181,222,"7,229,000",186,"4,923,000","56,878,000","176,094",323,"25,902,000","80,193",245,"91,252",245,"54,394",5,5,247,"64,724",NA,NA,NA,NA,55,"20,734",26,465,2,(d),6,787,"70,645",3,240,"5,280",18,"24,813","697,082",12,"11,939","445,224",4,600,"20,607",2,(d),(d),NA,NA,NA,NA,NA,NA,NA,NA,NA,173,"80,422","66,771",NA,NA,NA,NA,NA,NA,1,(d),NA,NA,NA,NA,323,1,(d),(d),10,(d),(d),NA,NA,NA,NA,NA
montana,cascade,"1,027",113,274,226,123,59,232,"1,270,192","1,237",104,"1,499,361","1,212","137,749,000","134,128",752,"419,999",606,"255,757",309,"35,695","107,273,000","104,453","51,162,000","56,111,000",,467,52,69,82,74,93,190,439,"7,780,000",422,"5,022,000","98,309,000","95,724","1,027","21,766,000","21,194",369,"64,816",334,"39,410",15,"1,157",355,"42,187",21,"30,135",20,"97,460",50,"6,449",114,"76,469",6,"6,067",NA,NA,NA,NA,NA,NA,119,"120,054","6,369,065",97,"96,484","5,562,946",55,"27,991","1,527,687",NA,NA,NA,NA,NA,NA,NA,NA,NA,NA,NA,NA,513,"85,497","158,038",NA,NA,NA,NA,NA,NA,15,45,7,11,4,(d),"1,027",15,"5,862","138,744",52,"17,708","667,375",2,(d),(d),NA,NA
montana,chouteau,633,2,25,68,70,79,389,"2,070,530","3,271","1,829","3,053,370",933,"222,820,000","353,122",581,"1,309,653",455,"719,217",61,"14,216","170,741,000","269,733","143,610,000","27,131,000",,156,3,11,38,42,52,331,527,"21,813,000",442,"12,032,000","154,305,000","243,767",633,"50,282,000","79,434",170,"37,644",163,(d),2,(d),158,"25,045",4,(d),5,(d),10,577,23,"93,291",1,(d),16,"2,768","86,711",NA,NA,NA,356,"498,708","21,118,943",295,"324,292","15,753,411",105,"55,603","2,255,818",NA,NA,NA,NA,NA,NA,NA,NA,NA,NA,NA,NA,213,"40,367","61,296",NA,NA,NA,NA,NA,NA,5,18,4,4,NA,NA,633,47,"21,526","643,590",239,"152,890","4,721,942",10,"5,065","143,300",NA,NA
montana,custer,441,39,68,79,28,55,172,"2,088,806","4,737",600,"2,539,839",536,"75,264,000","170,666",273,"118,537",237,"63,556",157,"37,223","76,622,000","173,745","11,627,000","64,994,000",,123,24,23,36,53,44,138,166,"3,114,000",216,"3,795,000","67,211,000","152,405",441,"16,320,000","37,006",271,"90,952",248,"55,668",9,13,271,"64,259",6,36,10,39,29,"5,461",47,792,3,90,14,"2,688","447,603",20,"4,548","98,520",18,"4,648","109,149",14,"2,820","68,198",8,764,"26,795",NA,NA,NA,NA,NA,NA,NA,NA,NA,1,(d),(d),230,"50,321","104,686",NA,NA,NA,NA,NA,NA,1,(d),1,(d),1,(d),441,NA,NA,NA,7,"1,828","40,951",2,(d),(d),NA,NA
montana,daniels,277,5,6,15,65,35,151,"769,786","2,779","1,220","1,762,211",634,"82,431,000","297,586",260,"533,740",157,"358,369",5,645,"42,187,000","152,300","32,626,000","9,561,000",,122,6,8,14,14,20,93,237,"7,683,000",174,"11,945,000","54,085,000","195,254",277,"7,729,000","27,904",81,"14,412",79,"11,403",NA,NA,76,"10,718",1,(d),2,(d),7,286,3,110,NA,NA,2,(d),(d),2,(d),(d),121,"221,113","3,329,845",6,"4,049","149,916",9,286,"5,021",NA,NA,NA,NA,NA,NA,2,(d),(d),NA,NA,NA,85,"38,575","25,024",NA,NA,NA,NA,NA,NA,1,(d),1,(d),NA,NA,277,76,"111,946","1,679,477",82,"105,118","1,500,452",1,(d),(d),NA,NA
montana,dawson,487,16,44,68,89,66,204,"1,132,990","2,326",640,"1,554,263",668,"91,415,000","191,646",351,"368,144",237,"199,493",93,"21,170","58,188,000","119,483","25,608,000","32,581,000",,160,17,21,37,45,55,152,316,"7,569,000",294,"9,855,000","60,952,000","125,159",487,"14,659,000","30,100",246,"36,427",230,"24,574",11,25,254,"34,140",4,48,8,32,14,"2,065",18,722,3,360,14,"3,371","182,988",21,"1,913","26,917",136,"118,757","2,064,077",19,"7,789","194,677",19,"2,302","120,328",NA,NA,NA,NA,NA,NA,1,(d),(d),12,"1,889","48,925",159,"29,645","44,524",3,"1,238","560,000",10,"2,568","78,368",1,(d),1,(d),NA,NA,487,5,"2,331","25,304",130,"108,637","1,844,096",3,237,"5,002",NA,NA
montana,deer lodge,77,3,9,26,18,4,17,"74,083",962,180,"1,869,813","1,943","11,168,000","145,035",47,"11,772",42,"7,839",47,"13,117","6,487,000","84,247","731,000","5,756,000",,35,7,NA,10,5,3,17,11,"169,000",16,"206,000","5,228,000","67,891",77,"1,634,000","21,225",32,"7,361",32,"4,845",NA,NA,33,"5,261",NA,NA,NA,NA,3,242,4,29,NA,NA,NA,NA,NA,NA,NA,NA,NA,NA,NA,NA,NA,NA,NA,NA,NA,NA,NA,NA,NA,NA,NA,NA,NA,NA,NA,NA,NA,42,"7,839","20,602",NA,NA,NA,NA,NA,NA,NA,NA,NA,NA,NA,NA,77,NA,NA,NA,NA,NA,NA,NA,NA,NA,NA,NA
montana,fallon,289,3,36,40,24,26,160,"902,019","3,121","1,435","1,883,893",604,"55,635,000","196,591",200,"191,780",155,"99,599",11,"1,424","45,288,000","156,705","6,812,000","38,476,000",,96,6,8,10,24,34,111,173,"3,853,000",142,"4,162,000","41,032,000","141,978",289,"12,271,000","42,462",179,"46,066",164,"28,741",7,10,176,"40,365",1,(d),4,67,15,"2,201",31,539,NA,NA,18,"5,442","137,322",10,"3,848","26,897",42,"21,530","440,025",13,"5,737","124,527",6,798,"26,316",NA,NA,NA,NA,NA,NA,NA,NA,NA,1,(d),(d),150,"56,533","44,831",1,(d),(d),NA,NA,NA,NA,NA,NA,NA,NA,NA,289,4,"1,567","19,581",36,"14,226","295,917",1,(d),(d),NA,NA
montana,fergus,845,41,116,134,74,72,408,"2,188,069","2,589",806,"2,833,620","1,094","156,055,000","184,680",628,"623,933",587,"390,992",79,"16,250","133,624,000","158,135","35,964,000","97,660,000",,196,40,65,66,59,72,347,438,"12,281,000",436,"8,925,000","131,283,000","155,365",845,"23,546,000","27,865",508,"119,336",478,"79,847",26,408,494,"101,216",9,195,4,195,43,"2,990",82,"1,592",6,(d),3,310,"19,700",1,(d),(d),158,"138,686","4,570,858",125,"93,297","3,495,550",68,"28,052","806,411",1,(d),(d),NA,NA,NA,NA,NA,NA,NA,NA,NA,531,"203,025","259,948",NA,NA,NA,NA,NA,NA,3,(d),NA,NA,4,(d),845,4,"1,520",(d),91,"43,869",(d),12,835,"27,940",NA,NA
montana,flathead,"1,146",229,513,225,107,23,49,"181,882",159,30,"1,014,016","6,389","74,252,000","64,906",791,"92,483",673,"74,532",281,"22,088","35,854,000","31,286","27,479,000","8,375,000",,656,133,100,82,56,45,74,115,"1,823,000",299,"3,443,000","43,798,000","38,218","1,146","-2,679,000","-2,337",254,"8,441",190,(d),13,(d),200,"4,960",24,"1,940",51,"3,602",43,718,153,"5,334",NA,NA,3,(d),(d),NA,NA,NA,63,"22,854","1,468,289",35,"8,739","769,694",22,"2,714","171,379",NA,NA,NA,NA,NA,NA,NA,NA,NA,NA,NA,NA,520,"34,574","75,150",NA,NA,NA,NA,NA,NA,45,310,14,(d),53,103,"1,146",6,389,(d),52,"13,726",(d),1,(d),(d),NA,NA
montana,gallatin,"1,123",139,505,173,142,51,113,"700,462",624,32,"1,889,690","3,030","131,820,000","117,382",745,"208,482",641,"144,075",454,"81,251","112,104,000","99,826","69,017,000","43,087,000",,575,89,97,83,75,39,165,179,"3,106,000",459,"11,028,000","102,528,000","91,299","1,123","23,709,000","21,113",290,"41,043",231,"16,201",30,"3,773",264,"24,521",13,181,15,267,62,"3,115",138,"2,415",1,(d),4,227,"29,598",15,"1,629","29,394",94,"39,501","2,348,851",50,"15,635","866,126",91,"31,738","2,189,161",NA,NA,NA,NA,NA,NA,2,(d),(d),1,(d),(d),545,"56,136","170,878",NA,NA,NA,NA,NA,NA,43,"6,368",21,"6,286",11,6,"1,123",4,191,"10,069",75,"23,675","1,472,656",6,604,"32,138",NA,NA
montana,garfield,260,NA,8,19,20,24,189,"2,214,815","8,519","4,267","3,441,672",404,"62,328,000","239,724",176,"294,179",126,"118,740",19,"2,774","54,538,000","209,763","9,041,000","45,498,000",,54,4,6,26,8,29,133,168,"5,608,000",136,"3,968,000","49,975,000","192,211",260,"14,139,000","54,382",182,"74,262",173,"47,305",7,11,183,"48,448",10,91,6,123,34,"12,587",16,226,NA,NA,4,847,"32,259",1,(d),(d),52,"55,541","1,056,696",40,(d),(d),24,"7,503","232,701",NA,NA,NA,NA,NA,NA,NA,NA,NA,NA,NA,NA,105,"46,044","50,806",1,(d),(d),NA,NA,NA,NA,NA,NA,NA,NA,NA,260,1,(d),(d),36,"34,646","549,446",4,158,"3,660",NA,NA
montana,glacier,637,31,71,108,153,76,198,"1,185,873","1,862",350,"2,171,691","1,167","96,584,000","151,623",331,"493,782",225,"321,880",93,"27,432","106,537,000","167,247","58,386,000","48,151,000",,231,30,51,54,85,58,128,220,"5,948,000",174,"10,828,000","94,553,000","148,434",637,"28,761,000","45,151",302,"43,839",290,"31,320",15,983,292,"34,370",13,"20,195",18,"67,656",7,617,26,"172,403",2,(d),NA,NA,NA,NA,NA,NA,86,"145,185","5,751,672",50,"69,062","3,283,894",57,"54,216","2,609,112",NA,NA,NA,NA,NA,NA,NA,NA,NA,NA,NA,NA,168,"48,425","68,073",NA,NA,NA,NA,NA,NA,6,35,6,12,1,(d),637,15,"20,711","544,710",62,"55,412","1,923,068",1,(d),(d),NA,NA
montana,golden valley,157,4,13,20,19,19,82,"683,145","4,351","1,244","2,914,246",670,"22,385,000","142,583",110,"108,004",87,"45,741",36,"7,334","18,601,000","118,480","5,195,000","13,406,000",,55,3,8,16,9,16,50,102,"3,049,000",83,"1,092,000","18,876,000","120,227",157,"3,867,000","24,631",70,"16,484",64,(d),3,(d),71,"10,280",3,(d),3,(d),10,"16,684",3,(d),1,(d),NA,NA,NA,1,(d),(d),19,"13,881","564,686",13,"10,541","478,870",3,(d),(d),NA,NA,NA,NA,NA,NA,NA,NA,NA,NA,NA,NA,84,"29,000","40,697",NA,NA,NA,NA,NA,NA,NA,NA,NA,NA,NA,NA,157,NA,NA,NA,13,"3,340","85,816",NA,NA,NA,NA,NA
montana,granite,151,11,15,16,31,15,63,"285,656","1,892",540,"3,060,313","1,618","21,603,000","143,069",86,"28,910",81,"25,069",89,"31,861","17,898,000","118,530","2,946,000","14,952,000",,50,5,6,9,4,22,55,49,"268,000",59,"1,233,000","15,792,000","104,584",151,"3,606,000","23,881",86,"19,392",76,"14,256",3,6,83,"13,979",6,(d),6,117,15,"1,078",13,174,NA,NA,NA,NA,NA,1,(d),(d),4,184,"20,240",NA,NA,NA,1,(d),(d),NA,NA,NA,NA,NA,NA,NA,NA,NA,NA,NA,NA,80,"24,584","61,520",NA,NA,NA,NA,NA,NA,NA,NA,NA,NA,1,(d),151,NA,NA,NA,4,184,"20,240",NA,NA,NA,NA,NA
montana,hill,698,25,40,75,114,88,356,"1,615,704","2,315","1,020","1,992,745",861,"181,028,000","259,353",585,"1,222,312",449,"662,360",35,"4,127","130,750,000","187,322","107,131,000","23,620,000",,222,16,23,40,57,52,288,530,"20,360,000",409,"11,831,000","122,227,000","175,110",698,"40,714,000","58,330",179,"16,826",164,"12,089",8,22,163,"19,712",9,(d),9,(d),5,419,36,(d),8,"1,900",1,(d),(d),2,(d),(d),349,"501,546","16,063,620",256,"232,495","8,017,234",35,"17,039","465,940",3,120,"6,000",NA,NA,NA,3,429,"2,745",NA,NA,NA,157,"31,341","32,579",NA,NA,NA,NA,NA,NA,2,(d),2,(d),NA,NA,698,35,"17,243","517,892",284,"251,808","7,528,494",9,769,"22,684",NA,NA
montana,jefferson,370,30,107,88,61,22,62,"352,128",952,103,"1,619,472","1,702","32,715,000","88,418",205,"57,864",172,"29,411",186,"33,458","20,164,000","54,497","4,062,000","16,102,000",,193,29,29,34,18,23,44,43,"634,000",92,"788,000","18,069,000","48,835",370,"3,517,000","9,505",161,"24,879",141,"16,758",3,6,152,"15,339",12,85,7,65,30,"2,996",46,717,NA,NA,NA,NA,NA,1,(d),(d),3,"5,599","236,984",3,"4,545",(d),NA,NA,NA,NA,NA,NA,NA,NA,NA,NA,NA,NA,NA,NA,NA,151,"23,668","61,612",NA,NA,NA,NA,NA,NA,5,2,1,(d),16,19,370,1,(d),(d),2,(d),(d),NA,NA,NA,NA,NA
montana,judith basin,357,19,30,56,31,30,191,"860,136","2,409","1,191","2,237,680",929,"80,743,000","226,807",259,"278,940",247,"198,023",59,"13,702","88,901,000","249,024","25,050,000","63,851,000",,56,22,8,24,38,41,168,208,"3,687,000",214,"5,505,000","75,435,000","211,303",357,"22,658,000","63,467",251,"72,091",225,(d),8,(d),235,"60,276",9,118,8,71,38,"8,055",20,594,NA,NA,3,(d),(d),1,(d),(d),52,"55,865","1,895,590",45,"33,337","1,268,421",24,"10,972","346,385",NA,NA,NA,NA,NA,NA,NA,NA,NA,NA,NA,NA,235,"109,792","162,111",1,(d),(d),NA,NA,NA,NA,NA,NA,NA,NA,NA,357,4,553,"14,537",36,"21,975","612,632",4,(d),(d),NA,NA
montana,lake,"1,170",245,407,256,118,67,77,"641,471",548,40,"880,495","1,606","85,297,000","72,903",836,"93,368",751,"64,314",803,"100,398","64,796,000","55,381","22,042,000","42,754,000",,445,124,133,139,109,68,152,157,"1,442,000",391,"3,670,000","65,636,000","56,099","1,170","4,271,000","3,651",463,"56,119",396,"26,927",25,818,412,"38,096",26,146,35,333,38,"1,444",131,"14,273",3,75,2,(d),(d),3,"1,300","29,900",32,"7,634","489,702",18,(d),(d),6,675,"41,539",NA,NA,NA,NA,NA,NA,NA,NA,NA,NA,NA,NA,500,"50,579","125,358",NA,NA,NA,NA,NA,NA,33,"1,281",13,"1,213",226,740,"1,170",2,(d),(d),19,"5,649","363,903",10,174,"12,858",NA,NA
montana,lewis and clark,707,112,355,108,38,15,79,"800,658","1,132",25,"1,479,324","1,306","55,741,000","78,842",479,"78,688",409,"60,055",410,"48,209","43,187,000","61,085","13,425,000","29,762,000",,345,81,98,55,46,17,65,83,"1,081,000",159,"3,218,000","44,426,000","62,838",707,"3,060,000","4,328",248,"40,202",206,"24,121",12,122,206,"23,074",31,(d),33,(d),19,"2,359",120,(d),2,(d),1,(d),(d),NA,NA,NA,11,"10,173","731,613",7,(d),(d),12,"8,502","607,136",NA,NA,NA,NA,NA,NA,NA,NA,NA,NA,NA,NA,381,"37,035","101,882",NA,NA,NA,NA,NA,NA,17,54,1,(d),9,9,707,2,(d),(d),5,"6,033","425,964",11,860,"58,240",1,(d)
montana,liberty,246,1,4,9,23,23,186,"913,576","3,714","2,807","3,329,506",897,"103,114,000","424,336",228,"698,794",194,"403,865",20,"7,017","88,292,000","358,909","69,077,000","19,215,000",,40,2,4,11,15,15,159,223,"10,873,000",176,"5,106,000","74,255,000","301,849",246,"30,016,000","122,015",53,"10,245",50,"7,537",4,433,53,"6,832",4,"19,624",4,"107,740",NA,NA,17,"107,810",4,"46,800",3,(d),(d),1,(d),(d),169,"267,372","9,034,248",127,"136,808","5,352,227",25,"20,091","607,559",NA,NA,NA,NA,NA,NA,1,(d),(d),NA,NA,NA,52,"12,524","23,916",NA,NA,NA,NA,NA,NA,3,35,3,30,NA,NA,246,30,"20,026","528,150",131,"110,538","3,153,871",1,(d),(d),NA,NA
montana,lincoln,345,50,133,99,49,6,8,"47,783",139,45,"727,103","5,250","18,844,000","54,620",238,"12,546",204,"7,801",129,"4,890","3,111,000","9,019","1,011,000","2,100,000",,213,54,25,28,12,4,9,4,"47,000",70,"3,534,000","8,645,000","25,057",345,"-1,953,000","-5,660",98,"2,101",81,(d),2,(d),56,"1,639",5,53,6,34,9,(d),71,"1,105",NA,NA,NA,NA,NA,NA,NA,NA,1,(d),(d),1,(d),(d),1,(d),(d),NA,NA,NA,NA,NA,NA,NA,NA,NA,NA,NA,NA,172,"7,616","11,697",NA,NA,NA,NA,NA,NA,18,16,1,(d),5,5,345,NA,NA,NA,1,(d),(d),NA,NA,NA,NA,NA
montana,madison,605,53,125,95,112,48,172,"923,307","1,526",220,"2,610,305","1,710","90,702,000","149,921",376,"151,196",326,"99,723",381,"130,295","83,635,000","138,239","23,114,000","60,520,000",,212,30,81,43,44,38,157,95,"1,458,000",258,"7,097,000","71,436,000","118,075",605,"20,754,000","34,304",301,"80,763",271,"52,285",5,7,276,"56,393",9,97,9,175,33,"4,435",53,902,NA,NA,NA,NA,NA,1,(d),(d),41,"15,132","1,036,727",16,(d),"86,109",25,"5,015","406,610",NA,NA,NA,NA,NA,NA,NA,NA,NA,NA,NA,NA,314,"75,908","246,319",NA,NA,NA,NA,NA,NA,6,362,5,354,5,7,605,3,(d),"11,426",36,"13,303","939,192",NA,NA,NA,NA,NA
montana,mccone,437,4,14,24,72,65,258,"1,339,597","3,065","1,694","1,619,356",528,"103,731,000","237,370",361,"591,961",229,"319,986",19,"7,273","61,277,000","140,221","30,002,000","31,275,000",,123,11,11,35,54,47,156,352,"13,400,000",310,"11,409,000","75,019,000","171,668",437,"11,067,000","25,325",177,"40,349",167,(d),2,(d),173,"33,969",4,(d),6,(d),12,"8,279",13,424,3,(d),14,"4,012","153,812",6,482,"3,147",162,"187,518","2,658,612",18,"10,378","144,140",16,"4,640","156,222",NA,NA,NA,NA,NA,NA,2,(d),(d),NA,NA,NA,122,"30,329","30,139",NA,NA,NA,1,(d),(d),1,(d),NA,NA,NA,NA,437,14,"7,617","114,902",155,"169,523","2,399,570",1,(d),(d),NA,NA
montana,meagher,145,11,20,9,14,3,88,"882,177","6,084","1,800","5,524,417",908,"39,237,000","270,602",102,"85,231",94,"62,451",80,"52,074","36,769,000","253,581","4,436,000","32,334,000",,36,9,12,5,7,10,66,38,"887,000",72,"1,677,000","32,556,000","224,522",145,"6,777,000","46,736",103,"50,989",94,(d),2,(d),100,"31,094",2,(d),2,(d),6,"3,051",13,98,1,(d),NA,NA,NA,NA,NA,NA,11,"5,411","117,610",3,(d),(d),12,"5,725","328,120",NA,NA,NA,NA,NA,NA,NA,NA,NA,NA,NA,NA,93,"47,087","93,930",NA,NA,NA,NA,NA,NA,1,(d),1,(d),NA,NA,145,NA,NA,NA,11,(d),(d),6,687,"41,719",NA,NA
montana,mineral,93,10,31,33,5,10,4,"18,408",198,67,"989,976","5,002","3,979,000","42,783",65,"5,441",48,"2,500",27,633,"604,000","6,491","228,000","376,000",,51,15,11,7,9,NA,NA,12,"82,000",30,"493,000","1,520,000","16,347",93,"-341,000","-3,671",28,438,21,(d),1,(d),27,343,3,7,7,20,NA,NA,12,192,NA,NA,NA,NA,NA,NA,NA,NA,NA,NA,NA,NA,NA,NA,1,(d),(d),NA,NA,NA,NA,NA,NA,NA,NA,NA,NA,NA,NA,43,"2,479","2,673",NA,NA,NA,NA,NA,NA,3,1,NA,NA,2,(d),93,NA,NA,NA,NA,NA,NA,NA,NA,NA,NA,NA
montana,missoula,576,171,210,108,47,19,21,"260,117",452,20,"1,262,721","2,796","24,397,000","42,356",335,"21,550",275,"13,905",363,"15,458","9,849,000","17,098","5,641,000","4,208,000",,334,71,52,44,27,27,21,35,"417,000",168,"5,049,000","18,268,000","31,715",576,"-2,953,000","-5,127",136,"5,772",117,"3,717",7,18,120,"3,302",18,141,8,252,48,739,113,"2,087",2,(d),2,(d),(d),NA,NA,NA,2,(d),(d),2,(d),(d),1,(d),(d),NA,NA,NA,NA,NA,NA,NA,NA,NA,NA,NA,NA,217,"12,474","27,067",NA,NA,NA,NA,NA,NA,31,39,3,(z),18,30,576,NA,NA,NA,NA,NA,NA,3,69,"2,225",NA,NA
montana,musselshell,346,11,39,106,47,24,119,"1,103,333","3,189",220,"2,038,138",639,"48,408,000","140,313",165,"145,144",114,"66,340",56,"12,936","37,284,000","107,757","7,744,000","29,541,000",,165,17,20,23,28,22,71,104,"2,231,000",122,"1,764,000","33,954,000","98,132",346,"7,326,000","21,173",187,"38,861",161,"25,113",8,18,172,"29,874",10,37,5,57,46,"4,619",58,980,NA,NA,2,(d),(d),3,775,"19,475",16,"22,487","668,485",14,"14,261","407,446",11,"2,935","137,360",NA,NA,NA,NA,NA,NA,NA,NA,NA,NA,NA,NA,109,"33,534","60,760",NA,NA,NA,NA,NA,NA,3,1,1,(d),NA,NA,346,1,(d),(d),10,(d),(d),NA,NA,NA,NA,NA
montana,park,575,57,172,81,71,64,130,"711,966","1,238",159,"3,230,902","2,609","56,594,000","98,425",354,"110,716",280,"65,988",280,"61,973","33,515,000","58,287","9,403,000","24,112,000",,234,49,61,53,35,52,91,88,"935,000",252,"5,298,000","36,749,000","63,912",575,"2,999,000","5,216",209,"37,099",187,"24,704",9,120,209,"24,709",4,20,11,248,43,"3,875",88,"2,314",5,180,NA,NA,NA,2,(d),(d),16,"4,359","238,696",12,"2,595","110,769",17,"4,979","292,243",NA,NA,NA,NA,NA,NA,NA,NA,NA,NA,NA,NA,265,"54,610","117,496",NA,NA,NA,NA,NA,NA,7,3,1,(d),3,1,575,NA,NA,NA,9,"1,764","127,927",NA,NA,NA,NA,NA
montana,petroleum,104,5,8,5,11,8,67,"592,558","5,698","2,500","3,863,919",678,"20,231,000","194,528",76,"84,845",64,"46,244",33,"10,881","17,761,000","170,779","3,269,000","14,492,000",,29,1,5,5,4,13,47,54,"861,000",58,"1,066,000","14,605,000","140,437",104,"5,082,000","48,869",65,"22,138",53,"13,377",4,4,64,"15,693",1,(d),2,(d),1,(d),2,(d),NA,NA,2,(d),(d),2,(d),(d),12,"15,135","210,015",7,"8,308","149,007",7,"2,887","117,073",NA,NA,NA,NA,NA,NA,NA,NA,NA,NA,NA,NA,58,"25,028","40,421",NA,NA,NA,NA,NA,NA,NA,NA,NA,NA,1,(d),104,NA,NA,NA,9,"6,827","61,008",NA,NA,NA,NA,NA
montana,phillips,445,20,31,45,58,50,241,"1,936,545","4,352","1,160","2,306,077",530,"99,809,000","224,289",356,"508,821",285,"265,039",151,"31,427","74,636,000","167,721","25,376,000","49,259,000",,90,24,37,42,38,33,181,294,"9,471,000",257,"11,267,000","71,743,000","161,220",445,"23,631,000","53,104",233,"76,901",221,"51,568",6,24,236,"51,317",2,(d),5,(d),23,"2,829",11,342,NA,NA,4,353,"25,520",3,554,"8,448",105,"117,352","2,282,189",34,"19,913","634,429",19,"5,498","205,989",NA,NA,NA,NA,NA,NA,4,122,"3,640",NA,NA,NA,242,"78,515","111,291",NA,NA,NA,NA,NA,NA,NA,NA,NA,NA,NA,NA,445,29,"16,350","218,529",88,"81,089","1,429,231",3,(d),"6,893",NA,NA
montana,pondera,486,15,53,71,98,55,194,"804,578","1,656",530,"1,998,397","1,207","131,857,000","272,432",380,"551,139",311,"326,318",194,"69,824","111,526,000","229,476","76,064,000","35,462,000",,117,15,38,41,48,51,176,338,"10,629,000",300,"7,154,000","98,608,000","202,898",486,"30,700,000","63,169",193,"24,285",184,"15,332",5,869,178,"15,343",8,"24,539",8,"49,940",13,"4,601",25,"115,236",2,(d),6,"3,541","162,149",2,(d),(d),184,"164,644","7,369,103",127,"77,042","3,819,744",90,"50,625","2,745,796",NA,NA,NA,NA,NA,NA,NA,NA,NA,1,(d),(d),194,"47,257","112,649",2,(d),(d),NA,NA,NA,4,45,2,(d),NA,NA,486,56,"32,165","1,345,471",121,"55,437","2,203,888",6,906,"30,217",NA,NA
montana,powder river,325,6,23,23,36,28,209,"1,626,630","5,005","2,400","2,755,267",551,"72,706,000","223,710",217,"145,709",186,"90,600",43,"15,972","62,094,000","191,059","3,063,000","59,031,000",,50,9,15,18,27,31,175,157,"2,797,000",185,"3,954,000","52,337,000","161,036",325,"16,508,000","50,795",249,"84,944",215,"49,046",15,19,248,"61,063",3,36,6,23,54,"10,620",32,538,NA,NA,NA,NA,NA,2,(d),(d),12,"2,426","77,151",11,"2,108","64,917",8,"1,434","53,190",NA,NA,NA,NA,NA,NA,NA,NA,NA,NA,NA,NA,185,"84,497","93,262",NA,NA,NA,NA,NA,NA,1,(d),NA,NA,NA,NA,325,NA,NA,NA,3,318,"12,234",1,(d),(d),NA,NA
montana,powell,254,23,39,45,39,35,73,"572,388","2,253",305,"2,917,797","1,295","34,295,000","135,021",146,"57,950",132,"44,961",134,"51,743","31,845,000","125,372","6,533,000","25,311,000",,90,19,25,19,19,18,64,59,"377,000",95,"1,272,000","26,112,000","102,804",254,"7,382,000","29,061",118,"35,243",112,(d),8,(d),125,"24,357",6,32,6,171,22,495,36,736,NA,NA,NA,NA,NA,NA,NA,NA,NA,NA,NA,NA,NA,NA,3,680,"49,200",NA,NA,NA,NA,NA,NA,NA,NA,NA,NA,NA,NA,127,"44,182","111,179",NA,NA,NA,NA,NA,NA,2,(d),NA,NA,2,(d),254,NA,NA,NA,NA,NA,NA,2,(d),(d),NA,NA
montana,prairie,179,4,4,24,16,13,118,"747,256","4,175","1,800","3,229,966",774,"29,974,000","170,306",138,"129,818",97,"67,210",51,"14,604","43,300,000","241,899","10,801,000","32,499,000",,35,4,9,12,12,18,89,139,"4,610,000",114,"2,261,000","39,101,000","218,443",179,"11,070,000","61,846",121,"48,224",103,"23,698",5,7,123,"33,420",1,(d),5,56,8,967,9,360,NA,NA,4,956,"106,320",20,"3,290","54,514",34,"23,207","375,808",7,"2,593","78,972",5,"1,777","33,866",NA,NA,NA,NA,NA,NA,NA,NA,NA,9,585,"14,352",83,"23,555","48,136",NA,NA,NA,6,(d),(d),1,(d),1,(d),1,(d),179,10,"1,476","20,500",27,"19,138","276,336",NA,NA,NA,NA,NA
montana,ravalli,"1,576",431,744,201,121,31,48,"241,233",153,20,"877,618","5,734","86,204,000","54,698","1,061","52,117",933,"39,573","1,221","70,972","42,662,000","27,070","12,710,000","29,952,000",,828,194,174,150,82,76,72,61,"245,000",367,"4,811,000","46,264,000","29,355","1,576","1,455,000",923,486,"27,032",428,"15,242",19,824,436,"25,981",27,227,41,665,123,"2,216",266,"6,031",9,111,5,850,"125,000",4,(d),(d),22,"1,575","98,794",10,461,"22,858",9,323,"22,605",NA,NA,NA,NA,NA,NA,5,150,"5,250",1,(d),(d),833,"35,334","97,924",NA,NA,NA,NA,NA,NA,45,71,11,7,69,212,"1,576",5,169,"14,100",12,945,"61,836",1,(d),(d),NA,NA
montana,richland,527,28,43,44,84,61,267,"1,270,080","2,410","1,000","2,112,650",877,"127,316,000","242,969",410,"479,538",302,"260,196",137,"53,488","100,103,000","189,949","55,377,000","44,726,000",,161,18,29,31,39,64,185,351,"10,227,000",328,"10,241,000","92,239,000","175,027",527,"28,331,000","53,759",253,"63,288",232,"33,228",4,10,258,"46,380",4,19,4,8,15,"4,613",31,573,1,(d),23,"5,367","536,567",33,"4,317","71,576",167,"148,106","3,462,455",18,"6,884","165,506",25,"4,363","258,710",NA,NA,NA,NA,NA,NA,13,"2,959","128,961",2,(d),(d),231,"52,847","79,668",NA,NA,NA,50,"16,978","544,583",2,(d),NA,NA,NA,NA,527,48,"25,621","463,618",138,"115,601","2,833,331",16,"1,628","74,396",NA,NA
montana,roosevelt,501,NA,37,67,79,58,260,"1,307,366","2,610","1,060","1,883,016",722,"133,387,000","268,384",461,"757,316",323,"483,365",67,"24,263","64,131,000","128,006","44,529,000","19,601,000",,158,23,23,46,54,44,153,382,"13,696,000",337,"21,302,000","84,878,000","169,417",501,"14,251,000","28,445",159,"27,228",155,"19,869",NA,NA,163,"20,890",11,95,8,49,7,598,14,349,NA,NA,3,460,"41,600",6,270,"4,500",209,"288,231","4,460,631",9,"5,284","200,327",12,"2,355","100,324",NA,NA,NA,NA,NA,NA,3,725,"21,980",2,(d),(d),187,"59,194","57,780",NA,NA,NA,6,"1,335","37,745",NA,NA,NA,NA,2,(d),501,104,"91,326","1,317,963",160,"191,621","2,942,341",4,488,"10,998",NA,NA
montana,rosebud,414,11,51,61,60,47,184,"2,732,466","6,600",673,"2,835,966",430,"66,808,000","161,371",246,"169,766",198,"82,857",118,"38,683","86,638,000","209,271","17,023,000","69,615,000",,126,18,24,31,40,46,129,141,"3,759,000",162,"4,631,000","76,352,000","184,425",414,"18,676,000","45,112",267,"91,559",248,"50,216",3,3,248,"71,761",9,637,6,685,17,"3,710",38,697,3,30,9,778,"129,425",9,"2,029","46,881",25,"17,688","456,454",14,"4,679","116,751",11,"4,142","441,451",NA,NA,NA,1,(d),(d),4,373,"12,000",2,(d),(d),180,"50,519","104,686",NA,NA,NA,7,"2,803","95,428",1,(d),1,(d),3,(z),414,NA,NA,NA,17,"13,009","339,703",1,(d),(d),NA,NA
montana,sanders,521,33,161,155,86,36,50,"642,640","1,233",90,"1,219,226",988,"34,227,000","65,694",387,"43,265",322,"28,713",212,"21,483","16,910,000","32,458","5,170,000","11,740,000",,240,53,46,77,46,22,37,45,"570,000",190,"2,707,000","16,098,000","30,898",521,"4,090,000","7,850",217,"15,539",193,"10,176",3,6,195,"13,292",8,270,8,102,19,192,93,"5,335",8,38,1,(d),(d),NA,NA,NA,3,(d),(d),NA,NA,NA,2,(d),(d),NA,NA,NA,NA,NA,NA,NA,NA,NA,1,(d),(d),277,"27,205","51,060",NA,NA,NA,NA,NA,NA,18,56,3,1,20,23,521,1,(d),(d),2,(d),(d),3,(d),(d),1,(d)
montana,sheridan,458,14,7,54,78,49,256,"1,064,068","2,323","1,369","1,611,743",694,"201,255,000","443,294",402,"786,144",312,"627,971",18,"4,576","70,570,000","154,083","58,429,000","12,141,000",,121,10,18,39,35,54,181,369,"11,702,000",357,"26,840,000","86,837,000","189,601",458,"22,275,000","48,634",127,"17,651",121,(d),2,(d),122,"13,488",2,(d),2,(d),7,469,6,93,NA,NA,4,"1,620","40,100",NA,NA,NA,245,"334,481","4,360,379",11,"4,937","176,413",8,"2,156","71,774",NA,NA,NA,NA,NA,NA,1,(d),(d),NA,NA,NA,130,"40,005","33,257",NA,NA,NA,NA,NA,NA,1,(d),1,(d),NA,NA,458,230,"294,241","3,625,706",45,"35,303","558,260",NA,NA,NA,NA,NA
montana,silver bow,142,15,50,30,19,12,16,"60,306",425,100,"956,028","2,251","7,498,000","52,803",42,"3,664",36,"2,482",26,"2,412","2,729,000","19,219","566,000","2,163,000",,80,17,8,16,7,7,7,NA,NA,38,"141,000","3,022,000","21,278",142,"-151,000","-1,066",56,"3,679",49,"2,609",NA,NA,47,"2,337",6,12,8,40,13,272,23,229,NA,NA,NA,NA,NA,NA,NA,NA,NA,NA,NA,NA,NA,NA,NA,NA,NA,NA,NA,NA,NA,NA,NA,NA,NA,NA,NA,NA,NA,34,"2,480","5,086",NA,NA,NA,NA,NA,NA,NA,NA,NA,NA,NA,NA,142,NA,NA,NA,NA,NA,NA,NA,NA,NA,NA,NA
montana,stillwater,562,25,103,102,100,70,162,"762,568","1,357",280,"1,823,923","1,344","58,150,000","103,840",388,"175,693",331,"107,482",177,"23,213","51,455,000","91,556","15,631,000","35,824,000",,183,31,35,67,65,67,114,225,"4,175,000",249,"5,843,000","48,040,000","85,481",562,"13,432,000","23,901",285,"46,755",272,"26,078",5,19,286,"33,722",8,291,11,576,28,"13,497",47,896,4,96,11,"1,414","274,723",12,"1,222","31,809",53,"23,207","966,471",50,"19,905","810,296",17,"3,127","156,439",NA,NA,NA,NA,NA,NA,NA,NA,NA,1,(d),(d),304,"74,286","106,739",1,(d),(d),NA,NA,NA,4,4,NA,NA,7,4,562,1,(d),(d),9,(d),(d),2,(d),(d),NA,NA
montana,sweet grass,301,15,43,60,44,28,111,"826,134","2,745",320,"3,117,975","1,136","36,654,000","121,775",166,"57,171",154,"39,175",155,"38,786","25,698,000","85,375","3,133,000","22,565,000",,95,16,35,22,29,31,73,59,"617,000",143,"2,056,000","26,477,000","87,963",301,"1,894,000","6,292",166,"33,529",157,"24,276",6,9,161,"23,468",10,90,8,178,29,"3,433",25,289,1,(d),NA,NA,NA,NA,NA,NA,4,591,"16,756",1,(d),(d),2,(d),(d),NA,NA,NA,NA,NA,NA,NA,NA,NA,NA,NA,NA,151,"37,590","69,295",NA,NA,NA,NA,NA,NA,NA,NA,NA,NA,NA,NA,301,NA,NA,NA,4,(d),(d),2,(d),(d),NA,NA
montana,teton,686,37,125,111,157,76,180,"887,436","1,294",315,"1,533,701","1,186","108,731,000","159,196",537,"460,072",399,"281,754",340,"93,837","107,206,000","156,277","68,719,000","38,487,000",,268,21,41,35,51,71,199,391,"8,367,000",392,"8,571,000","99,333,000","144,800",686,"24,811,000","36,168",222,"46,002",196,(d),6,(d),202,"31,521",11,(d),9,(d),31,"6,849",29,"69,282",2,(d),NA,NA,NA,NA,NA,NA,140,"125,246","5,907,088",94,"76,367","3,929,309",134,"56,837","4,632,812",NA,NA,NA,NA,NA,NA,3,148,"7,932",1,(d),(d),285,"54,875","123,722",3,931,"380,188",NA,NA,NA,6,16,2,(d),NA,NA,686,27,"10,340","547,892",93,"38,539","1,429,887",4,"1,070","30,509",NA,NA
montana,toole,362,5,11,31,44,44,227,"1,094,910","3,025","1,800","2,653,458",877,"101,060,000","280,722",323,"734,547",236,"416,771",32,"5,327","84,182,000","232,547","66,928,000","17,254,000",,115,9,4,17,32,34,151,300,"11,549,000",237,"9,452,000","78,022,000","215,530",362,"27,161,000","75,031",96,"18,245",95,"12,008",3,380,89,"11,077",6,(d),7,(d),15,"2,364",9,"26,229",1,(d),NA,NA,NA,NA,NA,NA,181,"216,164","6,172,378",75,"58,357","2,252,414",86,"82,404","3,179,456",NA,NA,NA,NA,NA,NA,NA,NA,NA,1,(d),(d),109,"22,376","32,405",NA,NA,NA,NA,NA,NA,1,(d),1,(d),NA,NA,362,28,"21,456","567,549",147,"136,351","3,352,415",3,(d),(d),NA,NA
montana,treasure,121,2,18,19,5,14,63,"614,142","5,076","1,060","2,934,450",578,"41,173,000","340,275",86,"55,761",84,"47,954",75,"36,647","45,026,000","372,118","27,072,000","17,954,000",,22,4,9,9,9,7,61,57,"1,197,000",77,"3,088,000","37,363,000","308,789",121,"11,948,000","98,745",72,"28,375",58,(d),1,(d),65,"17,426",1,(d),1,(d),4,514,5,82,NA,NA,11,"1,558","283,816",25,"5,876","159,485",25,"9,413","517,489",7,"3,740","133,280",23,"6,593","841,863",NA,NA,NA,NA,NA,NA,3,516,"24,374",NA,NA,NA,70,"13,377","50,251",NA,NA,NA,11,"4,400","171,988",NA,NA,NA,NA,NA,NA,121,4,700,"35,556",22,"4,973","348,653",NA,NA,NA,NA,NA
montana,valley,557,11,41,76,97,62,270,"1,630,027","2,926",872,"1,883,822",644,"152,199,000","274,232",478,"779,166",357,"525,680",135,"45,099","96,553,000","173,344","53,295,000","43,258,000",,150,28,32,34,46,52,215,417,"13,469,000",316,"25,998,000","112,756,000","202,434",557,"23,263,000","41,765",200,"61,831",185,(d),1,(d),200,"48,052",1,(d),1,(d),13,554,20,442,NA,NA,7,"1,224","99,900",7,"1,126","21,384",194,"287,395","4,352,529",22,"13,852","296,525",10,"5,650","177,056",1,(d),(d),NA,NA,NA,10,"1,699","51,454",1,(d),(d),227,"68,189","122,182",NA,NA,NA,NA,NA,NA,2,(d),2,(d),1,(d),557,50,"46,714","605,355",177,"226,829","3,450,649",2,(d),(d),NA,NA
montana,wheatland,174,9,11,22,23,20,89,"860,203","4,944","1,000","3,425,165",693,"34,696,000","199,401",106,"138,771",89,"81,579",68,"23,019","43,103,000","247,719","8,753,000","34,350,000",,28,9,10,24,18,26,59,88,"2,221,000",84,"1,359,000","34,999,000","201,146",174,"11,684,000","67,150",109,"43,006",98,(d),4,(d),106,"24,106",3,"17,083",3,"24,010",24,"12,523",17,248,3,"16,700",1,(d),(d),1,(d),(d),14,"26,943","836,372",10,"17,167","587,556",7,"6,575","311,180",NA,NA,NA,NA,NA,NA,NA,NA,NA,1,(d),(d),88,"38,557","60,427",NA,NA,NA,NA,NA,NA,4,54,3,30,NA,NA,174,3,"2,611","99,326",11,"7,165","149,490",3,93,"3,300",NA,NA
montana,wibaux,137,4,10,9,19,17,78,"515,403","3,762","1,340","2,321,989",617,"30,702,000","224,104",85,"98,328",75,"67,278",9,"2,936","18,012,000","131,471","5,576,000","12,435,000",,27,3,10,15,8,27,47,114,"2,083,000",92,"4,037,000","20,153,000","147,099",137,"3,979,000","29,044",91,"21,050",87,(d),1,(d),85,"12,552",NA,NA,2,(d),6,"1,630",16,254,NA,NA,5,"1,114","29,991",2,(d),(d),26,"23,235","351,745",11,"4,695","109,179",7,"1,168","56,276",NA,NA,NA,NA,NA,NA,NA,NA,NA,NA,NA,NA,68,"24,886","22,088",1,(d),(d),NA,NA,NA,NA,NA,NA,NA,NA,NA,137,11,"6,076","66,855",21,"12,464","175,711",5,494,"7,771",NA,NA
montana,yellowstone,"1,314",201,402,262,172,86,191,"1,602,794","1,220",60,"1,223,832","1,003","136,561,000","104,007",773,"298,985",665,"186,765",641,"76,822","135,287,000","102,958","43,078,000","92,209,000",,571,98,122,149,107,66,201,295,"5,615,000",496,"8,851,000","127,316,000","96,892","1,314","22,437,000","17,076",540,"110,710",445,"36,827",18,330,500,"84,590",31,(d),27,(d),60,"2,082",193,"20,552",10,(d),55,"8,068","869,373",51,"6,952","160,572",91,"73,041","2,822,693",58,"64,067","2,424,503",95,"16,742","1,552,259",NA,NA,NA,NA,NA,NA,4,321,"18,145",1,(d),(d),599,"66,107","116,988",3,"1,413","921,807",35,"4,682","146,210",17,121,6,5,6,8,"1,314",3,700,"3,950",55,"8,274","394,240",3,(d),(d),1,(d)
