state,county,farm_operations_number_of_operations,area_operated_(1.0_to_9.9_acres),area_operated_(10.0_to_49.9_acres),area_operated_(50_to_179_acres),area_operated_(180_to_499_acres),area_operated_(500_to_999_acres),area_operated_(1000_or_more_acres),farm_operations_acres_operated,farm_operations_area_operated_measured_in_acres_operation,farm_operations_area_operated_measured_in_acres_operation_median,ag_land_incl_buildings_asset_value_measured_in_$_operation,ag_land_incl_buildings_asset_value_measured_in_$_acre,machinery_totals_asset_value_measured_in_$,machinery_totals_asset_value_measured_in_$_operation,ag_land_cropland_number_of_operations,ag_land_cropland_acres,ag_land_cropland_harvested_number_of_operations,ag_land_cropland_harvested_acres,ag_land_irrigated_number_of_operations,ag_land_irrigated_acres,commodity_totals_sales_measured_in_$,commodity_totals_sales_measured_in_$_operation,crop_totals_sales_measured_in_$,animal_totals_incl_products_sales_measured_in_$,commodity_totals_operations_with_sales,farm_sales_(less_than_2500_$),farm_sales_(2500_to_4999_$),farm_sales_(5000_to_9999_$),farm_sales_(10000_to_24999_$),farm_sales_(25000_to_49999_$),farm_sales_(50000_to_99999_$),farm_sales_(100000_or_more_$),govt_programs_federal_operations_with_receipts,govt_programs_federal_receipts_measured_in_$,income_farmrelated_operations_with_receipts,income_farmrelated_receipts_measured_in_$,expense_totals_operating_expense_measured_in_$,expense_totals_operating_expense_measured_in_$_operation,income_net_cash_farm_of_operations_operations_with_net_income,income_net_cash_farm_of_operations_net_income_measured_in_$,income_net_cash_farm_of_operations_net_income_measured_in_$_operation,cattle_incl_calves_operations_with_inventory,cattle_incl_calves_inventory,cattle_cows_beef_operations_with_inventory,cattle_cows_beef_inventory,cattle_cows_milk_operations_with_inventory,cattle_cows_milk_inventory,cattle_incl_calves_operations_with_sales,cattle_incl_calves_sales_measured_in_head,hogs_operations_with_inventory,hogs_inventory,hogs_operations_with_sales,hogs_sales_measured_in_head,sheep_incl_lambs_operations_with_inventory,sheep_incl_lambs_inventory,chickens_layers_operations_with_inventory,chickens_layers_inventory,chickens_broilers_operations_with_sales,chickens_broilers_sales_measured_in_head,corn_grain_operations_with_area_harvested,corn_grain_acres_harvested,corn_grain_production_measured_in_bu,corn_silage_operations_with_area_harvested,corn_silage_acres_harvested,corn_silage_production_measured_in_tons,wheat_operations_with_area_harvested,wheat_acres_harvested,wheat_production_measured_in_bu,wheat_winter_operations_with_area_harvested,wheat_winter_acres_harvested,wheat_winter_production_measured_in_bu,barley_operations_with_area_harvested,barley_acres_harvested,barley_production_measured_in_bu,sorghum_grain_operations_with_area_harvested,sorghum_grain_acres_harvested,sorghum_grain_production_measured_in_bu,sorghum_silage_operations_with_area_harvested,sorghum_silage_acres_harvested,sorghum_silage_production_measured_in_tons,soybeans_operations_with_area_harvested,soybeans_acres_harvested,soybeans_production_measured_in_bu,beans_dry_edible_(excl_chickpeas_&_lima)_operations_with_area_harvested,beans_dry_edible_(excl_chickpeas_&_lima)_acres_harvested,beans_dry_edible_(excl_chickpeas_&_lima)_production_measured_in_cwt,hay_&_haylage_operations_with_area_harvested,hay_&_haylage_acres_harvested,hay_&_haylage_production_measured_in_tons_dry_basis,sunflower_operations_with_area_harvested,sunflower_acres_harvested,sunflower_production_measured_in_lb,sugarbeets_operations_with_area_harvested,sugarbeets_acres_harvested,sugarbeets_production_measured_in_tons,vegetable_totals_in_the_open_operations_with_area_harvested,vegetable_totals_in_the_open_acres_harvested,potatoes_operations_with_area_harvested,potatoes_acres_harvested,orchards_operations_with_area_bearing_&_nonbearing,orchards_acres_bearing_&_nonbearing,ag_land_incl_buildings_operations_with_asset_value,wheat_spring_durum_operations_with_area_harvested,wheat_spring_durum_acres_harvested,wheat_spring_durum_production_measured_in_bu,wheat_spring_(excl_durum)_operations_with_area_harvested,wheat_spring_(excl_durum)_acres_harvested,wheat_spring_(excl_durum)_production_measured_in_bu,oats_operations_with_area_harvested,oats_acres_harvested,oats_production_measured_in_bu,sweet_potatoes_operations_with_area_harvested,sweet_potatoes_acres_harvested,JOIN_CUT$latitude,JOIN_CUT$longitude
colorado,adams,905,150,411,139,67,39,99,705289,779,40,1256762,1613,117126000,129421,570,586828,384,"283,538",214,"21,557","126,500,000","139,779","103,563,000",22937000,NA,467,90,75,82,49,39,103,236,"5,037,000",282,"9,577,000",117262000,129571,905,23852000,"26,355",302,"14,986",234,"6,235",32,"1,698",222,6653,74,(d),71,(d),45,593,220,"4,505",26,654,73,"42,882","3,603,391",10,"1,540","39,597",151,"193,026","7,727,255",151,"193,026","7,727,255",1,(d),(d),20,"10,236","228,106",5,"1,288","2,384",8,"1,239","39,501",6,935,"21,670",202,13406,27499,16,"8,124","6,213,176",6,910,"27,225",28,368,2,(d),15,22,905,NA,NA,NA,NA,NA,NA,NA,NA,NA,NA,NA,39.9787786,-91.2110065
colorado,alamosa,280,14,51,76,44,37,58,192030,686,166,1453990,2120,76381000,272790,178,81082,149,"59,432",181,"79,543","89,334,000","319,051","81,248,000",8086000,NA,111,12,7,23,11,33,83,64,"836,000",134,"3,483,000",72426000,258666,280,21227000,"75,811",99,"11,898",88,"7,197",3,8,79,7363,5,34,3,(d),37,"4,465",22,405,2,(d),NA,NA,NA,2,(d),(d),9,"1,525","122,710",NA,NA,NA,31,"10,666","1,281,067",1,(d),(d),NA,NA,NA,NA,NA,NA,NA,NA,NA,120,27326,90902,NA,NA,NA,NA,NA,NA,30,"16,071",30,(d),NA,NA,280,3,900,"67,500",9,625,"55,210",7,380,"46,000",NA,NA,37.5780995,-105.7890452
colorado,arapahoe,851,87,542,124,40,17,41,282912,332,38,751389,2260,54166000,63650,419,136849,206,"44,558",46,"1,155","26,695,000","31,369","20,815,000",5881000,NA,570,85,84,46,24,17,25,128,"1,705,000",223,"3,050,000",37698000,44299,851,-6248000,"-7,342",343,"8,343",263,"4,325",19,33,227,4223,78,732,79,829,37,457,259,"4,646",17,730,3,(d),(d),NA,NA,NA,46,"35,106","1,308,309",46,"35,106","1,308,309",NA,NA,NA,1,(d),(d),NA,NA,NA,NA,NA,NA,2,(d),(d),139,4715,5627,1,(d),(d),NA,NA,NA,12,20,6,3,5,8,851,NA,NA,NA,NA,NA,NA,NA,NA,NA,NA,NA,39.6416781,-104.3628567
colorado,archuleta,399,37,128,117,43,17,57,210147,527,72,1634748,3104,26744000,67028,206,12532,151,"8,124",200,"18,332","11,157,000","27,963","1,403,000",9755000,NA,187,33,50,57,29,19,24,10,"143,000",140,"1,836,000",15247000,38213,399,-2111000,"-5,291",168,"8,487",134,(d),1,(d),147,10172,3,15,3,11,12,228,26,437,3,58,NA,NA,NA,NA,NA,NA,NA,NA,NA,NA,NA,NA,8,236,"7,208",NA,NA,NA,NA,NA,NA,NA,NA,NA,NA,NA,NA,127,7417,12963,NA,NA,NA,NA,NA,NA,7,3,6,1,9,16,399,NA,NA,NA,NA,NA,NA,NA,NA,NA,NA,NA,37.1995993,-107.0842479
colorado,baca,667,5,17,85,147,90,323,1471783,2207,960,1729456,784,98912000,149867,538,742370,253,(d),91,"45,519","114,083,000","171,039","52,394,000",61689000,NA,302,20,18,41,58,70,158,560,"19,467,000",290,"12,474,000",120288000,180342,667,25737000,"38,586",251,"55,493",238,"26,091",6,7,235,50391,NA,NA,1,(d),2,(d),18,476,NA,NA,73,"49,206","5,660,274",10,"1,441","22,074",182,"133,845","4,012,111",182,"133,845","4,012,111",1,(d),(d),115,"79,903","3,630,643",6,"1,700","22,613",1,(d),(d),1,(d),(d),86,15932,39107,8,"5,961","3,172,492",NA,NA,NA,NA,NA,NA,NA,NA,NA,667,NA,NA,NA,NA,NA,NA,1,(d),(d),NA,NA,37.3147687,-102.5770885
colorado,bent,274,23,12,71,49,26,93,734630,2681,400,1850149,690,45607000,166448,156,93280,98,(d),92,"38,828","60,817,000","221,962","16,433,000",44385000,NA,103,5,13,26,20,26,81,141,"1,854,000",115,"2,662,000",50086000,182796,274,15247000,"55,647",147,"27,518",143,"16,269",4,8,132,20686,2,(d),3,(d),7,211,30,403,NA,NA,44,"12,066","2,094,138",6,298,"5,778",36,"3,547","215,168",35,(d),(d),NA,NA,NA,14,"3,224","292,926",5,246,"3,820",NA,NA,NA,1,(d),(d),84,22848,71576,3,379,"219,450",NA,NA,NA,NA,NA,NA,NA,NA,NA,274,NA,NA,NA,1,(d),(d),2,(d),(d),NA,NA,37.9421152,-103.0964287
colorado,boulder,1012,373,426,144,35,12,22,107043,106,15,1329691,12571,67843000,67305,793,38128,704,"28,868",712,"27,232","43,898,000","43,378","38,380,000",5519000,NA,579,111,113,99,36,27,47,57,"501,000",280,"9,776,000",54094000,53453,1012,81000,80,188,"5,986",144,"3,978",10,17,142,3721,28,518,39,739,44,955,180,"5,031",5,910,15,"2,564","421,460",7,"1,246","33,284",11,"1,588","127,600",11,"1,588","127,600",7,968,"75,693",1,(d),(d),NA,NA,NA,NA,NA,NA,5,263,"6,297",551,20351,46587,1,(d),(d),6,704,"21,325",92,722,14,8,58,65,1012,NA,NA,NA,NA,NA,NA,2,(d),(d),3,3,40.0149856,-105.270545
colorado,broomfield,38,14,15,4,2,NA,3,8506,224,25,1223811,5467,1836000,48312,31,7695,17,"2,221",12,"1,231","613,000","16,125","475,000",138000,NA,31,1,NA,1,2,NA,3,1,(d),2,(d),713000,18775,38,-76000,"-1,995",11,268,9,89,NA,NA,5,319,NA,NA,NA,NA,2,(d),8,24,NA,NA,1,(d),(d),2,(d),(d),3,(d),(d),3,660,"11,080",NA,NA,NA,NA,NA,NA,NA,NA,NA,NA,NA,NA,NA,NA,NA,16,601,1462,NA,NA,NA,NA,NA,NA,NA,NA,NA,NA,NA,NA,38,NA,NA,NA,1,(d),(d),NA,NA,NA,NA,NA,39.9403995,-105.05208
colorado,chaffee,NA,NA,NA,NA,NA,NA,NA,NA,NA,NA,NA,NA,NA,NA,NA,NA,NA,NA,NA,NA,NA,NA,NA,0,NA,NA,NA,NA,NA,NA,NA,NA,NA,NA,NA,NA,NA,NA,NA,0,NA,NA,NA,NA,NA,NA,NA,NA,NA,NA,NA,NA,NA,NA,NA,NA,NA,NA,NA,NA,NA,NA,NA,NA,NA,NA,NA,NA,NA,NA,NA,NA,NA,NA,NA,NA,NA,NA,NA,NA,NA,NA,NA,NA,NA,NA,NA,NA,NA,NA,NA,NA,NA,NA,NA,NA,NA,NA,NA,NA,NA,NA,NA,NA,NA,NA,NA,NA,NA,NA,NA,NA,NA,38.7413025,-106.1825012
colorado,cheyenne,377,9,9,39,53,67,200,1075562,2853,1172,2389477,838,98277000,260682,317,599063,200,"308,850",48,"23,554","89,226,000","236,675","67,819,000",21408000,NA,117,6,21,25,29,47,132,309,"10,125,000",189,"4,580,000",76511000,202948,377,27420000,"72,733",140,"34,782",131,"18,647",3,12,145,25160,2,(d),6,50,NA,NA,2,(d),NA,NA,78,"69,591","7,976,634",NA,NA,NA,166,"172,664","8,446,362",166,"172,664","8,446,362",NA,NA,NA,70,"48,191","2,221,997",9,"3,280","40,472",3,258,"15,816",NA,NA,NA,77,19291,31818,12,"3,620","4,184,000",NA,NA,NA,NA,NA,NA,NA,NA,NA,377,NA,NA,NA,NA,NA,NA,NA,NA,NA,NA,NA,41.139981,-104.820246
colorado,clear creek,33,11,3,10,3,3,3,10357,314,55,990682,3157,1805000,54704,21,924,19,454,17,286,"174,000","5,261","53,000",121000,NA,18,5,9,NA,NA,1,NA,NA,NA,13,"21,000",357000,10831,33,0,(d),8,100,7,(d),NA,NA,11,113,NA,NA,NA,NA,NA,NA,NA,NA,NA,NA,NA,NA,NA,NA,NA,NA,NA,NA,NA,NA,NA,NA,NA,NA,NA,NA,NA,NA,NA,NA,NA,NA,NA,NA,NA,NA,NA,16,448,347,NA,NA,NA,NA,NA,NA,NA,NA,NA,NA,NA,NA,33,NA,NA,NA,NA,NA,NA,NA,NA,NA,NA,NA,39.6754591,-105.6435349
colorado,conejos,524,44,131,131,84,59,75,266278,508,140,857351,1687,70025000,133635,414,131453,388,"103,574",384,"119,518","53,941,000","102,941","34,080,000",19860000,NA,163,47,44,38,63,41,128,95,"718,000",195,"5,388,000",42618000,81333,524,17428000,"33,259",247,"35,855",215,"22,585",10,186,206,19171,20,411,20,311,42,"10,867",54,"1,504",2,(d),3,39,"3,900",1,(d),(d),3,932,"36,110",3,(d),(d),32,"6,008","645,537",NA,NA,NA,NA,NA,NA,NA,NA,NA,NA,NA,NA,383,94133,238988,NA,NA,NA,NA,NA,NA,5,(d),2,(d),NA,NA,524,NA,NA,NA,1,(d),(d),18,"1,268","83,800",NA,NA,37.1851939,-106.1655431
colorado,costilla,229,11,107,45,32,12,22,357617,1562,46,1898119,1215,35310000,154192,197,50567,166,"31,267",167,"39,343","22,059,000","96,328","19,353,000",2706000,NA,111,21,21,25,15,12,24,21,"308,000",50,"2,821,000",21575000,94215,229,3612000,"15,775",90,"6,297",83,"4,256",7,10,73,3601,5,18,2,(d),15,544,20,418,1,(d),NA,NA,NA,NA,NA,NA,6,"1,881","162,114",1,(d),(d),9,"4,842","574,290",NA,NA,NA,NA,NA,NA,NA,NA,NA,2,(d),(d),164,21817,67243,NA,NA,NA,NA,NA,NA,7,"2,770",4,(d),NA,NA,229,NA,NA,NA,5,(d),(d),NA,NA,NA,NA,NA,37.2367948,-105.4182008
colorado,crowley,246,14,38,50,35,33,76,484328,1969,280,1002121,509,21784000,88555,120,30995,59,(d),55,"4,684","96,277,000","391,371","1,312,000",94965000,NA,113,15,8,30,22,13,45,120,"1,701,000",89,"962,000",85758000,348609,246,13182000,"53,585",140,"72,158",125,"15,597",5,7,127,65452,12,552,4,450,22,830,48,"1,407",10,670,5,217,"25,090",3,86,"1,562",2,(d),(d),2,(d),(d),1,(d),(d),5,"1,413","33,040",11,369,"5,273",NA,NA,NA,1,(d),(d),53,5744,17136,NA,NA,NA,NA,NA,NA,5,150,NA,NA,2,(d),246,NA,NA,NA,NA,NA,NA,NA,NA,NA,NA,NA,38.3394806,-103.8263042
colorado,custer,315,15,97,89,56,31,27,161337,512,105,994967,1943,25680000,81523,142,28989,110,"20,527",98,"22,558","9,680,000","30,731","4,582,000",5099000,NA,178,19,25,23,15,20,35,10,"173,000",84,"2,126,000",9920000,31493,315,2059000,"6,537",133,"8,387",101,"5,709",4,5,90,5529,3,56,6,84,10,243,43,655,3,18,NA,NA,NA,NA,NA,NA,NA,NA,NA,NA,NA,NA,NA,NA,NA,NA,NA,NA,NA,NA,NA,NA,NA,NA,NA,NA,NA,100,20086,35224,NA,NA,NA,NA,NA,NA,NA,NA,NA,NA,NA,NA,315,NA,NA,NA,NA,NA,NA,NA,NA,NA,NA,NA,38.1072962,-105.3543375
colorado,delta,1615,433,693,288,114,41,46,236846,147,25,705824,4813,109790000,67981,1303,69393,1198,"49,214",1429,"66,762","67,117,000","41,558","30,366,000",36751000,NA,849,165,170,153,94,54,130,101,"897,000",383,"6,075,000",59466000,36821,1615,14623000,"9,054",513,"40,550",419,(d),13,(d),396,23694,56,910,61,"1,284",77,"15,613",261,"7,159",22,"2,827",33,"4,087","672,246",18,"2,315","55,731",14,"1,496","151,797",14,"1,496","151,797",1,(d),(d),NA,NA,NA,NA,NA,NA,NA,NA,NA,20,"1,464","35,374",1025,34823,67495,1,(d),(d),NA,NA,NA,83,"1,295",15,7,154,"2,070",1615,NA,NA,NA,NA,NA,NA,3,72,"5,450",NA,NA,33.3926893,-95.6749486
colorado,denver,12,6,6,NA,NA,NA,NA,129,11,8,685079,63728,313000,26067,7,43,7,(d),5,(d),(d),(d),(d),0,NA,8,NA,NA,1,NA,2,1,NA,NA,4,(d),1097000,91450,12,0,(d),2,(d),NA,NA,2,(d),NA,NA,NA,NA,NA,NA,NA,NA,2,(d),NA,NA,NA,NA,NA,NA,NA,NA,1,(d),(d),1,(d),(d),NA,NA,NA,NA,NA,NA,NA,NA,NA,NA,NA,NA,NA,NA,NA,NA,NA,NA,NA,NA,NA,NA,NA,NA,2,(d),2,(d),NA,NA,12,NA,NA,NA,NA,NA,NA,NA,NA,NA,NA,NA,39.7392364,-104.984862
colorado,dolores,313,11,57,111,68,33,33,157664,504,157,898017,1783,21839000,69774,230,69871,111,"31,048",60,"7,241","8,516,000","27,208","6,038,000",2478000,NA,188,21,13,35,19,12,25,139,"1,123,000",123,"909,000",7979000,25491,313,2569000,"8,207",67,"5,052",48,"3,212",NA,NA,42,2951,NA,NA,NA,NA,7,109,30,415,NA,NA,1,(d),(d),NA,NA,NA,65,"15,008","239,470",62,"14,756","227,183",1,(d),(d),NA,NA,NA,NA,NA,NA,NA,NA,NA,31,"8,321","45,210",38,6395,21455,1,(d),(d),NA,NA,NA,5,11,5,2,7,25,313,NA,NA,NA,4,252,"12,287",NA,NA,NA,NA,NA,37.7524811,-108.4596087
colorado,douglas,1223,180,644,241,98,23,37,201574,165,36,1112035,6747,61790000,50523,484,26536,305,"12,371",87,"2,285","18,867,000","15,427","11,700,000",7168000,NA,811,146,99,82,37,26,22,41,"428,000",309,"7,516,000",36398000,29761,1223,-9587000,"-7,839",437,"8,005",322,"5,012",8,14,322,5680,29,95,30,97,57,673,242,"4,542",9,112,NA,NA,NA,NA,NA,NA,7,"1,500","40,546",7,"1,500","40,546",NA,NA,NA,NA,NA,NA,NA,NA,NA,NA,NA,NA,NA,NA,NA,266,10500,10175,2,(d),(d),NA,NA,NA,10,7,2,(d),12,9,1223,NA,NA,NA,NA,NA,NA,1,(d),(d),NA,NA,39.7628415,-88.2170516
colorado,eagle,257,41,74,81,31,10,20,155200,604,77,1998474,3309,21480000,83582,201,15360,170,"12,404",191,"14,780","8,243,000","32,074","1,972,000",6271000,NA,121,30,35,24,13,18,16,13,"60,000",91,"3,219,000",11465000,44610,257,57000,223,72,"9,513",66,(d),2,(d),49,6024,4,14,4,30,6,"9,432",29,823,NA,NA,NA,NA,NA,NA,NA,NA,6,960,"8,640",6,960,"8,640",NA,NA,NA,NA,NA,NA,NA,NA,NA,NA,NA,NA,NA,NA,NA,147,11393,15786,NA,NA,NA,NA,NA,NA,6,5,6,2,1,(d),257,NA,NA,NA,NA,NA,NA,NA,NA,NA,NA,NA,39.6161124,-106.7172844
colorado,el paso,1345,188,424,368,149,74,142,630033,468,75,659073,1407,62265000,46294,443,51531,232,"18,121",126,"8,922","31,898,000","23,716","13,803,000",18095000,NA,795,140,133,119,61,51,46,101,"1,300,000",299,"5,548,000",44015000,32725,1345,-5269000,"-3,917",545,"28,082",451,"15,738",19,29,412,15779,59,349,84,574,64,973,353,(d),29,"2,270",3,5,500,2,(d),(d),5,504,"15,910",4,(d),(d),NA,NA,NA,4,268,"16,208",3,(d),149,NA,NA,NA,NA,NA,NA,161,15812,24655,NA,NA,NA,NA,NA,NA,29,56,18,3,11,17,1345,NA,NA,NA,1,(d),(d),NA,NA,NA,NA,NA,31.7601164,-106.4870404
colorado,elbert,1632,171,534,502,167,86,172,1018461,624,60,952293,1526,99851000,61221,665,189920,408,"77,935",103,"6,690","35,373,000","21,675","7,511,000",27862000,NA,917,159,198,161,77,45,75,194,"3,286,000",466,"6,654,000",58412000,35792,1632,-13098000,"-8,026",815,"40,779",665,"24,785",25,41,622,28704,59,407,56,680,90,"1,582",329,"6,252",12,"1,512",16,"7,484","505,528",NA,NA,NA,34,"22,094","603,510",34,"22,094","603,510",NA,NA,NA,9,"5,804","175,124",7,775,873,NA,NA,NA,NA,NA,NA,345,34765,36089,2,(d),(d),NA,NA,NA,30,28,7,1,10,5,1632,NA,NA,NA,NA,NA,NA,3,184,"8,206",NA,NA,34.1194318,-82.8408412
colorado,fremont,1034,403,346,129,57,29,70,278093,269,12,628195,2336,49739000,48150,633,15097,565,"9,668",616,"11,254","21,806,000","21,089","5,136,000",16670000,NA,679,137,73,48,45,29,23,21,"244,000",258,"1,885,000",24653000,23843,1034,-719000,-695,397,"15,249",305,"7,919",18,"2,009",235,8909,24,216,27,380,17,139,169,"3,195",11,763,NA,NA,NA,2,(d),(d),NA,NA,NA,NA,NA,NA,NA,NA,NA,NA,NA,NA,NA,NA,NA,NA,NA,NA,NA,NA,NA,496,8830,20538,NA,NA,NA,NA,NA,NA,29,50,4,(z),59,138,1034,NA,NA,NA,NA,NA,NA,NA,NA,NA,NA,NA,37.5482697,-121.988571
colorado,garfield,661,78,249,131,74,42,87,475166,719,50,1724785,2399,59117000,89572,496,77405,421,"41,885",500,"51,961","35,863,000","54,255","8,786,000",27077000,NA,257,79,67,91,56,34,77,48,"360,000",190,"6,900,000",38428000,58135,661,4696000,"7,104",258,"34,267",234,"18,993",6,8,231,22468,17,205,30,243,37,"10,529",119,"9,779",17,364,5,390,"62,196",4,160,"3,600",4,325,"9,493",3,(d),(d),1,(d),(d),3,312,"8,253",NA,NA,NA,NA,NA,NA,NA,NA,NA,397,39902,68475,NA,NA,NA,NA,NA,NA,13,287,2,(d),17,35,661,NA,NA,NA,1,(d),(d),2,(d),(d),NA,NA,39.5462048,-107.8776144
colorado,gilpin,37,4,15,12,4,2,NA,3908,106,46,446403,4226,1256000,33954,14,484,8,145,2,(d),"216,000","5,842","37,000",179000,NA,24,2,4,6,NA,1,NA,6,"28,000",9,"568,000",606000,16382,37,207000,"5,583",7,(d),5,47,2,(d),9,154,NA,NA,NA,NA,2,(d),3,42,NA,NA,NA,NA,NA,NA,NA,NA,NA,NA,NA,NA,NA,NA,NA,NA,NA,NA,NA,NA,NA,NA,NA,NA,NA,NA,NA,NA,NA,6,142,567,NA,NA,NA,NA,NA,NA,1,(d),1,(d),NA,NA,37,NA,NA,NA,NA,NA,NA,NA,NA,NA,NA,NA,39.8586654,-105.5025219
colorado,grand,290,22,117,58,42,13,38,240980,831,60,1827034,2199,26852000,92591,196,36525,156,"30,952",174,"36,290","14,440,000","49,792","3,388,000",11052000,NA,154,21,19,21,18,21,36,5,"30,000",120,"4,422,000",17237000,59439,290,1655000,"5,707",126,"17,031",102,"10,699",4,8,94,12592,3,15,9,26,7,111,39,773,1,(d),NA,NA,NA,NA,NA,NA,NA,NA,NA,NA,NA,NA,NA,NA,NA,NA,NA,NA,NA,NA,NA,NA,NA,NA,NA,NA,NA,152,30932,46758,NA,NA,NA,NA,NA,NA,1,(d),NA,NA,NA,NA,290,NA,NA,NA,NA,NA,NA,NA,NA,NA,NA,NA,48.386104,5.4866253
colorado,gunnison,309,35,90,53,40,35,56,266922,864,120,2217820,2567,33278000,107695,197,49344,179,"41,202",214,"57,672","24,117,000","78,047","5,472,000",18644000,NA,130,30,33,24,12,21,59,12,"51,000",105,"1,529,000",22193000,71821,309,3504000,"11,341",113,"23,819",99,"13,842",6,6,115,17519,8,61,9,32,13,"10,931",25,753,5,395,NA,NA,NA,NA,NA,NA,NA,NA,NA,NA,NA,NA,NA,NA,NA,NA,NA,NA,NA,NA,NA,NA,NA,NA,NA,NA,NA,169,41177,52192,NA,NA,NA,NA,NA,NA,6,17,5,1,2,(d),309,NA,NA,NA,NA,NA,NA,NA,NA,NA,NA,NA,38.6476702,-107.0603126
colorado,hinsdale,26,NA,2,16,2,2,4,10478,403,120,741831,1841,1824000,70145,15,1067,15,947,20,"2,461","261,000","10,052",(d),0,NA,17,2,2,1,2,2,NA,1,(d),8,"101,000",557000,21429,26,-189000,"-7,263",8,587,8,391,NA,NA,9,381,NA,NA,NA,NA,NA,NA,1,(d),NA,NA,NA,NA,NA,NA,NA,NA,NA,NA,NA,NA,NA,NA,NA,NA,NA,NA,NA,NA,NA,NA,NA,NA,NA,NA,NA,NA,NA,15,947,1706,NA,NA,NA,NA,NA,NA,NA,NA,NA,NA,NA,NA,26,NA,NA,NA,NA,NA,NA,NA,NA,NA,NA,NA,37.813681,-107.3304179
colorado,huerfano,437,15,78,110,107,32,95,581606,1331,200,1280062,962,25687000,58781,193,19449,150,"9,152",134,"8,573","13,186,000","30,174","1,421,000",11765000,NA,238,29,38,40,46,32,14,34,"311,000",100,"673,000",14738000,33727,437,-568000,"-1,300",211,"17,144",197,(d),4,(d),162,9663,7,19,4,12,9,29,43,681,2,(d),NA,NA,NA,2,(d),(d),2,(d),(d),NA,NA,NA,NA,NA,NA,NA,NA,NA,NA,NA,NA,NA,NA,NA,NA,NA,NA,134,8843,20434,NA,NA,NA,NA,NA,NA,5,7,4,1,3,(d),437,NA,NA,NA,2,(d),(d),NA,NA,NA,NA,NA,37.7013983,-105.0218531
colorado,jackson,131,5,15,15,32,15,49,301474,2301,430,3045594,1323,25712000,196274,76,67437,73,"61,097",88,"70,448","24,487,000","186,923","4,530,000",19957000,NA,47,13,5,3,4,11,48,9,"35,000",63,"3,477,000",18681000,142600,131,9319000,"71,134",59,"22,758",50,"14,207",NA,NA,57,20455,NA,NA,NA,NA,7,(d),16,205,NA,NA,1,(d),(d),1,(d),(d),NA,NA,NA,NA,NA,NA,NA,NA,NA,NA,NA,NA,NA,NA,NA,NA,NA,NA,NA,NA,NA,71,60927,69820,NA,NA,NA,NA,NA,NA,1,(d),1,(d),NA,NA,131,NA,NA,NA,NA,NA,NA,NA,NA,NA,NA,NA,32.2998686,-90.1830408
colorado,jefferson,597,247,217,90,24,3,16,68536,115,15,885635,7715,21988000,36831,277,5446,228,"3,362",164,"1,190","9,041,000","15,144","7,036,000",2005000,NA,418,67,38,35,17,10,12,18,"151,000",128,"6,759,000",19166000,32105,597,-3215000,"-5,386",157,"2,049",126,"1,455",6,10,124,1195,NA,NA,1,(d),50,469,123,"2,304",NA,NA,1,(d),(d),NA,NA,NA,2,(d),(d),2,(d),(d),NA,NA,NA,NA,NA,NA,NA,NA,NA,1,(d),(d),NA,NA,NA,150,2446,3220,NA,NA,NA,NA,NA,NA,38,39,5,1,8,8,597,NA,NA,NA,NA,NA,NA,NA,NA,NA,NA,NA,29.834772,-94.1704496
colorado,kiowa,388,7,5,69,65,55,187,1091807,2814,895,2122946,754,63184000,162846,315,676329,167,(d),21,"2,740","65,468,000","168,731","40,491,000",24976000,NA,172,10,9,25,51,25,96,318,"10,450,000",188,"5,753,000",60496000,155917,388,21175000,"54,575",114,"17,980",109,"10,371",4,10,109,13153,3,(d),3,(d),6,126,9,381,NA,NA,32,"26,280","2,261,313",NA,NA,NA,133,"168,831","5,366,284",133,"168,831","5,366,284",NA,NA,NA,59,"61,016","2,949,838",2,(d),(d),1,(d),(d),NA,NA,NA,37,5242,9673,19,"15,990","18,439,447",NA,NA,NA,NA,NA,NA,NA,NA,NA,388,NA,NA,NA,NA,NA,NA,NA,NA,NA,NA,NA,37.5529578,-99.296556
colorado,kit carson,574,11,52,102,110,67,232,1357856,2366,640,2883863,1219,214289000,375287,438,890703,317,"497,533",150,"117,816","474,278,000","826,269","153,440,000",320838000,NA,190,16,23,33,56,33,223,410,"13,382,000",366,"10,888,000",435111000,758033,574,63438000,"110,518",207,"173,384",176,(d),2,(d),189,197343,6,(d),9,(d),15,547,12,181,1,(d),172,"209,854","28,901,833",23,"5,395","132,047",256,"233,352","11,989,239",255,(d),(d),NA,NA,NA,58,"30,817","1,573,394",6,"10,314","148,264",17,"5,095","299,317",9,"2,291","47,915",118,24116,65379,20,"13,005","11,377,260",1,(d),(d),NA,NA,NA,NA,NA,NA,574,NA,NA,NA,1,(d),(d),4,387,"35,257",NA,NA,39.3080613,-102.62075
colorado,la plata,1093,161,423,270,138,58,43,549241,503,40,1135305,2259,81503000,74568,803,89669,634,"39,672",788,"58,522","24,352,000","22,280","9,319,000",15034000,NA,508,137,141,118,85,50,54,92,"1,066,000",438,"3,562,000",31758000,29056,1093,-2777000,"-2,541",382,"21,301",329,"12,657",22,56,327,13241,49,309,60,555,88,"7,483",167,"4,435",16,969,8,586,"77,804",1,(d),(d),12,"2,355","38,710",12,"2,355","38,710",3,146,"7,340",NA,NA,NA,2,(d),(d),NA,NA,NA,2,(d),(d),552,35218,70534,NA,NA,NA,NA,NA,NA,30,52,6,3,55,159,1093,NA,NA,NA,NA,NA,NA,10,530,"48,756",2,(d),-34.9206797,-57.9537638
colorado,lake,33,1,13,13,NA,4,2,11946,362,77,743849,2055,1550000,46972,8,530,8,530,13,"1,872","727,000","22,043",(d),0,NA,16,6,NA,2,4,2,3,NA,NA,16,"165,000",1201000,36387,33,-309000,"-9,355",19,326,15,198,NA,NA,13,454,NA,NA,1,(d),1,(d),1,(d),1,(d),NA,NA,NA,NA,NA,NA,NA,NA,NA,NA,NA,NA,NA,NA,NA,NA,NA,NA,NA,NA,NA,NA,NA,NA,NA,NA,NA,6,460,432,NA,NA,NA,NA,NA,NA,NA,NA,NA,NA,NA,NA,33,NA,NA,NA,NA,NA,NA,NA,NA,NA,NA,NA,39.0505411,-122.7776556
colorado,larimer,2043,502,949,302,148,53,89,482456,236,35,1095047,4637,157117000,76905,1213,98639,1007,"66,092",925,"60,191","150,717,000","73,772","68,874,000",81843000,NA,1179,236,194,171,92,58,113,112,"633,000",619,"10,950,000",150951000,73887,2043,11349000,"5,555",622,"57,507",496,"16,048",25,"10,199",454,31968,84,584,101,699,104,"1,877",417,"9,210",26,"5,546",39,"8,713","1,383,435",42,"7,557","167,401",28,"3,127","179,550",28,"3,127","179,550",6,813,"107,098",NA,NA,NA,1,(d),(d),NA,NA,NA,16,"2,528","57,672",850,38955,93248,NA,NA,NA,12,"1,508","46,505",76,112,21,7,31,77,2043,NA,NA,NA,NA,NA,NA,1,(d),(d),NA,NA,40.6810174,-105.4726907
colorado,las animas,549,8,97,98,69,70,207,1796248,3272,520,1968541,602,44175000,80465,280,75578,210,"25,731",193,"17,327","25,847,000","47,080","3,791,000",22056000,NA,198,47,41,90,44,54,75,151,"4,168,000",197,"4,255,000",27654000,50371,549,6616000,"12,051",310,"41,650",294,"28,174",3,4,287,24680,15,48,13,34,15,96,62,"13,150",1,(d),3,(d),(d),NA,NA,NA,8,"6,793","101,558",8,"6,793","101,558",NA,NA,NA,1,(d),(d),NA,NA,NA,NA,NA,NA,7,488,"8,382",191,17809,37649,NA,NA,NA,NA,NA,NA,7,5,NA,NA,1,(d),549,NA,NA,NA,NA,NA,NA,NA,NA,NA,NA,NA,37.3096626,-104.0591427
colorado,lincoln,489,18,23,67,72,57,252,1499785,3067,1135,2158581,704,98250000,200920,316,588312,184,(d),31,"5,804","67,900,000","138,854","39,999,000",27901000,NA,185,10,29,36,24,58,147,302,"10,318,000",258,"4,861,000",59719000,122125,489,23359000,"47,769",252,"42,545",233,"26,726",11,19,233,30647,7,229,7,659,12,147,17,703,NA,NA,54,"32,484","1,873,924",1,(d),(d),114,"126,768","5,524,694",114,"126,768","5,524,694",1,(d),(d),38,"12,734","484,648",7,"4,140","7,800",2,(d),(d),1,(d),(d),97,31641,54964,17,"9,048","9,305,492",NA,NA,NA,NA,NA,NA,NA,NA,NA,489,NA,NA,NA,NA,NA,NA,NA,NA,NA,NA,NA,40.8088861,-96.7077751
colorado,logan,861,33,110,190,135,108,285,1138144,1322,402,1570536,1188,179729000,208745,637,562650,471,"338,105",234,"107,058","617,928,000","717,687","99,146,000",518782000,NA,258,32,59,69,75,85,283,592,"11,511,000",505,"10,166,000",569096000,660971,861,70509000,"81,892",388,"225,744",322,"26,634",9,19,355,356853,22,"17,044",23,"45,871",15,825,76,"2,405",2,(d),191,"95,667","14,062,142",22,"8,289","190,763",242,"118,197","4,932,807",241,(d),(d),8,260,"15,888",26,"14,404","662,203",3,347,"5,087",11,944,"52,145",8,533,"11,974",287,56557,177454,15,"6,537","5,515,092",23,"5,984","213,940",3,(d),NA,NA,2,(d),861,NA,NA,NA,1,(d),(d),5,497,"24,791",NA,NA,40.1075089,-89.3768539
colorado,mesa,2465,1098,876,268,92,68,63,342534,139,10,767492,5523,141120000,57249,1916,79815,1750,"50,065",2025,"76,221","94,186,000","38,209","45,915,000",48271000,NA,1434,289,215,212,117,67,131,97,"730,000",679,"5,062,000",86090000,34925,2465,13889000,"5,634",810,"46,952",648,"29,806",31,537,569,28255,86,444,88,"1,196",141,"18,634",537,(d),6,71,60,"5,111","1,006,529",36,"1,589","37,026",21,"2,821","273,286",21,"2,821","273,286",NA,NA,NA,NA,NA,NA,NA,NA,NA,2,(d),(d),11,173,"1,987",1426,36164,94201,1,(d),(d),NA,NA,NA,80,660,10,19,311,"2,895",2465,NA,NA,NA,NA,NA,NA,7,260,"19,000",1,(d),33.4151005,-111.831455
colorado,mineral,19,NA,NA,9,5,1,4,8428,444,240,1526408,3441,595000,31306,8,742,4,(d),8,"2,887",(d),(d),(d),80000,NA,13,NA,1,2,3,NA,NA,2,(d),14,"241,000",526000,27693,19,-152000,"-7,990",3,105,3,(d),NA,NA,4,110,NA,NA,NA,NA,2,(d),2,(d),NA,NA,NA,NA,NA,NA,NA,NA,NA,NA,NA,NA,NA,NA,NA,NA,NA,NA,NA,NA,NA,NA,NA,NA,NA,NA,NA,NA,NA,3,370,472,NA,NA,NA,NA,NA,NA,NA,NA,NA,NA,NA,NA,19,NA,NA,NA,NA,NA,NA,NA,NA,NA,NA,NA,37.6584133,-106.9311267
colorado,moffat,462,13,100,105,64,50,130,953100,2063,232,1648562,799,49668000,107741,322,123447,227,"48,941",129,"30,141","33,138,000","71,728","3,861,000",29277000,NA,218,36,31,43,27,31,76,122,"2,109,000",149,"2,690,000",28720000,62165,462,9217000,"19,950",196,"34,663",172,"23,712",10,18,168,24663,35,507,20,436,31,"54,647",75,"1,145",NA,NA,NA,NA,NA,2,(d),(d),16,"10,961","275,489",14,"10,639",(d),NA,NA,NA,NA,NA,NA,NA,NA,NA,NA,NA,NA,NA,NA,NA,218,37534,61171,NA,NA,NA,NA,NA,NA,NA,NA,NA,NA,NA,NA,462,NA,NA,NA,3,322,(d),2,(d),(d),NA,NA,40.6083135,-108.252345
colorado,montezuma,1123,188,364,303,139,63,66,690788,615,50,744860,1211,95598000,85128,796,117243,620,"76,013",822,"79,029","46,424,000","41,340","29,848,000",16576000,NA,545,96,134,142,72,36,98,149,"1,237,000",333,"3,249,000",42442000,37794,1123,8468000,"7,541",446,"26,889",405,"14,461",15,33,364,18372,29,981,26,260,79,"2,468",174,"5,092",5,240,6,"3,578","397,452",11,741,"17,040",41,"18,115","917,138",34,"15,618","815,508",3,225,"13,500",NA,NA,NA,NA,NA,NA,NA,NA,NA,19,"4,329","52,877",519,47886,174961,1,(d),(d),NA,NA,NA,47,86,8,8,68,239,1123,NA,NA,NA,14,"2,497","101,630",NA,NA,NA,2,(d),-15.1720888,-42.5013371
colorado,montrose,1135,218,416,275,129,28,69,330523,291,40,900826,3093,90708000,79919,832,65605,754,"45,940",954,"79,821","81,226,000","71,565","18,468,000",62758000,NA,479,126,118,143,84,69,116,116,"792,000",374,"2,381,000",74391000,65543,1135,10008000,"8,817",485,"53,051",424,(d),7,(d),428,35764,41,"1,331",55,"2,122",55,"13,086",172,"352,317",14,"1,932",67,"5,128","968,698",28,"2,107","49,359",10,320,"27,840",10,(d),(d),4,109,"9,745",1,(d),(d),2,(d),(d),14,376,"18,573",33,"2,562","58,160",662,31859,64029,1,(d),(d),NA,NA,NA,40,"2,065",5,7,34,242,1135,NA,NA,NA,1,(d),(d),7,127,"7,980",NA,NA,38.4375391,-108.2403855
colorado,morgan,740,96,114,138,138,110,144,659366,891,230,1546382,1735,178613000,241369,547,340373,407,"207,058",329,"132,296","559,535,000","756,128","89,981,000",469555000,NA,228,49,62,55,45,80,221,399,"6,040,000",324,"7,946,000",514596000,695400,740,58925000,"79,628",324,"223,038",248,"19,909",20,"34,838",288,242439,23,686,33,485,47,"4,775",74,"1,658",7,270,170,"58,136","9,570,940",88,"26,184","663,083",119,"61,216","2,928,395",118,(d),(d),NA,NA,NA,7,"1,203","40,288",3,(d),(d),1,(d),(d),4,413,"14,478",265,40188,170495,NA,NA,NA,18,"1,517","49,831",25,581,1,(d),2,(d),740,NA,NA,NA,1,(d),(d),2,(d),(d),NA,NA,39.7062265,-90.190335
colorado,otero,444,40,95,131,59,44,75,687530,1548,120,1162135,750,65881000,148382,281,78064,234,"50,652",252,"49,291","121,550,000","273,760","30,569,000",90980000,NA,134,32,40,52,43,54,89,217,"2,724,000",178,"2,705,000",111886000,251996,444,15092000,"33,992",217,"75,253",194,"15,575",4,10,184,77219,12,192,12,273,15,"2,362",43,816,NA,NA,77,"8,956","1,590,136",16,"1,491","26,293",11,"1,151","55,229",11,"1,151","55,229",NA,NA,NA,12,"1,298","113,189",36,"5,325","105,342",NA,NA,NA,8,"1,007","20,931",225,29845,117337,NA,NA,NA,NA,NA,NA,18,"1,804",NA,NA,2,(d),444,NA,NA,NA,NA,NA,NA,NA,NA,NA,NA,NA,37.8872079,-103.7415268
colorado,ouray,122,18,50,22,11,9,12,85105,698,47,2130534,3054,10852000,88951,63,8624,53,"7,883",80,"8,603","4,204,000","34,463","723,000",3481000,NA,60,6,14,19,6,7,10,5,"64,000",46,"1,846,000",5841000,47875,122,274000,"2,242",62,"4,395",57,(d),1,(d),52,3313,3,15,1,(d),NA,NA,22,307,1,(d),NA,NA,NA,NA,NA,NA,NA,NA,NA,NA,NA,NA,NA,NA,NA,NA,NA,NA,NA,NA,NA,NA,NA,NA,NA,NA,NA,50,7838,13425,NA,NA,NA,NA,NA,NA,3,5,3,1,1,(d),122,NA,NA,NA,NA,NA,NA,NA,NA,NA,NA,NA,38.146044,-107.7414887
colorado,park,278,18,66,79,59,16,40,189110,680,119,1142769,1680,15349000,55212,82,11163,75,"6,934",62,"12,040","5,107,000","18,371","383,000",4725000,NA,153,40,25,18,12,20,10,7,"26,000",92,"1,472,000",7264000,26131,278,-659000,"-2,370",142,"7,574",125,"4,038",3,5,105,4985,6,20,12,64,8,72,44,696,1,(d),NA,NA,NA,NA,NA,NA,NA,NA,NA,NA,NA,NA,NA,NA,NA,NA,NA,NA,NA,NA,NA,NA,NA,NA,NA,NA,NA,67,6924,7314,NA,NA,NA,NA,NA,NA,1,(d),NA,NA,NA,NA,278,NA,NA,NA,NA,NA,NA,NA,NA,NA,NA,NA,39.1089299,-105.7561639
colorado,phillips,326,15,22,68,54,37,130,439213,1347,530,2279496,1692,105641000,324052,280,384426,224,"248,339",109,"79,278","174,241,000","534,481","87,942,000",86298000,NA,60,18,12,28,38,33,137,259,"8,706,000",209,"7,139,000",153525000,470936,326,36561000,"112,149",84,"27,298",60,(d),2,(d),84,41464,2,(d),4,(d),1,(d),4,131,NA,NA,136,"118,783","17,936,205",10,"2,986","70,537",178,"95,730","5,300,991",178,"95,730","5,300,991",NA,NA,NA,9,"1,458","96,807",NA,NA,NA,4,247,"4,991",18,"3,028","93,879",41,5248,13227,1,(d),(d),4,"1,292","44,109",1,(d),1,(d),NA,NA,326,NA,NA,NA,NA,NA,NA,NA,NA,NA,NA,NA,40.5888329,-102.3701723
colorado,pitkin,112,23,35,30,5,9,10,32718,292,37,2225232,7617,9884000,88246,72,5902,61,"4,555",79,"10,082","2,912,000","25,996","1,016,000",1896000,NA,50,11,11,20,4,7,9,NA,NA,46,"390,000",5247000,46844,112,-1945000,"-17,364",36,"2,535",20,(d),2,(d),30,1766,NA,NA,NA,NA,5,121,11,247,1,(d),NA,NA,NA,NA,NA,NA,NA,NA,NA,NA,NA,NA,NA,NA,NA,NA,NA,NA,NA,NA,NA,NA,NA,NA,NA,NA,NA,59,4494,7286,NA,NA,NA,NA,NA,NA,4,1,NA,NA,NA,NA,112,NA,NA,NA,NA,NA,NA,NA,NA,NA,NA,NA,39.2037774,-106.8695332
colorado,prowers,472,18,30,82,81,87,174,1011291,2143,643,1726199,806,104214000,220792,392,525180,249,(d),185,"88,311","310,045,000","656,875","62,809,000",247236000,NA,181,14,14,43,40,40,140,357,"9,185,000",237,"4,845,000",270441000,572968,472,53634000,"113,631",147,"96,398",128,(d),1,(d),124,160819,4,(d),5,(d),8,116,18,338,2,(d),79,"29,416","4,283,514",23,"4,606","103,041",140,"122,289","4,761,603",140,"122,289","4,761,603",NA,NA,NA,76,"35,067","1,849,547",5,374,"6,364",1,(d),(d),NA,NA,NA,166,57812,196169,10,"1,798","2,407,642",NA,NA,NA,NA,NA,NA,NA,4,4,472,NA,NA,NA,NA,NA,NA,1,(d),(d),NA,NA,37.9455797,-102.4130793
colorado,pueblo,839,163,187,207,105,58,119,895508,1067,80,1097156,1028,63659000,76147,427,72025,271,"19,147",260,"18,078","52,047,000","62,034","21,356,000",30690000,NA,485,67,80,55,43,27,82,117,"2,117,000",180,"2,030,000",50810000,60560,839,5384000,"6,417",348,"37,418",289,"19,177",23,547,260,25097,48,"9,169",44,"21,188",36,"1,738",171,"2,943",8,165,29,"3,601","771,648",25,"1,677","41,879",1,(d),(d),1,(d),(d),NA,NA,NA,NA,NA,NA,1,(d),(d),1,(d),(d),13,"1,624","48,017",225,10626,30660,NA,NA,NA,NA,NA,NA,29,"1,179",3,3,14,11,839,NA,NA,NA,NA,NA,NA,2,(d),(d),NA,NA,38.263995,-104.6141867
colorado,rio blanco,320,31,82,74,41,21,71,410923,1284,110,1763734,1373,32343000,101073,216,43663,193,"29,221",208,"27,124","18,751,000","58,597","2,770,000",15981000,NA,140,23,20,34,32,13,58,43,"390,000",112,"2,743,000",19558000,61119,320,2326000,"7,269",145,"25,253",122,"16,792",5,5,137,16155,1,(d),5,40,25,"7,859",58,534,2,(d),NA,NA,NA,NA,NA,NA,1,(d),(d),1,(d),(d),NA,NA,NA,NA,NA,NA,NA,NA,NA,NA,NA,NA,NA,NA,NA,187,28624,44522,NA,NA,NA,NA,NA,NA,NA,NA,NA,NA,1,(d),320,NA,NA,NA,1,(d),(d),NA,NA,NA,NA,NA,39.9847294,-108.1807779
colorado,rio grande,321,25,64,75,66,39,52,177452,553,164,1726626,3123,100102000,311844,238,109145,228,"84,274",242,"93,586","98,956,000","308,275","87,758,000",11198000,NA,78,29,20,25,24,27,118,85,"998,000",185,"6,196,000",72275000,225156,321,33875000,"105,529",113,"10,598",97,"7,011",5,28,100,7527,11,312,12,208,20,"12,518",18,570,NA,NA,NA,NA,NA,NA,NA,NA,11,"1,741","176,455",3,336,"32,820",60,"18,567","2,457,795",NA,NA,NA,NA,NA,NA,NA,NA,NA,NA,NA,NA,187,44547,153737,NA,NA,NA,NA,NA,NA,48,"17,732",48,(d),NA,NA,321,NA,NA,NA,8,"1,405","143,635",2,(d),(d),NA,NA,29.74434,-102.67467
colorado,routt,887,91,355,195,83,58,105,465119,524,49,1647039,3141,61505000,69340,708,80958,613,"47,525",338,"42,745","31,647,000","35,679","5,116,000",26531000,NA,459,117,81,74,47,49,60,96,"962,000",340,"10,426,000",45424000,51211,887,-2389000,"-2,694",282,"24,882",232,"15,831",11,23,250,25508,10,24,25,133,30,"14,163",79,"1,469",4,51,NA,NA,NA,NA,NA,NA,5,970,"27,150",5,970,"27,150",NA,NA,NA,NA,NA,NA,NA,NA,NA,NA,NA,NA,NA,NA,NA,594,46475,58273,NA,NA,NA,NA,NA,NA,4,16,2,(d),5,3,887,NA,NA,NA,NA,NA,NA,NA,NA,NA,NA,NA,40.4514373,-106.9724072
colorado,saguache,288,25,43,64,36,47,73,313811,1090,280,2068512,1898,63005000,218769,172,132699,157,"99,231",174,"118,411","105,403,000","365,983","90,393,000",15010000,NA,94,16,17,23,17,22,99,54,"843,000",127,"4,178,000",77727000,269884,288,32697000,"113,532",116,"21,264",104,"14,374",6,10,89,17036,7,56,8,44,26,"3,597",35,(d),NA,NA,NA,NA,NA,NA,NA,NA,11,"2,239","191,203",4,(d),(d),34,"14,116","1,964,846",2,(d),(d),1,(d),(d),NA,NA,NA,NA,NA,NA,128,60609,167897,NA,NA,NA,NA,NA,NA,43,"19,186",34,"16,832",3,(d),288,4,685,"70,589",3,(d),(d),2,(d),(d),NA,NA,38.0945348,-106.3563372
colorado,san juan,NA,NA,NA,NA,NA,NA,NA,NA,NA,NA,NA,NA,NA,NA,NA,NA,NA,NA,NA,NA,NA,NA,NA,0,NA,NA,NA,NA,NA,NA,NA,NA,NA,NA,NA,NA,NA,NA,NA,0,NA,NA,NA,NA,NA,NA,NA,NA,NA,NA,NA,NA,NA,NA,NA,NA,NA,NA,NA,NA,NA,NA,NA,NA,NA,NA,NA,NA,NA,NA,NA,NA,NA,NA,NA,NA,NA,NA,NA,NA,NA,NA,NA,NA,NA,NA,NA,NA,NA,NA,NA,NA,NA,NA,NA,NA,NA,NA,NA,NA,NA,NA,NA,NA,NA,NA,NA,NA,NA,NA,NA,NA,NA,18.384239049999998,-66.05343997364733
colorado,san miguel,133,9,31,25,34,11,23,136062,1023,185,1524124,1490,10513000,79047,83,14259,50,"5,737",83,"15,918","6,374,000","47,923","895,000",5479000,NA,51,15,14,12,11,8,22,20,"322,000",54,"1,496,000",7353000,55283,133,839000,"6,309",71,"9,583",66,(d),1,(d),64,5781,2,(d),3,(d),19,892,14,596,1,(d),1,(d),(d),4,526,"11,120",4,654,"12,946",4,654,"12,946",NA,NA,NA,NA,NA,NA,NA,NA,NA,NA,NA,NA,1,(d),(d),42,4453,7358,NA,NA,NA,NA,NA,NA,3,(d),1,(d),4,4,133,NA,NA,NA,NA,NA,NA,NA,NA,NA,NA,NA,38.0292476,-108.4712533
colorado,sedgwick,212,3,14,46,33,29,87,348739,1645,640,2226323,1353,68058000,321028,189,228063,164,"165,060",84,"40,407","93,851,000","442,692","46,232,000",47619000,NA,29,20,5,14,21,18,105,173,"4,776,000",125,"3,554,000",84447000,398335,212,17734000,"83,649",84,"16,849",66,"6,041",NA,NA,73,13532,2,(d),3,(d),2,(d),8,357,NA,NA,73,"58,960","8,446,067",7,"1,250","37,958",119,"70,420","3,335,823",119,"70,420","3,335,823",NA,NA,NA,17,"3,211","155,541",1,(d),(d),10,"1,696","85,050",7,"1,225","22,869",52,5696,17794,7,"5,013","7,093,700",2,(d),(d),NA,NA,NA,NA,NA,NA,212,NA,NA,NA,NA,NA,NA,NA,NA,NA,NA,NA,37.6448148,-97.4641388
colorado,summit,55,2,23,14,6,2,8,26572,483,80,2041182,4225,4979000,90529,36,6768,24,"4,082",30,"5,509","1,492,000","27,129","524,000",968000,NA,29,5,5,9,2,NA,5,1,(d),23,"249,000",3109000,56527,55,-1367000,"-24,851",15,"1,399",13,"1,026",NA,NA,21,1218,NA,NA,5,15,NA,NA,4,32,4,40,NA,NA,NA,NA,NA,NA,NA,NA,NA,NA,NA,NA,NA,NA,NA,NA,NA,NA,NA,NA,NA,NA,NA,NA,NA,NA,NA,24,4057,4242,NA,NA,NA,NA,NA,NA,NA,NA,NA,NA,NA,NA,55,NA,NA,NA,NA,NA,NA,NA,NA,NA,NA,NA,41.1457902,-81.5333603
colorado,teller,159,9,73,37,15,9,16,71366,449,48,908034,2023,6439000,40497,48,5573,39,"1,884",27,874,"1,242,000","7,812","151,000",1091000,NA,105,19,10,9,9,5,2,NA,NA,44,"433,000",3263000,20520,159,-1587000,"-9,982",71,"2,425",58,"1,627",18,27,46,1111,1,(d),1,(d),4,42,29,378,NA,NA,NA,NA,NA,NA,NA,NA,NA,NA,NA,NA,NA,NA,NA,NA,NA,NA,NA,NA,NA,NA,NA,NA,NA,NA,NA,NA,NA,17,1643,1607,NA,NA,NA,NA,NA,NA,8,15,5,9,2,(d),159,NA,NA,NA,NA,NA,NA,NA,NA,NA,NA,NA,38.889575,-105.1797307
colorado,washington,757,15,62,164,138,82,296,1357931,1794,480,1969481,1098,165472000,221219,591,836159,390,"473,869",92,"40,427","184,558,000","243,802","94,001,000",90557000,NA,269,41,33,65,64,49,236,550,"15,207,000",406,"9,450,000",174359000,230330,757,34856000,"46,044",287,"73,532",246,(d),1,(d),255,64464,23,"3,860",24,"8,086",11,(d),56,"9,995",2,(d),129,"121,491","10,633,922",11,"4,167","126,722",295,"219,114","8,533,713",293,(d),(d),2,(d),(d),45,"19,855","1,065,640",4,"2,280","30,405",4,385,"12,625",4,207,"3,540",169,47421,116119,8,"2,318","1,191,241",2,(d),(d),NA,NA,NA,NA,NA,NA,757,NA,NA,NA,2,(d),(d),1,(d),(d),NA,NA,38.8950368,-77.0365427
colorado,weld,4062,822,1059,1026,470,269,416,2098803,517,66,1335953,2586,648553000,159664,2491,922979,1853,"477,839",1557,"323,436","2,047,177,000","503,982","348,647,000",1698529000,NA,1914,292,343,364,257,237,655,1057,"19,375,000",1512,"48,482,000",1719824000,423393,4062,395210000,"97,295",1572,"582,267",1202,"57,847",109,"107,387",1188,755188,180,"2,459",221,"5,368",180,"180,468",728,"3,589,459",27,(d),388,"105,661","18,272,370",299,"65,970","1,662,884",285,"110,603","4,850,219",281,"110,102","4,822,113",53,"6,282","715,977",8,"1,486","45,332",22,"1,619","25,044",5,(d),(d),69,"9,075","239,780",1476,134532,461454,34,"3,692","2,437,616",125,"14,520","478,645",84,"9,646",8,(d),24,70,4062,NA,NA,NA,6,501,"28,106",10,"1,046","59,945",NA,NA,40.5632344,-104.4835287
colorado,yuma,774,32,92,90,127,104,329,1400296,1809,640,2953997,1633,242404000,313588,534,628161,365,"390,328",265,"208,967","918,716,000","1,186,971","199,821,000",718895000,NA,236,28,20,49,42,63,336,540,"19,612,000",469,"15,129,000",861086000,1112514,774,92370000,"119,341",394,"265,393",341,(d),13,(d),357,400818,7,(d),6,(d),7,97,41,738,2,(d),243,"223,822","41,943,607",32,"7,662","219,278",198,"101,158","5,213,712",194,"100,388","5,155,002",5,600,"57,762",31,"9,432","517,292",3,160,"2,130",21,"4,913","314,577",39,"10,334","294,620",143,19607,77910,12,"2,575","3,237,194",10,"4,083","149,769",4,"2,107",3,(d),NA,NA,774,NA,NA,NA,4,770,"58,710",NA,NA,NA,NA,NA,32.723268,-114.6179954
montana,beaverhead,494,72,130,81,49,14,148,1233811,2498,115,3290191,1317,99378000,201987,303,162767,277,"139,731",347,"263,772","118,202,000","239,276","37,220,000",80983000,NA,166,34,51,27,42,49,125,42,"577,000",213,"4,839,000",95350000,193017,494,28268000,"57,223",238,"126,752",223,"71,880",4,10,243,76312,2,(d),8,49,34,"13,290",70,773,NA,NA,1,(d),(d),NA,NA,NA,15,"8,162","687,703",NA,NA,NA,22,"8,392","920,100",NA,NA,NA,NA,NA,NA,NA,NA,NA,NA,NA,NA,260,120822,330404,NA,NA,NA,NA,NA,NA,10,(d),3,(d),1,(d),494,NA,NA,NA,15,"8,162","687,703",NA,NA,NA,NA,NA,45.1708403,-112.9537553
montana,big horn,353,14,53,47,48,28,163,3188139,9032,721,3546651,393,77057000,218911,231,223799,208,"141,866",115,"44,093","83,602,000","236,832","33,001,000",50601000,NA,78,20,15,46,35,32,127,129,"2,444,000",163,"3,769,000",73187000,207327,353,16628000,"47,106",205,"83,734",193,"52,726",NA,NA,199,54437,5,33,8,20,9,424,27,395,1,(d),12,"1,841","268,161",12,"1,833","44,587",57,"57,213","2,617,984",45,"50,177","2,268,035",34,"11,129","873,789",NA,NA,NA,NA,NA,NA,11,736,"19,451",1,(d),(d),184,57239,127048,NA,NA,NA,22,"4,980","170,351",1,(d),NA,NA,NA,NA,353,NA,NA,NA,27,"7,036","349,949",2,(d),(d),NA,NA,45.4608548,-107.5152896
montana,blaine,491,16,21,63,81,61,249,2040127,4155,1000,2460670,592,104471000,215403,374,599000,316,"340,763",175,"44,226","89,977,000","183,253","39,564,000",50413000,NA,127,11,11,31,57,55,199,312,"10,435,000",287,"14,318,000",81987000,166981,491,32743000,"66,687",242,"70,698",226,(d),2,(d),238,50326,3,(d),5,(d),21,"3,036",17,(d),1,(d),3,153,"8,670",9,743,"7,109",122,"204,033","4,311,343",54,"43,893","1,327,290",28,"9,604","301,417",NA,NA,NA,NA,NA,NA,5,154,"5,114",NA,NA,NA,250,69099,108842,NA,NA,NA,NA,NA,NA,4,11,2,(d),NA,NA,491,18,"15,992","317,719",106,"144,148","2,666,334",1,(d),(d),NA,NA,45.1607987,-93.2349489
montana,broadwater,296,8,67,91,25,17,88,466920,1577,149,1844915,1170,49219000,166279,224,112503,182,"60,658",168,"47,139","39,688,000","134,080","22,510,000",17178000,NA,119,14,22,25,22,26,68,133,"2,336,000",157,"2,935,000",32890000,111114,296,12069000,"40,774",136,"23,154",125,(d),6,(d),123,16053,4,279,12,488,14,"2,425",51,820,NA,NA,NA,NA,NA,6,716,"16,672",28,"18,811","1,112,058",16,"7,681","366,835",15,"2,808","257,895",NA,NA,NA,NA,NA,NA,1,(d),(d),NA,NA,NA,159,31292,103479,1,(d),(d),NA,NA,NA,6,"1,432",4,"1,427",7,1,296,NA,NA,NA,22,"11,130","745,223",2,(d),(d),NA,NA,46.3252827,-111.4969303
montana,carbon,725,49,154,150,127,73,172,815758,1125,202,1669647,1484,111653000,154004,554,134972,493,"103,740",490,"98,757","99,023,000","136,584","33,059,000",65965000,NA,196,49,62,87,91,71,169,236,"1,388,000",349,"3,045,000",79430000,109558,725,24027000,"33,140",375,"78,558",338,"33,793",6,7,365,65435,18,154,29,178,49,"6,765",85,"1,680",2,(d),39,"3,712","675,024",60,"6,312","158,934",30,"5,457","230,496",14,"4,070","146,620",79,"11,896","1,282,271",NA,NA,NA,NA,NA,NA,2,(d),(d),6,550,"14,918",460,68618,172970,NA,NA,NA,25,"3,442","118,372",6,41,4,(d),7,(d),725,NA,NA,NA,18,"1,387","83,876",14,920,"112,310",NA,NA,40.8908468,-75.7212917
montana,carter,323,8,6,19,29,29,232,1767723,5473,4085,2943872,538,85865000,270868,232,247524,174,"112,920",27,"2,312","70,628,000","218,664","5,998,000",64630000,NA,47,10,16,16,23,30,181,222,"7,229,000",186,"4,923,000",56878000,176094,323,25902000,"80,193",245,"91,252",245,"54,394",5,5,247,64724,NA,NA,NA,NA,55,"20,734",26,465,2,(d),6,787,"70,645",3,240,"5,280",18,"24,813","697,082",12,"11,939","445,224",4,600,"20,607",2,(d),(d),NA,NA,NA,NA,NA,NA,NA,NA,NA,173,80422,66771,NA,NA,NA,NA,NA,NA,1,(d),NA,NA,NA,NA,323,1,(d),(d),10,(d),(d),NA,NA,NA,NA,NA,36.9303011,-90.9598933
montana,cascade,1027,113,274,226,123,59,232,1270192,1237,104,1499361,1212,137749000,134128,752,419999,606,"255,757",309,"35,695","107,273,000","104,453","51,162,000",56111000,NA,467,52,69,82,74,93,190,439,"7,780,000",422,"5,022,000",98309000,95724,1027,21766000,"21,194",369,"64,816",334,"39,410",15,"1,157",355,42187,21,"30,135",20,"97,460",50,"6,449",114,"76,469",6,"6,067",NA,NA,NA,NA,NA,NA,119,"120,054","6,369,065",97,"96,484","5,562,946",55,"27,991","1,527,687",NA,NA,NA,NA,NA,NA,NA,NA,NA,NA,NA,NA,513,85497,158038,NA,NA,NA,NA,NA,NA,15,45,7,11,4,(d),1027,15,"5,862","138,744",52,"17,708","667,375",2,(d),(d),NA,NA,47.3271465,-111.3281242
montana,chouteau,633,2,25,68,70,79,389,2070530,3271,1829,3053370,933,222820000,353122,581,1309653,455,"719,217",61,"14,216","170,741,000","269,733","143,610,000",27131000,NA,156,3,11,38,42,52,331,527,"21,813,000",442,"12,032,000",154305000,243767,633,50282000,"79,434",170,"37,644",163,(d),2,(d),158,25045,4,(d),5,(d),10,577,23,"93,291",1,(d),16,"2,768","86,711",NA,NA,NA,356,"498,708","21,118,943",295,"324,292","15,753,411",105,"55,603","2,255,818",NA,NA,NA,NA,NA,NA,NA,NA,NA,NA,NA,NA,213,40367,61296,NA,NA,NA,NA,NA,NA,5,18,4,4,NA,NA,633,47,"21,526","643,590",239,"152,890","4,721,942",10,"5,065","143,300",NA,NA,47.8835499,-110.367651
montana,custer,441,39,68,79,28,55,172,2088806,4737,600,2539839,536,75264000,170666,273,118537,237,"63,556",157,"37,223","76,622,000","173,745","11,627,000",64994000,NA,123,24,23,36,53,44,138,166,"3,114,000",216,"3,795,000",67211000,152405,441,16320000,"37,006",271,"90,952",248,"55,668",9,13,271,64259,6,36,10,39,29,"5,461",47,792,3,90,14,"2,688","447,603",20,"4,548","98,520",18,"4,648","109,149",14,"2,820","68,198",8,764,"26,795",NA,NA,NA,NA,NA,NA,NA,NA,NA,1,(d),(d),230,50321,104686,NA,NA,NA,NA,NA,NA,1,(d),1,(d),1,(d),441,NA,NA,NA,7,"1,828","40,951",2,(d),(d),NA,NA,38.1072962,-105.3543375
montana,daniels,277,5,6,15,65,35,151,769786,2779,1220,1762211,634,82431000,297586,260,533740,157,"358,369",5,645,"42,187,000","152,300","32,626,000",9561000,NA,122,6,8,14,14,20,93,237,"7,683,000",174,"11,945,000",54085000,195254,277,7729000,"27,904",81,"14,412",79,"11,403",NA,NA,76,10718,1,(d),2,(d),7,286,3,110,NA,NA,2,(d),(d),2,(d),(d),121,"221,113","3,329,845",6,"4,049","149,916",9,286,"5,021",NA,NA,NA,NA,NA,NA,2,(d),(d),NA,NA,NA,85,38575,25024,NA,NA,NA,NA,NA,NA,1,(d),1,(d),NA,NA,277,76,"111,946","1,679,477",82,"105,118","1,500,452",1,(d),(d),NA,NA,48.7710629,-105.5123296
montana,dawson,487,16,44,68,89,66,204,1132990,2326,640,1554263,668,91415000,191646,351,368144,237,"199,493",93,"21,170","58,188,000","119,483","25,608,000",32581000,NA,160,17,21,37,45,55,152,316,"7,569,000",294,"9,855,000",60952000,125159,487,14659000,"30,100",246,"36,427",230,"24,574",11,25,254,34140,4,48,8,32,14,"2,065",18,722,3,360,14,"3,371","182,988",21,"1,913","26,917",136,"118,757","2,064,077",19,"7,789","194,677",19,"2,302","120,328",NA,NA,NA,NA,NA,NA,1,(d),(d),12,"1,889","48,925",159,29645,44524,3,"1,238","560,000",10,"2,568","78,368",1,(d),1,(d),NA,NA,487,5,"2,331","25,304",130,"108,637","1,844,096",3,237,"5,002",NA,NA,32.7410762,-101.9576048
montana,deer lodge,77,3,9,26,18,4,17,74083,962,180,1869813,1943,11168000,145035,47,11772,42,"7,839",47,"13,117","6,487,000","84,247","731,000",5756000,NA,35,7,NA,10,5,3,17,11,"169,000",16,"206,000",5228000,67891,77,1634000,"21,225",32,"7,361",32,"4,845",NA,NA,33,5261,NA,NA,NA,NA,3,242,4,29,NA,NA,NA,NA,NA,NA,NA,NA,NA,NA,NA,NA,NA,NA,NA,NA,NA,NA,NA,NA,NA,NA,NA,NA,NA,NA,NA,NA,NA,42,7839,20602,NA,NA,NA,NA,NA,NA,NA,NA,NA,NA,NA,NA,77,NA,NA,NA,NA,NA,NA,NA,NA,NA,NA,NA,46.0753795,-113.089332
montana,fallon,289,3,36,40,24,26,160,902019,3121,1435,1883893,604,55635000,196591,200,191780,155,"99,599",11,"1,424","45,288,000","156,705","6,812,000",38476000,NA,96,6,8,10,24,34,111,173,"3,853,000",142,"4,162,000",41032000,141978,289,12271000,"42,462",179,"46,066",164,"28,741",7,10,176,40365,1,(d),4,67,15,"2,201",31,539,NA,NA,18,"5,442","137,322",10,"3,848","26,897",42,"21,530","440,025",13,"5,737","124,527",6,798,"26,316",NA,NA,NA,NA,NA,NA,NA,NA,NA,1,(d),(d),150,56533,44831,1,(d),(d),NA,NA,NA,NA,NA,NA,NA,NA,NA,289,4,"1,567","19,581",36,"14,226","295,917",1,(d),(d),NA,NA,47.5075937,6.4807726
montana,fergus,845,41,116,134,74,72,408,2188069,2589,806,2833620,1094,156055000,184680,628,623933,587,"390,992",79,"16,250","133,624,000","158,135","35,964,000",97660000,NA,196,40,65,66,59,72,347,438,"12,281,000",436,"8,925,000",131283000,155365,845,23546000,"27,865",508,"119,336",478,"79,847",26,408,494,101216,9,195,4,195,43,"2,990",82,"1,592",6,(d),3,310,"19,700",1,(d),(d),158,"138,686","4,570,858",125,"93,297","3,495,550",68,"28,052","806,411",1,(d),(d),NA,NA,NA,NA,NA,NA,NA,NA,NA,531,203025,259948,NA,NA,NA,NA,NA,NA,3,(d),NA,NA,4,(d),845,4,"1,520",(d),91,"43,869",(d),12,835,"27,940",NA,NA,47.2128617,-109.2175566
montana,flathead,1146,229,513,225,107,23,49,181882,159,30,1014016,6389,74252000,64906,791,92483,673,"74,532",281,"22,088","35,854,000","31,286","27,479,000",8375000,NA,656,133,100,82,56,45,74,115,"1,823,000",299,"3,443,000",43798000,38218,1146,-2679000,"-2,337",254,"8,441",190,(d),13,(d),200,4960,24,"1,940",51,"3,602",43,718,153,"5,334",NA,NA,3,(d),(d),NA,NA,NA,63,"22,854","1,468,289",35,"8,739","769,694",22,"2,714","171,379",NA,NA,NA,NA,NA,NA,NA,NA,NA,NA,NA,NA,520,34574,75150,NA,NA,NA,NA,NA,NA,45,310,14,(d),53,103,1146,6,389,(d),52,"13,726",(d),1,(d),(d),NA,NA,48.3840879,-113.972144
montana,gallatin,1123,139,505,173,142,51,113,700462,624,32,1889690,3030,131820000,117382,745,208482,641,"144,075",454,"81,251","112,104,000","99,826","69,017,000",43087000,NA,575,89,97,83,75,39,165,179,"3,106,000",459,"11,028,000",102528000,91299,1123,23709000,"21,113",290,"41,043",231,"16,201",30,"3,773",264,24521,13,181,15,267,62,"3,115",138,"2,415",1,(d),4,227,"29,598",15,"1,629","29,394",94,"39,501","2,348,851",50,"15,635","866,126",91,"31,738","2,189,161",NA,NA,NA,NA,NA,NA,2,(d),(d),1,(d),(d),545,56136,170878,NA,NA,NA,NA,NA,NA,43,"6,368",21,"6,286",11,6,1123,4,191,"10,069",75,"23,675","1,472,656",6,604,"32,138",NA,NA,37.7509507,-88.2264519
montana,garfield,260,NA,8,19,20,24,189,2214815,8519,4267,3441672,404,62328000,239724,176,294179,126,"118,740",19,"2,774","54,538,000","209,763","9,041,000",45498000,NA,54,4,6,26,8,29,133,168,"5,608,000",136,"3,968,000",49975000,192211,260,14139000,"54,382",182,"74,262",173,"47,305",7,11,183,48448,10,91,6,123,34,"12,587",16,226,NA,NA,4,847,"32,259",1,(d),(d),52,"55,541","1,056,696",40,(d),(d),24,"7,503","232,701",NA,NA,NA,NA,NA,NA,NA,NA,NA,NA,NA,NA,105,46044,50806,1,(d),(d),NA,NA,NA,NA,NA,NA,NA,NA,NA,260,1,(d),(d),36,"34,646","549,446",4,158,"3,660",NA,NA,39.5462048,-107.8776144
montana,glacier,637,31,71,108,153,76,198,1185873,1862,350,2171691,1167,96584000,151623,331,493782,225,"321,880",93,"27,432","106,537,000","167,247","58,386,000",48151000,NA,231,30,51,54,85,58,128,220,"5,948,000",174,"10,828,000",94553000,148434,637,28761000,"45,151",302,"43,839",290,"31,320",15,983,292,34370,13,"20,195",18,"67,656",7,617,26,"172,403",2,(d),NA,NA,NA,NA,NA,NA,86,"145,185","5,751,672",50,"69,062","3,283,894",57,"54,216","2,609,112",NA,NA,NA,NA,NA,NA,NA,NA,NA,NA,NA,NA,168,48425,68073,NA,NA,NA,NA,NA,NA,6,35,6,12,1,(d),637,15,"20,711","544,710",62,"55,412","1,923,068",1,(d),(d),NA,NA,48.6966449,-112.9467116
montana,golden valley,157,4,13,20,19,19,82,683145,4351,1244,2914246,670,22385000,142583,110,108004,87,"45,741",36,"7,334","18,601,000","118,480","5,195,000",13406000,NA,55,3,8,16,9,16,50,102,"3,049,000",83,"1,092,000",18876000,120227,157,3867000,"24,631",70,"16,484",64,(d),3,(d),71,10280,3,(d),3,(d),10,"16,684",3,(d),1,(d),NA,NA,NA,1,(d),(d),19,"13,881","564,686",13,"10,541","478,870",3,(d),(d),NA,NA,NA,NA,NA,NA,NA,NA,NA,NA,NA,NA,84,29000,40697,NA,NA,NA,NA,NA,NA,NA,NA,NA,NA,NA,NA,157,NA,NA,NA,13,"3,340","85,816",NA,NA,NA,NA,NA,46.9317944,-103.8668414
montana,granite,151,11,15,16,31,15,63,285656,1892,540,3060313,1618,21603000,143069,86,28910,81,"25,069",89,"31,861","17,898,000","118,530","2,946,000",14952000,NA,50,5,6,9,4,22,55,49,"268,000",59,"1,233,000",15792000,104584,151,3606000,"23,881",86,"19,392",76,"14,256",3,6,83,13979,6,(d),6,117,15,"1,078",13,174,NA,NA,NA,NA,NA,1,(d),(d),4,184,"20,240",NA,NA,NA,1,(d),(d),NA,NA,NA,NA,NA,NA,NA,NA,NA,NA,NA,NA,80,24584,61520,NA,NA,NA,NA,NA,NA,NA,NA,NA,NA,1,(d),151,NA,NA,NA,4,184,"20,240",NA,NA,NA,NA,NA,46.3944149,-113.4687025
montana,hill,698,25,40,75,114,88,356,1615704,2315,1020,1992745,861,181028000,259353,585,1222312,449,"662,360",35,"4,127","130,750,000","187,322","107,131,000",23620000,NA,222,16,23,40,57,52,288,530,"20,360,000",409,"11,831,000",122227000,175110,698,40714000,"58,330",179,"16,826",164,"12,089",8,22,163,19712,9,(d),9,(d),5,419,36,(d),8,"1,900",1,(d),(d),2,(d),(d),349,"501,546","16,063,620",256,"232,495","8,017,234",35,"17,039","465,940",3,120,"6,000",NA,NA,NA,3,429,"2,745",NA,NA,NA,157,31341,32579,NA,NA,NA,NA,NA,NA,2,(d),2,(d),NA,NA,698,35,"17,243","517,892",284,"251,808","7,528,494",9,769,"22,684",NA,NA,31.9595085,-97.0881654
montana,jefferson,370,30,107,88,61,22,62,352128,952,103,1619472,1702,32715000,88418,205,57864,172,"29,411",186,"33,458","20,164,000","54,497","4,062,000",16102000,NA,193,29,29,34,18,23,44,43,"634,000",92,"788,000",18069000,48835,370,3517000,"9,505",161,"24,879",141,"16,758",3,6,152,15339,12,85,7,65,30,"2,996",46,717,NA,NA,NA,NA,NA,1,(d),(d),3,"5,599","236,984",3,"4,545",(d),NA,NA,NA,NA,NA,NA,NA,NA,NA,NA,NA,NA,NA,NA,NA,151,23668,61612,NA,NA,NA,NA,NA,NA,5,2,1,(d),16,19,370,1,(d),(d),2,(d),(d),NA,NA,NA,NA,NA,29.834772,-94.1704496
montana,judith basin,357,19,30,56,31,30,191,860136,2409,1191,2237680,929,80743000,226807,259,278940,247,"198,023",59,"13,702","88,901,000","249,024","25,050,000",63851000,NA,56,22,8,24,38,41,168,208,"3,687,000",214,"5,505,000",75435000,211303,357,22658000,"63,467",251,"72,091",225,(d),8,(d),235,60276,9,118,8,71,38,"8,055",20,594,NA,NA,3,(d),(d),1,(d),(d),52,"55,865","1,895,590",45,"33,337","1,268,421",24,"10,972","346,385",NA,NA,NA,NA,NA,NA,NA,NA,NA,NA,NA,NA,235,109792,162111,1,(d),(d),NA,NA,NA,NA,NA,NA,NA,NA,NA,357,4,553,"14,537",36,"21,975","612,632",4,(d),(d),NA,NA,47.0159821,-110.2261158
montana,lake,1170,245,407,256,118,67,77,641471,548,40,880495,1606,85297000,72903,836,93368,751,"64,314",803,"100,398","64,796,000","55,381","22,042,000",42754000,NA,445,124,133,139,109,68,152,157,"1,442,000",391,"3,670,000",65636000,56099,1170,4271000,"3,651",463,"56,119",396,"26,927",25,818,412,38096,26,146,35,333,38,"1,444",131,"14,273",3,75,2,(d),(d),3,"1,300","29,900",32,"7,634","489,702",18,(d),(d),6,675,"41,539",NA,NA,NA,NA,NA,NA,NA,NA,NA,NA,NA,NA,500,50579,125358,NA,NA,NA,NA,NA,NA,33,"1,281",13,"1,213",226,740,1170,2,(d),(d),19,"5,649","363,903",10,174,"12,858",NA,NA,39.0505411,-122.7776556
montana,lewis and clark,707,112,355,108,38,15,79,800658,1132,25,1479324,1306,55741000,78842,479,78688,409,"60,055",410,"48,209","43,187,000","61,085","13,425,000",29762000,NA,345,81,98,55,46,17,65,83,"1,081,000",159,"3,218,000",44426000,62838,707,3060000,"4,328",248,"40,202",206,"24,121",12,122,206,23074,31,(d),33,(d),19,"2,359",120,(d),2,(d),1,(d),(d),NA,NA,NA,11,"10,173","731,613",7,(d),(d),12,"8,502","607,136",NA,NA,NA,NA,NA,NA,NA,NA,NA,NA,NA,NA,381,37035,101882,NA,NA,NA,NA,NA,NA,17,54,1,(d),9,9,707,2,(d),(d),5,"6,033","425,964",11,860,"58,240",1,(d),47.2117026,-112.4768049
montana,liberty,246,1,4,9,23,23,186,913576,3714,2807,3329506,897,103114000,424336,228,698794,194,"403,865",20,"7,017","88,292,000","358,909","69,077,000",19215000,NA,40,2,4,11,15,15,159,223,"10,873,000",176,"5,106,000",74255000,301849,246,30016000,"122,015",53,"10,245",50,"7,537",4,433,53,6832,4,"19,624",4,"107,740",NA,NA,17,"107,810",4,"46,800",3,(d),(d),1,(d),(d),169,"267,372","9,034,248",127,"136,808","5,352,227",25,"20,091","607,559",NA,NA,NA,NA,NA,NA,1,(d),(d),NA,NA,NA,52,12524,23916,NA,NA,NA,NA,NA,NA,3,35,3,30,NA,NA,246,30,"20,026","528,150",131,"110,538","3,153,871",1,(d),(d),NA,NA,30.0856736,-94.7856262
montana,lincoln,345,50,133,99,49,6,8,47783,139,45,727103,5250,18844000,54620,238,12546,204,"7,801",129,"4,890","3,111,000","9,019","1,011,000",2100000,NA,213,54,25,28,12,4,9,4,"47,000",70,"3,534,000",8645000,25057,345,-1953000,"-5,660",98,"2,101",81,(d),2,(d),56,1639,5,53,6,34,9,(d),71,"1,105",NA,NA,NA,NA,NA,NA,NA,NA,1,(d),(d),1,(d),(d),1,(d),(d),NA,NA,NA,NA,NA,NA,NA,NA,NA,NA,NA,NA,172,7616,11697,NA,NA,NA,NA,NA,NA,18,16,1,(d),5,5,345,NA,NA,NA,1,(d),(d),NA,NA,NA,NA,NA,40.8088861,-96.7077751
montana,madison,605,53,125,95,112,48,172,923307,1526,220,2610305,1710,90702000,149921,376,151196,326,"99,723",381,"130,295","83,635,000","138,239","23,114,000",60520000,NA,212,30,81,43,44,38,157,95,"1,458,000",258,"7,097,000",71436000,118075,605,20754000,"34,304",301,"80,763",271,"52,285",5,7,276,56393,9,97,9,175,33,"4,435",53,902,NA,NA,NA,NA,NA,1,(d),(d),41,"15,132","1,036,727",16,(d),"86,109",25,"5,015","406,610",NA,NA,NA,NA,NA,NA,NA,NA,NA,NA,NA,NA,314,75908,246319,NA,NA,NA,NA,NA,NA,6,362,5,354,5,7,605,3,(d),"11,426",36,"13,303","939,192",NA,NA,NA,NA,NA,43.074761,-89.3837613
montana,mccone,437,4,14,24,72,65,258,1339597,3065,1694,1619356,528,103731000,237370,361,591961,229,"319,986",19,"7,273","61,277,000","140,221","30,002,000",31275000,NA,123,11,11,35,54,47,156,352,"13,400,000",310,"11,409,000",75019000,171668,437,11067000,"25,325",177,"40,349",167,(d),2,(d),173,33969,4,(d),6,(d),12,"8,279",13,424,3,(d),14,"4,012","153,812",6,482,"3,147",162,"187,518","2,658,612",18,"10,378","144,140",16,"4,640","156,222",NA,NA,NA,NA,NA,NA,2,(d),(d),NA,NA,NA,122,30329,30139,NA,NA,NA,1,(d),(d),1,(d),NA,NA,NA,NA,437,14,"7,617","114,902",155,"169,523","2,399,570",1,(d),(d),NA,NA,47.5823259,-105.8467942
montana,meagher,145,11,20,9,14,3,88,882177,6084,1800,5524417,908,39237000,270602,102,85231,94,"62,451",80,"52,074","36,769,000","253,581","4,436,000",32334000,NA,36,9,12,5,7,10,66,38,"887,000",72,"1,677,000",32556000,224522,145,6777000,"46,736",103,"50,989",94,(d),2,(d),100,31094,2,(d),2,(d),6,"3,051",13,98,1,(d),NA,NA,NA,NA,NA,NA,11,"5,411","117,610",3,(d),(d),12,"5,725","328,120",NA,NA,NA,NA,NA,NA,NA,NA,NA,NA,NA,NA,93,47087,93930,NA,NA,NA,NA,NA,NA,1,(d),1,(d),NA,NA,145,NA,NA,NA,11,(d),(d),6,687,"41,719",NA,NA,46.6305891,-110.8988278
montana,mineral,93,10,31,33,5,10,4,18408,198,67,989976,5002,3979000,42783,65,5441,48,"2,500",27,633,"604,000","6,491","228,000",376000,NA,51,15,11,7,9,NA,NA,12,"82,000",30,"493,000",1520000,16347,93,-341000,"-3,671",28,438,21,(d),1,(d),27,343,3,7,7,20,NA,NA,12,192,NA,NA,NA,NA,NA,NA,NA,NA,NA,NA,NA,NA,NA,NA,1,(d),(d),NA,NA,NA,NA,NA,NA,NA,NA,NA,NA,NA,NA,43,2479,2673,NA,NA,NA,NA,NA,NA,3,1,NA,NA,2,(d),93,NA,NA,NA,NA,NA,NA,NA,NA,NA,NA,NA,37.6584133,-106.9311267
montana,missoula,576,171,210,108,47,19,21,260117,452,20,1262721,2796,24397000,42356,335,21550,275,"13,905",363,"15,458","9,849,000","17,098","5,641,000",4208000,NA,334,71,52,44,27,27,21,35,"417,000",168,"5,049,000",18268000,31715,576,-2953000,"-5,127",136,"5,772",117,"3,717",7,18,120,3302,18,141,8,252,48,739,113,"2,087",2,(d),2,(d),(d),NA,NA,NA,2,(d),(d),2,(d),(d),1,(d),(d),NA,NA,NA,NA,NA,NA,NA,NA,NA,NA,NA,NA,217,12474,27067,NA,NA,NA,NA,NA,NA,31,39,3,(z),18,30,576,NA,NA,NA,NA,NA,NA,3,69,"2,225",NA,NA,46.8701049,-113.995267
montana,musselshell,346,11,39,106,47,24,119,1103333,3189,220,2038138,639,48408000,140313,165,145144,114,"66,340",56,"12,936","37,284,000","107,757","7,744,000",29541000,NA,165,17,20,23,28,22,71,104,"2,231,000",122,"1,764,000",33954000,98132,346,7326000,"21,173",187,"38,861",161,"25,113",8,18,172,29874,10,37,5,57,46,"4,619",58,980,NA,NA,2,(d),(d),3,775,"19,475",16,"22,487","668,485",14,"14,261","407,446",11,"2,935","137,360",NA,NA,NA,NA,NA,NA,NA,NA,NA,NA,NA,NA,109,33534,60760,NA,NA,NA,NA,NA,NA,3,1,1,(d),NA,NA,346,1,(d),(d),10,(d),(d),NA,NA,NA,NA,NA,46.4728903,-108.4473635
montana,park,575,57,172,81,71,64,130,711966,1238,159,3230902,2609,56594000,98425,354,110716,280,"65,988",280,"61,973","33,515,000","58,287","9,403,000",24112000,NA,234,49,61,53,35,52,91,88,"935,000",252,"5,298,000",36749000,63912,575,2999000,"5,216",209,"37,099",187,"24,704",9,120,209,24709,4,20,11,248,43,"3,875",88,"2,314",5,180,NA,NA,NA,2,(d),(d),16,"4,359","238,696",12,"2,595","110,769",17,"4,979","292,243",NA,NA,NA,NA,NA,NA,NA,NA,NA,NA,NA,NA,265,54610,117496,NA,NA,NA,NA,NA,NA,7,3,1,(d),3,1,575,NA,NA,NA,9,"1,764","127,927",NA,NA,NA,NA,NA,39.1089299,-105.7561639
montana,petroleum,104,5,8,5,11,8,67,592558,5698,2500,3863919,678,20231000,194528,76,84845,64,"46,244",33,"10,881","17,761,000","170,779","3,269,000",14492000,NA,29,1,5,5,4,13,47,54,"861,000",58,"1,066,000",14605000,140437,104,5082000,"48,869",65,"22,138",53,"13,377",4,4,64,15693,1,(d),2,(d),1,(d),2,(d),NA,NA,2,(d),(d),2,(d),(d),12,"15,135","210,015",7,"8,308","149,007",7,"2,887","117,073",NA,NA,NA,NA,NA,NA,NA,NA,NA,NA,NA,NA,58,25028,40421,NA,NA,NA,NA,NA,NA,NA,NA,NA,NA,1,(d),104,NA,NA,NA,9,"6,827","61,008",NA,NA,NA,NA,NA,47.0606518,-108.2769626
montana,phillips,445,20,31,45,58,50,241,1936545,4352,1160,2306077,530,99809000,224289,356,508821,285,"265,039",151,"31,427","74,636,000","167,721","25,376,000",49259000,NA,90,24,37,42,38,33,181,294,"9,471,000",257,"11,267,000",71743000,161220,445,23631000,"53,104",233,"76,901",221,"51,568",6,24,236,51317,2,(d),5,(d),23,"2,829",11,342,NA,NA,4,353,"25,520",3,554,"8,448",105,"117,352","2,282,189",34,"19,913","634,429",19,"5,498","205,989",NA,NA,NA,NA,NA,NA,4,122,"3,640",NA,NA,NA,242,78515,111291,NA,NA,NA,NA,NA,NA,NA,NA,NA,NA,NA,NA,445,29,"16,350","218,529",88,"81,089","1,429,231",3,(d),"6,893",NA,NA,40.5888329,-102.3701723
montana,pondera,486,15,53,71,98,55,194,804578,1656,530,1998397,1207,131857000,272432,380,551139,311,"326,318",194,"69,824","111,526,000","229,476","76,064,000",35462000,NA,117,15,38,41,48,51,176,338,"10,629,000",300,"7,154,000",98608000,202898,486,30700000,"63,169",193,"24,285",184,"15,332",5,869,178,15343,8,"24,539",8,"49,940",13,"4,601",25,"115,236",2,(d),6,"3,541","162,149",2,(d),(d),184,"164,644","7,369,103",127,"77,042","3,819,744",90,"50,625","2,745,796",NA,NA,NA,NA,NA,NA,NA,NA,NA,1,(d),(d),194,47257,112649,2,(d),(d),NA,NA,NA,4,45,2,(d),NA,NA,486,56,"32,165","1,345,471",121,"55,437","2,203,888",6,906,"30,217",NA,NA,48.2443094,-112.1206742
montana,powder river,325,6,23,23,36,28,209,1626630,5005,2400,2755267,551,72706000,223710,217,145709,186,"90,600",43,"15,972","62,094,000","191,059","3,063,000",59031000,NA,50,9,15,18,27,31,175,157,"2,797,000",185,"3,954,000",52337000,161036,325,16508000,"50,795",249,"84,944",215,"49,046",15,19,248,61063,3,36,6,23,54,"10,620",32,538,NA,NA,NA,NA,NA,2,(d),(d),12,"2,426","77,151",11,"2,108","64,917",8,"1,434","53,190",NA,NA,NA,NA,NA,NA,NA,NA,NA,NA,NA,NA,185,84497,93262,NA,NA,NA,NA,NA,NA,1,(d),NA,NA,NA,NA,325,NA,NA,NA,3,318,"12,234",1,(d),(d),NA,NA,45.3655661,-105.5982213
montana,powell,254,23,39,45,39,35,73,572388,2253,305,2917797,1295,34295000,135021,146,57950,132,"44,961",134,"51,743","31,845,000","125,372","6,533,000",25311000,NA,90,19,25,19,19,18,64,59,"377,000",95,"1,272,000",26112000,102804,254,7382000,"29,061",118,"35,243",112,(d),8,(d),125,24357,6,32,6,171,22,495,36,736,NA,NA,NA,NA,NA,NA,NA,NA,NA,NA,NA,NA,NA,NA,3,680,"49,200",NA,NA,NA,NA,NA,NA,NA,NA,NA,NA,NA,NA,127,44182,111179,NA,NA,NA,NA,NA,NA,2,(d),NA,NA,2,(d),254,NA,NA,NA,NA,NA,NA,2,(d),(d),NA,NA,37.8192526,-83.8239902
montana,prairie,179,4,4,24,16,13,118,747256,4175,1800,3229966,774,29974000,170306,138,129818,97,"67,210",51,"14,604","43,300,000","241,899","10,801,000",32499000,NA,35,4,9,12,12,18,89,139,"4,610,000",114,"2,261,000",39101000,218443,179,11070000,"61,846",121,"48,224",103,"23,698",5,7,123,33420,1,(d),5,56,8,967,9,360,NA,NA,4,956,"106,320",20,"3,290","54,514",34,"23,207","375,808",7,"2,593","78,972",5,"1,777","33,866",NA,NA,NA,NA,NA,NA,NA,NA,NA,9,585,"14,352",83,23555,48136,NA,NA,NA,6,(d),(d),1,(d),1,(d),1,(d),179,10,"1,476","20,500",27,"19,138","276,336",NA,NA,NA,NA,NA,34.8105247,-91.5751148
montana,ravalli,1576,431,744,201,121,31,48,241233,153,20,877618,5734,86204000,54698,1061,52117,933,"39,573",1221,"70,972","42,662,000","27,070","12,710,000",29952000,NA,828,194,174,150,82,76,72,61,"245,000",367,"4,811,000",46264000,29355,1576,1455000,923,486,"27,032",428,"15,242",19,824,436,25981,27,227,41,665,123,"2,216",266,"6,031",9,111,5,850,"125,000",4,(d),(d),22,"1,575","98,794",10,461,"22,858",9,323,"22,605",NA,NA,NA,NA,NA,NA,5,150,"5,250",1,(d),(d),833,35334,97924,NA,NA,NA,NA,NA,NA,45,71,11,7,69,212,1576,5,169,"14,100",12,945,"61,836",1,(d),(d),NA,NA,46.0757223,-114.1139453
montana,richland,527,28,43,44,84,61,267,1270080,2410,1000,2112650,877,127316000,242969,410,479538,302,"260,196",137,"53,488","100,103,000","189,949","55,377,000",44726000,NA,161,18,29,31,39,64,185,351,"10,227,000",328,"10,241,000",92239000,175027,527,28331000,"53,759",253,"63,288",232,"33,228",4,10,258,46380,4,19,4,8,15,"4,613",31,573,1,(d),23,"5,367","536,567",33,"4,317","71,576",167,"148,106","3,462,455",18,"6,884","165,506",25,"4,363","258,710",NA,NA,NA,NA,NA,NA,13,"2,959","128,961",2,(d),(d),231,52847,79668,NA,NA,NA,50,"16,978","544,583",2,(d),NA,NA,NA,NA,527,48,"25,621","463,618",138,"115,601","2,833,331",16,"1,628","74,396",NA,NA,38.7060457,-88.0949352
montana,roosevelt,501,NA,37,67,79,58,260,1307366,2610,1060,1883016,722,133387000,268384,461,757316,323,"483,365",67,"24,263","64,131,000","128,006","44,529,000",19601000,NA,158,23,23,46,54,44,153,382,"13,696,000",337,"21,302,000",84878000,169417,501,14251000,"28,445",159,"27,228",155,"19,869",NA,NA,163,20890,11,95,8,49,7,598,14,349,NA,NA,3,460,"41,600",6,270,"4,500",209,"288,231","4,460,631",9,"5,284","200,327",12,"2,355","100,324",NA,NA,NA,NA,NA,NA,3,725,"21,980",2,(d),(d),187,59194,57780,NA,NA,NA,6,"1,335","37,745",NA,NA,NA,NA,2,(d),501,104,"91,326","1,317,963",160,"191,621","2,942,341",4,488,"10,998",NA,NA,48.3069516,-104.9709901
montana,rosebud,414,11,51,61,60,47,184,2732466,6600,673,2835966,430,66808000,161371,246,169766,198,"82,857",118,"38,683","86,638,000","209,271","17,023,000",69615000,NA,126,18,24,31,40,46,129,141,"3,759,000",162,"4,631,000",76352000,184425,414,18676000,"45,112",267,"91,559",248,"50,216",3,3,248,71761,9,637,6,685,17,"3,710",38,697,3,30,9,778,"129,425",9,"2,029","46,881",25,"17,688","456,454",14,"4,679","116,751",11,"4,142","441,451",NA,NA,NA,1,(d),(d),4,373,"12,000",2,(d),(d),180,50519,104686,NA,NA,NA,7,"2,803","95,428",1,(d),1,(d),3,(z),414,NA,NA,NA,17,"13,009","339,703",1,(d),(d),NA,NA,46.3894251,-106.6296053
montana,sanders,521,33,161,155,86,36,50,642640,1233,90,1219226,988,34227000,65694,387,43265,322,"28,713",212,"21,483","16,910,000","32,458","5,170,000",11740000,NA,240,53,46,77,46,22,37,45,"570,000",190,"2,707,000",16098000,30898,521,4090000,"7,850",217,"15,539",193,"10,176",3,6,195,13292,8,270,8,102,19,192,93,"5,335",8,38,1,(d),(d),NA,NA,NA,3,(d),(d),NA,NA,NA,2,(d),(d),NA,NA,NA,NA,NA,NA,NA,NA,NA,1,(d),(d),277,27205,51060,NA,NA,NA,NA,NA,NA,18,56,3,1,20,23,521,1,(d),(d),2,(d),(d),3,(d),(d),1,(d),47.6801812,-115.1769538
montana,sheridan,458,14,7,54,78,49,256,1064068,2323,1369,1611743,694,201255000,443294,402,786144,312,"627,971",18,"4,576","70,570,000","154,083","58,429,000",12141000,NA,121,10,18,39,35,54,181,369,"11,702,000",357,"26,840,000",86837000,189601,458,22275000,"48,634",127,"17,651",121,(d),2,(d),122,13488,2,(d),2,(d),7,469,6,93,NA,NA,4,"1,620","40,100",NA,NA,NA,245,"334,481","4,360,379",11,"4,937","176,413",8,"2,156","71,774",NA,NA,NA,NA,NA,NA,1,(d),(d),NA,NA,NA,130,40005,33257,NA,NA,NA,NA,NA,NA,1,(d),1,(d),NA,NA,458,230,"294,241","3,625,706",45,"35,303","558,260",NA,NA,NA,NA,NA,39.3530598,-100.457645
montana,silver bow,142,15,50,30,19,12,16,60306,425,100,956028,2251,7498000,52803,42,3664,36,"2,482",26,"2,412","2,729,000","19,219","566,000",2163000,NA,80,17,8,16,7,7,7,NA,NA,38,"141,000",3022000,21278,142,-151000,"-1,066",56,"3,679",49,"2,609",NA,NA,47,2337,6,12,8,40,13,272,23,229,NA,NA,NA,NA,NA,NA,NA,NA,NA,NA,NA,NA,NA,NA,NA,NA,NA,NA,NA,NA,NA,NA,NA,NA,NA,NA,NA,NA,NA,34,2480,5086,NA,NA,NA,NA,NA,NA,NA,NA,NA,NA,NA,NA,142,NA,NA,NA,NA,NA,NA,NA,NA,NA,NA,NA,45.9009106,-112.6788845
montana,stillwater,562,25,103,102,100,70,162,762568,1357,280,1823923,1344,58150000,103840,388,175693,331,"107,482",177,"23,213","51,455,000","91,556","15,631,000",35824000,NA,183,31,35,67,65,67,114,225,"4,175,000",249,"5,843,000",48040000,85481,562,13432000,"23,901",285,"46,755",272,"26,078",5,19,286,33722,8,291,11,576,28,"13,497",47,896,4,96,11,"1,414","274,723",12,"1,222","31,809",53,"23,207","966,471",50,"19,905","810,296",17,"3,127","156,439",NA,NA,NA,NA,NA,NA,NA,NA,NA,1,(d),(d),304,74286,106739,1,(d),(d),NA,NA,NA,4,4,NA,NA,7,4,562,1,(d),(d),9,(d),(d),2,(d),(d),NA,NA,36.1156306,-97.0585717
montana,sweet grass,301,15,43,60,44,28,111,826134,2745,320,3117975,1136,36654000,121775,166,57171,154,"39,175",155,"38,786","25,698,000","85,375","3,133,000",22565000,NA,95,16,35,22,29,31,73,59,"617,000",143,"2,056,000",26477000,87963,301,1894000,"6,292",166,"33,529",157,"24,276",6,9,161,23468,10,90,8,178,29,"3,433",25,289,1,(d),NA,NA,NA,NA,NA,NA,4,591,"16,756",1,(d),(d),2,(d),(d),NA,NA,NA,NA,NA,NA,NA,NA,NA,NA,NA,NA,151,37590,69295,NA,NA,NA,NA,NA,NA,NA,NA,NA,NA,NA,NA,301,NA,NA,NA,4,(d),(d),2,(d),(d),NA,NA,45.8729386,-109.9503947
montana,teton,686,37,125,111,157,76,180,887436,1294,315,1533701,1186,108731000,159196,537,460072,399,"281,754",340,"93,837","107,206,000","156,277","68,719,000",38487000,NA,268,21,41,35,51,71,199,391,"8,367,000",392,"8,571,000",99333000,144800,686,24811000,"36,168",222,"46,002",196,(d),6,(d),202,31521,11,(d),9,(d),31,"6,849",29,"69,282",2,(d),NA,NA,NA,NA,NA,NA,140,"125,246","5,907,088",94,"76,367","3,929,309",134,"56,837","4,632,812",NA,NA,NA,NA,NA,NA,3,148,"7,932",1,(d),(d),285,54875,123722,3,931,"380,188",NA,NA,NA,6,16,2,(d),NA,NA,686,27,"10,340","547,892",93,"38,539","1,429,887",4,"1,070","30,509",NA,NA,43.9139214,-110.6380363
montana,toole,362,5,11,31,44,44,227,1094910,3025,1800,2653458,877,101060000,280722,323,734547,236,"416,771",32,"5,327","84,182,000","232,547","66,928,000",17254000,NA,115,9,4,17,32,34,151,300,"11,549,000",237,"9,452,000",78022000,215530,362,27161000,"75,031",96,"18,245",95,"12,008",3,380,89,11077,6,(d),7,(d),15,"2,364",9,"26,229",1,(d),NA,NA,NA,NA,NA,NA,181,"216,164","6,172,378",75,"58,357","2,252,414",86,"82,404","3,179,456",NA,NA,NA,NA,NA,NA,NA,NA,NA,1,(d),(d),109,22376,32405,NA,NA,NA,NA,NA,NA,1,(d),1,(d),NA,NA,362,28,"21,456","567,549",147,"136,351","3,352,415",3,(d),(d),NA,NA,48.6768334,-111.7313702
montana,treasure,121,2,18,19,5,14,63,614142,5076,1060,2934450,578,41173000,340275,86,55761,84,"47,954",75,"36,647","45,026,000","372,118","27,072,000",17954000,NA,22,4,9,9,9,7,61,57,"1,197,000",77,"3,088,000",37363000,308789,121,11948000,"98,745",72,"28,375",58,(d),1,(d),65,17426,1,(d),1,(d),4,514,5,82,NA,NA,11,"1,558","283,816",25,"5,876","159,485",25,"9,413","517,489",7,"3,740","133,280",23,"6,593","841,863",NA,NA,NA,NA,NA,NA,3,516,"24,374",NA,NA,NA,70,13377,50251,NA,NA,NA,11,"4,400","171,988",NA,NA,NA,NA,NA,NA,121,4,700,"35,556",22,"4,973","348,653",NA,NA,NA,NA,NA,46.1833795,-107.2625484
montana,valley,557,11,41,76,97,62,270,1630027,2926,872,1883822,644,152199000,274232,478,779166,357,"525,680",135,"45,099","96,553,000","173,344","53,295,000",43258000,NA,150,28,32,34,46,52,215,417,"13,469,000",316,"25,998,000",112756000,202434,557,23263000,"41,765",200,"61,831",185,(d),1,(d),200,48052,1,(d),1,(d),13,554,20,442,NA,NA,7,"1,224","99,900",7,"1,126","21,384",194,"287,395","4,352,529",22,"13,852","296,525",10,"5,650","177,056",1,(d),(d),NA,NA,NA,10,"1,699","51,454",1,(d),(d),227,68189,122182,NA,NA,NA,NA,NA,NA,2,(d),2,(d),1,(d),557,50,"46,714","605,355",177,"226,829","3,450,649",2,(d),(d),NA,NA,41.5595723,-98.9805484
montana,wheatland,174,9,11,22,23,20,89,860203,4944,1000,3425165,693,34696000,199401,106,138771,89,"81,579",68,"23,019","43,103,000","247,719","8,753,000",34350000,NA,28,9,10,24,18,26,59,88,"2,221,000",84,"1,359,000",34999000,201146,174,11684000,"67,150",109,"43,006",98,(d),4,(d),106,24106,3,"17,083",3,"24,010",24,"12,523",17,248,3,"16,700",1,(d),(d),1,(d),(d),14,"26,943","836,372",10,"17,167","587,556",7,"6,575","311,180",NA,NA,NA,NA,NA,NA,NA,NA,NA,1,(d),(d),88,38557,60427,NA,NA,NA,NA,NA,NA,4,54,3,30,NA,NA,174,3,"2,611","99,326",11,"7,165","149,490",3,93,"3,300",NA,NA,46.4335302,-109.84980470000001
montana,wibaux,137,4,10,9,19,17,78,515403,3762,1340,2321989,617,30702000,224104,85,98328,75,"67,278",9,"2,936","18,012,000","131,471","5,576,000",12435000,NA,27,3,10,15,8,27,47,114,"2,083,000",92,"4,037,000",20153000,147099,137,3979000,"29,044",91,"21,050",87,(d),1,(d),85,12552,NA,NA,2,(d),6,"1,630",16,254,NA,NA,5,"1,114","29,991",2,(d),(d),26,"23,235","351,745",11,"4,695","109,179",7,"1,168","56,276",NA,NA,NA,NA,NA,NA,NA,NA,NA,NA,NA,NA,68,24886,22088,1,(d),(d),NA,NA,NA,NA,NA,NA,NA,NA,NA,137,11,"6,076","66,855",21,"12,464","175,711",5,494,"7,771",NA,NA,46.910018,-104.2215171
montana,yellowstone,1314,201,402,262,172,86,191,1602794,1220,60,1223832,1003,136561000,104007,773,298985,665,"186,765",641,"76,822","135,287,000","102,958","43,078,000",92209000,NA,571,98,122,149,107,66,201,295,"5,615,000",496,"8,851,000",127316000,96892,1314,22437000,"17,076",540,"110,710",445,"36,827",18,330,500,84590,31,(d),27,(d),60,"2,082",193,"20,552",10,(d),55,"8,068","869,373",51,"6,952","160,572",91,"73,041","2,822,693",58,"64,067","2,424,503",95,"16,742","1,552,259",NA,NA,NA,NA,NA,NA,4,321,"18,145",1,(d),(d),599,66107,116988,3,"1,413","921,807",35,"4,682","146,210",17,121,6,5,6,8,1314,3,700,"3,950",55,"8,274","394,240",3,(d),(d),1,(d),45.9645464,-108.276076
north dakota,adams,380,7,29,82,75,49,138,599579,1578,480,1682952,1067,112887000,297071,334,388019,232,"289,199",NA,NA,"60,396,000","158,938","30,430,000",29966000,NA,146,23,12,24,27,21,127,312,"8,748,000",272,"20,210,000",74723000,196640,380,14631000,"38,503",144,"29,950",141,(d),2,(d),146,22976,2,(d),2,(d),7,"3,626",11,470,3,550,55,"53,999","2,558,669",16,"6,735","41,312",76,"86,227","1,848,763",2,(d),(d),7,"2,091","89,356",NA,NA,NA,NA,NA,NA,17,"7,063","91,893",NA,NA,NA,206,75199,75816,43,"22,848","24,155,344",NA,NA,NA,NA,NA,NA,NA,NA,NA,380,17,(d),(d),63,"70,964","1,492,151",4,336,"5,736",NA,NA,39.9787786,-91.2110065
north dakota,barnes,749,18,90,173,131,80,257,952048,1271,360,2937290,2311,296301000,395596,679,819825,503,"722,914",9,"2,481","278,736,000","372,144","257,603,000",21132000,NA,258,28,21,36,48,34,324,586,"8,226,000",577,"22,743,000",237199000,316687,749,72506000,"96,804",184,"34,300",167,(d),1,(d),171,17769,5,95,7,326,27,"2,272",23,357,2,(d),259,"194,835","29,533,371",30,"2,877","55,227",178,"72,529","4,328,965",NA,NA,NA,43,"11,471","937,279",NA,NA,NA,NA,NA,NA,356,"407,715","14,871,077",26,"9,991","222,622",223,19477,45519,2,(d),(d),NA,NA,NA,6,66,3,(d),1,(d),749,23,"4,914","298,463",162,"67,615","4,030,502",12,612,"45,028",NA,NA,46.9310489,-98.0678849
north dakota,benson,473,5,31,73,86,84,194,750870,1587,705,2172369,1368,181794000,384343,420,586721,337,"503,944",5,"2,028","164,317,000","347,393","147,665,000",16652000,NA,138,16,17,21,34,31,216,373,"9,813,000",359,"8,841,000",126257000,266928,473,56713000,"119,901",153,"30,315",149,(d),2,(d),136,15155,4,34,NA,NA,3,76,14,240,NA,NA,123,"59,722","7,753,257",29,"2,926","36,638",199,"122,254","6,766,206",NA,NA,NA,69,"25,857","1,939,168",NA,NA,NA,NA,NA,NA,222,"202,859","6,815,448",56,"34,814","656,426",189,39127,63700,7,"2,392","4,934,000",NA,NA,NA,2,(d),NA,NA,1,(d),473,25,"8,669","434,580",181,"113,585","6,331,626",17,"1,444","81,717",NA,NA,48.0191362,-99.403103
north dakota,billings,204,NA,15,18,30,31,110,734722,3602,1094,3308786,919,48370000,237105,163,125728,127,"87,556",2,(d),"28,754,000","140,949","5,667,000",23087000,NA,38,4,11,19,20,22,90,142,"2,338,000",149,"4,946,000",25513000,125064,204,10525000,"51,594",144,"31,163",144,"18,508",4,42,139,25578,3,80,3,90,2,(d),19,226,NA,NA,11,"3,445","185,425",6,393,"3,409",34,"28,865","532,779",5,"1,203","20,901",7,"2,610","92,480",NA,NA,NA,NA,NA,NA,1,(d),(d),NA,NA,NA,115,44144,28853,8,"3,651","4,468,320",NA,NA,NA,1,(d),1,(d),NA,NA,204,4,800,"10,000",33,"26,862","501,878",6,635,"27,050",NA,NA,45.7874957,-108.49607
north dakota,bottineau,684,12,47,146,130,79,270,958377,1401,521,2166705,1546,241646000,354320,629,865610,479,"765,191",5,29,"215,501,000","315,060","199,430,000",16070000,NA,221,26,17,42,44,29,305,557,"18,721,000",495,"13,883,000",179419000,262308,684,68686000,"100,418",143,"14,081",137,"8,628",NA,NA,124,8397,2,(d),4,(d),8,422,7,146,1,(d),53,"33,095","3,130,130",12,627,"9,392",291,"275,185","12,510,030",2,(d),(d),48,"20,219","1,300,384",NA,NA,NA,NA,NA,NA,270,"264,490","8,616,670",4,(d),(d),226,41707,50603,11,"3,212","4,855,989",NA,NA,NA,2,(d),1,(d),2,(d),684,53,(d),(d),270,"236,142","11,183,118",13,"3,655","252,139",NA,NA,48.8243455,-100.8431321
north dakota,bowman,341,NA,24,69,59,44,145,711385,2086,700,2144932,1028,86708000,254275,296,334867,209,"232,332",5,878,"74,079,000","217,241","19,553,000",54526000,NA,123,28,6,15,31,35,103,273,"5,354,000",223,"7,839,000",67037000,196590,341,20236000,"59,343",149,"38,521",144,"22,682",4,4,140,35208,1,(d),1,(d),26,"6,126",6,153,2,(d),28,"14,632","854,825",9,"1,368","6,939",70,"93,947","1,854,850",5,479,"11,971",14,"5,561","204,829",NA,NA,NA,NA,NA,NA,2,(d),(d),NA,NA,NA,187,82740,61020,13,"6,556","7,856,520",NA,NA,NA,NA,NA,NA,NA,NA,NA,341,26,"37,677","687,373",57,"55,791","1,155,506",8,711,"52,780",NA,NA,46.1010498,-103.5086625
north dakota,burke,356,8,23,68,63,57,137,519380,1459,600,1537171,1054,107999000,303368,317,393351,199,"315,550",NA,NA,"71,578,000","201,062","61,157,000",10421000,NA,148,5,9,17,22,34,121,314,"7,985,000",224,"6,428,000",63476000,178302,356,22515000,"63,245",86,"15,980",76,"9,650",NA,NA,72,10739,1,(d),NA,NA,6,144,4,49,NA,NA,13,"1,508","141,655",3,215,"2,133",130,"119,544","4,249,464",1,(d),(d),31,"10,660","652,822",NA,NA,NA,NA,NA,NA,64,"31,263","734,931",1,(d),(d),112,36942,42000,17,"5,987","9,870,967",NA,NA,NA,NA,NA,NA,NA,NA,NA,356,74,(d),(d),81,"63,678","2,543,639",22,"5,309","456,165",NA,NA,35.7270403,-81.6632108
north dakota,burleigh,785,34,201,207,76,81,186,824199,1050,155,1994601,1900,157567000,200722,567,423352,503,"341,199",32,"4,001","134,131,000","170,867","65,405,000",68725000,NA,300,50,46,96,39,62,192,415,"6,674,000",421,"10,233,000",106464000,135623,785,44573000,"56,781",298,"83,872",282,"44,000",10,686,309,51467,4,76,2,(d),29,572,43,(d),4,78,101,"48,788","4,570,487",57,"9,478","125,108",91,"56,441","1,751,517",6,"1,244","62,262",22,"16,645","769,496",NA,NA,NA,NA,NA,NA,82,"63,727","1,991,910",5,"2,360","43,056",423,100572,146045,21,"14,067","27,773,922",NA,NA,NA,17,170,10,(d),9,14,785,23,"16,029","484,752",74,"39,168","1,204,503",11,"2,247","161,840",NA,NA,46.9498874,-100.5127667
north dakota,cass,784,35,122,117,85,57,368,1126085,1436,746,5339580,3718,436769000,557103,727,1085430,611,"1,045,202",32,"13,871","439,453,000","560,527","417,188,000",22266000,NA,184,27,36,25,24,33,455,559,"8,418,000",579,"28,199,000",365332000,465985,784,110738000,"141,247",113,"12,712",103,(d),2,(d),95,7232,3,(d),7,"10,716",20,"2,854",27,"1,289",10,"1,270",383,"308,952","49,723,902",10,562,"8,672",201,"84,930","5,568,070",2,(d),(d),42,"12,082","1,072,404",NA,NA,NA,NA,NA,NA,483,"588,856","22,056,511",23,"11,804","237,664",150,12073,25696,19,"7,286","17,388,432",43,"17,477","496,702",6,23,4,2,10,51,784,12,(d),(d),189,"80,045","5,271,328",1,(d),(d),NA,NA,33.0560857,-94.3510366
north dakota,cavalier,523,5,26,77,75,54,286,928239,1775,1120,3691559,2080,285943000,546736,495,877208,399,"823,328",8,318,"280,592,000","536,506","276,485,000",4108000,NA,110,9,11,23,23,15,332,473,"25,654,000",397,"19,710,000",210566000,402612,523,115390000,"220,631",43,"2,099",43,(d),2,(d),43,1168,NA,NA,NA,NA,5,135,6,88,6,"1,167",69,"16,631","2,029,675",1,(d),(d),332,"295,858","18,904,264",1,(d),(d),63,"15,798","1,197,237",NA,NA,NA,NA,NA,NA,311,"199,898","6,133,384",57,"20,727","333,735",52,5851,9770,18,"3,368","6,614,193",NA,NA,NA,4,16,4,4,5,5,523,37,(d),(d),315,"272,803","17,661,198",9,405,"33,493",NA,NA,48.7664381,-98.5001391
north dakota,dickey,419,12,13,71,83,62,178,678927,1620,750,3847791,2375,213748000,510138,393,541941,298,"455,957",31,"14,813","225,092,000","537,212","181,796,000",43296000,NA,105,11,12,24,17,23,227,340,"6,323,000",324,"18,519,000",191443000,456904,419,58491000,"139,597",154,"52,428",142,"24,005",NA,NA,144,28630,2,(d),2,(d),13,"4,732",20,712,4,204,185,"164,970","26,652,326",35,"3,905","67,023",45,"23,115","1,080,041",8,"1,737","105,117",11,"2,403","161,960",NA,NA,NA,2,(d),(d),203,"211,676","8,256,223",6,"3,469","76,425",180,34757,109283,7,"2,410","4,230,600",NA,NA,NA,2,(d),2,(d),NA,NA,419,2,(d),(d),41,(d),(d),15,"1,928","111,984",NA,NA,46.0952757,-98.5322728
north dakota,divide,416,6,8,64,63,86,189,704197,1693,800,1808767,1069,149024000,358232,398,538723,269,"433,046",17,"2,265","71,450,000","171,754","61,544,000",9906000,NA,157,13,9,5,31,35,166,380,"9,797,000",296,"10,809,000",71653000,172242,416,20403000,"49,046",99,"13,828",96,"10,139",NA,NA,96,9737,1,(d),3,(d),3,120,14,277,2,(d),19,"3,572","191,615",7,914,"7,438",180,"195,872","4,512,664",8,"2,936","112,829",13,985,"42,480",NA,NA,NA,NA,NA,NA,64,"27,181","463,661",3,422,"8,148",140,42730,41543,10,"3,159","5,754,814",NA,NA,NA,NA,NA,NA,NA,NA,NA,416,148,"140,629","2,919,814",95,"52,307","1,480,021",15,"1,861","76,818",NA,NA,48.8189219,-103.5180387
north dakota,dunn,524,20,28,84,61,59,272,1016961,1941,1144,2225966,1147,155816000,297360,431,417815,379,"315,667",13,788,"77,605,000","148,102","27,704,000",49901000,NA,100,36,18,40,44,67,219,346,"6,276,000",341,"14,443,000",77345000,147606,524,20979000,"40,036",309,"70,169",293,"42,723",4,4,314,46746,9,334,10,351,17,699,19,437,1,(d),37,"14,639","761,275",34,"5,573","45,558",126,"128,285","2,715,297",10,"3,081","90,034",32,"6,909","291,153",NA,NA,NA,NA,NA,NA,5,"1,053","25,723",NA,NA,NA,343,130009,138293,24,"7,557","9,689,304",NA,NA,NA,2,(d),2,(d),NA,NA,524,23,"11,385","259,860",114,"113,819","2,365,403",20,"2,609","143,688",NA,NA,44.9333564,-91.8994409
north dakota,eddy,291,1,8,60,61,44,117,377145,1296,655,1886332,1455,90966000,312599,280,285628,199,"225,420",NA,NA,"82,231,000","282,582","63,600,000",18632000,NA,98,6,10,15,22,10,130,259,"4,439,000",209,"5,434,000",55075000,189263,291,37029000,"127,248",108,"29,310",104,"15,159",NA,NA,103,15192,NA,NA,NA,NA,5,514,NA,NA,NA,NA,84,"31,010","4,041,124",20,"1,912","20,132",107,"42,829","2,192,578",3,(d),(d),19,"3,789","295,246",NA,NA,NA,NA,NA,NA,120,"83,250","2,948,683",30,"9,100","175,878",140,40141,88964,14,"3,362","5,053,096",NA,NA,NA,NA,NA,NA,NA,NA,NA,291,2,(d),(d),105,"42,074","2,159,153",23,"2,571","122,190",NA,NA,47.7113958,-98.9087265
north dakota,emmons,516,8,27,81,97,77,226,811583,1573,768,2493059,1585,183671000,357337,458,500409,376,"435,870",17,"10,090","162,102,000","314,151","111,806,000",50296000,NA,111,20,9,19,56,55,246,422,"7,581,000",386,"15,937,000",146002000,282949,516,39618000,"76,779",274,"68,889",259,"35,339",14,595,266,41675,1,(d),1,(d),3,"1,305",4,97,NA,NA,176,"93,971","9,993,369",52,"4,344","57,783",150,"65,294","1,671,778",4,948,"37,695",17,"7,019","295,622",NA,NA,NA,NA,NA,NA,149,"121,933","4,306,708",2,(d),(d),287,70090,127512,111,"52,912","107,743,215",NA,NA,NA,1,(d),1,(d),3,4,516,16,"8,473","265,544",136,"55,873","1,368,539",24,"3,197","202,235",NA,NA,46.2575403,-100.2574942
north dakota,foster,230,5,28,32,19,17,129,393909,1713,1278,3438653,2008,140231000,609701,214,342911,179,"299,987",11,"2,788","118,733,000","516,229","90,780,000",27953000,NA,39,1,14,6,14,11,145,197,"5,532,000",175,"18,268,000",106056000,461113,230,36476000,"158,593",68,"23,083",63,(d),1,(d),66,15663,6,72,7,150,8,391,8,259,NA,NA,99,"68,561","8,869,727",37,"3,114","50,972",85,"41,696","2,047,878",3,(d),(d),23,"11,354","885,993",NA,NA,NA,NA,NA,NA,129,"145,661","5,170,202",15,"4,566","86,711",73,15365,33518,6,"1,809","3,186,669",NA,NA,NA,3,26,2,(d),4,2,230,11,(d),(d),79,"35,383","1,714,552",6,316,"14,644",NA,NA,47.4642277,-98.8815333
north dakota,golden valley,287,4,27,38,58,37,123,626343,2182,640,2296429,1052,89965000,313468,239,274099,177,"171,764",11,"1,106","45,171,000","157,390","20,849,000",24322000,NA,79,13,18,21,16,31,109,218,"5,890,000",189,"6,802,000",49731000,173278,287,8133000,"28,337",146,"32,816",139,"19,416",9,18,137,20434,2,(d),3,44,17,"3,352",21,653,2,(d),19,"8,238","367,241",3,"1,001","20,726",56,"74,946","1,527,228",5,"1,068","29,915",4,652,"25,407",NA,NA,NA,NA,NA,NA,NA,NA,NA,NA,NA,NA,147,40228,36165,8,"2,238","2,953,340",NA,NA,NA,1,(d),1,(d),NA,NA,287,36,"41,621","814,266",45,"32,257","683,047",12,"1,480","57,760",NA,NA,46.9317944,-103.8668414
north dakota,grand forks,889,12,117,253,188,101,218,798480,898,266,3064078,3411,319873000,359812,831,744093,497,"646,860",27,"27,498","318,362,000","358,113","294,658,000",23704000,NA,391,11,11,43,51,56,326,778,"14,911,000",651,"28,336,000",270319000,304071,889,91290000,"102,688",125,"17,058",118,(d),1,(d),103,9937,3,(d),3,(d),6,129,7,(d),2,(d),196,"110,718","16,487,951",13,292,"4,698",266,"127,562","7,963,275",2,(d),(d),19,"5,215","361,621",NA,NA,NA,NA,NA,NA,328,"244,573","8,340,161",162,"86,562","1,695,070",144,14696,32572,19,"4,289","7,786,190",78,"35,413","1,043,145",20,"11,269",17,"11,244",NA,NA,889,1,(d),(d),263,"127,406","7,954,578",1,(d),(d),NA,NA,47.9252104,-97.0306325
north dakota,grant,412,3,28,50,71,47,213,959467,2329,1030,2494937,1071,108857000,264216,367,429013,272,"292,548",11,"2,146","83,018,000","201,501","29,084,000",53935000,NA,105,11,10,25,41,47,173,360,"8,094,000",305,"15,131,000",74387000,180550,412,31856000,"77,321",249,"65,965",243,"39,196",5,16,245,45823,1,(d),1,(d),21,"1,691",9,264,1,(d),72,"38,674","2,233,800",47,"6,818","60,491",85,"85,889","1,234,539",2,(d),(d),4,(d),(d),NA,NA,NA,1,(d),(d),18,"6,002","123,055",NA,NA,NA,239,105895,118394,52,"27,808","46,662,397",NA,NA,NA,NA,NA,NA,NA,NA,NA,412,4,(d),(d),80,"81,321","1,185,712",12,"1,105","66,540",NA,NA,40.5114735,-85.6540606
north dakota,griggs,393,4,28,74,90,53,144,453644,1154,534,2051720,1777,133565000,339861,365,364840,259,"305,764",9,"1,504","114,622,000","291,659","105,078,000",9544000,NA,131,7,28,15,35,19,158,347,"7,670,000",296,"11,347,000",90173000,229449,393,43465000,"110,599",122,"17,730",122,"9,224",3,3,111,10287,2,(d),2,(d),11,"1,062",11,516,NA,NA,89,"47,527","7,452,159",27,"1,065","18,744",122,"66,520","3,963,723",1,(d),(d),18,"6,289","477,290",NA,NA,NA,NA,NA,NA,148,"140,048","5,109,516",29,"12,594","296,594",150,26037,60622,12,"2,035","2,123,058",NA,NA,NA,6,10,3,3,4,(d),393,5,(d),(d),121,"65,516","3,920,423",14,"1,166","89,982",NA,NA,47.4473179,-98.2616158
north dakota,hettinger,482,10,33,88,125,49,177,704881,1462,465,2055386,1405,127454000,264427,416,586003,262,"468,172",NA,NA,"66,553,000","138,077","53,282,000",13271000,NA,220,11,19,45,25,29,133,418,"13,029,000",335,"24,010,000",86244000,178930,482,17348000,"35,991",137,"15,237",130,(d),1,(d),119,10739,1,(d),1,(d),14,515,23,444,NA,NA,63,"35,840","1,987,735",13,"1,032","10,606",135,"260,881","4,942,487",8,"1,168","36,596",8,"1,013","39,340",NA,NA,NA,NA,NA,NA,17,"5,030","74,529",NA,NA,NA,183,52884,36726,36,"18,181","24,278,545",NA,NA,NA,NA,NA,NA,NA,2,(d),482,58,"48,581","840,470",120,"211,132","4,065,421",5,685,"57,308",NA,NA,46.4448014,-102.4167046
north dakota,kidder,476,1,38,73,83,55,226,748445,1572,800,1978460,1258,125964000,264631,446,423945,343,"316,750",38,"23,722","113,586,000","238,627","72,824,000",40762000,NA,141,16,18,25,23,45,208,393,"6,882,000",346,"6,019,000",91630000,192500,476,34858000,"73,231",228,"68,114",221,"40,290",6,23,224,34149,8,120,7,192,24,"6,026",20,523,NA,NA,71,"23,216","3,240,347",55,"6,830","96,539",145,"67,727","2,121,112",3,477,"13,356",32,"6,308","349,971",NA,NA,NA,NA,NA,NA,111,"62,213","2,140,830",2,(d),(d),296,116231,158165,5,"1,300","1,820,000",NA,NA,NA,11,"6,339",6,"6,252",NA,NA,476,17,"7,641","260,784",138,"59,609","1,846,972",38,"6,793","311,307",NA,NA,46.9636218,-99.7952675
north dakota,la moure,571,8,42,114,102,68,237,726731,1273,715,3230939,2539,238487000,417666,533,632944,427,"568,231",24,"5,528","225,991,000","395,781","192,505,000",33486000,NA,129,6,20,39,29,38,310,448,"4,860,000",468,"20,363,000",195931000,343137,571,55283000,"96,817",178,"28,102",165,"12,639",4,180,174,20186,1,(d),1,(d),4,151,11,872,2,(d),257,"151,319","23,150,510",31,"2,534","34,843",150,"42,207","1,877,930",2,(d),(d),14,"2,563","139,815",NA,NA,NA,NA,NA,NA,337,"333,701","11,498,872",17,"7,472","168,849",194,19974,42742,10,"2,638","1,802,197",NA,NA,NA,6,(d),6,(d),NA,NA,571,7,(d),(d),142,"39,967","1,800,942",14,"1,063","57,051",NA,NA,46.4473745,-98.534574
north dakota,logan,351,15,21,42,52,38,183,631778,1800,1050,2144519,1191,114472000,326130,315,347661,279,"288,475",8,"2,372","155,379,000","442,675","55,368,000",100011000,NA,85,1,8,16,14,35,192,298,"4,218,000",250,"6,769,000",127759000,363986,351,38607000,"109,991",192,"77,256",172,"33,607",5,713,193,60695,2,(d),2,(d),14,585,3,82,1,(d),89,"30,709","3,374,583",58,"7,487","106,052",109,"47,704","1,783,278",NA,NA,NA,14,"3,305","136,564",NA,NA,NA,1,(d),(d),141,"109,005","2,990,589",1,(d),(d),230,74827,155549,8,"3,700","4,488,856",NA,NA,NA,NA,NA,NA,NA,1,(d),351,5,"2,171","65,230",106,"45,533","1,718,048",23,"3,325","114,561",NA,NA,40.1075089,-89.3768539
north dakota,mchenry,750,19,65,161,134,117,254,1040198,1387,490,1510122,1089,180593000,241112,667,629415,531,"499,325",19,"6,226","146,347,000","195,129","82,196,000",64151000,NA,228,33,36,74,55,91,233,582,"10,874,000",513,"10,197,000",128014000,170685,750,39404000,"52,539",337,"83,726",325,(d),2,(d),329,47609,3,(d),2,(d),13,"2,032",26,829,4,142,109,"40,023","3,613,643",60,"13,034","136,632",171,"116,761","3,896,343",3,261,"6,823",47,"10,686","569,425",3,87,"5,910",NA,NA,NA,154,"108,528","3,063,441",5,"1,706","25,764",425,145015,187594,5,"1,631","2,530,960",NA,NA,NA,1,(d),1,(d),3,(d),750,26,"12,085","381,376",155,"104,415","3,508,144",47,"5,059","371,807",NA,NA,42.3294391,-88.4605713
north dakota,mcintosh,363,2,47,67,68,48,131,487665,1343,480,1832362,1364,99791000,275666,295,298286,243,"257,023",3,694,"94,800,000","261,158","53,703,000",41097000,NA,84,6,29,24,37,35,148,278,"3,200,000",268,"8,677,000",84842000,233726,363,21835000,"60,153",196,"53,606",190,(d),8,(d),207,33137,7,99,7,66,18,"1,013",7,213,3,138,76,"36,640","4,180,181",36,"6,051","68,871",96,"57,745","1,951,212",5,959,"36,088",9,672,"21,600",NA,NA,NA,NA,NA,NA,108,"84,064","2,401,132",1,(d),(d),198,53574,77162,28,"11,562","19,153,655",NA,NA,NA,NA,NA,NA,NA,NA,NA,363,4,"3,346","77,753",94,"53,440","1,837,371",7,747,"26,944",NA,NA,31.4979689,-81.3921575
north dakota,mckenzie,539,20,41,61,69,70,278,1119275,2077,1020,2130024,1026,200521000,372024,445,433255,385,"342,035",66,"26,683","104,690,000","194,230","50,179,000",54511000,NA,107,16,42,42,24,60,248,344,"7,119,000",316,"10,094,000",96731000,179465,539,25171000,"46,699",290,"78,111",268,"46,747",6,24,280,51002,5,160,8,392,1,(d),17,344,NA,NA,12,"1,465","98,305",28,"2,862","31,470",163,"158,067","3,917,255",5,"1,017","21,746",25,"6,744","263,798",NA,NA,NA,4,208,"1,596",16,"2,889","103,146",4,"1,227","17,597",310,105237,109518,1,(d),(d),34,"11,026","341,566",NA,NA,NA,NA,NA,NA,539,89,"77,041","1,834,661",123,"80,009","2,060,848",18,"1,658","85,159",NA,NA,47.7702536,-103.4734684
north dakota,mclean,762,10,65,172,140,103,272,1045419,1372,480,2448520,1785,249534000,327473,691,807311,543,"729,466",30,"8,098","176,922,000","232,181","150,812,000",26109000,NA,245,33,36,48,74,44,282,620,"17,822,000",537,"16,483,000",162996000,213905,762,48231000,"63,295",247,"32,256",241,"19,001",NA,NA,243,20218,1,(d),NA,NA,5,196,23,473,2,(d),115,"79,230","7,501,711",23,"2,785","22,712",289,"258,693","8,018,723",4,868,"47,515",25,"7,528","439,190",NA,NA,NA,NA,NA,NA,212,"128,482","3,461,961",41,"27,185","400,181",358,59551,75751,9,"3,263","6,086,554",NA,NA,NA,3,(d),3,(d),1,(d),762,80,"42,444","1,256,806",246,"215,381","6,714,402",18,"2,286","107,181",NA,NA,40.4631789,-88.8196613
north dakota,mercer,317,5,33,71,41,38,129,518195,1635,619,2236333,1368,92463000,291683,266,232831,231,"180,750",15,"2,431","57,168,000","180,340","25,030,000",32138000,NA,80,15,22,27,27,40,106,207,"4,684,000",219,"5,676,000",51097000,161188,317,16431000,"51,833",179,"45,225",166,"25,297",NA,NA,181,26243,7,204,7,154,6,280,26,429,1,(d),29,"15,788","1,183,853",20,"2,969","30,590",57,"42,422","1,191,384",7,"2,180","62,524",25,"6,977","298,248",NA,NA,NA,NA,NA,NA,23,"7,989","222,714",2,(d),(d),205,63307,55721,21,"10,531","19,295,997",NA,NA,NA,1,(d),1,(d),2,(d),317,6,"5,836","155,214",50,"34,406","973,646",18,"3,553","163,182",NA,NA,41.3334542,-80.3014412
north dakota,morton,781,17,77,163,112,88,324,1225934,1570,623,2203330,1404,215299000,275670,626,562846,563,"450,014",30,"4,684","145,997,000","186,936","63,552,000",82445000,NA,165,53,42,86,57,97,281,513,"7,594,000",528,"11,584,000",134661000,172422,781,30514000,"39,070",486,"99,680",448,"54,371",30,"3,901",461,58971,5,153,11,292,34,"2,129",48,(d),2,(d),108,"43,052","3,803,066",107,"14,705","153,575",187,"176,799","4,037,343",4,571,"8,307",40,"8,050","404,978",NA,NA,NA,NA,NA,NA,78,"40,610","1,107,812",4,425,(d),485,125239,161496,65,"28,430","44,036,225",NA,NA,NA,5,33,3,5,2,(d),781,21,"11,193","189,136",179,"165,035","3,839,900",28,"3,067","142,451",3,1,37.1960735,-101.8099541
north dakota,mountrail,584,9,31,68,101,89,286,1081383,1852,890,2367371,1278,242503000,415245,523,697242,455,"630,440",3,9,"135,742,000","232,435","105,856,000",29886000,NA,120,15,40,43,49,81,236,447,"14,849,000",420,"17,841,000",137742000,235859,584,30691000,"52,552",246,"40,006",236,"26,437",3,6,228,22899,9,24,8,86,2,(d),7,125,NA,NA,38,"8,133","543,534",13,"1,477","12,506",229,"239,365","7,328,760",3,547,"14,671",30,"7,479","435,431",NA,NA,NA,NA,NA,NA,109,"56,625","1,342,034",5,537,"8,560",317,87208,90152,19,"12,351","21,930,162",NA,NA,NA,1,(d),1,(d),NA,NA,584,106,"69,892","2,052,561",176,"168,926","5,261,528",14,"2,248","117,409",NA,NA,48.230321000000004,-102.3603325
north dakota,nelson,489,3,38,137,102,59,150,552853,1131,320,1537488,1360,167088000,341693,469,475351,243,"360,775",8,"2,884","120,888,000","247,214","112,527,000",8360000,NA,236,15,16,18,21,25,158,457,"9,416,000",346,"9,235,000",98369000,201163,489,41170000,"84,191",68,"9,912",64,(d),1,(d),66,5065,NA,NA,NA,NA,1,(d),4,97,NA,NA,81,"36,250","4,648,955",13,"1,596","25,484",140,"93,429","5,341,071",1,(d),(d),38,"10,537","834,512",NA,NA,NA,NA,NA,NA,179,"151,761","4,962,677",43,"23,566","415,943",106,20835,43193,5,720,"1,398,641",NA,NA,NA,1,(d),1,(d),NA,NA,489,6,(d),(d),136,"90,187","5,159,579",4,476,"28,450",NA,NA,-41.2710849,173.2836756
north dakota,oliver,234,2,32,42,50,30,78,313542,1340,410,1932910,1443,68490000,292694,208,148539,189,"136,062",10,"2,734","47,326,000","202,248","21,911,000",25415000,NA,51,15,13,22,33,20,80,167,"2,639,000",179,"3,746,000",43653000,186553,234,10058000,"42,981",139,"33,130",120,(d),3,(d),129,20181,1,(d),1,(d),9,405,5,255,NA,NA,43,"15,620","1,612,480",31,"6,361","70,981",62,"33,656","984,852",NA,NA,NA,10,"2,353","91,800",NA,NA,NA,NA,NA,NA,29,"15,647","497,660",4,"2,606","46,946",168,46491,54175,17,"3,794","7,432,049",NA,NA,NA,5,(d),1,(d),NA,NA,234,8,"2,267","50,721",54,"31,389","934,131",12,"1,828","119,117",NA,NA,47.1077709,-101.3524486
north dakota,pembina,481,3,48,106,85,55,184,691493,1438,480,3962790,2757,247381000,514306,439,640772,342,"594,939",9,"1,449","282,661,000","587,654","275,337,000",7324000,NA,128,14,26,18,27,24,244,375,"11,608,000",338,"19,838,000",233198000,484818,481,80910000,"168,211",77,"12,127",76,"3,102",NA,NA,64,6607,1,(d),NA,NA,4,498,5,78,1,(d),105,"43,721","5,896,171",3,395,"5,241",238,"182,351","11,514,085",1,(d),(d),21,"4,929","448,111",NA,NA,NA,NA,NA,NA,260,"217,471","7,122,131",108,"46,421","848,692",78,12017,28702,7,767,"1,550,379",107,"52,868","1,401,486",38,"18,222",35,(d),NA,NA,481,13,(d),(d),228,"174,920","11,081,742",18,"1,052","82,897",NA,NA,48.7530787,-97.5532833
north dakota,pierce,446,5,54,83,59,76,169,540395,1212,600,1707184,1409,150482000,337405,400,435295,307,"363,005",4,782,"98,774,000","221,467","83,304,000",15470000,NA,147,8,18,21,31,32,189,385,"8,501,000",346,"11,467,000",85155000,190931,446,33587000,"75,307",131,"22,342",119,"11,954",NA,NA,113,13320,5,10,3,3,7,242,11,394,5,90,78,"20,860","1,958,277",19,987,"12,857",211,"129,386","5,605,111",NA,NA,NA,50,"17,649","1,284,608",NA,NA,NA,NA,NA,NA,197,"110,320","3,089,193",14,"6,964","133,186",161,31171,47535,7,672,"580,900",NA,NA,NA,NA,NA,NA,NA,3,2,446,38,"14,662","647,783",177,"114,724","4,957,328",16,"2,104","170,411",NA,NA,47.0022547,-122.2117983
north dakota,ramsey,515,20,47,117,92,54,185,696611,1353,400,2446528,1809,244188000,474152,478,626350,286,"529,017",1,(d),"190,189,000","369,299","163,906,000",26282000,NA,224,23,13,23,21,5,206,437,"12,149,000",331,"14,313,000",158152000,307091,515,58498000,"113,589",58,"4,181",51,"2,492",NA,NA,45,2153,9,"37,926",6,"401,790",10,536,7,210,NA,NA,106,"65,718","7,823,963",2,(d),(d),176,"141,694","7,858,878",NA,NA,NA,74,"31,443","2,592,668",NA,NA,NA,NA,NA,NA,212,"185,058","5,939,144",60,"30,156","558,635",82,10241,20244,7,"1,262","2,423,018",NA,NA,NA,NA,NA,NA,NA,1,(d),515,16,"5,722","253,510",163,"135,972","7,605,368",3,284,"16,841",NA,NA,45.0165728,-93.0949501
north dakota,ransom,507,21,42,136,94,59,155,549074,1083,331,2179084,2012,175286000,345733,461,389053,326,"337,943",55,"28,943","173,624,000","342,454","137,681,000",35943000,NA,179,16,18,20,32,31,211,375,"6,098,000",369,"11,975,000",146113000,288192,507,45583000,"89,907",181,"44,432",159,(d),4,(d),167,22556,3,(d),6,(d),18,"3,673",22,939,NA,NA,180,"114,661","20,362,422",42,"4,655","63,392",80,"29,143","1,806,784",4,(d),(d),2,(d),(d),NA,NA,NA,NA,NA,NA,192,"148,434","6,198,422",25,"15,289","298,567",185,21309,60856,2,(d),(d),NA,NA,NA,1,(d),1,(d),1,(d),507,2,(d),(d),77,"27,937","1,753,129",17,813,"73,526",NA,NA,46.4519081,-97.6903091
north dakota,renville,269,6,28,31,25,17,162,554267,2060,1720,3306195,1605,180969000,672748,251,523440,225,"498,177",4,6,"125,488,000","466,500","122,657,000",2831000,NA,53,6,10,6,9,14,171,226,"10,660,000",190,"8,363,000",100847000,374895,269,43665000,"162,324",44,"3,979",42,(d),1,(d),38,2262,2,(d),NA,NA,NA,NA,6,98,NA,NA,36,"15,350","1,585,281",9,640,"9,680",165,"159,489","6,272,640",5,"1,111","29,275",49,"25,532","1,737,134",NA,NA,NA,NA,NA,NA,156,"158,165","4,444,959",1,(d),(d),74,10589,16968,21,"10,342","16,362,402",NA,NA,NA,3,1,3,(d),NA,NA,269,39,"21,369","752,813",153,"137,009","5,490,552",19,"3,523","203,043",NA,NA,44.7242874,-94.9084771
north dakota,richland,846,29,130,153,143,106,285,875444,1035,453,3300158,3189,395780000,467825,791,822988,591,"773,174",29,"6,093","390,797,000","461,935","354,985,000",35812000,NA,254,11,28,20,33,70,430,659,"6,568,000",643,"19,476,000",333136000,393778,846,83705000,"98,942",161,"31,293",139,"11,219",4,268,153,22003,3,(d),8,107,12,"12,331",19,521,4,619,442,"305,542","53,717,222",30,"2,404","45,586",145,"54,406","3,532,462",NA,NA,NA,7,639,"59,593",NA,NA,NA,NA,NA,NA,478,"351,437","14,696,310",25,"8,376","202,910",167,17858,47405,15,"3,913","6,297,014",67,"28,164","874,911",6,(d),5,3,6,3,846,7,"1,894","103,537",143,"52,512","3,428,925",4,326,"33,900",NA,NA,38.7060457,-88.0949352
north dakota,rolette,453,22,17,91,107,54,162,512172,1131,441,1447711,1280,148215000,327186,396,373089,300,"320,999",4,967,"91,542,000","202,079","77,154,000",14388000,NA,141,13,40,38,44,29,148,320,"9,446,000",296,"7,588,000",76333000,168505,453,32243000,"71,177",155,"19,331",149,"11,577",NA,NA,149,10185,2,(d),1,(d),2,(d),9,373,1,(d),38,"11,125","1,078,676",8,450,"5,740",145,"106,418","5,029,580",1,(d),(d),39,"8,790","587,751",NA,NA,NA,NA,NA,NA,115,"69,105","1,959,827",NA,NA,NA,207,43414,64548,8,"1,517","2,686,750",NA,NA,NA,3,(d),3,(d),NA,NA,453,38,(d),(d),127,"90,630","4,455,281",48,"4,394","337,777",NA,NA,48.7419695,-99.8380336
north dakota,sargent,501,11,52,100,109,60,169,548088,1094,450,3049460,2787,200127000,399455,472,489203,322,"427,772",27,"16,773","214,144,000","427,433","188,725,000",25419000,NA,185,8,8,22,25,25,228,396,"5,981,000",366,"15,827,000",177647000,354585,501,58305000,"116,377",104,"23,617",94,(d),3,(d),89,11852,3,(d),4,(d),8,757,4,92,2,(d),206,"162,661","27,323,896",10,"1,263","24,207",88,"18,987","1,131,141",NA,NA,NA,8,"3,372","268,220",NA,NA,NA,NA,NA,NA,254,"217,294","9,284,158",6,"2,482","56,363",120,15784,35556,8,"1,561","2,448,538",NA,NA,NA,3,"3,825",2,(d),NA,NA,501,1,(d),(d),87,(d),(d),1,(d),(d),NA,NA,46.1101793,-97.6291809
north dakota,sheridan,260,NA,6,25,63,24,142,551381,2121,1245,2328439,1098,81831000,314736,238,397900,193,"347,936",NA,NA,"92,044,000","354,016","73,788,000",18256000,NA,68,5,4,20,14,18,131,209,"5,366,000",172,"4,340,000",71760000,276000,260,29990000,"115,347",112,"30,703",106,"16,085",NA,NA,110,18179,1,(d),1,(d),6,583,7,445,1,(d),53,"27,514","2,784,959",27,"2,476","26,828",120,"110,063","3,706,756",NA,NA,NA,51,"16,515","898,307",NA,NA,NA,NA,NA,NA,98,"105,398","2,966,277",11,"5,714","70,685",126,38721,44851,13,"4,991","9,243,700",1,(d),(d),1,(d),1,(d),NA,NA,260,30,"17,438","546,944",106,"92,625","3,159,812",8,624,"33,200",NA,NA,39.3530598,-100.457645
north dakota,sioux,187,NA,30,25,25,7,100,588162,3145,1315,3909369,1243,73069000,390741,126,226064,107,"145,806",2,(d),"61,906,000","331,046","21,718,000",40188000,NA,34,13,9,20,10,13,88,128,"2,912,000",110,"4,723,000",53150000,284226,187,16391000,"87,650",115,"46,366",113,(d),3,(d),114,36309,NA,NA,1,(d),1,(d),3,67,NA,NA,30,"15,606","1,676,478",27,"5,609","52,503",31,"38,504","1,070,756",5,"2,970","99,924",4,472,"23,200",NA,NA,NA,NA,NA,NA,9,"2,656","57,860",NA,NA,NA,94,59169,55568,20,"21,179","43,008,891",NA,NA,NA,2,(d),2,(d),2,(d),187,10,"5,860","123,678",28,"29,674","847,154",4,491,(d),NA,NA,43.0574079,-96.1602368
north dakota,slope,215,1,1,34,40,23,116,727694,3385,1575,3579166,1057,89908000,418177,198,286479,147,"202,552",NA,NA,"47,904,000","222,808","19,787,000",28117000,NA,51,14,13,15,8,18,96,180,"4,683,000",161,"9,148,000",49260000,229118,215,12474000,"58,019",115,"35,665",115,"25,432",NA,NA,109,21749,1,(d),1,(d),6,220,4,65,NA,NA,17,"6,084","459,443",12,"2,111","13,077",57,"117,995","2,441,034",NA,NA,NA,9,"2,241","95,229",NA,NA,NA,NA,NA,NA,5,"1,200","22,000",NA,NA,NA,127,47213,32947,10,"5,316","6,200,133",NA,NA,NA,NA,NA,NA,NA,NA,NA,215,29,"27,264","504,604",52,"90,731","1,936,430",NA,NA,NA,NA,NA,46.4464651,-103.4507022
north dakota,stark,678,24,110,116,167,60,201,735504,1085,310,1444094,1331,150637000,222178,542,493631,434,"401,715",22,476,"68,476,000","100,996","43,552,000",24924000,NA,230,44,40,76,63,50,175,404,"7,576,000",426,"16,081,000",79808000,117711,678,12324000,"18,177",339,"33,352",321,(d),3,(d),318,22884,3,24,12,110,19,"1,054",27,627,5,196,59,"29,446","1,892,373",30,"4,034","40,947",172,"214,925","3,871,659",3,354,"6,060",14,"2,446","72,834",NA,NA,NA,NA,NA,NA,7,"2,145","35,848",3,"3,158","36,570",389,84305,71888,31,"23,569","31,388,985",NA,NA,NA,2,(d),1,(d),NA,NA,678,40,"37,150","729,384",156,"177,421","3,136,215",14,"1,784","55,938",NA,NA,41.0712135,-89.8066831
north dakota,steele,358,14,46,80,50,35,133,421219,1177,362,2584785,2197,187972000,525062,328,398585,214,"372,477",9,"6,621","149,924,000","418,782","145,894,000",4030000,NA,142,2,4,12,11,20,167,288,"5,812,000",278,"11,648,000",124886000,348843,358,42498000,"118,709",47,"6,133",45,"3,524",NA,NA,43,3353,1,(d),1,(d),NA,NA,2,(d),NA,NA,133,"90,667","14,766,652",6,326,"3,703",103,"36,883","2,217,543",2,(d),(d),26,"10,090","846,095",NA,NA,NA,NA,NA,NA,189,"172,812","6,255,186",90,"53,277","1,111,273",38,6273,13758,8,"1,758","2,809,331",NA,NA,NA,NA,NA,NA,NA,NA,NA,358,7,(d),(d),97,"32,545","1,969,223",NA,NA,NA,NA,NA,44.0137336,-93.2203671
north dakota,stutsman,939,33,85,170,167,130,354,1315703,1401,520,2808671,2005,347531000,370108,829,1048238,682,"937,500",17,"4,209","335,625,000","357,428","286,065,000",49560000,NA,244,36,53,72,68,59,407,702,"10,869,000",666,"25,148,000",273435000,291198,939,98208000,"104,588",345,"70,314",300,"31,623",3,"1,469",323,37471,12,258,13,344,24,"1,845",32,759,2,(d),293,"216,020","30,267,908",49,"4,294","70,838",227,"98,003","4,679,578",2,(d),(d),34,"8,314","562,419",NA,NA,NA,3,120,"1,500",421,"498,462","17,000,985",40,"24,760","494,642",415,74259,133496,8,"2,820","5,655,755",NA,NA,NA,4,8,1,(d),NA,NA,939,23,(d),(d),207,"90,815","4,344,876",17,"1,526","65,348",NA,NA,46.9596318,-98.9742609
north dakota,towner,454,1,30,81,77,64,201,630795,1389,855,1923869,1385,181257000,399244,429,552379,299,"463,782",NA,NA,"166,148,000","365,965","140,915,000",25233000,NA,152,12,7,12,22,15,234,387,"14,647,000",324,"14,756,000",127466000,280761,454,68085000,"149,967",81,"9,235",80,"5,621",NA,NA,80,4956,3,"36,015",5,"220,397",3,144,5,170,NA,NA,49,"18,219","2,014,676",16,939,"17,597",229,"167,952","9,443,108",2,(d),(d),33,"8,030","448,084",NA,NA,NA,NA,NA,NA,202,"138,023","4,521,388",39,"19,781","366,110",102,17971,35223,8,"4,312","8,538,879",NA,NA,NA,2,(d),1,(d),NA,NA,454,21,(d),(d),221,"156,710","8,948,610",4,120,"7,200",NA,NA,48.6481504,-99.2322581
north dakota,traill,415,14,62,66,45,41,187,538836,1298,800,4004597,3084,245793000,592272,391,526077,325,"509,495",2,(d),"225,930,000","544,409","223,748,000",2182000,NA,107,5,13,16,15,13,246,332,"4,053,000",316,"14,170,000",199814000,481480,415,44339000,"106,841",34,"3,399",33,(d),2,(d),38,1780,2,(d),4,14,13,843,8,176,3,3,189,"121,132","19,509,373",NA,NA,NA,142,"79,795","5,206,089",2,(d),(d),39,"12,857","1,090,078",NA,NA,NA,NA,NA,NA,267,"222,634","8,304,189",66,"38,013","721,328",61,2615,7716,6,"1,898","4,116,000",70,"28,321","836,255",10,"1,477",8,"1,465",3,(d),415,6,(d),(d),138,"77,449","5,063,110",4,164,"15,380",NA,NA,47.4438504,-97.1797001
north dakota,walsh,763,17,75,192,153,80,246,804520,1054,320,2649975,2513,340391000,446123,707,720275,436,"643,446",12,"1,741","335,598,000","439,840","323,415,000",12183000,NA,295,23,32,35,37,37,304,657,"13,679,000",539,"18,659,000",278548000,365070,763,89388000,"117,153",123,"18,927",118,"9,825",NA,NA,113,9745,1,(d),NA,NA,16,"1,394",10,292,2,(d),130,"50,276","7,197,447",8,323,"4,840",316,"193,379","11,939,275",NA,NA,NA,43,"10,864","896,356",NA,NA,NA,NA,NA,NA,293,"162,082","5,153,976",194,"83,731","1,610,351",127,20128,37150,20,"4,819","10,664,344",109,"49,188","1,444,611",43,"26,635",39,"26,629",1,(d),763,20,"5,572","288,343",303,"187,807","11,650,932",2,(d),(d),NA,NA,48.3693784,-97.7469943
north dakota,ward,718,21,83,92,122,87,313,1153475,1607,715,2623383,1633,268328000,373715,604,967455,534,"873,331",21,523,"205,986,000","286,889","188,435,000",17552000,NA,164,27,38,56,51,39,343,548,"20,719,000",508,"20,159,000",191449000,266642,718,55415000,"77,180",227,"24,482",212,"13,912",NA,NA,206,16997,NA,NA,NA,NA,22,"1,055",34,544,4,80,77,"26,408","2,450,268",14,"1,189","14,413",342,"342,337","12,764,178",18,"3,383","133,597",59,"15,316","779,066",NA,NA,NA,NA,NA,NA,270,"214,658","5,445,893",7,"2,249","36,750",254,43025,56084,40,"15,242","26,640,454",NA,NA,NA,15,33,9,4,8,9,718,90,"58,748","1,935,547",303,"280,206","10,695,034",20,"1,251","82,779",NA,NA,31.5007583,-103.0781186
north dakota,wells,435,1,23,81,64,60,206,785692,1806,917,3089877,1711,273594000,628953,400,664776,351,"621,906",4,"1,010","208,249,000","478,732","184,896,000",23353000,NA,95,11,17,21,31,22,238,349,"10,874,000",293,"7,322,000",151647000,348614,435,74798000,"171,948",138,"27,441",123,"12,490",NA,NA,137,19820,2,(d),2,(d),12,710,15,"1,084",NA,NA,144,"95,691","13,058,800",25,"2,316","31,904",196,"159,105","7,902,930",1,(d),(d),43,"13,705","863,730",NA,NA,NA,3,405,"3,003",242,"238,022","7,922,048",77,"48,446","782,675",209,39552,61663,13,"7,414","13,598,192",NA,NA,NA,NA,NA,NA,NA,1,(d),435,30,(d),(d),183,"132,074","6,867,459",13,"1,007","49,412",NA,NA,40.7013353,-85.2116102
north dakota,williams,569,8,62,113,82,41,263,999227,1756,660,1925239,1096,260132000,457175,467,754415,398,"674,223",43,"21,065","131,781,000","231,601","117,426,000",14355000,NA,162,17,34,43,44,45,224,331,"9,204,000",368,"16,912,000",122531000,215345,569,35366000,"62,155",156,"19,733",139,"12,549",NA,NA,132,11605,NA,NA,1,(d),8,168,20,414,NA,NA,21,"5,075","505,618",4,485,"5,021",257,"321,536","7,026,239",9,"1,366","43,305",42,"11,521","560,982",NA,NA,NA,NA,NA,NA,43,"15,378","517,113",4,"1,099","21,013",216,36905,38291,11,"8,199","12,785,724",6,(d),(d),5,756,5,(d),2,(d),569,218,"269,327","5,496,867",87,"50,843","1,486,067",11,"1,007","68,322",NA,NA,41.5018224,-84.5923785
south dakota,aurora,392,15,52,78,90,62,95,354554,904,340,2400283,2654,116741000,297809,339,228778,284,"204,840",NA,NA,"138,196,000","352,540","64,497,000",73699000,NA,95,13,10,40,28,25,181,325,"4,879,000",302,"8,561,000",130764000,333581,392,20872000,"53,244",194,"57,078",172,(d),2,(d),196,39354,9,"21,264",9,"61,014",19,"3,749",17,(d),2,(d),179,"74,521","9,880,562",32,"4,828","41,581",21,"6,528","393,999",21,(d),(d),1,(d),(d),15,782,"54,530",12,600,"6,635",172,"74,807","3,362,876",NA,NA,NA,219,37114,67256,6,"2,230","5,252,488",NA,NA,NA,NA,NA,NA,NA,NA,NA,392,NA,NA,NA,2,(d),(d),19,"3,136","236,250",NA,NA,41.7571701,-88.3147539
south dakota,beadle,744,29,124,151,118,95,227,810623,1090,310,2934337,2693,246835000,331767,652,548456,562,"497,788",71,"20,121","295,269,000","396,867","167,053,000",128216000,NA,199,23,38,57,42,53,332,548,"12,672,000",497,"19,060,000",247598000,332793,744,79404000,"106,725",400,"96,986",368,(d),4,(d),347,72532,13,"69,901",7,"195,090",23,939,52,846,4,(d),329,"195,099","27,090,300",112,"16,492","203,628",69,"13,909","697,722",38,"8,120","423,097",NA,NA,NA,2,(d),(d),8,444,"8,320",359,"205,280","8,721,592",NA,NA,NA,401,63958,109551,6,"1,325","2,417,405",NA,NA,NA,7,75,3,(d),5,5,744,NA,NA,NA,40,"5,789","274,625",9,685,"49,855",2,(d),44.4157764,-98.2751583
south dakota,bennett,213,NA,12,22,14,26,139,636917,2990,1760,2846734,952,53495000,251150,177,214299,164,"175,530",33,"8,516","65,933,000","309,545","26,736,000",39197000,NA,24,6,9,13,20,21,120,153,"3,641,000",101,"5,641,000",47487000,222943,213,27729000,"130,181",142,"63,562",136,"31,582",6,8,139,36714,2,(d),2,(d),2,(d),2,(d),NA,NA,58,"37,746","3,117,758",20,"1,310","15,109",35,"24,698","957,709",32,"18,930","742,281",NA,NA,NA,12,"2,296","119,638",4,400,"9,500",14,"15,026","423,568",1,(d),(d),145,66852,90626,23,"16,514","23,859,940",NA,NA,NA,NA,NA,NA,NA,1,(d),213,NA,NA,NA,19,"5,768","215,428",13,"3,015","200,334",NA,NA,43.1854085,-101.655263
south dakota,bon homme,583,23,105,120,134,111,90,304914,523,270,2083627,3984,159775000,274056,527,228354,443,"206,886",36,"8,608","152,852,000","262,182","77,984,000",74868000,NA,132,28,20,43,57,64,239,505,"6,300,000",383,"8,086,000",124239000,213103,583,42999000,"73,755",285,"51,634",254,(d),1,(d),279,47474,16,"26,962",16,"53,029",17,"1,900",25,619,NA,NA,323,"83,741","11,164,510",73,"6,559","80,728",42,"2,746","154,344",40,(d),(d),NA,NA,NA,1,(d),(d),3,91,"1,588",333,"87,674","4,093,108",NA,NA,NA,344,25136,80759,NA,NA,NA,NA,NA,NA,1,(d),NA,NA,2,(d),583,NA,NA,NA,2,(d),(d),13,708,"48,269",NA,NA,43.0067408,-97.8721324
south dakota,brookings,886,46,229,220,165,99,127,459501,519,152,2386912,4602,219955000,248257,747,345429,605,"286,523",78,"20,527","316,332,000","357,033","126,076,000",190256000,NA,290,46,60,65,63,61,301,527,"6,331,000",566,"22,041,000",278767000,314635,886,65937000,"74,421",334,"87,936",264,"19,353",34,"18,551",299,58366,14,"73,820",15,"178,910",76,"7,131",40,417,2,(d),342,"116,563","21,509,439",92,"13,369","251,165",28,"4,229","274,085",5,(d),(d),NA,NA,NA,NA,NA,NA,NA,NA,NA,319,"116,221","5,817,478",NA,NA,NA,400,34692,106930,1,(d),(d),NA,NA,NA,5,32,1,(d),6,8,886,1,(d),(d),26,"3,945","257,000",32,"1,341","107,302",NA,NA,44.311461,-96.79844
south dakota,brown,1034,54,197,239,162,99,283,1083014,1047,210,3521412,3362,372886000,360625,917,884554,677,"771,781",16,"4,443","377,443,000","365,032","293,761,000",83682000,NA,376,37,56,55,61,61,388,650,"11,893,000",706,"32,536,000",331917000,321002,1034,89956000,"86,998",308,"60,352",279,"28,206",11,"2,587",299,49290,13,(d),14,"82,206",49,"2,309",68,"1,697",2,(d),432,"319,973","49,433,618",49,"8,372","103,277",63,"13,635","629,173",5,311,"9,100",1,(d),(d),1,(d),(d),1,(d),(d),468,"381,167","15,471,367",10,"2,157","31,374",359,43171,75566,3,476,"852,000",NA,NA,NA,3,(d),NA,NA,7,6,1034,NA,NA,NA,59,"13,324","620,073",14,"2,035","149,512",NA,NA,31.7525184,-98.9904722
south dakota,brule,394,11,57,55,83,39,149,517536,1314,417,3386122,2578,123264000,312852,342,277869,290,"228,639",9,"5,405","153,565,000","389,760","49,970,000",103595000,NA,90,19,25,13,29,48,170,304,"5,948,000",288,"14,995,000",130086000,330168,394,44421000,"112,745",224,"95,797",213,(d),6,(d),213,71390,9,"20,540",9,"51,809",19,993,15,795,NA,NA,142,"54,457","5,116,005",68,"18,776","158,612",52,"22,672","1,132,074",48,"19,322","974,295",NA,NA,NA,12,"2,416","207,315",22,"2,547","22,457",156,"76,834","2,985,851",NA,NA,NA,235,47970,82430,4,466,"507,453",NA,NA,NA,NA,NA,NA,NA,NA,NA,394,NA,NA,NA,8,"3,350","157,779",9,"1,512","104,380",NA,NA,43.6848301,-99.0538876
south dakota,buffalo,68,NA,10,6,7,1,44,299891,4410,2585,6815539,1545,34189000,502785,58,85435,51,"74,195",12,"9,330","39,513,000","581,067","16,679,000",22833000,NA,7,6,7,4,2,3,39,54,"2,436,000",42,"3,307,000",37081000,545302,68,8175000,"120,214",44,"32,984",44,"14,923",NA,NA,42,17578,NA,NA,NA,NA,4,260,3,90,NA,NA,29,"21,923","2,568,764",15,"5,444","40,830",5,"1,662","57,800",4,(d),(d),NA,NA,NA,5,"1,542","109,791",2,(d),(d),29,"19,531","584,537",NA,NA,NA,41,19135,25260,13,"4,148","7,717,489",NA,NA,NA,NA,NA,NA,NA,NA,NA,68,NA,NA,NA,1,(d),(d),NA,NA,NA,NA,NA,42.8867166,-78.8783922
south dakota,butte,565,16,84,139,102,52,172,1155068,2044,310,1959536,959,72086000,127586,408,150243,356,"81,073",279,"46,730","67,976,000","120,312","8,473,000",59503000,NA,115,41,51,62,57,78,161,296,"5,104,000",314,"4,919,000",60299000,106723,565,17701000,"31,329",311,"72,287",287,"38,738",8,34,299,49272,2,(d),1,(d),96,"35,144",51,844,2,(d),11,899,"131,008",19,"2,072","22,678",13,"3,053","99,357",5,(d),(d),1,(d),(d),3,237,"10,904",7,368,"3,288",6,(d),"24,869",NA,NA,NA,337,73580,118586,NA,NA,NA,NA,NA,NA,5,18,4,1,10,31,565,NA,NA,NA,8,(d),(d),5,147,"10,600",NA,NA,39.6519275,-121.5858444
south dakota,campbell,249,7,11,46,27,38,120,433761,1742,960,3190052,1831,84624000,339855,204,250820,159,"206,637",13,"4,640","96,197,000","386,333","55,364,000",40833000,NA,74,NA,5,14,15,21,120,217,"3,925,000",194,"6,859,000",84417000,339026,249,22563000,"90,616",110,"38,587",103,"18,938",NA,NA,103,25757,1,(d),1,(d),2,(d),1,(d),NA,NA,111,"62,002","7,895,300",34,"3,629","38,184",61,"28,449","697,883",5,"1,101","32,129",NA,NA,NA,NA,NA,NA,NA,NA,NA,102,"71,766","2,393,841",NA,NA,NA,120,28625,48715,21,"11,309","21,996,840",NA,NA,NA,NA,NA,NA,NA,1,(d),249,NA,NA,NA,60,"27,348","665,754",11,855,"31,838",NA,NA,38.9339799,-84.3715286
south dakota,charles mix,671,12,74,129,136,102,218,685988,1022,465,2850723,2788,235060000,350312,598,451000,509,"397,907",39,"13,380","262,114,000","390,633","119,962,000",142153000,NA,130,14,18,55,45,64,345,594,"9,733,000",484,"14,528,000",228907000,341143,671,57468000,"85,645",336,"115,465",302,"45,920",10,906,322,69552,16,"96,226",21,"514,283",41,"7,878",37,800,4,(d),331,"118,035","14,552,060",105,"17,224","159,447",131,"44,489","2,608,927",128,"42,182","2,550,215",4,160,"4,800",18,"6,472","361,529",5,617,"14,860",368,"147,560","6,586,828",NA,NA,NA,356,58084,155434,7,"2,897","5,593,325",NA,NA,NA,7,(d),2,(d),NA,NA,671,NA,NA,NA,11,"2,307","58,712",17,"1,567","116,473",NA,NA,43.2257871,-98.6162758
south dakota,clark,553,2,57,119,91,101,183,602011,1089,520,3428717,3150,160661000,290526,511,444844,408,"400,622",44,"17,607","267,581,000","483,871","148,899,000",118681000,NA,144,16,13,32,31,50,267,455,"7,415,000",434,"16,608,000",228066000,412416,553,63538000,"114,896",236,"67,264",219,(d),5,(d),231,53406,12,"84,339",11,"599,320",20,"2,071",16,"1,228",1,(d),273,"158,712","24,013,022",64,"5,496","70,661",84,"21,279","1,211,855",14,"3,738","243,145",NA,NA,NA,1,(d),(d),NA,NA,NA,277,"179,895","7,905,336",NA,NA,NA,248,31592,76191,4,"1,040","2,600,000",NA,NA,NA,3,(d),2,(d),NA,NA,553,NA,NA,NA,82,"17,541","968,710",10,832,"64,823",NA,NA,39.3260541,-87.7838526
south dakota,clay,472,30,94,103,83,83,79,238940,506,205,2380474,4702,141513000,299816,430,221206,348,"204,924",89,"28,116","113,093,000","239,604","99,657,000",13437000,NA,138,12,12,20,39,40,211,384,"4,754,000",304,"7,957,000",86211000,182651,472,39593000,"83,884",103,"14,338",93,(d),1,(d),97,8426,17,"11,021",18,"41,417",26,"1,602",31,573,4,230,271,"93,558","16,698,229",30,"1,378","22,427",6,415,"20,529",4,337,"18,802",NA,NA,NA,1,(d),(d),10,336,"5,040",249,"96,904","5,015,609",NA,NA,NA,145,12129,44897,NA,NA,NA,NA,NA,NA,8,9,2,(d),4,(d),472,NA,NA,NA,3,78,"1,727",4,177,"14,728",1,(d),33.6856157,-98.2123296
south dakota,codington,601,34,173,128,100,48,118,383166,638,152,2210441,3467,130984000,217944,481,268043,410,"230,280",24,"8,226","155,878,000","259,365","88,966,000",66912000,NA,202,24,44,56,43,59,173,352,"7,928,000",362,"8,723,000",122112000,203181,601,50417000,"83,889",220,"47,560",185,"16,731",11,"3,520",202,29542,5,(d),8,"42,267",22,(d),31,643,NA,NA,198,"75,042","12,799,417",62,"9,376","163,715",104,"21,082","1,204,601",19,"2,182","128,844",NA,NA,NA,NA,NA,NA,NA,NA,NA,206,"91,395","4,156,592",NA,NA,NA,291,29144,76530,NA,NA,NA,NA,NA,NA,4,8,NA,NA,1,(d),601,NA,NA,NA,95,"18,900","1,075,757",32,"1,765","177,226",NA,NA,44.9695646,-97.1976513
south dakota,corson,322,5,14,25,21,40,217,1287507,3998,2270,3675545,919,104693000,325133,266,398555,231,"292,697",1,(d),"116,952,000","363,206","33,492,000",83460000,NA,33,9,9,18,14,49,190,258,"6,905,000",213,"7,301,000",108368000,336547,322,22790000,"70,777",248,"111,546",240,(d),2,(d),238,70603,1,(d),1,(d),5,(d),23,603,NA,NA,69,"37,229","2,909,141",37,"7,076","47,326",70,"58,532","1,406,453",22,"11,519","371,008",2,(d),(d),NA,NA,NA,4,808,"1,975",19,"9,984","176,923",NA,NA,NA,212,124094,142854,51,"45,946","71,295,436",NA,NA,NA,NA,NA,NA,NA,NA,NA,322,3,"1,500","27,000",68,"45,513","1,008,445",16,"2,645","81,167",NA,NA,45.7135207,-101.1797766
south dakota,custer,441,17,91,119,69,46,99,611805,1387,160,2213944,1596,38085000,86361,271,49435,239,"34,331",31,"3,872","26,632,000","60,391","1,955,000",24678000,NA,157,51,33,43,35,54,68,167,"1,641,000",165,"2,084,000",23202000,52611,441,7155000,"16,225",248,"28,656",231,"20,344",9,20,218,20746,3,3,6,78,7,101,58,839,NA,NA,14,"2,188","68,940",1,(d),(d),6,704,"20,522",5,(d),(d),NA,NA,NA,3,198,"9,096",NA,NA,NA,NA,NA,NA,NA,NA,NA,227,30597,30294,3,590,"545,652",NA,NA,NA,1,(d),NA,NA,NA,NA,441,NA,NA,NA,1,(d),(d),NA,NA,NA,NA,NA,38.1072962,-105.3543375
south dakota,davison,463,18,124,106,92,46,77,270256,584,160,1983497,3398,103768000,224120,377,212393,337,"192,356",15,"2,709","107,665,000","232,539","66,080,000",41585000,NA,139,50,24,37,42,35,136,279,"4,987,000",259,"7,282,000",83177000,179647,463,36757000,"79,390",181,"24,399",163,"12,202",11,"1,350",188,14337,11,"28,236",13,"237,241",24,"1,025",36,787,2,(d),163,"74,095","9,590,577",31,"5,050","51,642",34,"6,496","401,732",31,"5,982","378,632",NA,NA,NA,3,230,"11,900",2,(d),(d),165,"81,180","3,589,945",NA,NA,NA,260,24608,51693,1,(d),(d),NA,NA,NA,2,(d),1,(d),1,(d),463,NA,NA,NA,7,514,"23,100",13,429,"31,968",NA,NA,43.6660467,-98.1383168
south dakota,day,581,16,65,153,112,66,169,610611,1051,329,2779344,2645,160001000,275390,504,456455,366,"392,578",10,"1,301","183,980,000","316,661","152,480,000",31500000,NA,197,13,41,51,28,34,217,461,"13,431,000",415,"12,335,000",151565000,260869,581,58181000,"100,139",192,"38,702",180,"17,390",15,"1,932",194,21920,3,6,3,60,12,501,20,483,NA,NA,225,"147,852","24,267,969",46,"3,577","54,504",111,"26,576","1,225,206",8,"1,238","58,261",NA,NA,NA,NA,NA,NA,NA,NA,NA,249,"184,075","7,620,195",1,(d),(d),241,26466,59330,3,"1,687","3,927,958",NA,NA,NA,3,5,3,1,1,(d),581,NA,NA,NA,109,"25,338","1,166,945",22,"1,105","66,978",1,(d),45.3658879,-97.6152661
south dakota,deuel,634,39,118,152,130,79,116,335322,529,195,1823780,3448,131264000,207041,546,223776,391,"190,336",11,527,"184,909,000","291,654","70,035,000",114874000,NA,234,12,23,62,29,49,225,468,"4,029,000",475,"17,160,000",157590000,248565,634,48508000,"76,511",262,"65,537",224,"20,218",16,"7,624",254,45287,11,"54,216",10,"213,382",36,"2,990",35,(d),1,(d),242,"64,421","10,459,201",63,"10,437","180,695",58,"7,824","506,876",3,370,(d),NA,NA,NA,1,(d),(d),NA,NA,NA,225,"77,471","3,314,265",NA,NA,NA,267,26921,91757,NA,NA,NA,NA,NA,NA,6,16,4,(z),4,13,634,NA,NA,NA,56,"7,454",(d),36,"2,797","298,333",NA,NA,41.1097054,-102.3261249
south dakota,dewey,310,22,16,25,30,27,190,1136564,3666,1700,3555413,970,80483000,259622,209,195586,188,"129,016",1,(d),"58,712,000","189,394","13,658,000",45054000,NA,39,4,10,30,24,34,169,258,"5,510,000",193,"11,923,000",51130000,164934,310,25015000,"80,694",232,"64,394",230,(d),2,(d),229,45689,1,(d),2,(d),9,800,13,261,1,(d),48,"18,482","1,334,160",18,"2,820","21,126",32,"15,903","396,528",10,"4,199","158,454",2,(d),(d),8,"1,232","59,228",4,110,"1,849",5,"2,508","77,434",NA,NA,NA,179,72693,79275,30,"12,026","23,233,500",NA,NA,NA,NA,NA,NA,NA,NA,NA,310,NA,NA,NA,32,"11,704","238,074",10,"1,728","81,004",NA,NA,35.9795036,-98.9816579
south dakota,douglas,392,21,64,73,64,81,89,274755,701,355,2607726,3721,128328000,327367,336,214714,293,"190,476",15,"1,789","144,630,000","368,954","64,277,000",80353000,NA,60,2,21,28,31,44,206,299,"4,604,000",321,"7,829,000",124761000,318268,392,32302000,"82,404",198,"44,353",169,"15,449",8,310,192,36730,21,"62,802",21,"452,470",31,"3,503",16,(d),2,(d),222,"77,028","9,667,668",46,"3,778","57,189",38,"4,894","311,638",37,(d),(d),NA,NA,NA,5,550,"72,785",3,119,"2,520",218,"81,353","3,277,116",NA,NA,NA,211,21022,53835,1,(d),(d),NA,NA,NA,NA,NA,NA,NA,NA,NA,392,NA,NA,NA,1,(d),(d),13,"1,589","147,703",NA,NA,39.7628415,-88.2170516
south dakota,edmunds,348,6,21,61,35,40,185,739006,2124,1078,5223055,2460,191820000,551208,325,569487,278,"514,439",5,"5,792","237,694,000","683,029","153,630,000",84064000,NA,58,13,13,17,15,27,205,290,"6,569,000",241,"12,137,000",214895000,617513,348,41506000,"119,270",145,"53,358",143,(d),2,(d),150,47438,9,"27,413",11,"85,522",6,597,8,208,1,(d),192,"172,578","20,987,419",46,"7,104","71,587",59,"42,152","1,239,111",6,"1,799","40,502",2,(d),(d),NA,NA,NA,1,(d),(d),203,"251,359","8,702,131",NA,NA,NA,162,35860,54834,5,"3,300","5,274,168",NA,NA,NA,NA,NA,NA,NA,NA,NA,348,NA,NA,NA,58,"40,353","1,198,609",6,646,"41,912",NA,NA,45.4163408,-99.2220208
south dakota,fall river,314,12,32,66,41,20,143,898071,2860,711,2048121,716,35559000,113245,185,68739,162,"47,226",45,"9,273","87,087,000","277,347","3,250,000",83837000,NA,87,19,15,27,34,37,95,156,"2,368,000",148,"2,350,000",74659000,237767,314,17147000,"54,608",207,"61,856",193,"49,386",4,6,189,72514,12,59,6,53,33,"1,882",50,"1,298",3,78,16,"1,919","270,569",1,(d),(d),7,"2,722","71,816",7,"2,722","71,816",NA,NA,NA,1,(d),(d),2,(d),(d),NA,NA,NA,NA,NA,NA,148,40110,67128,6,888,"990,000",NA,NA,NA,4,9,2,(d),3,(d),314,NA,NA,NA,NA,NA,NA,4,183,"7,000",NA,NA,41.7010642,-71.1546367
south dakota,faulk,291,2,19,38,43,25,164,627164,2155,1390,5489770,2547,122571000,421205,252,408359,228,"364,999",5,(d),"163,954,000","563,417","108,093,000",55861000,NA,30,15,7,11,24,23,181,241,"12,360,000",211,"10,829,000",142401000,489351,291,44742000,"153,754",148,"49,823",144,(d),3,(d),148,34458,3,"63,332",4,"132,156",7,732,4,114,NA,NA,173,"121,429","14,942,387",43,"4,585","58,838",66,"28,400","797,816",15,"2,484","94,268",NA,NA,NA,4,648,(d),1,(d),(d),180,"166,167","6,265,496",NA,NA,NA,155,38398,53938,14,"4,280","9,751,942",NA,NA,NA,3,(d),1,(d),1,(d),291,NA,NA,NA,63,"25,916","703,548",4,483,"34,817",NA,NA,45.0743643,-99.1739778
south dakota,grant,554,23,113,122,85,66,145,425627,768,242,2864773,3729,186530000,336697,483,307747,397,"283,987",17,"5,218","235,442,000","424,986","118,509,000",116933000,NA,132,24,25,46,36,60,231,386,"4,192,000",382,"8,927,000",198630000,358539,554,49931000,"90,128",240,"70,998",208,"18,718",15,"17,697",223,44983,8,"1,380",8,(d),20,889,35,651,6,201,235,"103,363","18,343,053",48,"14,024","295,442",95,"14,704","893,901",8,"1,598","94,330",NA,NA,NA,NA,NA,NA,NA,NA,NA,254,"109,149","4,770,994",2,(d),(d),248,39269,132029,2,(d),(d),NA,NA,NA,2,(d),1,(d),2,(d),554,5,502,"17,042",86,"12,604","782,529",8,714,"86,574",NA,NA,40.5114735,-85.6540606
south dakota,gregory,495,1,44,91,119,86,154,562085,1136,480,2134179,1879,103143000,208369,435,226113,396,"191,649",4,297,"93,063,000","188,005","42,683,000",50379000,NA,66,26,36,44,58,94,171,399,"4,617,000",345,"6,757,000",75253000,152026,495,29183000,"58,956",308,"83,935",299,"38,647",17,534,303,40218,2,(d),2,(d),9,361,8,113,NA,NA,189,"47,093","5,215,503",32,"4,860","41,806",52,"13,828","730,308",50,"13,304","713,708",NA,NA,NA,8,329,"16,740",7,446,"5,372",151,"48,608","2,075,352",NA,NA,NA,358,73400,129800,3,(d),"1,219,617",NA,NA,NA,2,(d),NA,NA,3,9,495,NA,NA,NA,6,524,"16,600",19,"2,320","145,879",NA,NA,43.1713788,-99.1674843
south dakota,haakon,293,10,14,32,29,11,197,1157670,3951,2033,3646592,923,75497000,257669,239,323940,189,"190,737",2,(d),"77,337,000","263,948","25,569,000",51768000,NA,34,4,12,24,23,33,163,246,"7,822,000",197,"8,446,000",66912000,228367,293,26694000,"91,105",215,"90,937",210,"48,747",13,22,218,49826,8,35,9,22,8,"1,850",20,212,2,(d),41,"34,876","1,797,413",18,"4,590","24,265",56,"45,923","1,472,577",44,"31,369","1,121,228",3,996,"94,620",21,"8,470","422,792",13,"2,140","8,420",5,"8,094","336,194",3,"1,593","33,453",174,58218,67754,31,"18,062","25,767,639",NA,NA,NA,NA,NA,NA,NA,NA,NA,293,NA,NA,NA,29,"14,554","351,349",6,"1,389","41,596",NA,NA,44.2887741,-101.5756888
south dakota,hamlin,476,26,106,117,67,74,86,310025,651,167,2557064,3926,144998000,304618,419,249634,333,"221,708",24,"9,015","179,768,000","377,664","97,218,000",82550000,NA,140,31,32,31,31,22,189,330,"3,100,000",330,"10,328,000",151888000,319093,476,41308000,"86,782",195,"50,007",149,"11,475",23,"8,471",187,27196,14,"15,841",7,(d),23,"1,510",41,751,2,(d),212,"93,529","16,899,798",57,"8,797","146,262",28,"5,679","439,889",5,509,"41,345",NA,NA,NA,5,640,"46,720",NA,NA,NA,230,"95,265","4,439,180",NA,NA,NA,184,13210,39417,2,(d),(d),NA,NA,NA,NA,NA,NA,NA,NA,NA,476,NA,NA,NA,25,"5,170","398,544",21,"2,016","209,743",NA,NA,44.6754502,-97.2005816
south dakota,hand,405,8,44,66,51,33,203,895347,2211,1000,4545489,2056,184854000,456429,363,578039,307,"521,841",11,"2,605","224,455,000","554,210","142,419,000",82036000,NA,89,10,21,19,11,32,223,338,"12,357,000",281,"18,537,000",210119000,518813,405,45229000,"111,678",203,"101,899",191,(d),3,(d),203,59466,3,(d),3,(d),13,"1,555",13,218,NA,NA,202,"149,949","17,594,118",75,"15,274","172,262",44,"12,722","452,217",20,"2,494","119,095",1,(d),(d),11,"3,574","196,834",9,973,"5,598",208,"243,929","8,310,058",NA,NA,NA,226,78015,98558,29,"16,658","33,599,924",NA,NA,NA,NA,NA,NA,NA,NA,NA,405,NA,NA,NA,39,"10,228","333,122",4,(d),(d),NA,NA,44.5405047,-99.0053027
south dakota,hanson,333,13,48,53,68,62,89,270935,814,400,3516095,4322,123418000,370625,303,225992,249,"210,853",7,"5,076","132,793,000","398,778","82,082,000",50711000,NA,79,13,10,21,22,20,168,254,"5,966,000",223,"6,389,000",108876000,326954,333,36273000,"108,927",148,"29,462",135,"13,108",9,723,141,20606,10,"42,453",11,"79,756",15,728,17,633,2,(d),187,"92,874","14,188,421",24,"2,446","31,995",19,"3,579","212,259",18,(d),(d),NA,NA,NA,4,25,"2,300",3,135,900,201,"100,077","4,454,132",NA,NA,NA,152,11114,27190,NA,NA,NA,NA,NA,NA,NA,NA,NA,NA,NA,NA,333,NA,NA,NA,1,(d),(d),5,403,"30,855",NA,NA,43.6615541,-97.7945361
south dakota,harding,265,8,9,5,20,12,211,1467765,5539,2700,3683948,665,60566000,228551,174,184604,140,"96,615",15,"1,107","63,368,000","239,125","7,584,000",55784000,NA,33,3,8,18,16,40,147,178,"6,699,000",173,"5,424,000",55315000,208735,265,20176000,"76,134",223,"73,242",207,"49,265",17,43,213,50015,NA,NA,NA,NA,47,"23,922",16,354,NA,NA,14,"4,649","259,798",8,690,"3,619",20,"21,328","570,504",4,(d),(d),5,896,"24,084",NA,NA,NA,NA,NA,NA,NA,NA,NA,NA,NA,NA,137,58474,42011,6,"2,272","2,486,400",NA,NA,NA,NA,NA,NA,NA,NA,NA,265,1,(d),(d),17,"19,693","525,583",4,260,"5,805",NA,NA,45.5509163,-103.4791412
south dakota,hughes,315,15,58,61,41,21,119,435033,1381,341,2611187,1891,83676000,265639,236,262987,198,"184,497",27,"11,468","70,275,000","223,095","43,540,000",26735000,NA,98,7,21,24,17,20,128,200,"6,354,000",154,"10,173,000",71682000,227563,315,15120000,"47,999",116,"23,654",109,"13,879",NA,NA,105,16947,5,(d),5,(d),5,"1,220",25,420,NA,NA,81,"35,453","3,749,803",16,"2,849","15,002",63,"33,587","929,615",46,"16,367","519,001",NA,NA,NA,27,"6,477","442,670",10,"1,374","17,353",63,"25,252","835,663",NA,NA,NA,134,27246,37174,63,"43,288","78,797,977",NA,NA,NA,4,50,2,(d),2,(d),315,NA,NA,NA,54,"17,220","410,614",4,330,"12,669",2,(d),35.0458435,-96.2749675
south dakota,hutchinson,775,44,117,193,154,120,147,455628,588,237,2642567,4495,235983000,304494,700,363750,565,"327,021",35,"7,344","270,014,000","348,405","131,153,000",138861000,NA,192,21,31,40,62,79,350,639,"9,766,000",569,"14,830,000",225483000,290946,775,69127000,"89,196",344,"84,099",297,"30,221",22,"2,310",325,59740,36,"145,125",38,"383,316",54,"3,767",31,"1,658",9,(d),408,"141,570","21,649,407",116,"11,239","185,947",32,"2,489","161,909",30,(d),(d),NA,NA,NA,1,(d),(d),3,99,"1,660",425,"144,480","6,567,181",NA,NA,NA,349,26410,92108,NA,NA,NA,NA,NA,NA,4,16,1,(d),2,(d),775,NA,NA,NA,2,(d),(d),19,685,"75,039",NA,NA,35.8148236,-101.34844
south dakota,hyde,174,2,10,30,12,28,92,505694,2906,1200,4438942,1527,61085000,351062,146,219914,134,"171,676",2,(d),"64,899,000","372,984","38,003,000",26896000,NA,37,2,3,8,18,19,87,132,"4,401,000",109,"4,085,000",58767000,337743,174,14618000,"84,012",97,"43,124",91,"21,616",4,12,94,24915,2,(d),2,(d),9,925,11,175,NA,NA,63,"35,461","3,770,613",21,"9,160","86,032",24,"14,357","500,476",14,"3,350","150,161",NA,NA,NA,16,"5,255","306,532",6,721,"5,301",43,"28,759","907,787",NA,NA,NA,99,36116,36490,49,"34,913","61,941,116",NA,NA,NA,NA,NA,NA,NA,NA,NA,174,NA,NA,NA,23,"11,007","350,315",9,"1,887","76,988",NA,NA,35.3935017,-76.1253302
south dakota,jackson,314,9,6,28,27,37,207,1166244,3714,1882,3248165,875,51793000,164945,233,185533,207,"114,233",5,274,"52,439,000","167,002","7,581,000",44858000,NA,35,4,10,31,32,30,172,211,"4,724,000",168,"3,631,000",42948000,136776,314,17846000,"56,834",263,"66,396",251,"42,937",18,25,254,47453,6,10,4,14,4,56,20,442,NA,NA,25,"9,895","528,028",6,"1,690","14,905",33,"22,733","661,690",29,"16,298","533,706",NA,NA,NA,2,(d),(d),3,"2,160","10,800",7,"1,548",(d),NA,NA,NA,196,68420,48133,13,"5,368","4,881,644",NA,NA,NA,1,(d),1,(d),NA,NA,314,NA,NA,NA,12,"6,435","127,984",1,(d),(d),NA,NA,32.2998686,-90.1830408
south dakota,jerauld,244,4,28,41,50,53,68,341627,1400,478,3348353,2391,92312000,378327,210,219801,164,"195,650",10,"3,022","112,543,000","461,244","50,832,000",61711000,NA,47,11,7,22,29,22,106,196,"3,271,000",175,"6,594,000",111497000,456955,244,10912000,"44,719",132,"46,926",115,"17,927",NA,NA,128,41068,3,(d),3,(d),12,"3,264",6,249,NA,NA,81,"60,280","6,583,442",32,"8,861","59,947",20,"7,577","267,680",16,"5,772","223,731",NA,NA,NA,8,673,"37,443",11,"1,040","10,600",102,"81,445","2,861,938",NA,NA,NA,120,27160,38964,5,"5,734","9,629,900",NA,NA,NA,1,(d),NA,NA,NA,NA,244,NA,NA,NA,9,"1,805","43,949",2,(d),(d),NA,NA,44.0797601,-98.6182042
south dakota,jones,192,3,6,26,24,17,116,618468,3221,1850,3680881,1143,62099000,323434,166,233783,143,"178,612",1,(d),"57,891,000","301,516","32,162,000",25729000,NA,31,5,15,12,16,17,96,160,"3,245,000",126,"2,954,000",49322000,256884,192,14768000,"76,917",99,"44,486",99,"26,363",4,8,104,25342,NA,NA,NA,NA,NA,NA,7,133,NA,NA,38,"30,790","3,085,982",5,528,"4,080",44,"36,587","1,064,914",35,"22,235","707,369",5,"2,200","100,000",36,"24,107","1,566,689",NA,NA,NA,11,"1,783","46,492",NA,NA,NA,121,50611,53700,43,"28,394","47,585,721",NA,NA,NA,NA,NA,NA,NA,NA,NA,192,NA,NA,NA,31,"14,352","357,545",11,"1,981","107,859",NA,NA,32.7135946,-99.8606106
south dakota,kingsbury,518,10,69,102,82,90,165,535987,1035,480,3941833,3810,190393000,367554,479,391197,440,"356,452",17,"2,621","257,855,000","497,789","144,503,000",113352000,NA,71,14,33,37,34,31,298,365,"3,492,000",381,"7,271,000",196661000,379654,518,71957000,"138,913",222,"78,501",195,"24,397",4,"1,085",211,75518,2,(d),5,"18,006",52,"9,739",29,(d),6,270,339,"146,876","24,467,633",62,"7,114","113,249",47,"11,064","631,542",21,"5,215","369,823",NA,NA,NA,NA,NA,NA,2,(d),(d),345,"158,404","6,993,505",NA,NA,NA,238,28878,83922,2,(d),(d),NA,NA,NA,6,5,2,(d),NA,NA,518,NA,NA,NA,38,"5,849","261,719",32,"2,575","201,841",2,(d),44.3631469,-97.4882433
south dakota,lake,463,24,100,103,88,58,90,272529,589,180,3014550,5121,138593000,299337,408,225644,344,"203,422",13,"8,181","161,876,000","349,624","99,465,000",62411000,NA,115,36,21,27,25,50,189,353,"2,755,000",318,"6,423,000",132095000,285303,463,38958000,"84,143",166,"30,914",151,"10,176",4,"1,414",155,21825,15,"55,061",16,"164,070",19,"2,294",15,"1,193",2,(d),242,"95,888","17,270,695",47,"4,427","80,114",12,892,"62,646",3,380,"32,300",NA,NA,NA,NA,NA,NA,NA,NA,NA,247,"88,906","4,675,130",NA,NA,NA,162,11471,34346,NA,NA,NA,NA,NA,NA,2,(d),1,(d),3,(d),463,NA,NA,NA,9,512,"30,346",21,"1,187","106,300",NA,NA,39.0505411,-122.7776556
south dakota,lawrence,275,19,64,102,38,12,40,165012,600,84,1073421,1789,28439000,103416,211,33608,189,"23,023",53,"4,443","13,083,000","47,575","1,936,000",11147000,NA,106,37,25,23,25,20,39,51,"452,000",157,"1,574,000",12198000,44356,275,2911000,"10,586",107,"16,608",99,"9,206",NA,NA,108,9046,NA,NA,2,(d),NA,NA,21,485,NA,NA,6,540,"9,000",1,(d),(d),2,(d),(d),NA,NA,NA,1,(d),(d),NA,NA,NA,NA,NA,NA,NA,NA,NA,NA,NA,NA,183,22349,31426,NA,NA,NA,NA,NA,NA,6,21,1,(d),13,10,275,NA,NA,NA,2,(d),(d),1,(d),(d),NA,NA,38.9719137,-95.2359403
south dakota,lincoln,756,70,203,167,141,84,91,294694,390,140,2692014,6906,143605000,189954,664,267866,575,"252,973",24,"2,123","204,790,000","270,887","122,460,000",82330000,NA,220,48,25,31,58,77,297,529,"6,210,000",469,"10,948,000",173361000,229314,756,48587000,"64,269",199,"36,494",157,"4,955",9,"5,728",185,29568,22,"40,388",26,"114,459",25,"3,269",62,"1,803",1,(d),366,"118,690","20,101,014",53,"4,872","107,943",NA,NA,NA,NA,NA,NA,NA,NA,NA,2,(d),(d),6,300,"6,000",387,"120,091","6,019,133",NA,NA,NA,264,8325,25754,NA,NA,NA,NA,NA,NA,16,42,2,(d),2,(d),756,NA,NA,NA,NA,NA,NA,8,274,"20,330",NA,NA,40.8088861,-96.7077751
south dakota,lyman,414,2,19,76,72,65,180,950795,2297,735,3792074,1651,124497000,300717,376,419157,285,"284,093",6,(d),"97,042,000","234,401","54,336,000",42706000,NA,95,11,28,21,32,46,181,371,"12,929,000",274,"8,777,000",90821000,219375,414,27927000,"67,457",184,"70,791",176,"37,948",4,14,187,39554,1,(d),1,(d),3,172,13,330,NA,NA,97,"42,088","3,890,414",17,"3,535","23,655",82,"65,618","2,120,812",70,"50,197","1,723,670",NA,NA,NA,86,"42,470","2,609,026",6,676,"3,686",39,"23,057","759,175",1,(d),(d),219,64845,85027,66,"29,044","47,348,224",NA,NA,NA,1,(d),1,(d),NA,NA,414,NA,NA,NA,50,"15,421","397,142",4,777,"42,440",NA,NA,43.9176386,-99.8581638
south dakota,marshall,503,13,51,121,112,70,136,525474,1045,338,2939925,2814,161684000,321438,448,343430,330,"278,897",9,716,"270,689,000","538,148","107,979,000",162709000,NA,168,17,12,46,22,38,200,409,"8,489,000",359,"11,717,000",228599000,454471,503,62295000,"123,848",204,"92,515",186,(d),3,(d),194,66987,9,"51,558",10,"87,568",21,"1,882",17,(d),1,(d),181,"100,584","16,904,147",82,"11,688","183,660",34,"7,260","376,859",2,(d),(d),1,(d),(d),NA,NA,NA,NA,NA,NA,205,"124,285","5,271,706",NA,NA,NA,230,32427,82082,2,(d),(d),NA,NA,NA,5,(d),NA,NA,NA,NA,503,NA,NA,NA,32,(d),(d),15,"1,112","89,280",NA,NA,41.0324537,-89.2998456
south dakota,mccook,512,29,89,112,63,85,134,367087,717,312,3131091,4367,138758000,271011,459,294253,359,"271,326",5,39,"195,940,000","382,695","122,696,000",73244000,NA,134,22,11,37,35,26,247,431,"5,726,000",384,"7,474,000",152184000,297235,512,56956000,"111,242",221,"46,764",192,"16,035",11,"3,002",204,32065,23,"52,008",23,"201,873",25,"1,313",20,992,1,(d),262,"115,113","19,345,165",78,"8,134","130,157",6,556,"35,817",5,(d),(d),NA,NA,NA,1,(d),(d),2,(d),(d),271,"126,400","6,557,189",NA,NA,NA,218,19404,51273,NA,NA,NA,NA,NA,NA,6,26,2,(d),1,(d),512,NA,NA,NA,1,(d),(d),15,"1,289","129,706",NA,NA,43.6719795,-97.37153
south dakota,mcpherson,382,9,10,52,83,56,172,723073,1893,840,4077571,2154,138691000,363067,350,383940,286,"286,770",11,"1,330","140,212,000","367,046","63,407,000",76805000,NA,81,1,18,19,34,52,177,326,"4,087,000",269,"10,931,000",115627000,302687,382,39603000,"103,672",202,"83,092",201,(d),1,(d),200,41854,5,"60,966",7,"169,020",9,"6,462",12,"1,984",1,(d),132,"64,814","8,190,760",56,"10,912","126,049",66,"26,659","911,013",2,(d),(d),6,"1,250","62,164",3,"1,200","96,924",1,(d),(d),140,"91,452","2,982,036",NA,NA,NA,238,79074,120166,19,"6,032","11,374,602",NA,NA,NA,NA,NA,NA,NA,3,9,382,NA,NA,NA,66,(d),(d),22,"2,764","112,728",NA,NA,38.3659015,-97.6575171
south dakota,meade,835,49,117,153,75,71,370,1998775,2394,640,2277231,951,141118000,169003,565,394758,460,"204,457",46,"5,298","99,167,000","118,763","11,324,000",87844000,NA,201,49,38,94,89,85,279,437,"11,199,000",448,"10,647,000",93328000,111770,835,27685000,"33,156",534,"125,017",505,"79,459",16,40,509,84505,6,67,6,82,50,"9,399",92,"2,185",3,135,16,"2,762","159,387",19,"4,631","25,197",26,"23,754","668,572",20,"16,905","565,724",12,"1,385","28,913",7,"3,686","245,137",9,"1,485","6,168",NA,NA,NA,NA,NA,NA,451,147998,116280,3,"7,299","5,177,000",NA,NA,NA,5,5,3,(d),2,(d),835,NA,NA,NA,14,"6,849","102,848",6,334,"11,911",NA,NA,37.2091116,-100.396302
south dakota,mellette,219,NA,3,28,23,23,142,752566,3436,2285,3314464,965,47348000,216199,164,131081,159,"111,439",8,665,"45,422,000","207,408","8,380,000",37043000,NA,26,NA,3,20,11,42,117,170,"2,321,000",144,"2,757,000",35509000,162142,219,14991000,"68,454",182,"63,823",177,"37,423",14,18,179,35707,3,(d),1,(d),3,377,6,228,2,(d),10,"7,070","476,253",4,896,"5,739",17,"16,752","564,686",17,"11,499","387,058",NA,NA,NA,13,"2,585","111,130",NA,NA,NA,3,(d),(d),NA,NA,NA,158,69739,69271,12,"4,116","4,704,400",NA,NA,NA,NA,NA,NA,NA,NA,NA,219,NA,NA,NA,6,"5,253","177,628",3,269,"9,023",NA,NA,43.561525,-100.7249944
south dakota,miner,408,15,50,93,103,41,106,351356,861,300,3042444,3533,97522000,239023,365,239830,263,"205,109",2,(d),"126,057,000","308,964","71,351,000",54706000,NA,126,20,16,43,20,37,146,323,"6,404,000",287,"7,634,000",105340000,258186,408,34756000,"85,185",172,"47,513",161,(d),4,(d),167,34570,8,"26,714",10,"56,258",16,"2,711",8,(d),NA,NA,168,"78,514","12,031,247",41,"3,905","53,872",28,"13,581","774,056",26,"12,410","704,220",NA,NA,NA,NA,NA,NA,2,(d),(d),160,"86,163","4,159,990",NA,NA,NA,178,21813,49442,NA,NA,NA,NA,NA,NA,2,(d),NA,NA,2,(d),408,NA,NA,NA,8,"1,171","69,836",12,498,"41,898",NA,NA,44.0129518,-97.6043451
south dakota,minnehaha,1023,101,330,214,151,110,117,374666,366,79,2362080,6449,237885000,232537,860,317964,793,"301,993",46,"5,239","253,779,000","248,073","149,458,000",104321000,NA,294,63,78,87,71,79,351,573,"2,507,000",575,"12,459,000",226928000,221826,1023,41817000,"40,877",344,"73,638",274,"20,798",17,"9,092",299,40804,41,"37,565",36,"105,405",42,"1,417",52,"1,190",NA,NA,430,"139,203","25,966,836",67,"6,494","115,552",6,213,"14,151",4,(d),(d),NA,NA,NA,1,(d),(d),NA,NA,NA,450,"130,050","6,880,909",NA,NA,NA,482,25144,80627,NA,NA,NA,NA,NA,NA,16,39,6,4,26,85,1023,NA,NA,NA,2,(d),(d),9,351,"27,290",1,(d),43.6680284,-96.7837626
south dakota,moody,490,48,117,97,91,58,79,265024,541,160,3147674,5820,145170000,296266,407,223522,314,"210,670",17,"3,286","216,079,000","440,977","103,345,000",112733000,NA,138,17,35,34,26,46,194,289,"3,759,000",354,"9,409,000",178638000,364567,490,50608000,"103,282",185,"42,389",148,"14,369",8,"6,396",183,40269,15,"30,557",19,"157,692",30,"1,130",48,(d),11,550,223,"105,916","19,436,087",48,"3,590","74,596",1,(d),(d),NA,NA,NA,NA,NA,NA,NA,NA,NA,NA,NA,NA,208,"89,007","4,759,377",NA,NA,NA,180,11751,42414,NA,NA,NA,NA,NA,NA,6,11,2,(d),1,(d),490,NA,NA,NA,1,(d),(d),4,136,"15,220",NA,NA,43.998215,-96.6671385
south dakota,oglala lakota,190,NA,7,34,34,11,104,1116156,5875,1430,3960426,674,27991000,147320,94,88929,77,"64,815",2,(d),"38,746,000","203,927","7,753,000",30993000,NA,38,2,13,18,13,33,73,106,"3,643,000",90,"9,163,000",33651000,177111,190,17901000,"94,215",124,"40,253",121,(d),1,(d),122,32584,1,(d),1,(d),1,(d),6,156,NA,NA,25,"15,528","1,207,702",5,570,"4,616",17,"12,974","518,936",16,(d),(d),NA,NA,NA,1,(d),(d),NA,NA,NA,NA,NA,NA,NA,NA,NA,73,32052,47463,7,"2,770","3,616,023",NA,NA,NA,NA,NA,NA,NA,NA,NA,190,NA,NA,NA,3,(d),(d),7,226,"9,696",NA,NA,43.2977026,-102.5637516
south dakota,pennington,656,34,125,163,104,44,186,1146586,1748,200,1849403,1058,82768000,126171,417,207236,324,"124,052",86,"10,653","60,454,000","92,156","16,957,000",43497000,NA,221,51,42,94,37,67,144,280,"6,415,000",282,"7,316,000",59679000,90975,656,14506000,"22,112",360,"56,057",325,"35,043",9,20,356,40584,9,104,8,197,12,590,78,"1,352",3,150,23,"11,350","590,453",6,"3,680","34,117",33,"33,292","1,074,405",31,"21,511","851,268",NA,NA,NA,3,417,(d),1,(d),(d),13,"5,309","23,945",NA,NA,NA,290,52988,70120,4,"10,368","9,029,000",NA,NA,NA,16,13,2,(d),9,9,656,NA,NA,NA,13,"11,781","223,137",2,(d),(d),NA,NA,48.0513335,-96.0829271
south dakota,perkins,421,8,17,40,49,33,274,1639705,3895,2705,3236529,831,98069000,232943,343,347672,259,"177,102",NA,NA,"84,893,000","201,646","12,404,000",72489000,NA,70,22,25,29,38,22,215,336,"9,976,000",266,"7,486,000",78142000,185612,421,24213000,"57,513",288,"112,752",286,"63,816",11,15,284,67687,1,(d),1,(d),33,"13,081",23,379,NA,NA,33,"12,313","669,409",26,"6,809","40,181",52,"28,723","639,590",11,"3,933","133,506",5,"1,650","59,166",NA,NA,NA,4,"1,042","1,066",12,"3,260","104,270",NA,NA,NA,247,109282,96268,13,"7,021","6,964,041",NA,NA,NA,NA,NA,NA,NA,NA,NA,421,8,"3,026","54,040",45,"21,764","452,044",13,"2,181","100,696",NA,NA,40.8501242,-101.6522162
south dakota,potter,221,2,10,35,23,42,109,548312,2481,965,5246162,2114,120699000,546151,205,386454,162,"330,022",6,"1,624","101,891,000","461,045","83,510,000",18381000,NA,52,2,NA,15,8,23,121,204,"7,893,000",165,"9,398,000",117052000,529648,221,2129000,"9,636",69,"28,864",65,(d),1,(d),66,17258,1,(d),2,(d),2,(d),11,257,3,3,112,"83,539","9,800,389",21,"4,580","28,760",99,"87,458","2,708,075",58,"21,524","904,095",NA,NA,NA,1,(d),(d),2,(d),(d),105,"82,733","2,660,312",NA,NA,NA,80,19224,33509,66,"49,110","87,232,329",NA,NA,NA,1,(d),NA,NA,3,9,221,NA,NA,NA,87,"65,934","1,803,980",11,"1,264","71,710",NA,NA,35.3683354,-101.8776577
south dakota,roberts,782,24,93,188,186,94,197,595195,761,291,2288827,3007,203891000,260731,686,451658,540,"400,198",21,"2,390","204,389,000","261,366","159,659,000",44729000,NA,244,22,48,44,40,81,303,586,"8,289,000",570,"18,862,000",180152000,230374,782,51387000,"65,712",272,"36,365",230,"15,241",10,861,248,24537,18,"16,358",17,"33,135",4,237,31,(d),NA,NA,337,"157,139","26,414,683",49,"3,636","60,572",112,"14,087","762,803",10,"1,060","64,105",9,692,"37,412",NA,NA,NA,NA,NA,NA,332,"190,210","8,255,456",NA,NA,NA,327,33464,69956,6,540,"675,000",NA,NA,NA,5,10,NA,NA,5,18,782,NA,NA,NA,104,"13,027","698,698",9,311,"26,924",NA,NA,35.8309752,-100.8058034
south dakota,sanborn,351,11,33,89,64,44,110,363599,1036,399,2959610,2857,93078000,265179,320,200379,247,"160,213",3,9,"112,061,000","319,263","52,001,000",60060000,NA,96,10,13,19,32,31,150,236,"2,914,000",238,"9,559,000",91170000,259742,351,33365000,"95,056",149,"61,460",137,(d),5,(d),141,41320,3,(d),1,(d),17,"1,475",10,254,NA,NA,161,"57,386","7,851,380",45,"5,424","59,781",13,"1,694","109,412",12,(d),(d),NA,NA,NA,8,"1,276","118,886",24,"2,884","31,026",130,"54,535","2,558,725",NA,NA,NA,184,35120,87190,3,966,"2,035,049",NA,NA,NA,5,52,NA,NA,3,(d),351,NA,NA,NA,2,(d),(d),5,292,"19,647",NA,NA,44.0089691,-98.0834349
south dakota,spink,556,13,46,93,76,59,269,961154,1729,960,5413741,3132,283594000,510061,526,832799,432,"761,144",47,"22,260","382,482,000","687,916","281,707,000",100775000,NA,109,3,22,29,29,27,337,498,"20,072,000",424,"17,759,000",298356000,536612,556,121956000,"219,346",185,"75,707",162,"22,295",6,90,183,65340,13,"36,328",13,"56,327",16,"1,319",6,172,NA,NA,338,"276,984","41,757,839",63,"8,933","118,791",95,"37,204","1,424,109",16,"3,457","161,395",4,941,"49,011",2,(d),(d),4,301,"2,929",366,"399,152","16,178,741",NA,NA,NA,221,32546,66907,16,"4,173","9,123,948",NA,NA,NA,3,99,NA,NA,NA,NA,556,NA,NA,NA,90,"33,747","1,262,714",5,418,"18,712",NA,NA,44.9438314,-98.3730958
south dakota,stanley,172,4,11,11,25,19,102,812145,4722,1407,4349277,921,41492000,241233,129,195706,103,"129,496",NA,NA,"50,611,000","294,253","18,062,000",32550000,NA,37,7,8,18,11,12,79,132,"3,863,000",101,"3,868,000",40026000,232710,172,18317000,"106,493",102,"28,854",98,"18,659",7,33,110,25428,3,190,3,(d),2,(d),10,374,2,(d),17,"13,125","898,561",4,940,"3,350",28,"41,997","1,124,742",24,"27,657","816,589",1,(d),(d),19,"7,748","492,650",1,(d),(d),6,"2,371","50,440",NA,NA,NA,93,38632,40357,40,"19,961","28,722,232",NA,NA,NA,NA,NA,NA,NA,NA,NA,172,NA,NA,NA,24,"14,340","308,153",7,"1,551","76,702",NA,NA,-51.6930616,-57.856525
south dakota,sully,201,2,18,33,21,21,106,632859,3149,1250,6783106,2154,123021000,612046,168,505654,144,"376,872",9,"23,669","137,239,000","682,779","101,848,000",35391000,NA,37,2,10,14,9,5,124,161,"10,351,000",138,"13,629,000",140854000,700768,201,20364000,"101,314",60,"30,153",45,"9,469",NA,NA,57,24888,1,(d),1,(d),2,(d),8,139,NA,NA,95,"118,066","12,701,022",12,"4,009","35,555",61,"61,036","1,344,491",51,"22,513","526,835",NA,NA,NA,20,"8,456","456,247",4,611,"6,144",68,"40,259","1,255,751",NA,NA,NA,61,16066,22277,93,"121,613","235,054,617",NA,NA,NA,NA,NA,NA,NA,NA,NA,201,NA,NA,NA,54,"38,523","817,656",3,118,"4,342",NA,NA,49.5592119,1.7836531
south dakota,todd,223,2,6,21,39,24,131,880043,3946,1640,3355405,850,56846000,254915,157,113678,151,"96,762",26,"7,801","53,659,000","240,621","6,130,000",47528000,NA,31,2,2,25,29,30,104,127,"686,000",129,"7,388,000",49547000,222185,223,12185000,"54,643",169,"69,062",161,"37,202",6,12,164,39467,8,65,7,72,8,325,19,326,7,601,45,"5,530","625,622",26,"2,250","17,243",16,"5,012","166,593",15,"3,027","113,683",NA,NA,NA,1,(d),(d),7,370,"2,100",6,"2,838","93,520",NA,NA,NA,148,74950,87898,14,"5,237","7,257,392",NA,NA,NA,1,(d),NA,NA,NA,NA,223,NA,NA,NA,6,"1,985","52,910",NA,NA,NA,NA,NA,46.0588428,-94.887283
south dakota,tripp,648,20,69,70,124,90,275,1036646,1600,640,2591113,1620,176204000,271919,554,438142,472,"334,661",28,"5,119","202,582,000","312,626","50,219,000",152363000,NA,144,19,32,40,53,73,287,551,"9,317,000",416,"15,136,000",179605000,277168,648,47430000,"73,194",369,"170,456",351,"68,964",5,271,350,115428,5,"12,117",6,"59,100",33,"12,094",48,"1,493",NA,NA,234,"67,292","5,177,182",71,"14,637","109,020",98,"35,118","1,472,743",86,"28,522","1,240,634",NA,NA,NA,50,"16,097","878,934",16,"1,794","17,079",153,"47,989","1,472,586",NA,NA,NA,426,142000,238332,21,"5,360","8,168,620",NA,NA,NA,NA,NA,NA,NA,1,(d),648,NA,NA,NA,27,"6,596","232,109",16,"3,225","222,451",NA,NA,43.3235158,-99.8941094
south dakota,turner,757,51,178,150,120,135,123,392794,519,176,2604252,5019,200667000,265081,640,350342,553,"332,905",96,"26,943","265,710,000","351,003","162,925,000",102785000,NA,183,37,44,50,55,41,347,548,"9,119,000",491,"10,226,000",213068000,281464,757,71986000,"95,094",279,"54,565",223,"13,985",20,"6,656",263,40972,14,"67,238",17,"239,542",61,"3,689",20,"1,724",NA,NA,402,"159,558","28,735,650",71,"5,615","109,609",22,"1,643","110,976",19,"1,411","100,898",NA,NA,NA,1,(d),(d),NA,NA,NA,407,"149,326","7,742,813",1,(d),(d),318,15731,53545,1,(d),(d),NA,NA,NA,2,(d),1,(d),1,(d),757,2,(d),(d),4,(d),(d),6,197,"12,470",NA,NA,31.7031592,-83.6214408
south dakota,union,557,31,131,115,102,76,102,290055,521,187,3059199,5875,175669000,315383,507,266743,415,"251,314",99,"40,670","187,025,000","335,773","134,284,000",52741000,NA,143,22,25,47,33,30,257,455,"4,214,000",347,"9,100,000",149581000,268548,557,50758000,"91,127",156,"28,082",109,"6,021",8,846,131,24907,26,"50,152",20,"74,710",11,"1,292",22,407,2,(d),323,"123,105","22,104,932",26,"3,748","61,252",3,342,"28,552",3,342,"28,552",NA,NA,NA,NA,NA,NA,NA,NA,NA,321,"115,615","6,342,303",NA,NA,NA,155,8256,32104,NA,NA,NA,NA,NA,NA,4,4,1,(d),8,28,557,NA,NA,NA,NA,NA,NA,5,204,"15,800",NA,NA,37.4616454,-89.2504793
south dakota,walworth,256,6,23,44,46,35,102,453301,1771,613,3506300,1980,91141000,356021,227,273828,172,"237,695",8,"2,811","87,056,000","340,063","61,045,000",26012000,NA,63,6,10,17,15,30,115,196,"6,182,000",175,"8,135,000",76036000,297016,256,25338000,"98,976",115,"41,941",103,"19,062",NA,NA,117,22752,3,60,3,45,5,226,3,129,1,(d),101,"62,861","8,021,423",29,"3,539","41,878",82,"50,722","1,379,092",21,"5,188","225,633",1,(d),(d),2,(d),(d),2,(d),(d),105,"66,937","2,382,803",NA,NA,NA,121,34834,63048,24,"9,538","18,570,669",NA,NA,NA,NA,NA,NA,NA,1,(d),256,NA,NA,NA,81,"45,534","1,153,459",13,"2,492","111,041",NA,NA,42.6711513,-88.5467715
south dakota,yankton,610,35,110,149,119,91,106,329607,540,195,2389517,4422,157395000,258025,528,252592,454,"232,945",68,"38,028","162,378,000","266,193","105,817,000",56561000,NA,139,27,35,49,48,55,257,466,"7,994,000",384,"13,223,000",135548000,222210,610,48047000,"78,766",254,"41,091",220,"16,265",4,104,261,33951,14,"15,405",12,"44,277",13,"1,089",42,"1,844",3,(d),303,"104,389","17,991,587",70,"4,791","62,731",16,"1,125","67,264",14,(d),(d),NA,NA,NA,1,(d),(d),3,34,252,309,"98,393","5,152,242",NA,NA,NA,303,23665,76450,1,(d),(d),NA,NA,NA,5,3,NA,NA,6,35,610,NA,NA,NA,2,(d),(d),5,142,"9,900",NA,NA,42.8712938,-97.3967011
south dakota,ziebach,213,2,1,16,9,26,159,1099454,5162,3600,4412411,855,75000000,352110,156,256789,125,"165,565",NA,NA,"59,911,000","281,271","21,236,000",38675000,NA,23,1,2,8,17,22,140,187,"6,373,000",127,"7,283,000",58283000,273627,213,15285000,"71,759",164,"50,843",158,"36,929",5,10,162,36500,NA,NA,NA,NA,17,"2,592",10,138,NA,NA,29,"18,753","1,320,202",10,"1,673","9,737",33,"44,042","1,167,158",22,"25,086","716,263",NA,NA,NA,2,(d),(d),NA,NA,NA,19,"17,850","323,371",NA,NA,NA,112,54705,57577,25,"25,451","46,936,618",NA,NA,NA,NA,NA,NA,NA,NA,NA,213,NA,NA,NA,24,"18,956","450,895",6,689,"16,625",NA,NA,44.9241074,-101.7110445
utah,beaver,272,48,65,62,61,10,26,157030,577,80,1284918,2226,59113000,217327,192,44416,174,"37,496",207,"40,240","258,008,000","948,558","20,061,000",237947000,NA,75,16,17,31,16,25,92,71,"699,000",73,"723,000",217173000,798431,272,42256000,"155,354",138,"27,146",127,"13,035",11,"1,700",110,13345,12,(d),17,"1,375,275",14,638,24,"1,417",2,(d),29,"2,140","400,861",23,"2,702","68,191",2,(d),(d),2,(d),(d),1,(d),(d),NA,NA,NA,NA,NA,NA,NA,NA,NA,NA,NA,NA,165,31924,153125,NA,NA,NA,NA,NA,NA,5,4,NA,NA,2,(d),272,NA,NA,NA,NA,NA,NA,1,(d),(d),NA,NA,40.6916624,-80.3709999
utah,box elder,1187,355,245,207,137,60,183,1220773,1028,46,1577010,1533,174666000,147150,916,308292,792,"154,321",819,"103,836","134,068,000","112,947","56,906,000",77162000,NA,401,112,120,153,96,90,215,405,"8,193,000",416,"7,495,000",112914000,95125,1187,36842000,"31,038",504,"78,614",396,"36,455",24,"8,732",440,43627,23,130,42,656,96,"46,914",117,"1,869",12,660,70,"10,274","1,754,216",76,"6,556","174,905",206,"59,547","2,713,277",194,"55,656","2,524,561",34,"2,280","174,421",NA,NA,NA,NA,NA,NA,1,(d),(d),1,(d),(d),653,64292,227442,NA,NA,NA,NA,NA,NA,63,"1,447",8,6,83,894,1187,NA,NA,NA,31,"3,891","188,716",7,140,"10,700",2,(d),41.3586056,-113.2112072
utah,cache,1397,371,444,283,165,81,53,276273,198,30,955825,4833,168682000,120832,1166,159356,1010,"116,796",1002,"90,148","162,737,000","116,490","41,413,000",121324000,NA,532,148,158,137,118,85,219,360,"3,439,000",504,"3,756,000",129929000,93006,1397,40003000,"28,635",558,"57,695",355,"10,192",113,"18,402",482,31691,18,(d),40,(d),82,"2,685",167,(d),2,(d),22,"1,935","340,987",102,"9,126","221,068",127,"18,869","1,054,211",106,"15,887","891,109",128,"8,033","576,126",NA,NA,NA,4,147,"1,605",NA,NA,NA,NA,NA,NA,907,73833,275682,1,(d),(d),NA,NA,NA,53,606,16,(d),45,109,1397,NA,NA,NA,31,"2,982","163,102",5,128,"11,220",NA,NA,41.7042978,-111.7451159
utah,carbon,309,90,126,44,4,4,41,230942,747,22,924915,1238,21316000,68983,221,15829,184,"8,011",235,"9,253","6,459,000","20,904","2,321,000",4139000,NA,157,39,34,33,15,12,19,17,"101,000",54,"799,000",7245000,23448,309,113000,367,142,"6,378",123,(d),1,(d),105,3001,9,123,13,93,49,"5,655",53,979,NA,NA,1,(d),(d),1,(d),(d),2,(d),(d),2,(d),(d),NA,NA,NA,NA,NA,NA,1,(d),(d),NA,NA,NA,NA,NA,NA,167,7759,26723,NA,NA,NA,NA,NA,NA,13,5,NA,NA,9,15,309,NA,NA,NA,NA,NA,NA,1,(d),(d),NA,NA,40.8908468,-75.7212917
utah,daggett,52,14,7,12,8,5,6,17671,340,146,943662,2777,5137000,98797,32,6556,32,"5,409",42,"7,168","2,403,000","46,215","340,000",2063000,NA,16,10,NA,6,11,2,7,4,"220,000",18,"421,000",2131000,40973,52,914000,"17,574",23,"3,671",21,"2,536",NA,NA,23,2589,6,18,5,100,1,(d),6,84,NA,NA,NA,NA,NA,NA,NA,NA,NA,NA,NA,NA,NA,NA,1,(d),(d),NA,NA,NA,NA,NA,NA,NA,NA,NA,NA,NA,NA,31,5390,7515,NA,NA,NA,NA,NA,NA,NA,NA,NA,NA,NA,NA,52,NA,NA,NA,NA,NA,NA,NA,NA,NA,NA,NA,40.915567,-109.4798174
utah,davis,528,325,152,34,9,1,7,51793,98,7,914737,9325,30636000,58022,352,7718,306,"6,316",389,"9,995","23,798,000","45,073","20,241,000",3558000,NA,287,56,58,63,29,13,22,15,"50,000",133,"2,674,000",22908000,43386,528,3614000,"6,845",138,"3,492",112,"2,157",8,28,104,2894,9,143,18,765,54,491,91,"1,202",4,34,7,(d),(d),2,(d),(d),16,"1,244","137,569",13,(d),(d),2,(d),(d),NA,NA,NA,NA,NA,NA,NA,NA,NA,3,3,15,228,3341,13768,NA,NA,NA,NA,NA,NA,62,729,19,16,32,120,528,NA,NA,NA,4,(d),(d),NA,NA,NA,NA,NA,40.7474784,-92.3965311
utah,duchesne,1063,214,313,258,182,40,56,1057413,995,50,970628,976,106898000,100563,702,77299,625,"59,527",868,"96,513","57,892,000","54,461","16,130,000",41762000,NA,375,114,117,151,119,96,91,53,"584,000",271,"1,896,000",51169000,48137,1063,9203000,"8,657",649,"54,683",532,"27,555",18,"3,194",537,33801,34,300,22,353,74,"2,668",162,"2,510",1,(d),21,"2,130","352,367",28,"3,291","69,811",NA,NA,NA,NA,NA,NA,1,(d),(d),NA,NA,NA,NA,NA,NA,2,(d),(d),NA,NA,NA,598,53691,186335,NA,NA,NA,NA,NA,NA,20,26,8,3,17,15,1063,NA,NA,NA,NA,NA,NA,5,163,"12,870",NA,NA,40.2960433,-110.4715153
utah,emery,504,59,201,127,57,25,35,133699,265,44,557310,2101,37500000,74404,412,36880,366,"21,370",439,"32,848","15,354,000","30,465","4,883,000",10471000,NA,183,51,77,102,29,16,46,72,"460,000",111,"360,000",15519000,30792,504,655000,"1,299",316,"19,047",276,"13,010",8,126,246,10363,26,249,16,404,53,"6,179",79,"1,212",NA,NA,6,(d),(d),6,175,"3,255",3,(d),(d),2,(d),(d),3,15,702,NA,NA,NA,NA,NA,NA,NA,NA,NA,NA,NA,NA,359,19927,62753,NA,NA,NA,NA,NA,NA,5,(d),NA,NA,10,15,504,NA,NA,NA,2,(d),(d),1,(d),(d),NA,NA,38.9844774,-110.8038549
utah,garfield,286,43,105,69,43,6,20,82637,289,44,903654,3127,26303000,91968,210,16297,184,"13,013",238,"21,194","21,786,000","76,176","3,600,000",18186000,NA,103,20,45,52,16,17,33,11,(d),71,"1,318,000",12837000,44885,286,10308000,"36,042",145,"14,764",132,"10,219",6,10,127,9749,NA,NA,4,52,20,652,26,478,NA,NA,NA,NA,NA,3,61,"1,211",NA,NA,NA,NA,NA,NA,2,(d),(d),NA,NA,NA,NA,NA,NA,NA,NA,NA,NA,NA,NA,178,12783,46870,NA,NA,NA,NA,NA,NA,10,14,2,(d),2,(d),286,NA,NA,NA,NA,NA,NA,NA,NA,NA,NA,NA,39.5462048,-107.8776144
utah,grand,102,30,20,16,21,6,9,231361,2268,53,1868935,824,14196000,139177,78,14561,74,"9,705",83,"11,498","7,170,000","70,295","4,696,000",2474000,NA,38,NA,15,13,10,13,13,4,(d),27,"506,000",6694000,65629,102,1114000,"10,923",34,"5,393",30,"3,509",6,10,28,2768,3,13,2,(d),3,(d),7,66,NA,NA,1,(d),(d),4,350,"7,750",NA,NA,NA,NA,NA,NA,NA,NA,NA,NA,NA,NA,NA,NA,NA,NA,NA,NA,NA,NA,NA,58,9156,31903,NA,NA,NA,NA,NA,NA,14,165,3,1,19,31,102,NA,NA,NA,NA,NA,NA,NA,NA,NA,NA,NA,48.386104,5.4866253
utah,iron,486,88,96,104,76,41,81,512940,1055,102,2063886,1955,87234000,179494,344,83441,308,"65,182",333,"64,380","133,512,000","274,716","54,238,000",79274000,NA,156,33,56,47,28,41,125,59,"530,000",141,"1,131,000",110246000,226844,486,24928000,"51,291",229,"36,720",191,"11,808",9,"11,357",183,19646,22,(d),18,(d),69,"42,525",69,"1,329",NA,NA,8,"1,506","248,153",12,"3,311","83,594",7,596,"49,060",4,406,(d),2,(d),(d),NA,NA,NA,NA,NA,NA,NA,NA,NA,NA,NA,NA,282,59417,278020,NA,NA,NA,NA,NA,NA,18,19,3,2,11,36,486,NA,NA,NA,4,190,(d),1,(d),(d),NA,NA,49.955,3.6608333
utah,juab,292,30,51,97,47,24,43,264644,906,107,1202491,1327,35770000,122499,240,56608,181,"27,013",179,"23,731","53,679,000","183,831","30,741,000",22938000,NA,92,17,34,49,38,20,42,100,"933,000",105,"1,131,000",40245000,137824,292,15498000,"53,075",137,"19,494",123,(d),2,(d),106,9379,4,13,5,13,25,"9,376",11,137,NA,NA,11,735,"115,762",12,"1,889","44,174",19,"3,902","115,964",18,(d),(d),7,466,"36,268",NA,NA,NA,NA,NA,NA,NA,NA,NA,NA,NA,NA,174,19425,83935,NA,NA,NA,NA,NA,NA,3,(d),NA,NA,NA,NA,292,NA,NA,NA,3,(d),(d),2,(d),(d),NA,NA,39.6949628,-112.8342117
utah,kane,182,29,46,26,28,22,31,128697,707,126,1282578,1814,14623000,80345,99,4862,93,"3,384",117,"6,896","6,267,000","34,437","739,000",5529000,NA,49,20,15,42,23,24,9,5,"56,000",54,"379,000",6448000,35427,182,254000,"1,396",121,"8,493",116,(d),1,(d),106,6339,3,20,4,37,18,353,19,423,NA,NA,NA,NA,NA,NA,NA,NA,NA,NA,NA,NA,NA,NA,NA,NA,NA,NA,NA,NA,NA,NA,NA,NA,NA,NA,NA,NA,NA,85,3335,8897,NA,NA,NA,NA,NA,NA,8,8,NA,NA,12,9,182,NA,NA,NA,NA,NA,NA,NA,NA,NA,NA,NA,41.923434,-88.4248315
utah,millard,654,66,117,134,152,65,120,481539,736,200,1504464,2043,154507000,236249,516,145965,432,"112,567",473,"122,680","179,959,000","275,167","85,460,000",94500000,NA,184,19,24,112,77,74,164,260,"3,031,000",240,"4,329,000",150928000,230777,654,36391000,"55,643",275,"56,875",231,"18,754",20,"12,299",247,26618,16,238,8,300,45,"2,500",46,(d),NA,NA,35,"6,027","1,158,068",72,"8,958","199,088",60,"6,097","567,576",32,"3,630","377,068",30,"3,246","292,195",NA,NA,NA,3,92,750,NA,NA,NA,NA,NA,NA,404,81658,384539,NA,NA,NA,NA,NA,NA,8,(d),NA,NA,NA,NA,654,NA,NA,NA,29,"2,467","190,508",3,97,"10,000",NA,NA,39.0364951,-113.0861444
utah,morgan,372,101,135,69,27,13,27,242666,652,21,1434803,2200,26206000,70446,263,16629,240,"12,636",238,"9,023","17,129,000","46,047","2,470,000",14659000,NA,167,54,47,32,16,19,37,16,"392,000",94,"987,000",19923000,53556,372,-1415000,"-3,803",152,"7,910",124,"4,556",7,832,111,4305,14,82,25,206,39,"17,814",47,"1,315",5,115,1,(d),(d),4,392,"10,094",2,(d),(d),NA,NA,NA,14,"1,223","92,568",NA,NA,NA,1,(d),(d),NA,NA,NA,NA,NA,NA,234,10910,32899,NA,NA,NA,NA,NA,NA,5,4,5,1,1,(d),372,NA,NA,NA,2,(d),(d),4,50,"2,740",3,(z),39.7062265,-90.190335
utah,piute,104,10,23,28,14,12,17,54445,524,135,1089630,2081,13037000,125352,75,14909,65,"11,308",87,"15,340","40,605,000","390,433","3,445,000",37160000,NA,27,3,9,11,10,15,29,8,"68,000",27,"314,000",25700000,247111,104,15288000,"146,997",81,"17,823",79,"6,223",6,"4,442",76,7947,NA,NA,NA,NA,7,"9,113",3,48,NA,NA,1,(d),(d),4,68,992,1,(d),(d),1,(d),(d),3,260,"27,600",NA,NA,NA,NA,NA,NA,NA,NA,NA,NA,NA,NA,61,10650,36432,NA,NA,NA,NA,NA,NA,NA,NA,NA,NA,NA,NA,104,NA,NA,NA,NA,NA,NA,NA,NA,NA,NA,NA,38.310801,-112.1012191
utah,rich,160,18,33,11,21,25,52,374947,2343,390,2046056,873,21781000,136133,117,70648,110,"41,118",118,"42,422","22,074,000","137,965","3,555,000",18519000,NA,45,15,14,13,7,17,49,21,"633,000",55,"1,970,000",18002000,112514,160,6675000,"41,717",103,"39,726",95,(d),1,(d),83,23355,2,(d),5,8,10,"7,501",11,123,1,(d),NA,NA,NA,1,(d),(d),NA,NA,NA,NA,NA,NA,NA,NA,NA,NA,NA,NA,NA,NA,NA,NA,NA,NA,NA,NA,NA,104,40701,93791,NA,NA,NA,NA,NA,NA,4,5,4,1,2,(d),160,NA,NA,NA,NA,NA,NA,NA,NA,NA,NA,NA,41.661286,-111.2123631
utah,salt lake,592,391,125,49,7,8,12,61965,105,6,1013467,9682,31110000,52551,296,10909,249,"6,003",340,"7,430","19,901,000","33,617","17,052,000",2849000,NA,367,75,51,34,13,25,27,14,"188,000",160,"4,683,000",29824000,50378,592,-5052000,"-8,533",125,"2,060",100,(d),1,(d),84,961,11,90,11,356,40,555,157,"3,029",2,(d),2,(d),(d),2,(d),(d),10,"2,889","136,428",10,"2,889","136,428",NA,NA,NA,NA,NA,NA,NA,NA,NA,NA,NA,NA,2,(d),(d),118,2230,7558,NA,NA,NA,NA,NA,NA,68,475,11,12,30,60,592,NA,NA,NA,NA,NA,NA,10,102,"7,500",NA,NA,40.6632297,-111.9103124
utah,san juan,823,325,107,150,99,35,107,1657212,2014,40,738348,367,39838000,48406,366,130173,157,"44,614",128,"7,571","16,776,000","20,383","8,598,000",8177000,NA,593,44,77,46,13,13,37,119,"1,636,000",79,"767,000",16636000,20214,823,2543000,"3,090",307,"14,591",257,"9,381",3,7,148,8629,12,72,12,251,413,"8,269",71,668,NA,NA,1,(d),(d),NA,NA,NA,37,"34,692","771,856",35,"33,764","723,536",NA,NA,NA,NA,NA,NA,NA,NA,NA,NA,NA,NA,2,(d),(d),66,6939,23862,NA,NA,NA,NA,NA,NA,33,181,1,(d),8,39,823,NA,NA,NA,4,928,"48,320",2,(d),(d),NA,NA,18.384239049999998,-66.05343997364733
utah,sanpete,1003,206,325,244,96,69,63,301691,301,40,848242,2820,109870000,109542,712,71661,644,"57,963",768,"76,489","171,757,000","171,243","20,706,000",151051000,NA,372,114,117,156,63,37,144,146,"854,000",365,"4,675,000",114623000,114280,1003,62663000,"62,476",474,"56,496",407,"16,998",23,"7,476",387,33288,33,315,40,760,155,"68,645",107,"2,097",2,(d),3,(d),(d),25,"2,596","52,549",21,885,"60,589",14,673,"47,320",20,998,"102,869",NA,NA,NA,NA,NA,NA,NA,NA,NA,NA,NA,NA,619,51212,205151,NA,NA,NA,NA,NA,NA,17,198,2,(d),18,10,1003,NA,NA,NA,8,212,"13,269",12,401,"35,962",NA,NA,39.3606305,-111.5767825
utah,sevier,691,230,237,125,49,30,20,108992,158,20,675452,4282,81845000,118445,496,50453,434,"40,129",569,"49,440","88,546,000","128,141","21,528,000",67017000,NA,316,67,74,78,45,24,87,70,"432,000",202,"2,220,000",70688000,102298,691,20510000,"29,681",276,"47,169",213,"13,210",14,"4,605",216,50198,33,407,30,934,68,"3,826",108,"3,438",9,596,27,"2,249","380,057",57,"5,247","117,749",1,(d),(d),1,(d),(d),3,114,"8,240",NA,NA,NA,2,(d),(d),NA,NA,NA,NA,NA,NA,400,31379,147820,NA,NA,NA,NA,NA,NA,17,61,3,(d),15,12,691,NA,NA,NA,1,(d),(d),NA,NA,NA,NA,NA,35.8047065,-83.5291901
utah,summit,626,214,209,90,58,21,34,295588,472,20,1541565,3265,44688000,71386,378,26278,346,"18,616",452,"21,298","25,540,000","40,798","4,099,000",21441000,NA,244,78,88,81,46,38,51,31,"833,000",238,"3,749,000",24006000,38349,626,6115000,"9,769",276,"18,707",211,"9,279",8,852,247,12846,19,97,18,221,56,"12,603",67,953,8,206,NA,NA,NA,1,(d),(d),1,(d),(d),NA,NA,NA,NA,NA,NA,NA,NA,NA,NA,NA,NA,NA,NA,NA,NA,NA,NA,340,18490,51562,NA,NA,NA,NA,NA,NA,3,12,2,(d),NA,NA,626,NA,NA,NA,1,(d),(d),2,(d),(d),NA,NA,41.1457902,-81.5333603
utah,tooele,540,228,114,92,33,32,41,348934,646,20,888625,1375,48545000,89898,276,21726,214,"16,663",277,"21,894","40,753,000","75,468","6,497,000",34256000,NA,274,62,65,50,15,33,41,14,"406,000",106,"3,625,000",40431000,74872,540,4353000,"8,061",262,"20,402",212,"13,060",9,15,193,11668,36,259,42,668,78,"9,658",116,(d),3,(d),NA,NA,NA,2,(d),(d),3,776,(d),1,(d),(d),2,(d),(d),NA,NA,NA,NA,NA,NA,NA,NA,NA,NA,NA,NA,187,14523,46991,NA,NA,NA,NA,NA,NA,18,24,1,(d),10,(d),540,NA,NA,NA,2,(d),(d),NA,NA,NA,NA,NA,40.4062872,-113.1966394
utah,uintah,1114,237,395,244,114,54,70,1824700,1638,35,1032638,630,98322000,88260,722,70742,640,"47,696",876,"65,306","42,268,000","37,943","16,333,000",25935000,NA,425,151,154,170,88,58,68,71,"1,402,000",228,"1,419,000",40636000,36477,1114,4454000,"3,998",562,"35,632",464,"22,969",23,692,414,25065,66,723,43,667,66,"5,929",192,"4,390",9,"2,216",15,"2,854","428,620",26,987,"20,271",6,380,"25,783",2,(d),(d),18,698,"36,436",NA,NA,NA,NA,NA,NA,NA,NA,NA,NA,NA,NA,592,42515,150715,NA,NA,NA,NA,NA,NA,48,87,17,7,30,28,1114,NA,NA,NA,4,(d),(d),8,50,"4,600",NA,NA,40.194319900000004,-109.5770955
utah,utah,2589,1383,745,257,114,42,48,303795,117,9,1024882,8734,192340000,74291,1871,118125,1687,"73,397",2026,"72,669","202,580,000","78,246","79,793,000",122787000,NA,1316,329,319,240,151,99,135,148,"1,679,000",625,"7,796,000",183151000,70742,2589,28904000,"11,164",983,"54,299",734,"17,050",74,"15,337",720,30191,86,"1,060",103,"1,973",190,"9,484",393,(d),12,214,50,"2,738","492,105",41,"8,163","207,998",56,"13,093","500,481",56,(d),(d),81,"1,706","116,226",NA,NA,NA,NA,NA,NA,NA,NA,NA,NA,NA,NA,1482,39125,146505,1,(d),(d),NA,NA,NA,84,305,14,16,157,"6,655",2589,NA,NA,NA,2,(d),(d),12,288,"28,512",3,(d),39.422519200000004,-111.714358
utah,wasatch,475,217,174,57,13,5,9,97098,204,10,1135964,5557,29826000,62791,341,8845,325,"7,836",411,"11,252","8,802,000","18,530","1,892,000",6910000,NA,258,64,62,51,11,15,14,10,"102,000",85,"330,000",11275000,23737,475,-2041000,"-4,298",150,"7,325",133,"4,987",7,662,127,4393,12,97,18,107,66,"13,390",100,"1,357",NA,NA,2,(d),(d),2,(d),(d),2,(d),(d),2,(d),(d),NA,NA,NA,NA,NA,NA,NA,NA,NA,NA,NA,NA,NA,NA,NA,309,7698,23492,NA,NA,NA,NA,NA,NA,2,(d),2,(d),2,(d),475,NA,NA,NA,NA,NA,NA,NA,NA,NA,NA,NA,40.3348338,-111.1186992
utah,washington,537,200,125,101,54,26,31,155047,289,23,1078856,3737,32933000,61328,294,22347,235,"9,231",310,"12,984","16,458,000","30,647","6,463,000",9995000,NA,264,49,68,71,30,24,31,17,"190,000",141,"1,470,000",22100000,41154,537,-3982000,"-7,414",281,"12,670",245,"8,564",15,19,226,9188,30,292,27,165,28,766,119,"3,058",2,(d),1,(d),(d),2,(d),(d),1,(d),(d),1,(d),(d),1,(d),(d),NA,NA,NA,NA,NA,NA,NA,NA,NA,NA,NA,NA,167,8507,35346,NA,NA,NA,NA,NA,NA,32,114,4,(d),78,252,537,NA,NA,NA,NA,NA,NA,2,(d),(d),2,(d),38.8950368,-77.0365427
utah,wayne,209,41,66,52,27,12,11,42751,205,46,928420,4539,18701000,89480,171,14587,161,"13,336",183,"16,552","12,885,000","61,649","2,022,000",10862000,NA,60,10,34,38,24,17,26,46,"87,000",70,"537,000",10471000,50102,209,3037000,"14,533",132,"18,156",125,"9,821",4,731,114,8015,3,60,3,(d),35,"7,575",26,390,NA,NA,NA,NA,NA,6,153,"3,035",NA,NA,NA,NA,NA,NA,4,57,"3,529",NA,NA,NA,2,(d),(d),NA,NA,NA,NA,NA,NA,151,12898,46027,NA,NA,NA,NA,NA,NA,4,6,4,(d),11,144,209,NA,NA,NA,NA,NA,NA,2,(d),(d),NA,NA,41.6264414,-75.3045103
utah,weber,1260,618,453,117,52,10,10,94361,75,10,697872,9319,74481000,59112,911,28259,818,"22,238",952,"27,169","49,443,000","39,241","24,734,000",24709000,NA,646,205,195,95,48,26,45,39,"497,000",261,"4,974,000",52194000,41424,1260,2720000,"2,159",453,"19,294",344,"5,731",23,"4,545",343,7695,19,71,23,167,44,"4,818",159,"2,894",5,106,4,89,"18,140",46,"2,788","69,658",27,862,"98,200",25,(d),(d),9,591,"40,023",NA,NA,NA,NA,NA,NA,NA,NA,NA,1,(d),(d),730,16226,52743,NA,NA,NA,NA,NA,NA,56,"1,518",13,16,50,99,1260,NA,NA,NA,2,(d),(d),2,(d),(d),NA,NA,41.2728039,-111.8860648
wyoming,albany,451,46,81,72,90,26,136,1406745,3119,260,2280442,731,42890000,96165,194,106924,163,"86,194",165,"109,508","50,819,000","112,681","6,340,000",44480000,NA,209,35,23,35,37,17,95,24,"441,000",186,"2,652,000",46768000,103699,451,7145000,"15,842",222,"53,567",177,(d),2,(d),198,44598,12,163,24,154,28,"4,770",83,"1,778",7,80,3,(d),(d),2,(d),(d),8,"8,290","227,290",8,"8,290","227,290",NA,NA,NA,NA,NA,NA,NA,NA,NA,NA,NA,NA,2,(d),(d),139,76614,120299,2,(d),(d),NA,NA,NA,3,(d),1,(d),5,(d),451,NA,NA,NA,NA,NA,NA,NA,NA,NA,NA,NA,42.6511674,-73.754968
wyoming,big horn,586,44,193,136,82,56,75,322241,550,80,874055,1589,94231000,161355,399,117850,357,"89,084",486,"107,391","74,921,000","127,852","44,574,000",30347000,NA,207,57,57,75,32,33,125,95,"541,000",280,"5,547,000",71112000,121352,586,9897000,"16,889",255,"42,978",229,"23,896",8,15,230,26436,23,389,22,543,81,"18,783",108,"2,382",6,260,25,"4,506","749,450",28,"4,016","90,832",6,495,"29,641",4,(d),(d),64,"18,476","2,080,124",NA,NA,NA,NA,NA,NA,NA,NA,NA,37,"10,746","268,191",318,36129,118326,NA,NA,NA,33,"7,983","216,019",2,(d),NA,NA,3,4,586,NA,NA,NA,2,(d),(d),14,798,"65,948",NA,NA,45.4608548,-107.5152896
wyoming,campbell,643,50,114,91,62,34,292,2901210,4512,537,2553745,566,86513000,134546,277,184280,240,"70,947",30,"5,110","69,897,000","108,705","2,557,000",67340000,NA,232,46,47,56,35,48,179,171,"3,119,000",278,"5,896,000",61876000,96230,643,17036000,"26,495",388,"78,310",335,"50,609",20,41,366,65944,13,91,20,154,54,"28,194",89,"1,688",4,60,NA,NA,NA,NA,NA,NA,12,"3,422","98,092",10,"2,500","70,457",4,509,(d),NA,NA,NA,NA,NA,NA,NA,NA,NA,NA,NA,NA,236,66838,53533,NA,NA,NA,NA,NA,NA,2,(d),2,(d),1,(d),643,NA,NA,NA,3,922,"27,635",3,172,"3,767",NA,NA,38.9339799,-84.3715286
wyoming,carbon,345,29,36,72,40,21,147,2811832,8150,450,4486393,550,49871000,145397,172,143863,165,"83,376",183,"187,434","73,241,000","212,292","6,162,000",67079000,NA,94,15,25,36,23,41,111,21,"423,000",132,"2,586,000",61416000,178018,345,14833000,"42,995",191,"95,767",167,"51,164",15,17,191,70988,15,185,12,155,19,(d),25,437,NA,NA,1,(d),(d),NA,NA,NA,NA,NA,NA,NA,NA,NA,NA,NA,NA,NA,NA,NA,NA,NA,NA,NA,NA,NA,NA,NA,NA,161,83293,129953,NA,NA,NA,NA,NA,NA,1,(d),NA,NA,NA,NA,345,NA,NA,NA,NA,NA,NA,NA,NA,NA,NA,NA,40.8908468,-75.7212917
wyoming,converse,384,30,61,43,61,32,157,2593514,6754,479,3576045,529,61379000,159841,182,106652,176,"57,238",172,"65,241","56,347,000","146,737","6,902,000",49444000,NA,135,19,31,29,14,50,106,37,"657,000",128,"1,599,000",48686000,126787,384,9916000,"25,824",224,"66,320",205,"36,803",13,36,211,42664,14,93,18,180,42,"58,164",41,"1,040",2,(d),2,(d),(d),8,"1,150","28,168",1,(d),(d),NA,NA,NA,5,285,"12,024",NA,NA,NA,NA,NA,NA,NA,NA,NA,1,(d),(d),176,54283,119499,NA,NA,NA,NA,NA,NA,NA,NA,NA,NA,NA,NA,384,NA,NA,NA,1,(d),(d),2,(d),(d),NA,NA,43.0202459,-105.5046207
wyoming,crook,554,29,58,122,85,55,205,1465641,2646,380,2590429,979,74507000,134976,347,175527,260,"81,793",39,"9,367","52,936,000","95,552","3,626,000",49310000,NA,219,27,24,53,31,71,129,175,"2,959,000",305,"4,642,000",45667000,82431,554,14869000,"26,840",308,"67,640",272,"41,282",10,21,290,47136,16,270,16,323,32,"12,214",34,562,NA,NA,NA,NA,NA,NA,NA,NA,18,"3,619","94,741",13,"2,161","80,272",7,597,"21,162",NA,NA,NA,NA,NA,NA,NA,NA,NA,NA,NA,NA,254,77415,75696,NA,NA,NA,NA,NA,NA,1,(d),NA,NA,1,(d),554,NA,NA,NA,5,"1,458","14,469",1,(d),(d),NA,NA,44.1460291,-120.3839476
wyoming,fremont,1152,100,318,276,205,114,139,1165154,1011,100,1288331,1274,140312000,122650,813,125861,741,"107,753",894,"135,890","82,427,000","71,551","33,443,000",48984000,NA,381,95,111,162,89,98,216,153,"2,073,000",488,"12,831,000",74392000,64576,1152,22939000,"19,912",537,"89,022",473,"55,924",18,43,475,52309,9,23,11,30,92,"16,589",126,"2,647",9,"1,230",16,"1,067","135,719",35,"2,523","54,669",1,(d),(d),NA,NA,NA,35,"5,075","608,378",NA,NA,NA,NA,NA,NA,NA,NA,NA,14,"1,142","27,013",714,93176,268443,NA,NA,NA,12,"2,975","92,765",14,21,5,(d),16,18,1152,NA,NA,NA,1,(d),(d),10,434,"39,703",NA,NA,37.5482697,-121.988571
wyoming,goshen,842,58,103,196,167,109,209,1256099,1492,284,1286023,862,130190000,156103,563,234304,453,"136,490",425,"118,408","201,878,000","239,760","48,526,000",153352000,NA,247,57,52,91,74,82,239,341,"4,111,000",503,"5,004,000",173924000,206561,842,37069000,"44,025",426,"124,186",357,(d),10,(d),398,117603,19,237,21,264,58,"1,328",80,"1,857",NA,NA,150,"29,885","4,508,049",44,"3,084","64,334",50,"13,640","377,656",48,(d),(d),12,"1,190","63,034",NA,NA,NA,2,(d),(d),NA,NA,NA,61,"8,862","202,692",411,76596,262450,5,"1,158",(d),8,(d),(d),4,4,2,(d),8,28,842,NA,NA,NA,2,(d),(d),12,561,"35,362",NA,NA,41.5850394,-85.8344491
wyoming,hot springs,223,37,52,51,29,13,41,528123,2368,79,1469992,621,20114000,90195,141,22740,115,"10,210",154,"14,809","15,225,000","68,275","999,000",14227000,NA,91,17,24,24,23,14,30,29,"408,000",75,"692,000",15698000,70395,223,627000,"2,814",124,"20,972",103,(d),1,(d),98,11766,5,15,1,(d),31,"7,300",47,614,NA,NA,1,(d),(d),NA,NA,NA,1,(d),(d),1,(d),(d),3,(d),(d),NA,NA,NA,NA,NA,NA,NA,NA,NA,NA,NA,NA,113,10002,22224,NA,NA,NA,NA,NA,NA,2,(d),NA,NA,1,(d),223,NA,NA,NA,NA,NA,NA,2,(d),(d),NA,NA,34.5038393,-93.0552437
wyoming,johnson,384,10,71,71,56,14,162,1974363,5142,355,3020697,588,48847000,128544,152,40970,137,"30,312",130,"31,697","44,146,000","114,964","3,098,000",41049000,NA,129,33,27,33,31,25,106,83,"1,088,000",156,"8,437,000",44561000,116044,384,9110000,"23,725",247,"63,035",207,"41,974",6,12,240,42219,10,183,9,(d),61,"36,628",37,793,1,(d),NA,NA,NA,1,(d),(d),2,(d),(d),2,(d),(d),NA,NA,NA,NA,NA,NA,NA,NA,NA,NA,NA,NA,NA,NA,NA,135,29970,64501,NA,NA,NA,NA,NA,NA,NA,NA,NA,NA,1,(d),384,NA,NA,NA,NA,NA,NA,1,(d),(d),NA,NA,32.3766071,-97.3568623
wyoming,laramie,999,87,230,197,180,86,219,1629655,1631,160,1383473,848,123767000,123891,438,382266,335,"170,990",173,"67,134","184,577,000","184,762","33,042,000",151535000,NA,456,71,81,94,78,70,149,293,"4,856,000",411,"6,015,000",164980000,165145,999,30468000,"30,499",402,"80,617",326,(d),11,(d),373,70621,38,(d),36,(d),58,"30,110",141,"2,336",3,132,39,"17,181","1,898,832",17,"3,713","87,167",124,"73,299","2,177,182",122,(d),(d),4,"1,128",(d),1,(d),(d),1,(d),(d),NA,NA,NA,19,"4,562","106,523",252,62186,112027,7,"2,101","1,526,000",1,(d),(d),7,(d),4,(d),1,(d),999,NA,NA,NA,2,(d),(d),4,528,"17,012",NA,NA,41.3116442,-105.5917876
wyoming,lincoln,698,109,254,136,87,39,73,364892,523,40,955622,1828,57535000,82429,472,94026,436,"80,829",443,"81,307","47,860,000","68,567","11,166,000",36693000,NA,312,56,52,68,45,55,110,36,"182,000",177,"2,098,000",40945000,58661,698,9194000,"13,172",251,"43,358",217,"29,822",18,609,251,31830,19,322,26,425,37,"20,090",89,"1,403",4,(d),1,(d),(d),1,(d),(d),NA,NA,NA,NA,NA,NA,24,"3,502","265,317",NA,NA,NA,NA,NA,NA,NA,NA,NA,NA,NA,NA,425,76450,153848,NA,NA,NA,NA,NA,NA,3,9,3,(d),3,3,698,NA,NA,NA,NA,NA,NA,6,685,"89,052",NA,NA,40.8088861,-96.7077751
wyoming,natrona,430,71,101,68,56,25,109,1933264,4496,120,2039344,454,47016000,109339,219,55654,178,"32,424",221,"44,293","43,213,000","100,494","5,586,000",37626000,NA,191,31,33,42,32,18,83,34,"318,000",137,"2,529,000",42646000,99177,430,3414000,"7,939",202,"55,824",172,"38,218",7,29,165,40024,17,127,22,169,38,"17,915",89,"1,630",3,105,5,"1,805","224,758",1,(d),(d),3,675,"16,200",3,675,"16,200",4,602,"51,403",NA,NA,NA,NA,NA,NA,NA,NA,NA,2,(d),(d),172,28014,70415,NA,NA,NA,NA,NA,NA,1,(d),NA,NA,2,(d),430,NA,NA,NA,NA,NA,NA,1,(d),(d),NA,NA,42.9487008,-106.8465639
wyoming,niobrara,242,6,6,23,20,19,168,1277446,5279,2727,3308558,627,37868000,156480,106,54646,82,"28,312",52,"10,470","49,683,000","205,303","4,039,000",45645000,NA,45,6,2,15,15,35,124,90,"1,861,000",142,"2,721,000",40690000,168139,242,13575000,"56,097",178,"59,317",159,"33,119",6,9,177,47004,1,(d),2,(d),15,"3,895",25,404,NA,NA,2,(d),(d),2,(d),(d),11,"2,796","84,057",11,"2,796","84,057",NA,NA,NA,NA,NA,NA,2,(d),(d),NA,NA,NA,NA,NA,NA,81,24153,51106,NA,NA,NA,NA,NA,NA,1,(d),1,(d),NA,NA,242,NA,NA,NA,NA,NA,NA,3,641,(d),NA,NA,43.0087581,-104.4565524
wyoming,park,1008,127,333,262,123,63,100,929926,923,60,1378458,1494,125470000,124845,750,140520,657,"101,589",824,"127,546","85,174,000","84,498","45,730,000",39443000,NA,442,65,137,80,72,51,161,101,"931,000",395,"6,739,000",90821000,90100,1008,2022000,"2,006",335,"41,925",288,(d),12,(d),309,28338,40,293,38,669,68,"19,758",146,"3,537",8,680,37,"4,311","695,841",20,"2,612","60,411",7,"1,566","47,776",NA,NA,NA,96,"19,091","2,201,227",1,(d),(d),NA,NA,NA,4,107,"1,130",65,"9,930","226,247",572,46573,134745,4,(d),(d),44,"10,240","287,677",11,16,6,2,13,23,1008,NA,NA,NA,7,"1,566","47,776",18,"1,086","106,340",NA,NA,39.1089299,-105.7561639
wyoming,platte,505,34,89,83,75,57,167,1046754,2073,320,1820452,878,69014000,136932,288,134849,224,"60,160",215,"58,948","94,232,000","186,599","18,537,000",75695000,NA,197,29,35,61,22,39,122,137,"2,872,000",197,"3,301,000",77516000,153497,505,22889000,"45,325",270,"64,118",226,(d),5,(d),253,56488,8,(d),9,(d),20,818,38,568,4,82,36,"6,606","1,108,965",25,"4,300","98,502",18,"7,591","208,009",16,(d),(d),10,"1,017","75,019",NA,NA,NA,NA,NA,NA,NA,NA,NA,22,"2,231","60,706",193,35020,92087,NA,NA,NA,10,"2,241","71,884",6,6,3,(z),5,4,505,NA,NA,NA,2,(d),(d),5,281,"18,449",NA,NA,39.3770348,-94.7716306
wyoming,sheridan,833,97,284,147,90,69,146,1213820,1457,60,1783962,1224,84678000,101776,596,95916,535,"71,992",473,"54,571","59,674,000","71,638","8,646,000",51028000,NA,383,64,58,69,98,31,130,102,"1,417,000",331,"3,241,000",58228000,69901,833,6105000,"7,328",400,"65,069",355,"36,716",14,22,341,46517,7,41,28,112,18,"5,156",119,"1,992",7,32,NA,NA,NA,2,(d),(d),6,227,"8,110",4,(d),(d),5,158,(d),NA,NA,NA,NA,NA,NA,NA,NA,NA,1,(d),(d),517,69861,148998,NA,NA,NA,1,(d),(d),7,13,2,(d),5,4,833,NA,NA,NA,2,(d),(d),9,201,"10,403",NA,NA,39.3530598,-100.457645
wyoming,sublette,402,43,99,87,27,31,115,546353,1359,101,2243832,1651,51383000,128778,244,143517,225,"101,119",287,"158,698","47,872,000","119,084","6,188,000",41684000,NA,177,30,24,24,14,27,106,11,"155,000",158,"4,221,000",37620000,93582,402,14629000,"36,390",164,"57,479",138,"29,179",15,22,162,40955,NA,NA,8,38,13,(d),34,653,1,(d),NA,NA,NA,NA,NA,NA,NA,NA,NA,NA,NA,NA,2,(d),(d),NA,NA,NA,NA,NA,NA,NA,NA,NA,NA,NA,NA,223,100968,129777,NA,NA,NA,NA,NA,NA,3,(d),NA,NA,NA,NA,402,NA,NA,NA,NA,NA,NA,NA,NA,NA,NA,NA,42.736927,-109.9905911
wyoming,sweetwater,219,16,40,57,33,19,54,1370042,6256,160,1851640,296,24051000,110326,144,35586,134,"28,358",147,"35,424","16,454,000","75,133","4,560,000",11894000,NA,70,3,17,38,18,26,47,13,"201,000",79,"2,137,000",14055000,64179,219,4737000,"21,628",132,"21,554",117,"14,434",3,10,118,13242,12,113,5,50,6,"5,754",30,400,NA,NA,NA,NA,NA,NA,NA,NA,NA,NA,NA,NA,NA,NA,12,827,"76,006",NA,NA,NA,NA,NA,NA,NA,NA,NA,NA,NA,NA,125,27530,64055,NA,NA,NA,NA,NA,NA,NA,NA,NA,NA,NA,NA,219,NA,NA,NA,NA,NA,NA,NA,NA,NA,NA,NA,32.4709519,-100.405938
wyoming,teton,142,24,25,42,25,7,19,67649,476,118,1929058,4049,14544000,103147,98,15791,92,"12,795",98,"25,529","17,582,000","123,820","3,973,000",13609000,NA,48,10,15,22,13,9,25,6,"131,000",59,"7,155,000",23958000,168719,142,910000,"6,411",43,"3,949",39,(d),1,(d),49,15103,1,(d),4,26,5,163,11,167,1,(d),NA,NA,NA,NA,NA,NA,NA,NA,NA,NA,NA,NA,10,"1,698","161,739",NA,NA,NA,NA,NA,NA,NA,NA,NA,NA,NA,NA,77,11078,23952,NA,NA,NA,NA,NA,NA,11,6,2,(d),1,(d),142,NA,NA,NA,NA,NA,NA,NA,NA,NA,NA,NA,43.9139214,-110.6380363
wyoming,uinta,403,65,108,67,53,30,80,656988,1630,80,1747715,1072,41144000,102095,247,84769,236,"47,960",280,"76,188","26,662,000","66,158","3,629,000",23033000,NA,168,37,30,34,33,34,67,6,"130,000",109,"1,668,000",24304000,60308,403,4155000,"10,310",221,"38,737",199,"25,268",NA,NA,179,22993,14,36,20,25,38,"32,118",42,943,NA,NA,NA,NA,NA,NA,NA,NA,NA,NA,NA,NA,NA,NA,4,132,"6,412",NA,NA,NA,NA,NA,NA,NA,NA,NA,1,(d),(d),232,47824,91191,NA,NA,NA,NA,NA,NA,1,(d),NA,NA,NA,NA,403,NA,NA,NA,NA,NA,NA,NA,NA,NA,NA,NA,41.2631855,-110.5678519
wyoming,washakie,246,36,53,61,25,15,56,316161,1285,85,1502187,1169,51552000,211277,155,53438,134,"33,320",182,"38,477","43,019,000","174,873","16,260,000",26759000,NA,75,19,27,31,13,15,66,62,"508,000",119,"3,062,000",39687000,161330,246,6902000,"28,058",112,"30,496",103,"14,383",3,12,111,21780,22,266,18,341,33,"29,376",38,790,4,24,13,"1,065","150,170",12,"1,759","45,244",1,(d),(d),1,(d),(d),20,"9,682","1,122,514",NA,NA,NA,NA,NA,NA,NA,NA,NA,2,(d),(d),121,15556,46744,NA,NA,NA,15,"4,908","154,987",3,(d),1,(d),1,(d),246,NA,NA,NA,NA,NA,NA,NA,NA,NA,NA,NA,43.9308684,-107.6704088
wyoming,weston,247,20,24,45,36,9,113,1227012,4968,465,3321035,669,31936000,129296,133,37507,89,"21,581",17,"4,159","34,273,000","138,759","617,000",33657000,NA,96,12,20,11,20,24,64,77,"836,000",90,"1,370,000",32542000,131747,247,3938000,"15,943",130,"44,627",118,"29,688",6,31,125,33855,5,123,3,60,12,"2,685",31,929,2,(d),NA,NA,NA,NA,NA,NA,1,(d),(d),NA,NA,NA,1,(d),(d),NA,NA,NA,NA,NA,NA,NA,NA,NA,NA,NA,NA,84,21234,20347,NA,NA,NA,NA,NA,NA,NA,NA,NA,NA,1,(d),247,NA,NA,NA,1,(d),(d),2,(d),(d),NA,NA,51.3471927,-2.9778916
