id,state,abbrev,county,Population2020,BuildingValue,Areasqmi,NationalRiskIndexValueComposite,NationalRiskIndexScoreComposite,NationalRiskIndexRatingComposite,ExpectedAnnualLossScoreComposite,ExpectedAnnualLossRatingComposite,ExpectedAnnualLossTotalComposite,ExpectedAnnualLossBuildingValueComposite,ExpectedAnnualLossPopulationComposite,ExpectedAnnualLossPopulationEquivalenceComposite,SocialVulnerabilityScore,SocialVulnerabilityRating,CommunityResilienceScore,CommunityResilienceRating,CommunityResilienceValue,CommunityRiskFactorValue,AvalancheHistoricLossRatioTotalRating,AvalancheExpectedAnnualLossRating,AvalancheHazardTypeRiskIndexRating,ColdWaveExposureImpactedAreasqmi,ColdWaveHistoricLossRatioTotalRating,ColdWaveExpectedAnnualLossRating,ColdWaveHazardTypeRiskIndexRating,DroughtExposureImpactedAreasqmi,DroughtHistoricLossRatioTotalRating,DroughtExpectedAnnualLossRating,DroughtHazardTypeRiskIndexRating,EarthquakeExposureImpactedAreasqmi,EarthquakeExposureBuildingValue,EarthquakeExposurePopulation,EarthquakeExposurePopulationEquivalence,EarthquakeExposureTotal,EarthquakeHistoricLossRatioBuildings,EarthquakeHistoricLossRatioTotalRating,EarthquakeExpectedAnnualLossBuildingValue,EarthquakeExpectedAnnualLossPopulationEquivalence,EarthquakeExpectedAnnualLossTotal,EarthquakeExpectedAnnualLossScore,EarthquakeExpectedAnnualLossRating,EarthquakeHazardTypeRiskIndexValue,EarthquakeHazardTypeRiskIndexScore,EarthquakeHazardTypeRiskIndexRating,HailNumberofEvents,HailAnnualizedFrequency,HailExposureImpactedAreasqmi,HailExposureBuildingValue,HailExposurePopulation,HailExposurePopulationEquivalence,HailExposureTotal,HailHistoricLossRatioTotalRating,HailExpectedAnnualLossBuildingValue,HailExpectedAnnualLossPopulationEquivalence,HailExpectedAnnualLossTotal,HailExpectedAnnualLossScore,HailExpectedAnnualLossRating,HailHazardTypeRiskIndexValue,HailHazardTypeRiskIndexScore,HailHazardTypeRiskIndexRating,HeatWaveExposureImpactedAreasqmi,HeatWaveHistoricLossRatioTotalRating,HeatWaveExpectedAnnualLossRating,HeatWaveHazardTypeRiskIndexRating,IceStormAnnualizedFrequency,IceStormExposureImpactedAreasqmi,IceStormExposureBuildingValue,IceStormExposurePopulation,IceStormExposurePopulationEquivalence,IceStormExposureTotal,IceStormHistoricLossRatioTotalRating,IceStormExpectedAnnualLossBuildingValue,IceStormExpectedAnnualLossPopulationEquivalence,IceStormExpectedAnnualLossTotal,IceStormExpectedAnnualLossScore,IceStormExpectedAnnualLossRating,IceStormHazardTypeRiskIndexValue,IceStormHazardTypeRiskIndexScore,IceStormHazardTypeRiskIndexRating,LandslideHistoricLossRatioTotalRating,LandslideExpectedAnnualLossRating,LandslideHazardTypeRiskIndexRating,LightningNumberofEvents,LightningAnnualizedFrequency,LightningExposureImpactedAreasqmi,LightningExposureBuildingValue,LightningExposurePopulation,LightningExposurePopulationEquivalence,LightningExposureTotal,LightningHistoricLossRatioTotalRating,LightningExpectedAnnualLossBuildingValue,LightningExpectedAnnualLossPopulationEquivalence,LightningExpectedAnnualLossTotal,LightningExpectedAnnualLossScore,LightningExpectedAnnualLossRating,LightningHazardTypeRiskIndexValue,LightningHazardTypeRiskIndexScore,LightningHazardTypeRiskIndexRating,RiverineFloodingHistoricLossRatioTotalRating,RiverineFloodingExpectedAnnualLossRating,RiverineFloodingHazardTypeRiskIndexRating,StrongWindNumberofEvents,StrongWindAnnualizedFrequency,StrongWindExposureImpactedAreasqmi,StrongWindExposureBuildingValue,StrongWindExposurePopulation,StrongWindExposurePopulationEquivalence,StrongWindExposureTotal,StrongWindHistoricLossRatioTotalRating,StrongWindExpectedAnnualLossBuildingValue,StrongWindExpectedAnnualLossPopulationEquivalence,StrongWindExpectedAnnualLossTotal,StrongWindExpectedAnnualLossScore,StrongWindExpectedAnnualLossRating,StrongWindHazardTypeRiskIndexValue,StrongWindHazardTypeRiskIndexScore,StrongWindHazardTypeRiskIndexRating,TornadoAnnualizedFrequency,TornadoExposureImpactedAreasqmi,TornadoExposureBuildingValue,TornadoExposurePopulation,TornadoExposurePopulationEquivalence,TornadoExposureTotal,TornadoHistoricLossRatioTotalRating,TornadoExpectedAnnualLossBuildingValue,TornadoExpectedAnnualLossPopulationEquivalence,TornadoExpectedAnnualLossTotal,TornadoExpectedAnnualLossScore,TornadoExpectedAnnualLossRating,TornadoHazardTypeRiskIndexValue,TornadoHazardTypeRiskIndexScore,TornadoHazardTypeRiskIndexRating,WildfireExposureImpactedAreasqmi,WildfireExposureBuildingValue,WildfireExposurePopulation,WildfireExposurePopulationEquivalence,WildfireExposureTotal,WildfireHistoricLossRatioTotalRating,WildfireExpectedAnnualLossBuildingValue,WildfireExpectedAnnualLossPopulationEquivalence,WildfireExpectedAnnualLossTotal,WildfireExpectedAnnualLossScore,WildfireExpectedAnnualLossRating,WildfireHazardTypeRiskIndexValue,WildfireHazardTypeRiskIndexScore,WildfireHazardTypeRiskIndexRating,WinterWeatherNumberofEvents,WinterWeatherAnnualizedFrequency,WinterWeatherExposureImpactedAreasqmi,WinterWeatherExposureBuildingValue,WinterWeatherExposurePopulation,WinterWeatherExposurePopulationEquivalence,WinterWeatherExposureTotal,WinterWeatherHistoricLossRatioTotalRating,WinterWeatherExpectedAnnualLossBuildingValue,WinterWeatherExpectedAnnualLossPopulationEquivalence,WinterWeatherExpectedAnnualLossTotal,WinterWeatherExpectedAnnualLossScore,WinterWeatherExpectedAnnualLossRating,WinterWeatherHazardTypeRiskIndexValue,WinterWeatherHazardTypeRiskIndexScore,WinterWeatherHazardTypeRiskIndexRating
1,Colorado,CO,Adams,519291,80465089100,1195.558,80519228.84,94.178,Relatively Moderate,93.779,Relatively Moderate,68812491.3,58658246.67,0.826,9577031.274,68.94,Relatively High,64.42,Relatively High,2.654,1.17,Not Applicable,Not Applicable,Not Applicable,1195.558,Very Low,Relatively High,Relatively High,1195.558,Very Low,Relatively Low,Very Low,1195.558,80464052000,519572,6030000000000,6110000000000,0.032,Relatively Low,728633.8,129343.498,857977.299,77.221,Relatively Low,1053751.841,79.796,Relatively Low,285,8.379,1195.558,80465089100,519291,6020000000000,6100000000000,Relatively High,51419680.49,705223.198,52492096.1,99.845,Very High,61400468.4,99.873,Very High,1195.558,No Rating,No Expected Annual Losses,No Rating,0.026,1195.558,80465089100,519291,6020000000000,6100000000000,Relatively Moderate,70814.861,262404.811,333219.673,83.811,Relatively Moderate,388106.75,84.211,Relatively Moderate,Relatively Low,Relatively Moderate,Relatively Moderate,698,31.712,1195.558,80465089100,519291,6020000000000,6100000000000,Relatively Moderate,45046.249,1209760.555,1254806.805,96.364,Relatively High,1512782.413,96.718,Relatively High,Very Low,Relatively Low,Relatively Low,52,1.509,1195.558,80465089100,519291,6020000000000,6100000000000,Very Low,234482.044,206275.802,440827.345,60.794,Relatively Moderate,510732.168,59.561,Relatively Moderate,1.515,1195.558,80465089100,519291,6020000000000,6100000000000,Very Low,5615339.116,5743239.558,11365150.51,95.347,Relatively High,13291359.98,95.673,Relatively High,44.489,3567740125,19937.655,231000000000,235000000000,Very Low,134699.841,1228,135959.281,68.374,Relatively Low,116878.175,65.129,Relatively Low,72.991,4.52,1195.558,80465089100,519291,6020000000000,6100000000000,Very Low,157967.684,18744.01,176733.771,80.409,Relatively Moderate,203898.727,79.669,Relatively Moderate
2,Colorado,CO,Alamosa,16357,7863466114,730.592,4051514.423,34.33,Very Low,26.153,Very Low,2736135.646,1998944.516,0.052,604624.363,98.06,Very High,36.12,Relatively Low,2.542,1.481,Relatively Moderate,Very Low,Very Low,730.592,Very Low,Relatively Low,Relatively Moderate,730.592,Very Low,Relatively Low,Relatively Low,730.592,7863403000,16376,190000000000,198000000000,0.159,Very High,1611078.8,447185.375,2058264.175,86.382,Relatively Low,3079031.876,89.787,Relatively Low,30,0.853,730.592,7863466114,16357,190000000000,198000000000,Relatively High,116208.653,969.596,134998.345,59.553,Relatively Low,199530.181,62.965,Relatively Low,730.592,No Rating,No Expected Annual Losses,No Rating,0.015,730.592,7863466114,16357,190000000000,198000000000,Relatively Moderate,51.758,2955.687,3007.445,8.561,Very Low,4562.647,10.426,Very Low,Very High,Very Low,Very Low,225,10.191,730.592,7863466114,16357,190000000000,198000000000,Relatively High,2717.52,37721.642,40439.163,25.997,Relatively Low,60928.22,31.821,Relatively Low,Relatively Moderate,Very Low,Very Low,2,0.053,730.592,7863466114,16357,190000000000,198000000000,Relatively Low,1563.476,903.931,2468.538,4.001,Very Low,3663.568,1.623,Very Low,0.053,730.592,7863466114,16357,190000000000,198000000000,Relatively Low,83926.209,16166.777,100280.232,15.788,Very Low,151142.086,15.717,Very Low,34.189,1832614174,3783.53,43888943826,45742828722,Relatively Moderate,51780.985,3.443,51784.74,55.011,Very Low,70092.553,58.193,Very Low,18.036,1.117,730.592,7863466114,16357,190000000000,198000000000,Very Low,1619.196,2539.621,4167.164,10.399,Very Low,6220.575,9.386,Very Low
3,Colorado,CO,Arapahoe,654201,107000000000,813.638,101715241.8,95.164,Relatively Moderate,95.791,Relatively High,103506800.2,94344992.82,0.788,9138972.156,41.31,Relatively Moderate,61.43,Relatively High,2.642,0.983,Not Applicable,Not Applicable,Not Applicable,813.634,Very Low,Relatively High,Relatively High,813.634,Very Low,Very Low,Very Low,813.634,107000000000,655070,7600000000000,7710000000000,0.025,Relatively Low,728116.4,141324.291,869440.691,77.499,Relatively Low,904416.992,78.174,Relatively Low,301,8.83,813.634,107000000000,654201,7590000000000,7700000000000,Relatively High,76822615.91,2022889.4,78848463.23,99.907,Very High,77135135.7,99.905,Very High,813.634,No Rating,No Expected Annual Losses,No Rating,0.026,813.634,107000000000,654201,7590000000000,7700000000000,Relatively Moderate,91721.786,326204.399,417926.185,86.476,Relatively High,430653.848,85.443,Relatively High,Very Low,Relatively Low,Relatively Low,835,37.909,813.634,107000000000,654201,7590000000000,7700000000000,Very Low,94753.51,415250.7,510004.21,88.417,Relatively High,521048.033,87.033,Relatively Moderate,Very Low,Relatively Low,Relatively Low,51,1.499,813.634,107000000000,654201,7590000000000,7700000000000,Very Low,178208.581,465481.499,643763.491,72.643,Relatively Moderate,661415.522,68.247,Relatively Moderate,0.848,813.638,107000000000,654201,7590000000000,7700000000000,Relatively Low,15942286.44,4511629.114,20455809.36,97.612,Relatively High,20288638.92,97.391,Relatively High,29.506,6870575637,35705.469,414000000000,421000000000,Very Low,131522.046,1142.455,132671.548,67.961,Relatively Low,102771.054,63.602,Very Low,75.248,4.659,813.634,107000000000,654201,7590000000000,7700000000000,Very Low,239499.036,14526.595,254030.303,86.289,Relatively High,246796.537,82.914,Relatively Moderate
4,Colorado,CO,Archuleta,13356,3378025901,1369.076,2103639.092,14.986,Very Low,15.289,Very Low,1860535.053,1423978.639,0.037,427602.821,28.36,Relatively Low,30.24,Relatively Low,2.518,1.131,Very Low,Relatively Low,Very Low,1369.076,Relatively Low,Very Low,Very Low,1369.076,Very Low,Very Low,Very Low,1369.076,3377967000,13359,155000000000,158000000000,0.038,Relatively Moderate,94772.8,13862.277,108635.077,46.085,Very Low,124325.604,46.293,Very Low,6,0.154,1369.076,3378025901,13356,155000000000,158000000000,Relatively Low,991.178,718.483,2115.005,5.831,Very Low,2426.412,3.723,Very Low,1369.076,No Rating,No Expected Annual Losses,No Rating,0.015,1369.076,3378025901,13356,155000000000,158000000000,Relatively Moderate,22.234,2413.411,2435.645,7.295,Very Low,2748.285,6.596,Very Low,Very Low,Relatively Low,Relatively Moderate,760,34.538,1369.076,3378025901,13356,155000000000,158000000000,Relatively High,5747.897,152018.481,157766.378,67.761,Relatively Moderate,177263.087,66.055,Relatively Low,Very Low,Very Low,Very Low,3,0.07,1369.076,3378025901,13356,155000000000,158000000000,Relatively High,3898.529,10735.717,14634.732,7.816,Very Low,16616.466,5.027,Very Low,0.061,1369.076,3378025901,13356,155000000000,158000000000,Relatively Low,20535.243,19603.582,40229.41,10.577,Very Low,45906.244,8.304,Very Low,14.592,1734957719,7370.665,85499709793,87241649966,Relatively Moderate,1265624.243,428.374,1266054.16,88.514,Relatively Moderate,1419228.372,88.196,Relatively Moderate,296.514,18.36,1369.076,3378025901,13356,155000000000,158000000000,Very Low,5889.029,28888.047,34805.1,42.742,Relatively Low,38710.918,39.453,Relatively Low
5,Colorado,CO,Baca,3490,833220714,2583.182,1072686.352,5.791,Very Low,4.952,Very Low,811530.682,389356.604,0.025,295616.376,55.22,Relatively Moderate,13.18,Very Low,2.438,1.322,Not Applicable,Not Applicable,Not Applicable,2583.182,Relatively Low,Relatively Low,Relatively Low,2583.182,Very Low,Relatively Low,Relatively Low,2583.182,833200000,3506,40669600000,41502800000,0.015,Very Low,2312.6,418.03,2730.63,7.026,Very Low,3636.803,7.954,Very Low,155,4.541,2583.182,833220714,3490,40484000000,41448060129,Relatively Moderate,33460.637,4462.226,81629.322,49.007,Relatively Low,107045.682,49.793,Relatively Low,2583.182,No Rating,No Expected Annual Losses,No Rating,0.084,2583.182,833220714,3490,40484000000,41317220714,Relatively High,13971.078,5036.941,19008.019,29.747,Relatively Low,25264.687,32.045,Relatively Low,Relatively High,Very Low,Very Low,694,31.503,2583.182,833220714,3490,40484000000,41317220714,Relatively High,131.149,28227.295,28358.444,19.048,Very Low,37725.163,20.978,Very Low,Very High,Very Low,Very Low,58,1.68,2583.182,833220714,3490,40484000000,41448060129,Relatively High,140172.799,71061.326,211668.905,38.431,Relatively Low,281627.146,39.93,Relatively Low,1.324,2583.182,833220714,3490,40484000000,41448060129,Relatively Low,99530.36,104098.591,207825.564,23.139,Very Low,276327.599,22.367,Very Low,74.862,91185300.82,358.725,4161209029,4268915942,Relatively Moderate,86685.812,14250.313,101059.172,64.333,Relatively Low,132063.352,66.083,Relatively Low,36.001,2.229,2583.182,833220714,3490,40484000000,41448060129,Relatively High,12618.765,43035.608,55696.141,53.637,Relatively Moderate,74041.2,55.616,Relatively Low
6,Colorado,CO,Bent,5639,1108958577,1556.645,1471175.41,8.622,Very Low,6.345,Very Low,979155.289,482502.098,0.026,304866.576,81.19,Very High,2.51,Very Low,2.325,1.502,Not Applicable,Not Applicable,Not Applicable,1556.645,Very Low,Relatively Low,Relatively Low,1556.645,Very Low,Very Low,Very Low,1556.645,1108940000,5650,65540000000,66648940000,0.014,Very Low,3402.4,877.352,4279.752,10.059,Very Low,6230.626,12.472,Very Low,119,3.476,1556.645,1108958577,5639,65412400000,66591100286,Relatively High,197531.22,5355.28,228506.514,69.727,Relatively Low,346506.48,73.974,Relatively Low,1556.645,No Rating,No Expected Annual Losses,No Rating,0.015,1556.645,1108958577,5639,65412400000,66521358577,Relatively Moderate,663.251,1018.959,1682.211,5.33,Very Low,2484.448,6.129,Very Low,Relatively High,Very Low,Very Low,646,29.345,1556.645,1108958577,5639,65412400000,66521358577,Relatively High,524.98,49910.435,50435.414,31.757,Relatively Low,73465.514,38.674,Relatively Low,Relatively Moderate,Very Low,Relatively Low,34,0.985,1556.645,1108958577,5639,65412400000,66591100286,Relatively High,46791.242,66677.577,113486.698,25.775,Relatively Low,168013.039,27.044,Relatively Low,1.172,1556.645,1108958577,5639,65412400000,66591100286,Relatively Low,104107.854,138792.226,250530.086,25,Very Low,371996.016,26.122,Very Low,23.589,233679879.6,2021.233,23446303869,23711972749,Very Low,103213.427,1892.936,105267.26,65.002,Relatively Low,153987.912,67.801,Relatively Low,26.003,1.61,1556.645,1108958577,5639,65412400000,66591100286,Relatively Moderate,3776.249,13541.134,17333.792,27.143,Relatively Low,25436.846,29.399,Relatively Low
7,Colorado,CO,Boulder,330652,62233133388,747.946,42668693.04,89.5,Relatively Moderate,91.21,Relatively Moderate,44983878.87,35060671.47,0.843,9782160.229,21.2,Relatively Low,71.01,Relatively High,2.678,0.949,Relatively Low,Relatively Moderate,Relatively Low,747.946,Very Low,Relatively High,Relatively High,747.946,Very Low,Very Low,Very Low,747.946,62232352000,330758,3840000000000,3900000000000,0.022,Relatively Low,656198.7,95015.869,751214.569,76.137,Relatively Low,739092.826,75.978,Relatively Low,192,5.636,747.946,62233133388,330652,3840000000000,3900000000000,Relatively Low,293897.304,784632.359,1175748.509,91.377,Relatively Moderate,1125190.97,89.819,Relatively Moderate,747.946,No Rating,No Expected Annual Losses,No Rating,0.015,747.946,62233133388,330652,3840000000000,3900000000000,Relatively High,52810.795,162807.462,215618.257,77.582,Relatively Moderate,206436.051,73.751,Relatively Moderate,Very Low,Relatively High,Relatively High,546,24.79,747.946,62233133388,330652,3840000000000,3900000000000,Relatively Moderate,8101.986,1326723.594,1334825.58,96.622,Relatively High,1265733.23,96.01,Relatively High,Relatively Low,Relatively High,Relatively High,35,1.027,747.946,62233133388,330652,3840000000000,3900000000000,Relatively Low,549524.841,1015253.874,1564908.49,89.857,Relatively High,1500049.299,88.037,Relatively High,0.671,747.946,62233133388,330652,3840000000000,3900000000000,Relatively Low,7987429.65,3356827.444,11345672.93,95.316,Relatively High,10836432.26,94.018,Relatively High,23.613,6690556538,26910.863,312000000000,319000000000,Relatively Low,7833630.312,62162.31,7895976.454,97.455,Relatively High,6722151.879,96.723,Relatively Moderate,125.566,7.775,747.946,62233133388,330652,3840000000000,3900000000000,Very Low,140364.766,35081.342,175454.931,80.192,Relatively Moderate,166384.252,75.978,Relatively Moderate
8,Colorado,CO,Broomfield,74051,14509079514,33.887,11010997.25,67.292,Relatively Low,74.404,Relatively Low,13614278.29,8048787.972,0.48,5563694.513,6.91,Very Low,72.92,Relatively High,2.684,0.809,Not Applicable,Not Applicable,Not Applicable,33.887,Relatively Low,Very High,Very High,33.887,Very Low,Very Low,Very Low,33.887,14508910000,74112,860000000000,874000000000,0.022,Relatively Low,122942.7,12130.046,135072.746,50.232,Very Low,113747.409,44.543,Very Low,220,6.463,33.887,14509079514,74051,859000000000,874000000000,Relatively High,4678997.014,178453.68,4859059.903,98.263,Relatively High,3883340.386,97.486,Relatively High,33.887,No Rating,No Expected Annual Losses,No Rating,0.015,33.887,14509079514,74051,859000000000,874000000000,Relatively High,12312.348,36461.462,48773.81,47.402,Relatively Low,39685.081,40.373,Relatively Low,Relatively Moderate,Relatively Low,Relatively Low,477,21.64,33.887,14509079514,74051,859000000000,874000000000,Relatively High,85.2,526209.118,526294.318,88.803,Relatively High,429291.68,84.138,Relatively Moderate,Relatively Low,Very Low,Very Low,42,1.216,33.887,14509079514,74051,859000000000,874000000000,Relatively Moderate,852439.045,192463.345,1044926.425,83.685,Relatively Moderate,838276.004,75.056,Relatively Moderate,0.031,33.887,14509079514,74051,859000000000,874000000000,Relatively High,1913899.647,771738.633,2685655.748,77.016,Relatively Moderate,2159957.125,67.547,Relatively Low,0.934,939218187.8,4170.314,48375644334,49314894793,Relatively Low,201758.619,1599.659,203358.434,72.415,Relatively Low,171952.454,69.201,Relatively Low,77.73,4.813,33.887,14509079514,74051,859000000000,874000000000,Relatively Low,212163.878,76386.417,288550.404,87.806,Relatively High,233044.79,81.801,Relatively Moderate
9,Colorado,CO,Chaffee,19470,4941813952,1025.199,1958139.204,13.49,Very Low,13.123,Very Low,1684786.166,762903.237,0.078,899626.759,62.03,Relatively High,47.64,Relatively Moderate,2.589,1.162,Relatively High,Relatively Moderate,Relatively Moderate,1025.199,Very Low,Relatively Low,Relatively Low,1025.199,Very Low,Very Low,Very Low,1025.199,4941735000,19476,226000000000,231000000000,0.031,Relatively Low,117669.9,12651.345,130321.245,49.613,Very Low,155310.892,50.111,Very Low,39,1.122,1025.199,4941813952,19470,226000000000,231000000000,Relatively Moderate,143133.424,2413.737,150240.18,61.756,Relatively Low,181996.579,61.47,Relatively Low,1025.199,No Rating,No Expected Annual Losses,No Rating,0.015,1025.199,4941813952,19470,226000000000,231000000000,Relatively High,15977.733,3518.202,19495.935,30.147,Relatively Low,23561.41,30.879,Relatively Low,Very Low,Relatively Moderate,Relatively Moderate,416,18.87,1025.199,4941813952,19470,226000000000,231000000000,Very High,6856.067,247477.01,254333.077,77.864,Relatively Moderate,305812.283,78.636,Relatively Moderate,Relatively Low,Relatively Low,Relatively Low,5,0.132,1025.199,4941813952,19470,226000000000,231000000000,Relatively Moderate,12840.683,24368.792,37212.183,13.089,Very Low,44828.351,10.722,Very Low,0.081,1025.199,4941813952,19470,226000000000,231000000000,Relatively Low,69982.507,41697.529,111743.483,16.47,Very Low,135274.212,14.858,Very Low,5.081,666795445.2,2739.706,31780593580,32449471963,Relatively Low,214428.116,143.888,214572.319,73.115,Relatively Low,247993.429,72.956,Relatively Low,112.535,6.968,1025.199,4941813952,19470,226000000000,231000000000,Very Low,837.734,447.788,1289.357,5.911,Very Low,1506.453,3.245,Very Low
10,Colorado,CO,Cheyenne,1748,635761536,1799.413,999121.219,5.218,Very Low,6.097,Very Low,954751.483,447610.258,0.019,218129.496,6.08,Very Low,26.93,Relatively Low,2.504,1.046,Not Applicable,Not Applicable,Not Applicable,1799.413,Relatively Low,Relatively Moderate,Relatively Moderate,1799.413,Very Low,Relatively Low,Relatively Low,1799.413,635748000,1748,20276800000,20912548000,0.015,Relatively Low,1826.1,229.936,2056.036,5.447,Very Low,2151.586,5.409,Very Low,226,6.63,1799.413,635761536,1748,20276800000,21014817283,Relatively High,157707.72,7574.908,301524.332,74.938,Relatively Low,315536.936,72.097,Relatively Low,1799.413,No Rating,No Expected Annual Losses,No Rating,0.022,1799.413,635761536,1748,20276800000,20912561536,Relatively High,674.381,570.283,1244.664,4.231,Very Low,1302.506,3.531,Very Low,No Rating,No Expected Annual Losses,No Rating,673,30.554,1799.413,635761536,1748,20276800000,20912561536,Relatively High,1443.843,17038.314,18482.157,12.291,Very Low,19341.07,10.714,Very Low,Relatively Low,Very Low,Very Low,87,2.55,1799.413,635761536,1748,20276800000,21014817283,Relatively High,65521.12,59628.056,125263.466,27.481,Relatively Low,131084.778,22.781,Relatively Low,2.175,1799.413,635761536,1748,20276800000,21014817283,Relatively Low,90309.431,60017.25,155104.515,19.82,Very Low,162312.618,16.449,Very Low,32.95,22309514.37,56.808,658972210.1,686308431.9,Relatively High,2490.841,49.915,2554.038,8.209,Very Low,2672.731,6.936,Very Low,55.003,3.406,1799.413,635758558.2,1747.991,20276696469,21014710775,Very High,53465.571,18947.155,72462.069,60.569,Relatively Moderate,75829.566,56.252,Relatively Low
11,Colorado,CO,Clear Creek,9391,2362602784,400.338,4430885.715,37.671,Very Low,45.713,Very Low,4832659.553,3623741.394,0.104,1208170.213,13.81,Very Low,45.39,Relatively Moderate,2.579,0.917,Relatively Moderate,Relatively Moderate,Relatively Moderate,400.338,Very Low,Relatively Low,Relatively Low,400.338,No Rating,No Expected Annual Losses,No Rating,400.338,2362560000,9397,109000000000,111000000000,0.016,Very Low,23201.9,2348.952,25550.852,26.679,Very Low,26774.752,26.535,Very Low,203,5.954,400.338,2362602784,9391,109000000000,111000000000,Relatively High,742242.256,22397.744,765021.943,87.252,Relatively Moderate,762908.515,85.81,Relatively Moderate,400.338,No Rating,No Expected Annual Losses,No Rating,0.015,400.338,2362602784,9391,109000000000,111000000000,Relatively High,2004.896,4623.97,6628.865,16.289,Very Low,6580.73,13.724,Very Low,Very Low,Relatively Moderate,Relatively Moderate,899,40.855,400.338,2362602784,9391,109000000000,111000000000,Very High,2987.679,223246.403,226234.082,75.644,Relatively Moderate,213778.246,70.624,Relatively Moderate,Very Low,Very Low,Very Low,29,0.844,400.338,2362602784,9391,109000000000,111000000000,Very High,249035.633,136098.813,385137.146,56.483,Relatively Moderate,383185.2,49.857,Relatively Low,0.235,400.338,2362602784,9391,109000000000,111000000000,Relatively Moderate,212042.765,61889.173,273941.611,26.21,Very Low,272640.326,22.272,Very Low,2.202,989799526.6,3875.699,44958110168,45948055425,Relatively Moderate,2282911.339,24924.711,2307848.097,92.809,Relatively Moderate,1887526.832,90.805,Relatively Moderate,194.974,12.073,400.338,2362602784,9391,109000000000,111000000000,Relatively Low,51553.533,19775.614,71329.204,59.889,Relatively Moderate,71867.42,54.884,Relatively Low
12,Colorado,CO,Conejos,7453,1839089192,1304.027,1150938.873,6.204,Very Low,3.9,Very Low,695591.329,214856.185,0.037,430567.966,89.15,Very High,9.01,Very Low,2.41,1.655,Relatively High,Relatively Moderate,Relatively Moderate,1304.027,Very Low,Relatively Low,Relatively Low,1304.027,Very Low,Relatively Low,Relatively Low,1304.027,1839060000,7461,86547600000,88386660000,0.078,Relatively High,130817.2,27009.555,157826.755,52.461,Very Low,273258.928,60.77,Very Low,11,0.322,1304.027,1839089192,7453,86454800000,88355741080,Relatively High,11775.518,1356.518,20022.195,22.115,Very Low,33725.465,25.803,Very Low,1304.027,No Rating,No Expected Annual Losses,No Rating,0.015,1304.027,1839089192,7453,86454800000,88293889192,Relatively Moderate,12.105,1346.747,1358.852,4.53,Very Low,2314.74,5.796,Very Low,Relatively High,Relatively Low,Relatively Low,436,19.813,1304.027,1839089192,7453,86454800000,88293889192,Relatively Moderate,848.851,14142.164,14991.015,9.685,Very Low,25750.99,14.801,Very Low,Relatively Low,Very Low,Very Low,2,0.044,1304.027,1839089192,7453,86454800000,88355741080,Relatively Moderate,967.486,2546.622,3515.388,4.218,Very Low,6027.985,2.386,Very Low,0.083,1304.027,1839089192,7453,86454800000,88355741080,Relatively Low,17111.905,16641.823,33856.774,9.584,Very Low,57224.353,9.354,Very Low,30.314,380121121.2,1474.924,17109119640,17500168936,Relatively Moderate,40458.6,5.415,40494.111,51.193,Very Low,66566.873,57.302,Very Low,109.491,6.78,1304.027,1839089192,7453,86454800000,88355741080,Very Low,697.422,1884.179,2587.277,7.521,Very Low,4297.672,6.777,Very Low
13,Colorado,CO,Costilla,3420,1034056438,1243.43,898804.958,4.295,Very Low,2.414,Very Low,513900.211,286273.345,0.015,179264.212,91.63,Very High,0.83,Very Low,2.246,1.749,Relatively Moderate,Very Low,Very Low,1243.43,Very Low,Relatively Low,Relatively Low,1243.43,Very Low,Very Low,Relatively Low,1243.43,1034034000,3499,40588400000,41622434000,0.063,Relatively High,60511.7,14917.263,75428.963,40.483,Very Low,129654.218,46.962,Very Low,37,1.079,1243.43,1034056438,3420,39672000000,40731362094,Relatively Moderate,22428.733,318.948,30401.184,28.939,Very Low,53507.579,34.553,Very Low,1243.43,No Rating,No Expected Annual Losses,No Rating,0.015,1243.43,1034056438,3420,39672000000,40706056438,Relatively Moderate,6.806,617.989,624.796,2.232,Very Low,1083.27,2.898,Very Low,Relatively Low,Relatively Moderate,Relatively Moderate,416,18.873,1243.43,1034056438,3420,39672000000,40706056438,Relatively High,521.763,26307.435,26829.198,17.728,Very Low,46486.525,24.743,Very Low,Relatively Low,Very Low,Very Low,4,0.116,1243.43,1034056438,3420,39672000000,40731362094,Relatively Moderate,3727.97,1745.4,5473.909,5.025,Very Low,9677.125,3.309,Very Low,0.13,1243.43,1034056438,3420,39672000000,40731362094,Relatively Low,14076.601,4021.133,18146.411,7.258,Very Low,31642.026,6.745,Very Low,15.77,297890126.4,1048.16,12158657959,12461410245,Relatively High,135252.436,42.44,135331.697,68.342,Relatively Low,240025.74,72.574,Relatively Low,64.835,4.015,1243.43,1034056438,3420,39672000000,40731362094,Very Low,469.377,2056.649,2528.769,7.459,Very Low,4432.661,6.841,Very Low
14,Colorado,CO,Crowley,5922,603832603,808.412,1002148.216,5.25,Very Low,3.621,Very Low,669304.453,278990.813,0.021,242867.87,82.4,Very High,6.17,Very Low,2.383,1.497,Not Applicable,Not Applicable,Not Applicable,808.412,Very Low,Relatively Low,Relatively Low,808.412,Very Low,Very Low,Very Low,808.412,603813000,5922,68695200000,69299013000,0.018,Very Low,3773.2,1119.025,4892.225,11.111,Very Low,7379.907,13.872,Very Low,167,4.884,808.412,603832603,5922,68695200000,69409459863,Relatively Moderate,104134.84,1709.514,210327.159,68.114,Relatively Low,316473.505,72.256,Relatively Low,808.412,No Rating,No Expected Annual Losses,No Rating,0.015,808.412,603832603,5922,68695200000,69299032603,Relatively High,1952.294,1070.097,3022.392,8.628,Very Low,4483.477,10.26,Very Low,Relatively High,Very Low,Very Low,609,27.681,808.412,603832603,5922,68695200000,69299032603,Relatively High,119.801,49598.209,49718.009,30.985,Relatively Low,73000.861,38.353,Relatively Low,Relatively Low,Very Low,Very Low,32,0.935,808.412,603832603,5922,68695200000,69409459863,Relatively High,51763.585,75255.249,127139.773,27.699,Relatively Low,189072.119,30.003,Relatively Low,0.37,808.412,603832603,5922,68695200000,69409459863,Relatively Low,39411.518,57641.214,99202.108,15.664,Very Low,148006.702,15.622,Very Low,6.128,204021773.9,1996.037,23154034712,23412372431,Very Low,61057.045,214.998,61826.854,57.843,Very Low,93826.101,62.297,Very Low,27.005,1.672,808.412,603832603,5922,68695200000,69409459863,Relatively Moderate,2173.429,31102.028,33301.615,41.69,Relatively Low,49023.19,45.275,Relatively Low
15,Colorado,CO,Custer,4686,1422300189,747.394,1279623.527,7.095,Very Low,10.523,Very Low,1397918.455,1081510.783,0.02,228097.148,5.57,Very Low,60.98,Relatively High,2.641,0.915,Relatively Moderate,Very Low,Very Low,747.394,Very Low,Very Low,Very Low,747.394,Very Low,Very Low,Very Low,747.394,1422278000,4704,54566400000,55988678000,0.024,Relatively Low,22367.6,2159.486,24527.086,26.184,Very Low,21660.977,24.403,Very Low,91,2.651,747.394,1422300189,4686,54357600000,55791007495,Relatively High,198265.379,1177.124,210575.361,68.145,Relatively Low,190611.239,62.17,Relatively Low,747.394,No Rating,No Expected Annual Losses,No Rating,0.015,747.394,1422300189,4686,54357600000,55779900189,Relatively High,4598.541,846.754,5445.294,14.024,Very Low,4928.095,11.026,Very Low,Relatively Moderate,Relatively Low,Relatively Low,754,34.245,747.394,1422300189,4686,54357600000,55779900189,Very High,2613.257,67417.697,70030.955,43.308,Relatively Low,64282.291,33.559,Relatively Low,Relatively Moderate,Relatively Low,Relatively Low,9,0.262,747.394,1422300189,4686,54357600000,55791007495,Very High,33829.486,28306.872,62141.461,17.711,Very Low,56491.733,12.409,Very Low,0.122,747.394,1422300189,4686,54357600000,55791007495,Relatively Low,34235.082,18820.048,53289.41,12.097,Very Low,48374.975,8.622,Very Low,19.181,704536017.1,2389.375,27716747791,28425689796,Relatively Moderate,623789.03,775.348,624653.335,83.71,Relatively Low,578980.796,81.578,Relatively Low,109.065,6.753,747.394,1422300189,4686,54357600000,55791007495,Relatively Low,3577.468,33299.864,36883.345,44.166,Relatively Low,33777.269,36.144,Relatively Low
16,Colorado,CO,Delta,31182,5813568607,1160.202,2317128.375,16.577,Very Low,16.156,Very Low,1934061.105,711982.704,0.102,1180986.278,73.27,Relatively High,28.74,Relatively Low,2.513,1.198,Relatively Low,Relatively High,Relatively Moderate,1160.202,Relatively Moderate,Very Low,Very Low,1160.202,Very Low,Relatively Low,Relatively Low,1160.202,5813457000,31196,362000000000,368000000000,0.023,Relatively Low,101522.6,15178.567,116701.167,47.447,Very Low,158884.055,50.62,Very Low,6,0.149,1160.202,5813568607,31182,362000000000,368000000000,Relatively Moderate,12200.208,3356.868,16970.186,20.006,Very Low,22193.957,19.504,Very Low,1160.202,Relatively Moderate,Very Low,Very Low,0.015,1160.202,5813568607,31182,362000000000,368000000000,Relatively High,18796.266,5634.544,24430.81,34.544,Relatively Low,32304.644,36.409,Relatively Low,Very Low,Relatively Moderate,Relatively Moderate,401,18.2,1160.202,5813568607,31182,362000000000,368000000000,Relatively High,3256.594,165750.318,169006.912,69.466,Relatively Moderate,221026.086,71.879,Relatively Moderate,Relatively Low,Relatively Low,Relatively Low,11,0.301,1160.202,5813568607,31182,362000000000,368000000000,Relatively Moderate,30953.49,66463.735,97481.953,23.573,Relatively Low,127918.696,22.272,Relatively Low,0.032,1160.202,5813568607,31182,362000000000,368000000000,Relatively Low,16048.979,23503.115,39612.023,10.515,Very Low,52782.454,9.004,Very Low,31.836,1422929605,7030.672,81555800152,82995653765,Relatively Low,387266.464,291.308,387558.467,79.128,Relatively Low,434607.053,78.301,Relatively Low,194.966,12.072,1160.202,5813568607,31182,362000000000,368000000000,Very Low,420.216,1423.338,1917.059,6.561,Very Low,2406.765,4.136,Very Low
17,Colorado,CO,Denver,715210,121000000000,156.287,72910820.43,93.605,Relatively Moderate,93.624,Relatively Moderate,66854267.38,54820720.47,1.037,12026320.49,58.21,Relatively Moderate,54.39,Relatively Moderate,2.614,1.091,Not Applicable,Not Applicable,Not Applicable,156.287,Relatively Low,Very High,Very High,156.287,Very Low,Very Low,Very Low,156.287,121000000000,715522,8300000000000,8420000000000,0.028,Relatively Low,1291148.4,234562.364,1525710.764,83.473,Relatively Low,1687962.81,84.601,Relatively Low,288,8.458,156.287,121000000000,715210,8300000000000,8420000000000,Relatively Moderate,35356396.84,115784.583,35476946.42,99.721,Very High,38393846.42,99.714,Very High,156.287,No Rating,No Expected Annual Losses,No Rating,0.016,156.287,121000000000,715210,8300000000000,8420000000000,Very Low,8748.328,1234.767,9983.095,21.419,Very Low,10859.555,19.654,Very Low,Very Low,Relatively Moderate,Relatively Moderate,777,35.287,156.287,121000000000,715210,8300000000000,8420000000000,Relatively Low,80601.209,905990.647,986591.855,95.142,Relatively High,1105773.329,95.045,Relatively High,Very Low,Relatively Low,Relatively Low,42,1.233,156.287,121000000000,715210,8300000000000,8420000000000,Very Low,185882.941,319602.919,505522.443,65.819,Relatively Moderate,561608.587,62.711,Relatively Moderate,0.158,156.287,121000000000,715210,8300000000000,8420000000000,Relatively Moderate,17466849.72,8085505.707,25552470.08,98.418,Relatively High,28019300.41,98.314,Relatively High,2.739,2858433757,16556.721,192000000000,195000000000,Very Low,71963.181,867.279,72830.864,60.484,Very Low,60764.998,56.22,Very Low,73.014,4.521,156.287,121000000000,715210,8300000000000,8420000000000,Very Low,80966.48,76458.199,157424.952,77.809,Relatively Moderate,173831.013,76.647,Relatively Moderate
18,Colorado,CO,Dolores,2322,1193517034,1079.003,411518.772,1.304,Very Low,1.857,Very Low,445795.564,276014.255,0.014,163806.223,6.27,Very Low,14.19,Very Low,2.444,0.923,Very Low,Relatively Low,Very Low,1079.003,No Rating,No Expected Annual Losses,No Rating,1079.003,Very Low,Very Low,Very Low,1079.003,1193503000,2326,26981600000,28175103000,0.02,Relatively Moderate,10188.7,1145.622,11334.322,19.003,Very Low,10462.837,17.245,Very Low,5,0.129,1079.003,1193517034,2322,26935200000,28138495854,Relatively High,2081.95,221.047,2546.637,6.514,Very Low,2350.829,3.627,Very Low,1079.003,Relatively Moderate,Very Low,Very Low,0.015,1079.003,1193517034,2322,26935200000,28128717034,Very High,3858.846,419.582,4278.428,11.359,Very Low,3949.464,8.961,Very Low,Relatively Moderate,Relatively Low,Relatively Low,707,32.1,1079.003,1193517034,2322,26935200000,28128717034,Relatively High,299.046,19677.165,19976.211,13.674,Very Low,18440.259,10.006,Very Low,Relatively Moderate,Very Low,Very Low,4,0.108,1079.003,1193517034,2322,26935200000,28138495854,Relatively High,3482.727,2010.813,5506.24,5.118,Very Low,5082.871,2.068,Very Low,0.047,1079.003,1193517034,2322,26935200000,28138495854,Relatively Low,2953.373,1780.564,4756.044,3.04,Very Low,4390.357,2.291,Very Low,18.145,411112263.5,735.758,8534798329,8948335118,Relatively High,214464.196,56.159,214520.643,73.083,Relatively Low,198026.357,70.697,Relatively Low,266.526,16.503,1079.003,1193517034,2322,26935200000,28138495854,Very Low,1406.311,3905.749,5323.767,12.318,Very Low,4914.428,7.572,Very Low
19,Colorado,CO,Douglas,357700,65157194587,851.378,22409203.8,81.896,Relatively Low,87.496,Relatively Moderate,30778957.37,19761426.78,0.937,10874435.49,2.48,Very Low,80.74,Very High,2.716,0.728,Relatively Moderate,Very Low,Very Low,851.299,Relatively Low,Very High,Very High,851.299,Very Low,Very Low,Very Low,851.299,65156536000,357978,4150000000000,4220000000000,0.01,Very Low,263954.1,39690.834,303644.934,63.541,Relatively Low,239822.828,58.034,Very Low,257,7.531,851.299,65157194587,357700,4150000000000,4210000000000,Very Low,627015.902,300739.447,977083.586,89.423,Relatively Moderate,731646.594,85.142,Relatively Moderate,851.299,No Rating,No Expected Annual Losses,No Rating,0.015,851.299,65157194587,357700,4150000000000,4210000000000,Relatively High,55292.142,176125.44,231417.582,78.514,Relatively Moderate,173965.017,69.92,Relatively Moderate,Very Low,Relatively Moderate,Relatively Moderate,1238,56.274,851.299,65157194587,357700,4150000000000,4210000000000,Relatively Low,117361.919,965294.243,1082656.162,95.624,Relatively High,818715.238,92.535,Relatively High,Relatively Low,Relatively Low,Relatively Low,37,1.059,851.299,65157194587,357700,4150000000000,4210000000000,Relatively Low,344520.366,1504797.868,1849379.289,91.935,Relatively High,1387603.643,86.573,Relatively Moderate,0.842,851.378,65157194587,357700,4150000000000,4210000000000,Relatively Low,9288352.978,3931442.115,13222178.62,96.061,Relatively High,9933903.312,93.541,Relatively High,23.04,12704693646,61983.844,719000000000,732000000000,Relatively Low,8504457.429,21973.636,8526712.082,97.646,Relatively High,5647992.575,96.118,Relatively Moderate,115.405,7.146,851.299,65157194587,357700,4150000000000,4210000000000,Very Low,232168.744,11010.153,243184.092,85.577,Relatively High,182538.741,77.951,Relatively Moderate
20,Colorado,CO,Eagle,55552,15224538286,1708.873,3803903.003,32.008,Very Low,36.305,Very Low,3775207.401,1120589.712,0.228,2644291.189,35.61,Relatively Low,32.75,Relatively Low,2.528,1.008,Relatively Moderate,Very High,Relatively High,1708.873,Relatively Low,Very Low,Very Low,1708.873,Very Low,Very Low,Very Low,1708.873,15224334000,55731,646000000000,662000000000,0.017,Relatively Low,228890.3,21576.636,250466.936,60.662,Very Low,264800.821,60.038,Very Low,14,0.401,1708.873,15224538286,55552,644000000000,660000000000,Relatively High,290237.477,8624.492,299045.126,74.783,Relatively Low,273600.977,69.01,Relatively Low,1708.873,No Rating,No Expected Annual Losses,No Rating,0.015,1708.873,15224538286,55552,644000000000,660000000000,Relatively High,49223.547,10038.169,59261.716,51.166,Relatively Low,62133.736,49.3,Relatively Low,Very Low,Relatively High,Relatively Moderate,412,18.698,1708.873,15224538286,55552,644000000000,660000000000,Relatively High,12695.667,362501.019,375196.686,84.524,Relatively Moderate,404112.443,83.462,Relatively Moderate,Very Low,Relatively Low,Relatively Low,8,0.225,1708.873,15224538286,55552,644000000000,660000000000,Very Low,4816.291,6107.002,10928.872,6.545,Very Low,11388.862,3.563,Very Low,0.049,1708.873,15224538286,55552,644000000000,660000000000,Relatively Low,89301.703,71149.947,160474.493,20.285,Very Low,157753.15,16.036,Very Low,3.616,1427129644,5472.005,63475254174,64903622475,Relatively Low,110262.007,153.58,110415.606,65.479,Relatively Low,114348.148,64.97,Relatively Low,315.813,19.555,1708.873,15224538286,55552,644000000000,660000000000,Very Low,518.399,1719.114,2252.924,7.211,Very Low,2305.674,3.977,Very Low
21,Colorado,CO,Elbert,26043,7517007244,1869.694,2955307.975,23.385,Very Low,37.388,Very Low,3886289.876,2570494.903,0.103,1189301.23,0.1,Very Low,73.07,Relatively High,2.685,0.76,Not Applicable,Not Applicable,Not Applicable,1869.694,Very Low,Relatively Low,Relatively Low,1869.694,Very Low,Very Low,Very Low,1869.694,7516934000,26062,302000000000,310000000000,0.012,Very Low,22250.2,2689.714,24939.914,26.4,Very Low,19010.369,23.067,Very Low,278,8.154,1869.694,7517007244,26043,302000000000,310000000000,Very Low,1086.667,17417.197,114536.949,55.955,Relatively Low,105297.266,49.507,Relatively Low,1869.694,No Rating,No Expected Annual Losses,No Rating,0.028,1869.694,7517007244,26043,302000000000,310000000000,Relatively High,10937.704,21775.292,32712.995,39.674,Relatively Low,24893.491,31.879,Relatively Low,Relatively Low,Relatively Low,Relatively Low,996,45.253,1869.694,7517007244,26043,302000000000,310000000000,Relatively High,758.782,335359.512,336118.295,82.786,Relatively Moderate,246753.441,74.163,Relatively Moderate,Very Low,Very Low,Very Low,44,1.284,1869.694,7517007244,26043,302000000000,310000000000,Relatively High,337230.463,283189.21,620551.555,71.402,Relatively Moderate,470851.791,56.825,Relatively Low,2.163,1869.694,7517007244,26043,302000000000,310000000000,Very Low,1210620.843,332321.434,1548279.947,64.299,Relatively Low,1181237.419,49.952,Relatively Low,42.518,4104251180,14341.657,166000000000,170000000000,Relatively Moderate,924269.717,1167.282,925499.847,86.16,Relatively Moderate,684341.309,83.073,Relatively Low,90.555,5.607,1869.694,7517007244,26043,302000000000,310000000000,Relatively Low,48406.952,60666.616,109080.287,70.226,Relatively Moderate,81374.342,58.225,Relatively Low
22,Colorado,CO,El Paso,729693,107000000000,2150.64,72178950.28,93.509,Relatively Moderate,94.243,Relatively Moderate,74504664.83,46986077.4,2.359,27365780.08,48.95,Relatively Moderate,68.24,Relatively High,2.667,0.969,Relatively Moderate,Very Low,Very Low,2150.639,Very Low,Very High,Very High,2150.639,Very Low,Very Low,Very Low,2150.639,107000000000,730395,8470000000000,8580000000000,0.015,Very Low,506525.9,92813.769,599339.669,73.723,Relatively Low,642746.104,74.324,Relatively Low,229,6.732,2150.639,107000000000,729693,8460000000000,8570000000000,Relatively Moderate,17668610.5,339306.309,18081103.82,99.504,Very High,17918118.34,99.491,Relatively High,2150.639,No Rating,No Expected Annual Losses,No Rating,0.016,2150.639,107000000000,729693,8460000000000,8570000000000,Relatively High,345862.071,132308.426,478170.497,88.141,Relatively High,478408.825,86.775,Relatively High,Very Low,Relatively High,Relatively High,1200,54.523,2150.639,107000000000,729693,8460000000000,8570000000000,Relatively High,113931.516,8363199.407,8477130.922,99.807,Very High,8610950.508,99.775,Very High,Very Low,Relatively Moderate,Relatively Moderate,31,0.894,2150.639,107000000000,729693,8460000000000,8570000000000,Relatively Low,772503.982,677742.823,1450295.281,89.144,Relatively High,1444980.748,87.528,Relatively Moderate,1.355,2150.64,107000000000,729693,8460000000000,8570000000000,Very Low,9250971.025,13379645.82,22633249.56,98.015,Relatively High,22576025.17,97.741,Relatively High,45.933,18736801430,113684.89,1320000000000,1340000000000,Relatively Low,15293374.87,31880.398,15325546.36,98.918,Relatively High,12520304.69,98.186,Relatively High,55.145,3.415,2150.639,107000000000,729693,8460000000000,8570000000000,Very Low,44476.422,25703.811,70196.554,59.517,Relatively Moderate,65950.777,52.211,Relatively Low
23,Colorado,CO,Fremont,48877,6841089174,1550.227,5071845.579,42.571,Very Low,42.835,Very Low,4486242.245,2950134.297,0.117,1356821.489,61.97,Relatively High,37.4,Relatively Low,2.547,1.131,Relatively Moderate,Very Low,Very Low,1550.192,Very Low,Relatively Low,Relatively Low,1550.192,Very Low,Very Low,Very Low,1550.192,6840953000,48939,568000000000,575000000000,0.019,Very Low,79061.7,12020.163,91081.863,43.052,Very Low,106794.677,43.493,Very Low,121,3.532,1550.192,6841089174,48877,567000000000,574000000000,Relatively Moderate,482602.146,14608.509,513773.573,82.103,Relatively Moderate,601780.931,82.628,Relatively Moderate,1550.192,No Rating,No Expected Annual Losses,No Rating,0.015,1550.192,6841089174,48877,567000000000,574000000000,Relatively High,22118.416,8832.006,30950.422,38.708,Relatively Low,36555.593,38.708,Relatively Low,Very Low,Relatively Moderate,Relatively Moderate,903,41.032,1550.192,6841089174,48877,567000000000,574000000000,Relatively Low,16059.278,52237.227,68296.505,42.407,Relatively Low,82245.472,42.246,Relatively Low,Very Low,Relatively Moderate,Relatively Moderate,12,0.334,1550.192,6841089174,48877,567000000000,574000000000,Relatively Low,28240.337,37826.235,66076.946,18.207,Very Low,78486.055,15.813,Very Low,0.303,1550.227,6841089174,48877,567000000000,574000000000,Very Low,190007.913,201035.033,391493.027,31.141,Relatively Low,461656.883,28.921,Relatively Low,10.138,1720975076,12233.684,142000000000,144000000000,Very Low,1349160.013,1404.536,1350568.734,89.341,Relatively Moderate,1429872.786,88.291,Relatively Moderate,51.65,3.198,1550.192,6841089037,48876.998,567000000000,574000000000,Very Low,1044.717,11760.144,12815.373,22.037,Relatively Low,15255.974,19.249,Very Low
24,Colorado,CO,Garfield,61566,12537441503,2985.647,7436295.683,56.411,Relatively Low,52.832,Relatively Low,5890758.573,2479554.552,0.29,3367900.633,57.16,Relatively Moderate,33.77,Relatively Low,2.533,1.262,Relatively Moderate,Very High,Very High,2985.647,Relatively Low,Relatively Moderate,Relatively Moderate,2985.647,Very Low,Very Low,Very Low,2985.647,12537274000,61685,716000000000,728000000000,0.022,Relatively Low,216868.2,22653.989,239522.189,60.074,Very Low,307995.336,62.711,Very Low,5,0.141,2985.647,12537441503,61566,714000000000,727000000000,Relatively Moderate,43833.631,5710.411,49837.344,38.772,Very Low,64808.791,38.562,Very Low,2985.647,Relatively Low,Very Low,Very Low,0.015,2985.647,12537441503,61566,714000000000,727000000000,Relatively High,40535.701,11124.891,51660.592,48.401,Relatively Low,66469.375,50.266,Relatively Low,Very Low,Very High,Very High,479,21.734,2985.647,12537441503,61566,714000000000,727000000000,Very High,10714.948,634682.961,645397.91,91.441,Relatively High,826279.769,92.696,Relatively High,Very Low,Relatively Low,Relatively Low,11,0.304,2985.647,12537441503,61566,714000000000,727000000000,Very Low,5069.896,14579.272,19652.462,8.871,Very Low,25522.353,7.127,Very Low,0.081,2985.647,12537441503,61566,714000000000,727000000000,Very Low,31833.622,29067.588,61413.71,12.965,Very Low,79405.191,11.518,Very Low,21.838,2364963530,9300.391,108000000000,110000000000,Relatively Low,1225784.44,99.615,1225884.148,88.26,Relatively Moderate,1666849.781,89.787,Relatively Moderate,226.504,14.025,2985.647,12537441311,61565.998,714000000000,727000000000,Very Low,182.892,650.174,893.104,5.416,Very Low,1127.813,2.832,Very Low
25,Colorado,CO,Gilpin,5803,1602825670,151.905,2032368.244,14.19,Very Low,18.539,Very Low,2148933.23,1515490.279,0.055,633000.415,1.46,Very Low,77.15,Relatively High,2.701,0.946,Relatively Low,Relatively Moderate,Relatively Low,151.905,Very Low,Relatively Low,Relatively Low,151.905,No Rating,No Expected Annual Losses,No Rating,151.905,1602801000,5808,67372800000,68975601000,0.02,Relatively Low,18279.9,2381.999,20661.899,24.574,Very Low,19546.529,23.322,Very Low,193,5.66,151.905,1602825670,5803,67314800000,68917885784,Relatively High,473792.241,12557.911,486789.144,81.607,Relatively Moderate,461121.104,78.556,Relatively Low,151.905,No Rating,No Expected Annual Losses,No Rating,0.015,151.905,1602825670,5803,67314800000,68917625670,Relatively High,1360.152,2857.299,4217.451,11.159,Very Low,3877.591,8.827,Very Low,Relatively Low,Relatively Low,Relatively Low,1082,49.153,151.905,1602825670,5803,67314800000,68917625670,Relatively High,2410.192,100322.63,102732.822,54.537,Relatively Low,93653.083,46.171,Relatively Low,Relatively Moderate,Very Low,Very Low,31,0.901,151.905,1602825670,5803,67314800000,68917885784,Very High,155833.201,119074.19,274910.936,46.65,Relatively Low,254534.752,36.907,Relatively Low,0.09,151.905,1602825670,5803,67314800000,68917885784,Relatively High,147189.454,38752.808,185942.262,21.991,Very Low,173344.076,17.149,Very Low,1.254,549900582.9,1982.62,22998386246,23548286829,Relatively Moderate,588007.029,5610.007,593617.036,83.233,Relatively Low,592515.458,81.705,Relatively Low,181.419,11.233,151.905,1602825670,5803,67314800000,68917625670,Relatively Low,33633.836,15977.311,49611.147,51.099,Relatively Low,45706.25,43.462,Relatively Low
26,Colorado,CO,Grand,15695,7063262111,1888.444,3770496.907,31.562,Very Low,34.664,Very Low,3599441.178,1984393.209,0.138,1605021.299,18.81,Very Low,60.53,Relatively High,2.639,1.048,Relatively Moderate,Relatively High,Relatively High,1888.444,Very Low,Relatively Low,Relatively Low,1888.444,Very Low,Very Low,Very Low,1888.444,7063187000,15717,182000000000,189000000000,0.019,Relatively Low,107322.6,7926.641,115249.241,47.292,Very Low,121802.268,46.039,Very Low,89,2.612,1888.444,7063262111,15695,182000000000,189000000000,Very High,1237713.604,20571.999,1263896.524,91.967,Relatively Moderate,1284800.047,91.123,Relatively Moderate,1888.444,No Rating,No Expected Annual Losses,No Rating,0.015,1888.444,7063262111,15695,182000000000,189000000000,Relatively High,5993.857,7727.953,13721.81,25.15,Very Low,14117.697,23.218,Very Low,Relatively Low,Relatively Moderate,Relatively Moderate,485,22.014,1888.444,7063262111,15695,182000000000,189000000000,Relatively High,4264.336,142424.732,146689.068,65.766,Relatively Moderate,151530.904,61.358,Relatively Low,Very Low,Very Low,Very Low,19,0.536,1888.444,7063262111,15695,182000000000,189000000000,Relatively High,78842.591,238290.931,317155.291,50.962,Relatively Low,325737.42,44.639,Relatively Low,0.653,1888.444,7063262111,15695,182000000000,189000000000,Relatively Low,396607.413,52981.908,450112.523,33.468,Relatively Low,457406.077,28.826,Relatively Low,4.302,810373253.5,1635.186,18968162930,19780308478,Relatively High,135158.83,90.459,135249.297,68.311,Relatively Low,138115.234,66.592,Relatively Low,136.012,8.422,1888.444,7063262111,15695,182000000000,189000000000,Very Low,1291.197,2044.804,3337.173,9.192,Very Low,3577.504,5.791,Very Low
27,Colorado,CO,Gunnison,16897,5910982235,3292.538,2985013.161,23.672,Very Low,30.641,Very Low,3172477.202,356939.555,0.242,2808182.395,18.68,Very Low,63.4,Relatively High,2.65,0.941,Relatively Moderate,Very High,Relatively High,3292.538,Relatively Low,Relatively Low,Relatively Low,3292.538,Very Low,Very Low,Very Low,3292.538,5910910000,16918,196000000000,202000000000,0.024,Relatively Low,124770.5,13468.103,138238.603,50.573,Very Low,133381.201,47.439,Very Low,5,0.129,3292.538,5910982235,16897,196000000000,202000000000,Relatively Moderate,12149.821,1255.485,13948.385,17.37,Very Low,13390.165,12.599,Very Low,3292.538,No Rating,No Expected Annual Losses,No Rating,0.015,3292.538,5910982235,16897,196000000000,202000000000,Very High,19111.221,3053.265,22164.485,32.845,Relatively Low,20814.155,28.714,Very Low,Very Low,Relatively Moderate,Relatively Moderate,407,18.497,3292.538,5910982235,16897,196000000000,202000000000,Very High,4984.492,207580.282,212564.774,74.485,Relatively Moderate,195038.104,68.565,Relatively Low,Relatively Low,Relatively Low,Relatively Low,5,0.122,3292.538,5910982235,16897,196000000000,202000000000,Relatively Moderate,1500.697,18837.236,20347.684,9.212,Very Low,18414.473,5.568,Very Low,0.066,3292.538,5910982235,16897,196000000000,202000000000,Very Low,19152.366,17944.762,37148.043,10.143,Very Low,35688.363,7.159,Very Low,10.382,727988335.6,1310.11,15197279161,15931331601,Relatively High,119064.393,32.777,119097.333,66.624,Relatively Low,108059.11,64.302,Very Low,316.14,19.575,3292.538,5910982235,16897,196000000000,202000000000,Very Low,995.147,2630.713,3668.967,9.687,Very Low,3248.501,5.313,Very Low
28,Colorado,CO,Hinsdale,788,468736530,1134.486,685950.696,2.864,Very Low,3.497,Very Low,654089.609,81859.798,0.049,570561.088,26.03,Relatively Low,8.82,Very Low,2.408,1.049,Very Low,Relatively High,Relatively Moderate,1134.486,Relatively Low,Very Low,Very Low,1134.486,No Rating,No Expected Annual Losses,No Rating,1134.486,468725000,788,9140800000,9609525000,0.02,Relatively Moderate,7776.7,462.642,8239.342,15.785,Very Low,8640.685,15.367,Very Low,5,0.13,1134.486,468736530,788,9140800000,9610593463,Relatively High,1126.271,29.519,1189.459,4.746,Very Low,1247.398,2.418,Very Low,1134.486,No Rating,No Expected Annual Losses,No Rating,0.015,1134.486,468736530,788,9140800000,9609536530,Relatively Moderate,3.085,142.391,145.476,0.5,Very Low,152.562,0.4,Very Low,Relatively Moderate,Relatively Low,Relatively Low,543,24.649,1134.486,468736530,788,9140800000,9609536530,Relatively High,12.71,4335.868,4348.579,1.995,Very Low,4560.4,1.931,Very Low,Relatively Low,Very Low,Very Low,3,0.087,1134.486,468736530,788,9140800000,9610593463,Relatively High,963.734,580.714,1544.496,3.784,Very Low,1619.729,1.241,Very Low,0.028,1134.486,468736530,788,9140800000,9610593463,Relatively Low,1599.122,460.646,2075.087,1.892,Very Low,2176.166,1.718,Very Low,3.768,135417274.6,209.119,2425785907,2561982031,Relatively Moderate,58180.828,6.98,58188.121,56.761,Very Low,61022.498,56.284,Very Low,368.572,22.822,1134.486,468736530,788,9140800000,9610593463,Relatively Low,2498.807,3409.576,5912.026,13.03,Very Low,6200.005,9.259,Very Low
29,Colorado,CO,Huerfano,6808,1709680026,1609.354,2481262.463,18.199,Very Low,18.663,Very Low,2158124.473,1352904.001,0.06,690899.345,41.88,Relatively Moderate,19.51,Very Low,2.471,1.15,Relatively Moderate,Very Low,Very Low,1609.354,Very Low,Relatively Low,Relatively Low,1609.354,Very Low,Very Low,Very Low,1609.354,1709643000,6820,79112000000,80821643000,0.02,Relatively Low,19715.3,2454.584,22169.884,25.255,Very Low,26433.869,26.312,Very Low,73,2.122,1609.354,1709680026,6808,78972800000,80697604695,Relatively Low,3502.322,1050.891,10714.675,14.454,Very Low,11628.496,11.581,Very Low,1609.354,No Rating,No Expected Annual Losses,No Rating,0.015,1609.354,1709680026,6808,78972800000,80682480026,Relatively High,5527.689,1230.196,6757.885,16.656,Very Low,7980.941,16.123,Very Low,Relatively Moderate,Relatively Low,Relatively Low,704,31.956,1609.354,1709680026,6808,78972800000,80682480026,Very High,2720.166,153750.845,156471.011,67.439,Relatively Moderate,192848.757,68.404,Relatively Low,Relatively Low,Relatively Low,Relatively Low,10,0.283,1609.354,1709680026,6808,78972800000,80697604695,Relatively High,19665.081,27999.161,47665.231,15.23,Very Low,58424.597,12.727,Very Low,0.204,1609.354,1709680026,6808,78972800000,80697604695,Relatively Low,29352.925,23759.165,53585.99,12.19,Very Low,63936.234,10.086,Very Low,7.41,863464737.4,2964.223,34384981522,35255030784,Relatively Moderate,667354.244,333.649,667803.456,84.092,Relatively Low,659060.218,82.851,Relatively Low,99.81,6.18,1609.354,1709680026,6808,78972800000,80697604695,Relatively Low,3523.182,22048.282,25583.754,35.686,Relatively Low,30841.944,33.885,Relatively Low
30,Colorado,CO,Jackson,1355,512383916,1637.329,483619.358,1.75,Very Low,1.609,Very Low,424385.941,63369.841,0.03,352025.945,22.57,Relatively Low,25.88,Relatively Low,2.5,1.14,Relatively Low,Relatively Low,Relatively Low,1637.329,Relatively Low,Relatively Low,Relatively Low,1637.329,No Rating,No Expected Annual Losses,No Rating,1637.329,512372000,1379,15996400000,16508772000,0.019,Relatively Low,8960.3,695.103,9655.403,17.208,Very Low,11003.051,17.595,Very Low,38,1.105,1637.329,512383916,1355,15718000000,16258483263,Relatively Low,1121.095,148.444,2700.81,6.7,Very Low,3077.774,4.518,Very Low,1637.329,No Rating,No Expected Annual Losses,No Rating,0.015,1637.329,512383916,1355,15718000000,16230383916,Relatively High,67.469,687.875,755.344,2.598,Very Low,860.771,2.398,Very Low,Relatively Moderate,Relatively Moderate,Relatively Moderate,406,18.416,1637.329,512383916,1355,15718000000,16230383916,Relatively High,274.134,10029.242,10303.376,6.21,Very Low,11741.464,5.92,Very Low,Relatively Moderate,Very Low,Very Low,12,0.344,1637.329,512383916,1355,15718000000,16258483263,Relatively Moderate,1033.62,2891.017,3956.949,4.467,Very Low,4509.238,1.814,Very Low,0.107,1637.329,512383916,1355,15718000000,16258483263,Relatively Low,6513.894,1042.27,7838.843,4.373,Very Low,8932.945,3.404,Very Low,5.336,41820342.89,111.787,1296724064,1340844574,Relatively Moderate,6344.608,5.655,6350.288,19.822,Very Low,7236.625,20.076,Very Low,113.768,7.044,1637.329,512383916,1355,15718000000,16258483263,Very Low,189.511,228.22,418.407,5.014,Very Low,476.806,2.354,Very Low
31,Colorado,CO,Jefferson,582825,99942694214,781.875,93244914.11,94.782,Relatively Moderate,96.131,Relatively High,112122111.7,100328594.7,1.007,11683719.15,10.76,Very Low,70.94,Relatively High,2.678,0.832,Relatively Low,Relatively Moderate,Relatively Low,781.875,Very Low,Relatively High,Relatively Moderate,781.875,Very Low,Very Low,Very Low,781.875,99941236000,582910,6760000000000,6860000000000,0.017,Very Low,851486.1,144552.105,996038.205,78.737,Relatively Low,936333.757,78.524,Relatively Low,237,6.968,781.875,99942694214,582825,6760000000000,6860000000000,Relatively High,43219759.45,378161.249,43623053.49,99.783,Very High,39085409.1,99.745,Very High,781.875,No Rating,No Expected Annual Losses,No Rating,0.015,781.875,99942694214,582825,6760000000000,6860000000000,Relatively High,84810.981,286973.189,371784.17,85.243,Relatively High,339824.532,82.612,Relatively Moderate,Very Low,Relatively High,Relatively Moderate,954,43.36,781.875,99942694214,582825,6760000000000,6860000000000,Relatively Moderate,97809.393,1802943.438,1900752.831,98.005,Very High,1734982.241,97.458,Relatively High,Relatively Low,Relatively High,Relatively Moderate,34,0.98,781.875,99942694214,582825,6760000000000,6860000000000,Relatively Low,634999.167,1218437.066,1853466.684,91.967,Relatively High,1697295.188,89.341,Relatively High,0.759,781.875,99942694214,582825,6760000000000,6860000000000,Relatively Low,13655178.62,6359689.071,20015376.66,97.55,Relatively High,18190213.78,96.914,Relatively High,26.464,17064258882,79817.907,926000000000,943000000000,Relatively Low,35006998.93,24756.883,35031933.68,99.682,Relatively High,23372547.25,99.395,Relatively High,118.493,7.337,781.875,99942694214,582825,6760000000000,6860000000000,Very Low,170037.369,11068.017,181107.282,80.935,Relatively Moderate,158505.756,74.833,Relatively Moderate
32,Colorado,CO,Kiowa,1446,1002107837,1803.998,692227.42,2.959,Very Low,3.776,Very Low,690521.491,426390.735,0.008,98197.253,12.92,Very Low,41.02,Relatively Moderate,2.561,1.002,Not Applicable,Not Applicable,Not Applicable,1803.998,Relatively Low,Relatively Low,Relatively Low,1803.998,Very Low,Relatively Low,Relatively Low,1803.998,1002094000,1446,16773600000,17775694000,0.015,Relatively Low,3724.6,114.516,3839.116,9.347,Very Low,3848.601,8.272,Very Low,196,5.746,1803.998,1002107837,1446,16773600000,17850892097,Relatively High,8685.276,701.155,104199.639,54.001,Relatively Low,104457.063,49.316,Relatively Low,1803.998,No Rating,No Expected Annual Losses,No Rating,0.017,1803.998,1002107837,1446,16773600000,17775707837,Relatively High,644.744,287.649,932.393,3.165,Very Low,934.697,2.532,Very Low,Relatively High,Very Low,Very Low,641,29.118,1803.998,1002107837,1446,16773600000,17775707837,Relatively High,2135.18,14043.585,16178.764,10.618,Very Low,16218.734,8.623,Very Low,No Rating,No Expected Annual Losses,No Rating,67,1.96,1803.998,1002107837,1446,16773600000,17850892097,Very High,252801.351,41590.632,294467.247,49.132,Relatively Low,295194.726,41.171,Relatively Low,1.803,1803.998,1002107837,1446,16773600000,17850892097,Relatively Low,130431.871,31205.994,164324.589,20.471,Very Low,164730.552,16.608,Very Low,71.912,158279521.2,236.695,2745663877,2913066320,Relatively High,24993.82,24.566,25102.012,43.239,Very Low,25164.027,41.966,Very Low,30.993,1.919,1803.998,1002107837,1446,16773600000,17850892097,Relatively Moderate,2864.323,4332.67,7218.325,15.073,Very Low,7236.158,10.754,Very Low
33,Colorado,CO,Kit Carson,7070,5241935575,2183.514,6271435.111,49.857,Relatively Low,41.318,Very Low,4335233.623,1935048.452,0.079,917589.241,66.58,Relatively High,13.72,Very Low,2.441,1.447,Not Applicable,Not Applicable,Not Applicable,2183.514,Relatively Low,Relatively High,Relatively High,2183.514,Very Low,Relatively Low,Relatively Low,2183.514,5241907000,7087,82209200000,87451107000,0.016,Relatively Moderate,13147.7,2147.045,15294.745,22.098,Very Low,22211.721,24.626,Very Low,248,7.281,2183.514,5241935575,7070,82012000000,87797771934,Relatively High,369060.138,34626.191,1134152.752,90.974,Relatively Moderate,1627286.402,93.255,Relatively Moderate,2183.514,No Rating,No Expected Annual Losses,No Rating,0.026,2183.514,5241736038,7067.584,81983974977,87225711015,Relatively High,3844.335,4500.222,8344.557,19.32,Very Low,12046.299,21.186,Very Low,Relatively High,Very Low,Very Low,676,30.723,2183.514,5241935575,7070,82012000000,87253935575,Relatively High,12439.567,33911.696,46351.263,29.247,Relatively Low,67600.908,35.779,Relatively Low,No Rating,No Expected Annual Losses,No Rating,100,2.932,2183.514,5241935575,7070,82012000000,87797771934,Relatively High,391437.956,271386.606,663413.894,73.573,Relatively Moderate,972998.744,79.16,Relatively Moderate,2.853,2183.514,5241935575,7070,82012000000,87797771934,Relatively Low,1109223.296,260422.759,1388617.837,61.321,Relatively Low,2021709.325,65.861,Relatively Low,105.817,306744072.5,447.485,5190823599,5553002418,Relatively Moderate,3524.924,34.489,3839.142,12.472,Very Low,5541.934,15.654,Very Low,72.003,4.458,2183.514,5241933474,7069.977,82011727553,87797497386,Relatively High,30118.579,109188.012,139588.635,75.24,Relatively Moderate,204000.276,79.733,Relatively Moderate
34,Colorado,CO,Lake,7405,1334554239,387.788,881338.326,4.073,Very Low,3.869,Very Low,695511.699,128475.559,0.049,567036.14,44.81,Relatively Moderate,27.53,Relatively Low,2.508,1.267,Relatively High,Relatively Moderate,Relatively Moderate,387.788,Very Low,Relatively Low,Relatively Low,387.788,No Rating,No Expected Annual Losses,No Rating,387.788,1334523000,7436,86257600000,87592123000,0.03,Relatively Low,31040.2,4316.041,35356.241,30.579,Very Low,40541.644,30.799,Very Low,38,1.091,387.788,1334554239,7405,85898000000,87232554239,Relatively Moderate,47204.853,10545.401,57750.254,41.47,Very Low,65163.269,38.657,Very Low,387.788,No Rating,No Expected Annual Losses,No Rating,0.015,387.788,1334554239,7405,85898000000,87232554239,Relatively High,4314.843,1338.073,5652.916,14.59,Very Low,6564.234,13.624,Very Low,Very Low,Relatively Low,Relatively Low,324,14.702,387.788,1334554239,7405,85898000000,87232554239,Very High,1314.443,105953.229,107267.672,56.081,Relatively Low,119466.26,53.539,Relatively Low,Relatively Moderate,Very Low,Very Low,8,0.231,387.788,1334554239,7405,85898000000,87232554239,Relatively Moderate,5352.189,14850.752,20202.941,9.181,Very Low,22664.102,6.554,Very Low,0.033,387.788,1334554239,7405,85898000000,87232554239,Relatively Moderate,19545.287,37928.761,57474.048,12.562,Very Low,64225.909,10.15,Very Low,0.772,274489980.1,1732.98,20102573261,20377063241,Relatively Low,1250.549,1.122,1251.671,3.086,Very Low,1438.973,2.864,Very Low,148.388,9.188,387.788,1334554239,7405,85898000000,87232554239,Very Low,258.651,1296.307,1554.958,6.128,Very Low,1779.176,3.404,Very Low
35,Colorado,CO,La Plata,55533,16531577408,1716.74,10669401.59,66.338,Relatively Low,67.317,Relatively Low,9985825.941,8883511.444,0.094,1093340.323,25.27,Relatively Low,49.78,Relatively Moderate,2.597,1.068,Very Low,Relatively Low,Relatively Low,1716.74,No Rating,No Expected Annual Losses,No Rating,1716.74,Very Low,Very Low,Very Low,1716.74,16531415000,55638,645000000000,662000000000,0.024,Relatively Low,192470.9,24482.572,216953.472,58.496,Very Low,241832.201,58.32,Very Low,5,0.136,1716.74,16531577408,55533,644000000000,661000000000,Relatively Low,4180.407,2578.94,6772.576,11.042,Very Low,7355.139,8.05,Very Low,1716.74,Relatively Moderate,Very Low,Very Low,0.015,1716.74,16531577408,55533,644000000000,661000000000,Relatively Moderate,108.812,10034.736,10143.548,21.619,Very Low,10934.028,19.82,Very Low,Very Low,Very High,Very High,760,34.545,1716.74,16531577408,55533,644000000000,661000000000,Relatively High,12471.731,571606.856,584078.588,90.187,Relatively High,627867.716,89.221,Relatively Moderate,Very Low,Relatively Low,Relatively Low,4,0.102,1716.74,16531577408,55533,644000000000,661000000000,Relatively Moderate,18358.971,36735.969,55096.531,16.501,Very Low,59468.337,12.981,Very Low,0.049,1716.74,16531577408,55533,644000000000,661000000000,Relatively Low,82645.285,80290.552,162973.398,20.44,Very Low,176905.327,17.34,Very Low,75.202,8375278514,26796.972,311000000000,319000000000,Relatively Moderate,7070245.496,2267.412,7072514.649,97.136,Relatively High,7514862.841,97.073,Relatively High,236.764,14.66,1716.74,16531577277,55532.992,644000000000,661000000000,Very Low,4183.885,65325.468,69545.905,59.208,Relatively Moderate,73671.065,55.425,Relatively Low
36,Colorado,CO,Larimer,358792,64104917711,2660.579,72217812.96,93.541,Relatively Moderate,94.429,Relatively Moderate,75911600.5,57532338.16,1.567,18182632.41,18.33,Very Low,71.36,Relatively High,2.679,0.951,Relatively Moderate,Relatively Moderate,Relatively Low,2660.579,Relatively Low,Very High,Very High,2660.579,Very Low,Very Low,Very Low,2660.579,64104124000,359066,4170000000000,4230000000000,0.022,Very Low,685457.6,91992.482,777450.082,76.447,Relatively Low,765686.576,76.456,Relatively Low,158,4.636,2660.579,64104917711,358792,4160000000000,4230000000000,Relatively High,18707130.68,847704.087,19637784.17,99.535,Very High,18592719.17,99.523,Relatively High,2660.579,No Rating,No Expected Annual Losses,No Rating,0.019,2660.579,64104917711,358792,4160000000000,4230000000000,Relatively High,55232.435,135240.882,190473.317,75.55,Relatively Moderate,180283.714,70.486,Relatively Moderate,Very Low,Relatively High,Relatively High,518,23.501,2660.579,64104917711,358792,4160000000000,4230000000000,Very High,17151.151,5159104.669,5176255.82,99.646,Very High,4904521.376,99.517,Very High,Relatively Moderate,Relatively High,Relatively High,32,0.913,2660.579,64104917711,358792,4160000000000,4230000000000,Relatively Low,252301.895,1708427.145,1961528.461,92.494,Relatively High,1863419.446,90.932,Relatively High,2.16,2660.579,64104917711,358792,4160000000000,4230000000000,Very Low,6851874.921,3297843.02,10156804.94,94.665,Relatively High,9632024.898,93.191,Relatively High,31.711,6751924902,32876.731,381000000000,388000000000,Relatively Low,8243693.754,70426.407,8314938.224,97.55,Relatively High,6594350.642,96.691,Relatively Moderate,136.692,8.464,2660.579,64104917711,358792,4160000000000,4230000000000,Very Low,143230.561,25885.598,169141.762,79.171,Relatively Moderate,159435.182,74.928,Relatively Moderate
37,Colorado,CO,Las Animas,14491,2718173391,4823.825,2834168.91,21.826,Very Low,18.911,Very Low,2176678.298,1545801.355,0.048,555413.028,83.26,Very High,16.93,Very Low,2.458,1.302,Relatively Moderate,Very Low,Very Low,4823.825,Very Low,Relatively Low,Relatively Low,4823.825,Very Low,Very Low,Very Low,4823.825,2718104000,14555,169000000000,172000000000,0.014,Very Low,13479,2219.525,15698.525,22.346,Very Low,20755.11,24.085,Very Low,69,2.027,4823.825,2718173391,14491,168000000000,171000000000,Very Low,260.117,1585.585,4839.902,9.119,Very Low,6160.066,7.286,Very Low,4823.825,No Rating,No Expected Annual Losses,No Rating,0.015,4823.825,2718173391,14491,168000000000,171000000000,Relatively High,5802.238,2618.504,8420.741,19.454,Very Low,11593.839,20.919,Very Low,Very Low,Relatively Low,Relatively Low,891,40.456,4823.825,2718173391,14491,168000000000,171000000000,Very High,2030.337,301494.301,303524.638,81.242,Relatively Moderate,423808.586,83.88,Relatively Moderate,Relatively Low,Relatively Low,Relatively Low,15,0.439,4823.825,2718173391,14491,168000000000,171000000000,Very Low,7384.348,742.658,8128.839,5.707,Very Low,11088.383,3.5,Very Low,0.748,4823.825,2718173391,14491,168000000000,171000000000,Very Low,44647.558,40481.136,93091.285,15.354,Very Low,126189.82,14.158,Very Low,15.145,870206016.4,4139.034,48012796934,48900826568,Relatively Moderate,1115355.304,2070.752,1117741.562,87.719,Relatively Moderate,1394910.58,88.101,Relatively Moderate,71.86,4.45,4823.825,2718173391,14491,168000000000,171000000000,Relatively Low,8001.997,43172.096,51200.653,51.563,Relatively Low,71532.203,54.757,Relatively Low
38,Colorado,CO,Lincoln,5675,1410264128,2612.586,1759390.539,11.39,Very Low,10.987,Very Low,1440614.748,912435.973,0.031,362717.063,50.29,Relatively Moderate,14.35,Very Low,2.445,1.221,Not Applicable,Not Applicable,Not Applicable,2612.586,Very Low,Relatively Low,Relatively Low,2612.586,Very Low,Relatively Low,Relatively Low,2612.586,1410236000,5675,65830000000,67240236000,0.016,Relatively Low,4956.7,853.733,5810.433,12.349,Very Low,7092.857,13.554,Very Low,222,6.524,2612.586,1410264128,5675,65830000000,67318068468,Relatively High,425263.583,3587.341,526207.365,82.444,Relatively Moderate,642057.652,83.423,Relatively Moderate,2612.586,No Rating,No Expected Annual Losses,No Rating,0.026,2612.586,1410264128,5675,65830000000,67240264128,Relatively High,2280.265,4937.441,7217.706,17.189,Very Low,8834.244,17.288,Very Low,Relatively High,Very Low,Very Low,782,35.53,2612.586,1410264128,5675,65830000000,67240264128,Relatively High,1498.792,44454.705,45953.498,28.99,Relatively Low,56310.405,29.537,Relatively Low,Very Low,Very Low,Very Low,48,1.389,2612.586,1410264128,5675,65830000000,67318068468,Relatively High,129077.745,120246.796,249374.168,43.641,Relatively Low,304891.556,42.221,Relatively Low,3.317,2612.586,1410264128,5675,65830000000,67318068468,Very Low,293767.914,79485.959,379405.835,30.614,Relatively Low,463672.298,28.985,Relatively Low,77.527,184647676.2,517.695,6005259141,6198511075,Relatively High,25913.758,26.615,25983.651,43.716,Very Low,31473.031,45.657,Very Low,51.187,3.169,2612.586,1410264128,5675,65830000000,67318068468,Relatively Low,4077.328,11301.926,15390.217,25.317,Relatively Low,18853.904,23.131,Very Low
39,Colorado,CO,Logan,21526,4761879574,1863.541,10479120.17,65.67,Relatively Low,60.508,Relatively Low,7716520.207,3449352.913,0.324,3756602.928,65.95,Relatively High,32.02,Relatively Low,2.526,1.358,Not Applicable,Not Applicable,Not Applicable,1863.541,Relatively Low,Relatively High,Relatively High,1863.541,Very Low,Relatively Low,Relatively Low,1863.541,4761818000,21528,250000000000,254000000000,0.025,Relatively Low,13316.6,2168.379,15484.979,22.222,Very Low,20293.248,23.863,Very Low,227,6.659,1863.541,4761879574,21526,250000000000,255000000000,Relatively Low,3051.88,85798.692,114025.709,55.862,Relatively Low,141439.733,55.743,Relatively Low,1863.541,No Rating,No Expected Annual Losses,No Rating,0.149,1863.541,4761602108,21525.794,250000000000,254000000000,Relatively High,23395.791,95921.166,119316.957,65.223,Relatively Moderate,153106.849,67.322,Relatively Moderate,Relatively High,Very Low,Very Low,666,30.233,1863.541,4761879574,21526,250000000000,254000000000,Relatively Moderate,11087.518,46006.379,57093.897,36.486,Relatively Low,73142.984,38.449,Relatively Low,Relatively Low,Relatively Moderate,Relatively Moderate,66,1.915,1863.541,4761879574,21526,250000000000,255000000000,Relatively High,265693.489,549445.089,816480.817,78.846,Relatively Moderate,1036277.955,80.655,Relatively Moderate,3.061,1863.541,4761879574,21526,250000000000,255000000000,Very Low,976869.724,1105005.058,2136983.897,71.743,Relatively Moderate,2699653.359,73.051,Relatively Moderate,45.67,357192464.1,1486.792,17246787023,17670508578,Relatively Low,15052.275,1619.916,17462.108,37.13,Very Low,17468.237,35.889,Very Low,65.003,4.025,1863.541,4761879574,21526,250000000000,255000000000,Relatively Moderate,133199.048,45832.109,179362.983,80.687,Relatively Moderate,225184.403,81.164,Relatively Moderate
40,Colorado,CO,Mesa,155647,28043980366,3374.803,5823785.159,47.343,Very Low,47.385,Very Low,5060275.879,1990828.399,0.26,3021197.087,68.33,Relatively High,58.08,Relatively Moderate,2.629,1.151,Relatively Low,Relatively Low,Relatively Low,3374.803,Relatively Moderate,Relatively Low,Relatively Low,3374.803,Very Low,Relatively Low,Relatively Low,3374.803,28043581000,155703,1810000000000,1830000000000,0.033,Relatively Low,542612.8,96557.751,639170.551,74.311,Relatively Low,806461.574,76.901,Relatively Low,6,0.149,3374.803,28043980366,155647,1810000000000,1830000000000,Relatively Low,23367.616,17215.793,41370.404,35.174,Very Low,49963.405,33.376,Very Low,3374.803,Relatively Low,Relatively Moderate,Relatively Moderate,0.015,3374.803,28043980366,155647,1810000000000,1830000000000,Relatively High,90671.004,28125.197,118796.201,65.057,Relatively Moderate,143197.98,65.989,Relatively Moderate,Very Low,Relatively Moderate,Relatively Moderate,447,20.3,3374.803,28043980366,155647,1810000000000,1830000000000,Very Low,7380.674,75557.398,82938.072,48.005,Relatively Low,101173.386,48.198,Relatively Low,Very Low,Relatively Moderate,Relatively Moderate,11,0.309,3374.803,28043980366,155647,1810000000000,1830000000000,Very Low,6272.659,5675.022,11949.302,6.855,Very Low,14432.579,4.518,Very Low,0.104,3374.803,28043980366,155647,1810000000000,1830000000000,Very Low,88487.499,90253.042,179126.988,21.619,Very Low,211965.373,19.376,Very Low,32.863,2651028066,12415.915,144000000000,147000000000,Relatively Low,1149363.845,153.316,1149517.48,87.91,Relatively Moderate,1068503.382,86.319,Relatively Moderate,167.764,10.388,3374.803,28043972798,155646.907,1810000000000,1830000000000,Very Low,87.329,342.966,588.428,5.2,Very Low,671.125,2.45,Very Low
41,Colorado,CO,Mineral,863,670627630,886.638,444769.433,1.527,Very Low,2.043,Very Low,481256.042,135747.227,0.03,345464.002,7.54,Very Low,41.98,Relatively Moderate,2.564,0.924,Relatively High,Relatively Moderate,Relatively Low,886.638,Very Low,Very Low,Very Low,886.638,No Rating,No Expected Annual Losses,No Rating,886.638,670614000,865,10034000000,10704614000,0.032,Relatively High,16035.6,784.969,16820.569,22.81,Very Low,15545.311,21.222,Very Low,6,0.164,886.638,670627630,863,10010800000,10681519380,Relatively High,2088.54,46.946,2138.722,5.862,Very Low,1976.574,2.991,Very Low,886.638,No Rating,No Expected Annual Losses,No Rating,0.015,886.638,670627630,863,10010800000,10681427630,Relatively Moderate,4.414,155.943,160.357,0.633,Very Low,148.2,0.333,Very Low,Relatively Moderate,Relatively Low,Relatively Low,580,26.328,886.638,670627630,863,10010800000,10681427630,Relatively Moderate,458.571,2946.068,3404.639,1.577,Very Low,3146.515,1.255,Very Low,Relatively Moderate,Very Low,Very Low,3,0.072,886.638,670627630,863,10010800000,10681519380,Relatively High,701.41,574.264,1275.678,3.691,Very Low,1178.962,1.082,Very Low,0.037,886.638,670627630,863,10010800000,10681519380,Relatively Moderate,3972.971,1278.264,5260.811,3.288,Very Low,4861.961,2.482,Very Low,0.753,138202212.2,111.753,1296339063,1434596865,Very High,54871.757,1.837,54873.609,55.87,Very Low,50713.346,53.548,Very Low,233.896,14.483,886.638,670627630,863,10010800000,10681519380,Very Low,595.805,717.229,1313.291,5.942,Very Low,1213.723,2.959,Very Low
42,Colorado,CO,Moffat,13270,4182754729,4798.851,2144818.893,15.24,Very Low,13.804,Very Low,1743366.096,1220038.764,0.044,507022.47,80.87,Very High,11.36,Very Low,2.426,1.23,Relatively Moderate,Relatively Moderate,Relatively Low,4798.851,Very Low,Relatively Low,Relatively Low,4798.851,Very Low,Very Low,Very Low,4798.851,4182710000,13292,154000000000,158000000000,0.036,Relatively Moderate,118399.1,14249.857,132648.957,49.892,Very Low,179468.232,52.784,Very Low,3,0.088,4798.851,4182754729,13270,154000000000,158000000000,Relatively Low,1142.843,112.796,1526.158,5.118,Very Low,2024.11,3.086,Very Low,4798.851,Relatively High,Very Low,Very Low,0.015,4798.851,4182754729,13270,154000000000,158000000000,Relatively High,550.773,6736.603,7287.376,17.388,Very Low,10832.366,19.62,Very Low,Relatively Low,Relatively Low,Relatively Low,344,15.605,4798.851,4182754729,13270,154000000000,158000000000,Very High,4215.808,102678.702,106894.511,55.985,Relatively Low,159658.783,63.353,Relatively Low,Relatively Low,Very Low,Very Low,6,0.155,4798.851,4182754729,13270,154000000000,158000000000,Relatively Moderate,5950.986,16342.503,22327.276,9.739,Very Low,32932.679,8.336,Very Low,0.099,4798.851,4182754729,13270,154000000000,158000000000,Very Low,6000.145,517.252,6731.527,3.846,Very Low,8643.449,3.341,Very Low,30.376,1405910112,2517.622,29204410109,30625869347,Relatively High,1075382.709,612.576,1075995.375,87.337,Relatively Moderate,1267343.993,87.273,Relatively Moderate,104.093,6.445,4798.851,4182752298,13269.981,154000000000,158000000000,Very Low,707.993,1487.369,2198.102,7.026,Very Low,3184.165,5.218,Very Low
43,Colorado,CO,Montezuma,25806,5935803280,2060.447,2583395.067,19.345,Very Low,20.489,Very Low,2292324.666,1461295.761,0.069,795434.238,52.99,Relatively Moderate,18.14,Very Low,2.464,1.127,Relatively Low,Relatively Moderate,Relatively Moderate,2060.447,No Rating,No Expected Annual Losses,No Rating,2060.447,Very Low,Relatively Low,Relatively Low,2060.447,5935702000,25849,300000000000,306000000000,0.028,Relatively Low,53604.2,8422.085,62026.285,37.883,Very Low,77982.997,39.612,Very Low,5,0.127,2060.447,5935803280,25806,299000000000,305000000000,Relatively Moderate,16182.102,2486.966,19743.51,21.898,Very Low,23776.043,20.299,Very Low,2060.447,Relatively High,Very Low,Very Low,0.015,2060.447,5935803280,25806,299000000000,305000000000,Relatively High,19191.471,4663.108,23854.58,34.177,Relatively Low,28990.121,34.211,Relatively Low,Very Low,Relatively Low,Relatively Low,657,29.855,2060.447,5935803280,25806,299000000000,305000000000,Relatively High,11493.013,171645.548,183138.561,71.557,Relatively Moderate,225196.803,72.329,Relatively Moderate,Very Low,Very Low,Very Low,4,0.099,2060.447,5935803280,25806,299000000000,305000000000,Relatively Moderate,4873.336,19703.217,24701.151,10.236,Very Low,30314.526,7.859,Very Low,0.053,2060.447,5935803280,25806,299000000000,305000000000,Very Low,19812.431,27814.563,47682.637,11.569,Very Low,59381.169,9.545,Very Low,47.842,2175775688,8544.607,99117437261,101000000000,Relatively Moderate,1295413.757,444.348,1295859.815,88.96,Relatively Moderate,1474771.578,88.61,Relatively Moderate,140.542,8.702,2060.447,5935802809,25805.997,299000000000,305000000000,Very Low,1272.72,12112.993,13437.071,22.903,Relatively Low,16369.029,20.649,Very Low
44,Colorado,CO,Montrose,42636,8760733616,2265.489,3194793.679,25.931,Very Low,25.596,Very Low,2704908.869,536264.826,0.177,2049205.597,53.63,Relatively Moderate,24.92,Relatively Low,2.497,1.181,Relatively Low,Relatively High,Relatively High,2265.489,Relatively Low,Very Low,Very Low,2265.489,Very Low,Very Low,Very Low,2265.489,8760600000,42679,495000000000,504000000000,0.032,Relatively Low,166101,27798.63,193899.63,56.546,Very Low,261234.545,59.752,Very Low,5,0.136,2265.489,8760733616,42636,495000000000,503000000000,Relatively Moderate,16350.119,4097.208,22010.703,23.356,Very Low,27335.71,22.049,Very Low,2265.489,Relatively Low,Relatively Low,Very Low,0.015,2265.489,8760733616,42636,495000000000,503000000000,Relatively High,28324.956,7704.266,36029.222,41.173,Relatively Low,45245.115,43.005,Relatively Low,Very Low,Relatively Low,Relatively Low,493,22.39,2265.489,8760733616,42636,495000000000,503000000000,Very High,64.367,404788.501,404852.868,85.328,Relatively Moderate,495247.491,86.261,Relatively Moderate,Very Low,Relatively Low,Relatively Low,8,0.222,2265.489,8760733616,42636,495000000000,503000000000,Relatively Moderate,3022.704,66465.664,69753.659,18.89,Relatively Low,86470.817,17.117,Very Low,0.048,2265.489,8760733616,42636,495000000000,503000000000,Very Low,13498.233,33300.431,46916.722,11.445,Very Low,58228.544,9.45,Very Low,27.264,1090326814,4645.168,53883953735,54991839263,Relatively Low,262907.96,129.437,263038.969,75.215,Relatively Low,274400.109,73.942,Relatively Low,106.669,6.605,2265.489,8760733616,42636,495000000000,503000000000,Very Low,147.288,423.703,642.557,5.231,Very Low,793.794,2.577,Very Low
45,Colorado,CO,Morgan,29096,6554146331,1306.931,13372381,72.351,Relatively Low,66.202,Relatively Low,9476146.177,5606555.732,0.276,3200735.062,84.18,Very High,36.41,Relatively Low,2.543,1.411,Not Applicable,Not Applicable,Not Applicable,1306.931,Relatively Low,Relatively High,Relatively High,1306.931,Very Low,Very Low,Very Low,1306.931,6554067000,29111,338000000000,344000000000,0.024,Relatively Low,27297.5,3831.965,31129.465,29.403,Very Low,44067.319,31.785,Very Low,243,7.132,1306.931,6554146331,29096,338000000000,345000000000,Relatively Moderate,679763.219,116299.163,1031755.462,90.012,Relatively Moderate,1383618.547,91.95,Relatively Moderate,1306.931,No Rating,No Expected Annual Losses,No Rating,0.046,1306.931,6523987533,29024.496,337000000000,343000000000,Relatively High,12514.737,28521.209,41035.946,44.57,Relatively Low,56415.109,47.435,Relatively Low,Relatively High,Very Low,Very Low,649,29.459,1306.931,6554146331,29096,338000000000,344000000000,Relatively Moderate,3618.259,131644.092,135262.351,63.61,Relatively Low,194304.367,68.501,Relatively Low,Relatively Low,Relatively Moderate,Relatively Moderate,57,1.668,1306.931,6554146331,29096,338000000000,345000000000,Relatively High,325372.496,661843.062,989730.133,82.599,Relatively Moderate,1404757.758,86.796,Relatively Moderate,2.239,1306.931,6554146331,29096,338000000000,345000000000,Relatively Low,1841211.577,469144.417,2372030.185,74.504,Relatively Moderate,3308704.682,76.997,Relatively Moderate,29.633,564311538.5,2063.917,23941439819,24570626405,Very Low,11055.889,78.192,11907.055,30.894,Very Low,14274.223,32.517,Very Low,62.01,3.84,1306.931,6554146331,29096,338000000000,345000000000,Relatively Low,39459.52,16213.579,55756.101,53.729,Relatively Moderate,78240.903,57.206,Relatively Low
46,Colorado,CO,Otero,18678,3385626292,1282.522,2382916.755,17.276,Very Low,13.494,Very Low,1712157.322,456153.107,0.09,1042057.794,88.86,Very High,34.34,Relatively Low,2.535,1.392,Not Applicable,Not Applicable,Not Applicable,1282.522,Very Low,Relatively Moderate,Relatively Moderate,1282.522,Very Low,Relatively Low,Relatively Low,1282.522,3385546000,18690,217000000000,220000000000,0.019,Very Low,19022.1,3317.589,22339.689,25.317,Very Low,31962.344,28.094,Very Low,99,2.908,1282.522,3385626292,18678,217000000000,220000000000,Relatively Low,8529.614,4556.974,41277.472,35.143,Very Low,60177.036,36.78,Very Low,1282.522,No Rating,No Expected Annual Losses,No Rating,0.015,1282.522,3385626292,18678,217000000000,220000000000,Relatively Moderate,2024.891,3375.089,5399.98,13.857,Very Low,7825.164,15.956,Very Low,Relatively Low,Relatively Low,Relatively Low,622,28.243,1282.522,3385626292,18678,217000000000,220000000000,Very High,1632.506,293611.063,295243.569,80.759,Relatively Moderate,428985.025,84.106,Relatively Moderate,Very Low,Relatively Low,Relatively Low,23,0.67,1282.522,3385626292,18678,217000000000,220000000000,Relatively High,34257.992,164928.535,199211.06,37.159,Relatively Low,291186.532,40.757,Relatively Low,0.53,1282.522,3385626292,18678,217000000000,220000000000,Relatively Low,221684.523,177028.207,400420.04,31.421,Relatively Low,583462.264,32.994,Relatively Low,12.32,334854700.9,1628.837,18894505533,19267490197,Relatively Moderate,116158.95,183.827,116424.213,66.37,Relatively Low,163623.958,68.629,Relatively Low,25.002,1.548,1282.522,3385626292,18678,217000000000,220000000000,Relatively Moderate,13038.3,60868.389,73938.229,60.941,Relatively Moderate,107486.304,65.352,Relatively Moderate
47,Colorado,CO,Ouray,4859,1492164743,547.684,954988.668,4.773,Very Low,7.428,Very Low,1097692.795,442107.956,0.056,644054.86,2.74,Very Low,51.53,Relatively Moderate,2.604,0.87,Relatively Low,Relatively Moderate,Relatively Low,547.684,Relatively Low,Very Low,Very Low,547.684,Very Low,Very Low,Very Low,547.684,1492144000,4874,56538400000,58030544000,0.015,Relatively Low,18267.7,1911.166,20178.866,24.358,Very Low,17941.123,22.399,Very Low,4,0.107,547.684,1492164743,4859,56364400000,57861386423,Relatively Moderate,2977.156,370.721,3455.423,7.63,Very Low,3061.751,4.454,Very Low,547.684,No Rating,No Expected Annual Losses,No Rating,0.015,547.684,1492164743,4859,56364400000,57856564743,Relatively High,4824.425,878.015,5702.439,14.69,Very Low,5052.481,11.326,Very Low,Relatively Low,Relatively Moderate,Relatively Moderate,539,24.495,547.684,1492164743,4859,56364400000,57856564743,Relatively High,116.952,35465.374,35582.326,23.649,Very Low,31338.103,17.954,Very Low,Relatively Low,Relatively Low,Very Low,4,0.094,547.684,1492164743,4859,56364400000,57861386423,Relatively Moderate,1476.128,4015.169,5496.782,5.087,Very Low,4840.835,1.941,Very Low,0.009,547.684,1492164743,4859,56364400000,57861386423,Relatively Moderate,3135.581,3045.644,6185.128,3.722,Very Low,5465.734,2.768,Very Low,5.281,604084074.1,2097.211,24327643417,24932725126,Relatively Moderate,236238.017,127.467,236365.625,74.038,Relatively Low,192633.836,70.442,Relatively Low,275.215,17.041,547.684,1492164736,4859,56364398863,57861385279,Very Low,1442.099,6080.025,7531.134,15.506,Very Low,6795.341,10.245,Very Low
48,Colorado,CO,Park,17300,3962724908,2232.627,3668856.538,30.64,Very Low,45.373,Very Low,4786109.081,3740823.67,0.088,1026375.879,1.69,Very Low,52.42,Relatively Moderate,2.607,0.767,Relatively Low,Relatively Moderate,Relatively Low,2232.627,Very Low,Relatively Low,Relatively Low,2232.627,No Rating,No Expected Annual Losses,No Rating,2232.627,3962655000,17390,202000000000,206000000000,0.02,Relatively Low,51079,4936.559,56015.559,36.614,Very Low,45601.55,32.135,Very Low,142,4.163,2232.627,3962724908,17300,201000000000,205000000000,Relatively Moderate,336838.139,6925.429,348335.77,77.543,Relatively Low,268218.623,68.724,Relatively Low,2232.627,No Rating,No Expected Annual Losses,No Rating,0.015,2232.627,3962724908,17300,201000000000,205000000000,Relatively High,3362.753,8518.228,11880.981,23.151,Very Low,9289.175,17.788,Very Low,Relatively Low,Relatively Low,Relatively Low,837,38.008,2232.627,3962724908,17300,201000000000,205000000000,Very High,858.132,415092.996,415951.128,85.714,Relatively Moderate,315562.511,79.151,Relatively Moderate,Very Low,Very Low,Very Low,18,0.52,2232.627,3962724908,17300,201000000000,205000000000,Relatively High,82382.527,108214.721,190602.63,35.918,Relatively Low,144165.158,24.531,Relatively Low,0.902,2232.627,3962724908,17300,201000000000,205000000000,Very Low,202631.702,78580.848,281539.801,26.427,Very Low,211575.123,19.313,Very Low,6.977,1645810824,8685.643,101000000000,102000000000,Relatively Low,3048944.309,4881.047,3053825.734,94.432,Relatively Moderate,2330834.306,92.109,Relatively Moderate,101.277,6.271,2232.627,3962724908,17300,201000000000,205000000000,Very Low,3244.586,13742.614,16988.291,26.772,Relatively Low,13361.709,17.722,Very Low
49,Colorado,CO,Phillips,4523,2348169517,694.99,3374214.168,27.808,Very Low,26.772,Very Low,2789579.423,1392326.526,0.046,538955.294,43.32,Relatively Moderate,12.79,Very Low,2.437,1.21,Not Applicable,Not Applicable,Not Applicable,694.99,Relatively Low,Relatively Moderate,Relatively Moderate,694.99,Very Low,Relatively Low,Relatively Low,694.99,2348146000,4530,52548000000,54896146000,0.021,Relatively Moderate,6259.8,931.414,7191.214,14.516,Very Low,8790.63,15.527,Very Low,264,7.747,694.99,2348169517,4523,52466800000,55014750372,Relatively High,12899.455,21946.05,737848.647,86.942,Relatively Moderate,837625.664,86.701,Relatively Moderate,694.99,No Rating,No Expected Annual Losses,No Rating,0.131,694.99,2334995573,4520.009,52432109878,54767105451,Relatively High,9999.71,17380.622,27380.332,36.642,Relatively Low,33419.921,36.942,Relatively Low,Relatively High,Very Low,Very Low,757,34.37,694.99,2348169517,4523,52466800000,54814969517,Relatively Moderate,6209.084,21985.902,28194.986,18.919,Very Low,35466.258,19.949,Very Low,Relatively Low,Very Low,Very Low,87,2.558,694.99,2348169517,4523,52466800000,55014750372,Very High,785144.927,148791.122,953805.91,81.731,Relatively Moderate,1186244.806,83.551,Relatively Moderate,0.627,694.99,2348169517,4523,52466800000,55014750372,Relatively Moderate,473020.079,215229.935,693743,41.749,Relatively Low,853378.216,41.234,Relatively Low,54.648,267190752.5,275.344,3193989482,3481818457,Very High,1847.997,36.347,1900.027,5.441,Very Low,2329.729,5.536,Very Low,60,3.715,694.99,2348168733,4522.985,52466625518,55014575105,Relatively High,60630.037,49063.922,109780.298,70.381,Relatively Moderate,135812.503,71.174,Relatively Moderate
50,Colorado,CO,Pitkin,17292,6757242524,983.025,5564842.094,45.912,Very Low,49.458,Very Low,5311715.763,2181676.342,0.269,3123665.745,14.58,Very Low,62.79,Relatively High,2.648,1.048,Relatively Moderate,Very High,Very High,983.025,Relatively Low,Very Low,Very Low,983.025,Very Low,Very Low,Very Low,983.025,6757162000,17358,201000000000,208000000000,0.014,Relatively Low,99302.5,9441.151,108743.651,46.147,Very Low,109515.05,43.875,Very Low,4,0.114,983.025,6757242524,17292,201000000000,207000000000,Relatively High,15017.547,1454.448,16527.264,19.634,Very Low,16355.142,14.858,Very Low,983.025,No Rating,No Expected Annual Losses,No Rating,0.015,983.025,6757242524,17292,201000000000,207000000000,Very High,21847.325,3124.64,24971.966,35.11,Relatively Low,24787.478,31.746,Relatively Low,Relatively Low,Very High,Very High,399,18.119,983.025,6757242524,17292,201000000000,207000000000,Very High,181.43,205382.052,205563.482,74.067,Relatively Moderate,202441.102,69.53,Relatively Moderate,Relatively Low,Relatively Low,Relatively Low,7,0.183,983.025,6757242524,17292,201000000000,207000000000,Relatively Low,1253.48,7968.213,9223.571,6.017,Very Low,9171.843,3.182,Very Low,0.018,983.025,6757242524,17292,201000000000,207000000000,Relatively Moderate,24124.263,20419.093,44555.181,11.042,Very Low,43378.834,8.113,Very Low,3.479,1064646313,2541.769,29484525929,30549990464,Relatively Moderate,136275.396,50.025,136325.435,68.438,Relatively Low,140025.225,66.847,Relatively Low,365.285,22.618,983.025,6757242524,17292,201000000000,207000000000,Very Low,1083.319,4596.196,5689.672,12.968,Very Low,5603.69,8.368,Very Low
51,Colorado,CO,Prowers,11979,2332563241,1660.922,3844071.676,32.23,Very Low,21.51,Very Low,2371619.382,1296803.031,0.059,683061.045,96.12,Very High,15.37,Very Low,2.45,1.621,Not Applicable,Not Applicable,Not Applicable,1660.922,Relatively Low,Relatively Moderate,Relatively Moderate,1660.922,Very Low,Relatively Low,Relatively Low,1660.922,2332508000,11999,139000000000,142000000000,0.024,Relatively Low,8547.3,1625.923,10173.223,17.889,Very Low,16351.517,21.635,Very Low,207,6.071,1660.922,2332563241,11979,139000000000,142000000000,Relatively High,622561.685,18835.13,796659.89,87.81,Relatively Moderate,1285520.519,91.155,Relatively Moderate,1660.922,No Rating,No Expected Annual Losses,No Rating,0.05,1660.922,2332563241,11979,139000000000,141000000000,Relatively Moderate,3319.843,4631.427,7951.27,18.621,Very Low,13034.158,22.119,Very Low,Relatively High,Very Low,Very Low,612,27.813,1660.922,2332563241,11979,139000000000,141000000000,Very High,1130.365,155597.129,156727.494,67.535,Relatively Moderate,253540.101,74.71,Relatively Moderate,Relatively Low,Very Low,Relatively Low,75,2.179,1660.922,2332563241,11979,139000000000,142000000000,Relatively Moderate,318064.572,3911.918,322331.113,51.365,Relatively Low,516237.22,59.847,Relatively Moderate,1.314,1660.922,2332563241,11979,139000000000,142000000000,Very Low,180067.747,238914.467,432165.133,32.754,Relatively Low,698425.427,36.271,Relatively Low,79.602,246654099.3,1085.152,12587763605,12894119273,Relatively Low,105156.95,2865.156,108318.899,65.192,Relatively Low,185286.798,70.029,Relatively Low,33.002,2.043,1660.922,2332562495,11978.989,139000000000,142000000000,Relatively Moderate,8664.911,46509.734,55278.704,53.358,Relatively Moderate,89457.22,60.675,Relatively Moderate
52,Colorado,CO,Pueblo,168034,24996485111,2421.972,19867372.69,79.796,Relatively Low,78.149,Relatively Low,16422305.06,13368005.87,0.234,2709459.877,85.87,Very High,71.58,Relatively High,2.68,1.21,Not Applicable,Not Applicable,Not Applicable,2421.972,Very Low,Relatively Moderate,Relatively High,2421.972,Very Low,Very Low,Very Low,2421.972,24995938000,168162,1950000000000,1980000000000,0.022,Very Low,183818.8,35175.09,218993.89,58.62,Very Low,268333.214,60.452,Very Low,139,4.081,2421.972,24996485111,168034,1950000000000,1970000000000,Relatively High,6152076.179,91709.451,6341220.68,98.604,Relatively High,7761206.362,98.727,Relatively High,2421.972,No Rating,No Expected Annual Losses,No Rating,0.015,2421.972,24996485111,168034,1950000000000,1970000000000,Relatively High,80817.929,30363.511,111181.44,63.458,Relatively Moderate,135803.584,64.957,Relatively Moderate,Very Low,Relatively Low,Relatively Low,752,34.176,2421.972,24996485111,168034,1950000000000,1970000000000,Relatively Low,44786.101,159153.214,203939.315,73.81,Relatively Moderate,247610.007,74.228,Relatively Moderate,Relatively Low,Relatively Moderate,Relatively Moderate,19,0.552,2421.972,24996485111,168034,1950000000000,1970000000000,Relatively Low,142878.657,75181.997,218118.264,39.268,Relatively Low,267275.789,38.403,Relatively Low,0.816,2421.972,24996485111,168034,1950000000000,1970000000000,Very Low,1070638.212,1329501.893,2403249.833,74.721,Relatively Moderate,2954903.053,74.642,Relatively Moderate,18.982,3379317868,20064.573,233000000000,236000000000,Relatively Low,1291364.882,2615.465,1294276.46,88.896,Relatively Moderate,1257066.075,87.241,Relatively Moderate,31.649,1.96,2421.972,24996485111,168034,1950000000000,1970000000000,Very Low,850.785,12283.954,13150.781,22.501,Relatively Low,15958.41,20.14,Very Low
53,Colorado,CO,Rio Blanco,6520,2390961512,3255.386,2264642.58,16.29,Very Low,13.773,Very Low,1742889.803,1342333.647,0.034,389764.591,48.12,Relatively Moderate,53.31,Relatively Moderate,2.61,1.299,Very Low,Very Low,Very Low,3255.386,Relatively Low,Relatively Low,Relatively Low,3255.386,Very Low,Very Low,Very Low,3255.386,2390935000,6529,75736400000,78127335000,0.023,Relatively Low,40023.5,3264.275,43287.775,33.148,Very Low,55151.976,34.235,Very Low,5,0.139,3255.386,2390961512,6520,75632000000,78044463829,Relatively High,15595.851,687.79,16446.902,19.51,Very Low,21629.797,19.122,Very Low,3255.386,Relatively High,Very Low,Very Low,0.015,3255.386,2390961512,6520,75632000000,78022961512,Very High,7730.389,1178.155,8908.544,20.32,Very Low,11461.906,20.686,Very Low,Relatively Low,Relatively Low,Relatively Low,501,22.738,3255.386,2390961512,6520,75632000000,78022961512,Very High,31.779,79621.222,79653.001,46.686,Relatively Low,102991.534,48.777,Relatively Low,Very Low,Relatively Low,Relatively Low,10,0.279,3255.386,2390961512,6520,75632000000,78044463829,Relatively Moderate,9271.078,11057.446,20349.55,9.243,Very Low,27015.734,7.509,Very Low,0.112,3255.386,2390961512,6520,75632000000,78044463829,Very Low,6757.393,2641.685,9538.919,4.994,Very Low,12241.069,4.136,Very Low,17.498,1019519373,1673.962,19417958242,20443674008,Relatively High,1204713.757,634.316,1205348.135,88.196,Relatively Moderate,1605504.074,89.405,Relatively Moderate,176.779,10.946,3255.386,2390961512,6520,75632000000,78044463829,Very Low,458.358,1696.199,2192.584,6.995,Very Low,2914.503,4.55,Very Low
54,Colorado,CO,Rio Grande,11498,4081830835,921.547,3146749.104,25.231,Very Low,18.261,Very Low,2130847.95,1373707.771,0.05,581517.904,94.08,Very High,11.08,Very Low,2.424,1.477,Relatively High,Relatively Moderate,Relatively Low,921.547,Relatively Low,Relatively Low,Relatively Moderate,921.547,Very Low,Relatively Low,Relatively Low,921.547,4081781000,11539,134000000000,138000000000,0.157,Very High,577227.4,115511.578,692738.978,75.116,Relatively Low,1098777.22,80.305,Relatively Low,10,0.294,921.547,4081830835,11498,133000000000,138000000000,Relatively High,29718.368,1116.578,42067.427,35.546,Very Low,61251.801,37.289,Very Low,921.547,No Rating,No Expected Annual Losses,No Rating,0.015,921.547,4081830835,11498,133000000000,137000000000,Relatively Moderate,26.867,2077.673,2104.54,6.496,Very Low,3339.713,7.695,Very Low,Relatively Low,Relatively Low,Relatively Low,357,16.226,921.547,4081830835,11498,133000000000,137000000000,Relatively Moderate,1205.441,14914.165,16119.606,10.553,Very Low,23723.16,13.707,Very Low,Relatively Moderate,Relatively Low,Relatively Low,2,0.046,921.547,4081830835,11498,133000000000,138000000000,Relatively Moderate,330.534,4495.113,4828.79,4.715,Very Low,7536.865,2.8,Very Low,0.057,921.547,4081830835,11498,133000000000,138000000000,Relatively Low,37912.402,28138.345,66232.035,13.462,Very Low,101584.07,12.854,Very Low,27.632,1060484367,2559.528,29690524009,30768636515,Relatively High,59171.634,10.451,59182.289,57.079,Very Low,69960.345,58.129,Very Low,106.586,6.6,921.547,4081830835,11498,133000000000,138000000000,Very Low,1135.654,1834.842,2981.941,8.295,Very Low,3966.727,6.332,Very Low
55,Colorado,CO,Routt,24767,6288873377,2392.039,1432899.034,8.177,Very Low,12.411,Very Low,1593238.16,593498.775,0.086,993206.654,10.66,Very Low,67.54,Relatively High,2.665,0.899,Relatively Moderate,Relatively Moderate,Relatively Low,2392.039,Relatively Low,Relatively Low,Relatively Low,2392.039,Very Low,Very Low,Very Low,2392.039,6288772000,24829,288000000000,294000000000,0.017,Relatively Low,116996.1,10697.565,127693.665,49.18,Very Low,119676.553,45.593,Very Low,3,0.084,2392.039,6288873377,24767,287000000000,294000000000,Relatively Low,1606.075,198.709,2033.146,5.738,Very Low,1830.697,2.927,Very Low,2392.039,No Rating,No Expected Annual Losses,No Rating,0.015,2392.039,6288873377,24767,287000000000,294000000000,Relatively High,828.101,12573.131,13401.232,24.75,Very Low,12363.269,21.452,Very Low,Very Low,Relatively Moderate,Relatively Moderate,527,23.943,2392.039,6288873377,24767,287000000000,294000000000,Relatively High,3747.426,246727.438,250474.864,77.606,Relatively Moderate,232330.955,72.844,Relatively Moderate,Very Low,Relatively Low,Relatively Low,7,0.185,2392.039,6288873377,24767,287000000000,294000000000,Relatively Moderate,7731.547,29929.467,37681.455,13.182,Very Low,34696.026,8.622,Very Low,0.048,2392.039,6288873377,24767,287000000000,294000000000,Very Low,10189.497,9338.836,19632.388,7.568,Very Low,17622.213,4.804,Very Low,22.176,1358085586,5355.214,62120487621,63485437819,Relatively Low,425678.913,619.772,426298.908,80.083,Relatively Low,369975.104,76.551,Relatively Low,299.564,18.549,2392.039,6288873351,24766.999,287000000000,294000000000,Very Low,323.17,1347.885,1674.778,6.19,Very Low,1495.06,3.213,Very Low
56,Colorado,CO,Saguache,6323,1841417769,3202.291,1400357.228,7.859,Very Low,6.128,Very Low,954869.071,254092.737,0.049,564159.084,80.52,Very High,15.31,Very Low,2.45,1.467,Relatively High,Relatively Moderate,Relatively Moderate,3202.291,Relatively Low,Relatively Low,Relatively Moderate,3202.291,Very Low,Relatively Low,Relatively Low,3202.291,1841396000,6368,73868800000,75710196000,0.066,Relatively Moderate,110601.4,19079.063,129680.463,49.489,Very Low,193737.426,54.407,Very Low,21,0.599,3202.291,1841417769,6323,73346800000,75309107322,Relatively High,29852.029,449.085,49430.823,38.586,Very Low,72050.707,41.075,Very Low,3202.291,No Rating,No Expected Annual Losses,No Rating,0.015,3202.291,1841417769,6323,73346800000,75188217769,Relatively High,5953.62,1142.557,7096.177,17.022,Very Low,10263.238,18.921,Very Low,Relatively High,Relatively Low,Relatively Low,403,18.279,3202.291,1841417769,6323,73346800000,75188217769,Relatively High,1110.604,33284.924,34395.528,22.812,Very Low,48403.859,25.837,Very Low,Relatively Moderate,Very Low,Very Low,3,0.064,3202.291,1841417769,6323,73346800000,75309107322,Relatively Moderate,4511.619,961.25,5483.698,5.056,Very Low,7851.604,2.895,Very Low,0.253,3202.291,1841417769,6323,73346800000,75309107322,Very Low,21803.855,11269.059,33487.231,9.46,Very Low,48086.074,8.591,Very Low,33.631,614853977.2,1848.67,21444568116,22083097195,Relatively High,67180.771,17.631,67198.928,59.147,Very Low,89741.021,61.597,Very Low,66.631,4.126,3202.291,1841417769,6323,73346800000,75309107322,Very Low,531.38,1461.791,2007.599,6.654,Very Low,2814.274,4.423,Very Low
57,Colorado,CO,San Juan,699,353411005,392.222,1366067.139,7.731,Very Low,8.883,Very Low,1244995.095,191202.5,0.091,1053792.595,42.04,Relatively Moderate,49.08,Relatively Moderate,2.594,1.097,Relatively Low,Relatively Moderate,Relatively Moderate,392.222,No Rating,No Expected Annual Losses,No Rating,392.222,No Rating,No Expected Annual Losses,No Rating,392.222,353399000,705,8178000000,8531399000,0.021,Relatively Moderate,5464.6,435.758,5900.358,12.628,Very Low,6474.151,12.759,Very Low,5,0.119,392.222,353411005,699,8108400000,8461811005,Relatively High,793.23,60.39,853.619,4.187,Very Low,936.631,2.004,Very Low,392.222,No Rating,No Expected Annual Losses,No Rating,0.015,392.222,353411005,699,8108400000,8461811005,Very High,1142.638,126.308,1268.947,4.297,Very Low,1392.348,3.764,Very Low,Relatively Moderate,Relatively High,Relatively High,512,23.228,392.222,353411005,699,8108400000,8461811005,Relatively High,324.699,2967.538,3292.237,1.544,Very Low,3612.397,1.544,Very Low,Relatively Low,Very Low,Very Low,4,0.103,392.222,353411005,699,8108400000,8461811005,Relatively Moderate,349.75,677.925,1027.675,3.598,Very Low,1127.613,1.05,Very Low,0.008,392.222,353411005,699,8108400000,8461811005,Relatively High,1202.269,793.808,1996.077,1.861,Very Low,2190.19,1.75,Very Low,0.248,44484645.51,48.698,564894440.8,609379086.3,Very High,26952.935,6.635,26959.57,44.384,Very Low,29581.307,44.543,Very Low,381.979,23.652,392.222,353411005,699,8108400000,8461811005,Very Low,1867.321,2231.532,4098.854,10.275,Very Low,4497.455,6.936,Very Low
58,Colorado,CO,San Miguel,8002,2902061320,1301.746,3153712.743,25.326,Very Low,35.964,Very Low,3736264.113,921022.814,0.242,2811188.401,15.95,Very Low,44.49,Relatively Moderate,2.575,0.844,Relatively Low,Relatively High,Relatively High,1301.746,No Rating,No Expected Annual Losses,No Rating,1301.746,Very Low,Very Low,Very Low,1301.746,2902009000,8072,93635200000,96537209000,0.017,Relatively Low,24114.3,2570.437,26684.737,27.36,Very Low,24430.969,25.39,Very Low,5,0.121,1301.746,2902061320,8002,92823200000,95732572273,Relatively Moderate,4641.559,658.722,5408.333,9.615,Very Low,4849.722,6.013,Very Low,1301.746,Relatively Low,Very Low,Very Low,0.015,1301.746,2902061320,8002,92823200000,95725261320,Very High,9382.863,1445.95,10828.813,22.052,Very Low,9754.556,18.421,Very Low,Relatively Low,Very High,Very High,672,30.532,1301.746,2902061320,8002,92823200000,95725261320,Relatively High,520.152,50753.052,51273.204,32.4,Relatively Low,45027.58,24.099,Very Low,Very Low,Relatively Low,Relatively Low,4,0.112,1301.746,2902061320,8002,92823200000,95732572273,Relatively Low,1630.731,2225.621,3867.304,4.404,Very Low,3425.772,1.559,Very Low,0.023,1301.746,2902061320,8002,92823200000,95732572273,Relatively Low,6321.73,5399.755,11734.899,5.614,Very Low,10414.6,3.786,Very Low,6.847,810248576.7,2067.228,23979845345,24791768750,Relatively High,564544.737,185.639,564730.757,82.755,Relatively Low,505028.52,80.019,Relatively Low,146.037,9.043,1301.746,2902061320,8002,92823200000,95732572273,Relatively Low,1405.291,20574.839,21983.495,32.343,Relatively Low,19530.297,23.863,Very Low
59,Colorado,CO,Sedgwick,2395,995219326,554.95,3243055.707,26.344,Very Low,18.756,Very Low,2163022.478,996879.416,0.026,296893.917,81.25,Very High,25.62,Relatively Low,2.499,1.499,Not Applicable,Not Applicable,Not Applicable,554.95,Relatively Low,Relatively Low,Relatively Low,554.95,Very Low,Relatively Low,Relatively Low,554.95,995206000,2404,27886400000,28881606000,0.02,Relatively Low,2231.3,424.275,2655.575,6.685,Very Low,3981.549,8.495,Very Low,255,7.486,554.95,995219326,2395,27782000000,28884832501,Very High,285763.767,10344.295,567790.319,83.437,Relatively Moderate,851297.503,86.892,Relatively Moderate,554.95,No Rating,No Expected Annual Losses,No Rating,0.113,554.95,995219326,2395,27782000000,28777219326,Relatively Moderate,2502.044,3850.194,6352.238,15.823,Very Low,9524.016,18.055,Very Low,Very High,Very Low,Very Low,757,34.4,554.95,995219326,2395,27782000000,28777219326,Relatively Moderate,2622.028,11825.342,14447.369,9.17,Very Low,21661.182,12.42,Very Low,Relatively High,Relatively Low,Relatively Low,81,2.38,554.95,995219326,2395,27782000000,28884832501,Very High,307818.07,92797.222,411254.112,58.685,Relatively Moderate,616600.155,65.702,Relatively Moderate,0.532,554.95,995219326,2395,27782000000,28884832501,Relatively Moderate,179922.83,108917.639,292712.887,27.047,Very Low,438869.318,28.094,Relatively Low,20.597,58739677.93,90.379,1048400076,1113573507,Very High,2358.722,77.647,2458.564,7.763,Very Low,3686.166,10.404,Very Low,60,3.715,554.95,995219326,2395,27782000000,28884832501,Relatively High,25696.699,38658.168,64401.374,57.258,Relatively Moderate,96558.055,62.615,Relatively Moderate
60,Colorado,CO,Summit,31040,10888428043,625.511,3600114.552,29.78,Very Low,36.8,Very Low,3818339.576,2276436.334,0.133,1540795.386,19.96,Very Low,39.05,Relatively Low,2.554,0.943,Relatively Moderate,Relatively High,Relatively Moderate,625.511,Very Low,Relatively Moderate,Relatively Moderate,625.511,No Rating,No Expected Annual Losses,No Rating,625.511,10888282000,31055,360000000000,371000000000,0.018,Relatively Low,151566.9,11858.848,163425.748,52.894,Very Low,154463.658,49.92,Very Low,81,2.359,625.511,10888428043,31040,360000000000,371000000000,Relatively High,1169576.543,26702.187,1196915.869,91.532,Relatively Moderate,1123566.758,89.787,Relatively Moderate,625.511,No Rating,No Expected Annual Losses,No Rating,0.015,625.511,10888428043,31040,360000000000,371000000000,Relatively High,9239.878,15283.572,24523.45,34.71,Relatively Low,23247.127,30.646,Relatively Low,Very Low,Relatively High,Relatively High,446,20.23,625.511,10888428043,31040,360000000000,371000000000,Very High,1867.689,350464.196,352331.885,83.494,Relatively Moderate,335471.262,80.148,Relatively Moderate,Relatively Moderate,Very Low,Very Low,16,0.442,625.511,10888428043,31040,360000000000,371000000000,Relatively Moderate,65546.282,91302.64,156851.236,31.7,Relatively Low,148576.458,24.976,Relatively Low,0.079,625.511,10888428043,31040,360000000000,371000000000,Relatively Moderate,302962.987,46348.019,349362.112,29.404,Relatively Low,329041.059,24.435,Very Low,2.308,1604387294,4747.82,55074709080,56679255138,Relatively Low,41675.547,42.456,41718.004,51.543,Very Low,31151.124,45.434,Very Low,189.043,11.705,625.511,10888428043,31040,360000000000,371000000000,Very Low,8124.068,11533.391,19657.709,29.712,Relatively Low,18071.241,22.304,Very Low
61,Colorado,CO,Teller,24661,4096878357,564.633,9144736.284,61.979,Relatively Low,66.233,Relatively Low,9478937.658,7879589.37,0.134,1559739.51,10.38,Very Low,51.05,Relatively Moderate,2.602,0.965,Relatively Moderate,Very Low,Very Low,564.633,Very Low,Relatively Low,Relatively Low,564.633,No Rating,No Expected Annual Losses,No Rating,564.633,4096789000,24710,287000000000,291000000000,0.014,Very Low,28888.1,3936.231,32824.331,29.836,Very Low,31821.323,27.935,Very Low,204,5.994,564.633,4096878357,24661,286000000000,290000000000,Relatively Moderate,1128176.65,12058.015,1142537.509,91.036,Relatively Moderate,1114097.351,89.564,Relatively Moderate,564.633,No Rating,No Expected Annual Losses,No Rating,0.015,564.633,4096878357,24661,286000000000,290000000000,Relatively High,13245.911,4456.209,17702.12,28.548,Relatively Low,17175.835,25.849,Very Low,Very Low,Relatively Low,Relatively Low,1505,68.379,564.633,4096878357,24661,286000000000,290000000000,Very High,15599.652,895040.553,910640.205,94.53,Relatively High,877746.427,93.34,Relatively High,Relatively Low,Very Low,Very Low,24,0.688,564.633,4096878357,24661,286000000000,290000000000,Relatively Moderate,54024.809,98275.257,152301.213,30.924,Relatively Low,147501.12,24.913,Relatively Low,0.283,564.633,4096878357,24661,286000000000,290000000000,Relatively Low,278777.15,278647.14,557466.47,37.624,Relatively Low,542051.025,31.467,Relatively Low,8.228,2199099145,13881.242,161000000000,163000000000,Relatively Low,6332866.685,21522.068,6354476.438,96.914,Relatively High,6094504.749,96.405,Relatively Moderate,89.32,5.531,564.633,4096878357,24661,286000000000,290000000000,Relatively Low,4364.489,84674.44,89040.022,65.955,Relatively Moderate,85479.359,59.529,Relatively Low
62,Colorado,CO,Washington,4806,1525217888,2549.436,1497184.226,8.877,Very Low,10.399,Very Low,1387248.506,776933.323,0.028,324500.453,24.22,Relatively Low,50.7,Relatively Moderate,2.6,1.079,Not Applicable,Not Applicable,Not Applicable,2549.436,Relatively Low,Relatively Moderate,Relatively Moderate,2549.436,Very Low,Relatively Low,Relatively Low,2549.436,1525196000,4817,55877200000,57402396000,0.015,Relatively Low,3628.3,379.811,4008.111,9.626,Very Low,4318.861,9.386,Very Low,234,6.879,2549.436,1525217888,4806,55749600000,57486353223,Relatively Moderate,7821.124,11865.785,146924.177,61.383,Relatively Low,157837.414,58.479,Relatively Low,2549.436,No Rating,No Expected Annual Losses,No Rating,0.09,2549.436,1525217888,4806,55749600000,57274817888,Relatively High,8561.144,18395.104,26956.248,36.342,Relatively Low,29224.958,34.444,Relatively Low,Relatively High,Very Low,Very Low,669,30.395,2549.436,1525217888,4806,55749600000,57274817888,Relatively Moderate,1711.087,21706.53,23417.617,15.734,Very Low,25339.243,14.575,Very Low,Relatively Moderate,Relatively Low,Relatively Low,66,1.928,2549.436,1525217888,4806,55749600000,57486353223,Relatively High,175423.891,100355.687,276367.527,46.867,Relatively Low,298015.68,41.457,Relatively Low,4.212,2549.436,1525217888,4806,55749600000,57486353223,Very Low,340962.116,64795.407,419556.551,32.382,Relatively Low,452557.611,28.699,Relatively Low,95.241,78930446.52,303.78,3523846191,3618703074,Relatively Moderate,1467.217,10.472,1513.591,3.85,Very Low,1633.428,3.659,Very Low,76.001,4.706,2549.436,1525217888,4806,55749600000,57486353223,Relatively Low,11256.03,11047.331,22336.89,32.776,Relatively Low,24131.816,28.444,Relatively Low
63,Colorado,CO,Weld,328800,51427069727,4057.296,40804560.03,89.246,Relatively Moderate,89.353,Relatively Moderate,36134076.59,21356799.92,1.117,12956757.7,61.11,Relatively High,66.42,Relatively High,2.661,1.129,Not Applicable,Not Applicable,Not Applicable,4057.296,Very Low,Very High,Very High,4057.296,Very Low,Relatively Low,Relatively Low,4057.296,51426422000,328981,3820000000000,3870000000000,0.036,Relatively Low,417246.4,60299.398,477545.798,70.969,Relatively Low,508944.072,70.379,Relatively Low,239,7.012,4057.296,51427069727,328800,3810000000000,3870000000000,Relatively Low,1088997.539,838079.672,2204414.495,95.689,Relatively High,2418401.222,95.577,Relatively Moderate,4057.296,No Rating,No Expected Annual Losses,No Rating,0.025,4057.296,51426761049,328800,3810000000000,3870000000000,Relatively Moderate,45820.077,127575.546,173395.624,73.351,Relatively Moderate,190071.548,72.019,Relatively Moderate,Relatively Low,Relatively Low,Relatively Low,531,24.115,4057.296,51427069727,328800,3810000000000,3870000000000,Relatively Moderate,49813.125,612776.634,662589.759,91.795,Relatively High,725117.224,91.184,Relatively High,Relatively Low,Relatively High,Relatively High,50,1.449,4057.296,51427069727,328800,3810000000000,3870000000000,Very Low,253255.577,515259.376,775440.297,77.636,Relatively Moderate,854726.818,75.692,Relatively Moderate,6.192,4057.296,51427069727,328800,3810000000000,3870000000000,Very Low,9260796.501,5006574.428,14498643.85,96.402,Relatively High,15880835.68,96.277,Relatively High,71.887,2226536415,11884.146,138000000000,140000000000,Very Low,272078.81,2424.574,281481.67,75.947,Relatively Low,300290.808,74.865,Relatively Low,55.432,3.432,4057.296,51427069536,328800,3810000000000,3870000000000,Very Low,178354.438,10773.085,189127.54,81.523,Relatively Moderate,201284.244,79.415,Relatively Moderate
64,Colorado,CO,Yuma,9960,2898753789,2392.61,9549595.033,63.283,Relatively Low,55.834,Relatively Low,6588722.304,1627225.444,0.119,1378557.321,49.17,Relatively Moderate,18.01,Very Low,2.463,1.449,Not Applicable,Not Applicable,Not Applicable,2392.61,Relatively Low,Very High,Very High,2392.61,Very Low,Relatively Low,Relatively Low,2392.61,2898729000,9988,116000000000,119000000000,0.018,Relatively Low,6413.6,739.835,7153.435,14.423,Very Low,10393.167,17.149,Very Low,269,7.883,2392.61,2898753789,9960,116000000000,119000000000,Relatively High,363008.741,48491.46,2210335.116,95.72,Relatively High,3206443.489,96.818,Relatively High,2392.61,No Rating,No Expected Annual Losses,No Rating,0.13,2392.61,2898753789,9960,116000000000,118000000000,Relatively High,12797.829,40001.767,52799.596,48.834,Relatively Low,76572.2,52.798,Relatively Low,Relatively Low,Relatively Low,Relatively Low,664,30.168,2392.61,2898753789,9960,116000000000,118000000000,Relatively Moderate,904.349,47178.886,48083.234,30.148,Relatively Low,69648.297,36.615,Relatively Low,Relatively Low,Very Low,Very Low,106,3.098,2392.61,2898753789,9960,116000000000,119000000000,Relatively High,520922.656,274993.147,986380.853,82.537,Relatively Moderate,1427237.095,87.241,Relatively Moderate,3.332,2392.61,2898753789,9960,116000000000,119000000000,Relatively Low,668397.199,489898.504,1225250.179,57.289,Relatively Low,1774477.039,62.17,Relatively Low,61.818,251326622.7,779.731,9044878510,9385358307,Relatively High,9296.778,813.328,10670.377,29.017,Very Low,15319.448,33.853,Very Low,75,4.644,2392.61,2898753789,9960,116000000000,119000000000,Relatively Moderate,6018.569,115767.372,122355.206,73.011,Relatively Moderate,177201.115,77.06,Relatively Moderate
65,Montana,MT,Beaverhead,9351,3037193689,5629.197,2449272.588,17.881,Very Low,19.87,Very Low,2251770.304,1565550.557,0.053,619818.032,25.59,Relatively Low,26.42,Relatively Low,2.502,1.088,Relatively Moderate,Very Low,Very Low,5629.197,Relatively Moderate,Very Low,Very Low,5629.197,Very Low,Relatively Low,Relatively Low,5629.197,3037156000,9371,109000000000,112000000000,0.08,Relatively High,743782.9,168197.468,911980.368,77.963,Relatively Low,1015875.906,79.478,Relatively Low,11,0.305,5629.197,3037193689,9351,108000000000,112000000000,Relatively Moderate,10520.876,2276.896,13157.823,16.594,Very Low,14175.9,13.331,Very Low,5629.197,No Rating,No Expected Annual Losses,No Rating,0.015,5629.197,3037193689,9351,108000000000,112000000000,Relatively High,32.913,3817.889,3850.802,10.293,Very Low,4325.948,9.927,Very Low,Relatively Low,Relatively Low,Relatively Low,189,8.584,5629.197,3037193689,9351,108000000000,112000000000,Very High,558.177,49662.152,50220.329,31.499,Relatively Low,56424.229,29.73,Relatively Low,Relatively Moderate,Relatively Low,Relatively Low,9,0.259,5629.197,3037193689,9351,108000000000,112000000000,Relatively Moderate,17091.425,9115.745,26785.51,10.763,Very Low,29167.442,7.668,Very Low,0.15,5629.197,3037193689,9351,108000000000,112000000000,Very Low,11874.124,9234.225,21480.149,8.033,Very Low,23421.246,5.727,Very Low,35.116,727603316,1690.125,19605448774,20357880507,Very High,451908.939,9774.947,461687.891,80.942,Relatively Low,450552.809,78.81,Relatively Low,145.549,9.012,5629.197,3037193689,9351,108000000000,112000000000,Relatively Low,549.608,65064.078,65613.686,57.505,Relatively Moderate,73706.975,55.457,Relatively Low
66,Montana,MT,Big Horn,13034,3082749179,5066.754,3653353.212,30.353,Very Low,22.872,Very Low,2486854.225,1693708.108,0.059,690183.783,66.61,Relatively High,16.1,Very Low,2.453,1.469,Not Applicable,Not Applicable,Not Applicable,5066.754,Very Low,Relatively Low,Relatively Low,5066.754,Very Low,Relatively Low,Relatively Low,5066.754,3082694000,13124,152000000000,155000000000,0.011,Very Low,10498.2,1498.706,11996.906,19.437,Very Low,17376.911,22.272,Very Low,58,1.686,5066.754,3082749179,13034,151000000000,154000000000,Relatively Low,15224.553,8766.975,24336.069,25.186,Very Low,36303.383,27.14,Very Low,5066.754,Relatively Low,Relatively Low,Relatively Low,0.015,5066.754,3082749179,13034,151000000000,154000000000,Relatively High,9967.057,2355.226,12322.283,23.784,Very Low,18248.523,27.049,Very Low,Relatively Low,Relatively Low,Relatively Low,377,17.119,5066.754,3082749179,13034,151000000000,154000000000,Very High,817.131,148481.031,149298.162,66.345,Relatively Moderate,224096.135,72.201,Relatively Moderate,Relatively Moderate,Relatively Moderate,Relatively Moderate,30,0.863,5066.754,3082749179,13034,151000000000,154000000000,Relatively Moderate,2878.002,113901.084,116854.316,26.179,Relatively Low,176039.803,28.381,Relatively Low,0.361,5066.754,3082749179,13034,151000000000,154000000000,Very Low,38974.106,9873.587,49614.854,11.88,Very Low,73382.101,11.136,Very Low,66.721,346481164.8,1047.029,12145540552,12509363932,Relatively Moderate,493057.764,18943.677,513708.659,81.992,Relatively Low,717989.358,83.678,Relatively Low,107.853,6.678,5066.754,3082748898,13033.988,151000000000,154000000000,Relatively Low,2015.88,80697.388,82799.499,63.788,Relatively Moderate,122822.225,68.979,Relatively Moderate
67,Montana,MT,Blaine,7013,2004093673,4281.536,2190087.641,15.813,Very Low,12.318,Very Low,1587883.391,223374.433,0.06,696637.238,94.75,Very High,19.06,Very Low,2.468,1.379,Not Applicable,Not Applicable,Not Applicable,4281.529,Relatively Low,Relatively High,Relatively High,4281.529,Very Low,Very Low,Very Low,4281.529,2004056000,7044,81710400000,83714456000,0.003,Very Low,684.6,132.696,817.296,2.724,Very Low,1076.936,3.086,Very Low,22,0.645,4281.529,2004093673,7013,81350800000,83458065299,Relatively Low,662.409,4556.159,5279.865,9.491,Very Low,7753.386,8.4,Very Low,4281.529,Relatively Low,Relatively Low,Relatively Low,0.015,4281.529,2004093673,7013,81350800000,83354893673,Relatively High,6479.579,1267.239,7746.818,18.188,Very Low,10400.73,19.087,Very Low,Relatively Moderate,Relatively Low,Relatively Low,267,12.12,4281.529,2004093673,7013,81350800000,83354893673,Relatively Moderate,1376.891,12073.901,13450.792,8.237,Very Low,19618.3,10.94,Very Low,Relatively Low,Relatively Low,Relatively Low,21,0.599,4281.529,2004093673,7013,81350800000,83458065299,Relatively Moderate,12197.641,843.903,26498.495,10.67,Very Low,35878.006,8.877,Very Low,0.166,4281.536,2004093673,7013,81350800000,83458065299,Very Low,13856.849,2849.459,17053.232,6.948,Very Low,23190.094,5.6,Very Low,28.224,111012394.4,358.668,4160553351,4274597144,Very High,50562.481,4519.909,55132.971,55.997,Very Low,76986.04,59.784,Very Low,100.017,6.193,4281.529,2004092870,7012.996,81350753786,83458018281,Relatively Moderate,35071.287,81461.225,116623.039,71.99,Relatively Moderate,165811.584,75.883,Relatively Moderate
68,Montana,MT,Broadwater,6753,1676851012,1250.606,1026436.159,5.472,Very Low,6.747,Very Low,1023320.683,702543.719,0.025,287402.524,8.02,Very Low,33.04,Relatively Low,2.529,1.003,Not Applicable,Not Applicable,Not Applicable,1250.606,Very Low,Relatively Low,Relatively Low,1250.606,Very Low,Very Low,Very Low,1250.606,1676829000,6774,78578400000,80255229000,0.08,Relatively High,407512.2,108083.218,515595.417,72.145,Relatively Low,539141.379,71.333,Relatively Low,28,0.818,1250.606,1676851012,6753,78334800000,80057169968,Relatively Moderate,44216.973,316.432,45068.629,36.725,Very Low,43920.633,30.703,Very Low,1250.606,No Rating,No Expected Annual Losses,No Rating,0.015,1250.606,1676851012,6753,78334800000,80011651012,Relatively High,5421.547,1220.258,6641.805,16.322,Very Low,6508.03,13.524,Very Low,Relatively Moderate,Relatively Low,Relatively Low,216,9.791,1250.606,1676851012,6753,78334800000,80011651012,Very High,43.449,34251.105,34294.554,22.78,Very Low,33888.677,19.176,Very Low,Relatively Moderate,Very Low,Very Low,18,0.504,1250.606,1676851012,6753,78334800000,80057169968,Relatively Moderate,11978.592,18554.633,30590.832,11.6,Very Low,30135.782,7.763,Very Low,0.035,1250.606,1676851012,6753,78334800000,80057169968,Relatively Low,7433.937,9257.978,16772.756,6.886,Very Low,16408.87,4.645,Very Low,26.359,379860987.5,1566.406,18170315276,18557448072,Relatively Low,136189.205,2943.054,139217.804,68.661,Relatively Low,127871.688,65.797,Relatively Low,133.43,8.262,1250.606,1676851012,6753,78334800000,80057169968,Relatively Moderate,465.132,78163.659,78682.063,62.086,Relatively Moderate,78092.01,57.079,Relatively Low
69,Montana,MT,Carbon,10455,3365746144,2082.187,3144128.424,25.103,Very Low,31.074,Very Low,3227806.763,1475044.376,0.129,1497315.496,7.51,Very Low,69,Relatively High,2.67,0.974,Relatively Moderate,Relatively Low,Very Low,2082.187,Very Low,Relatively Low,Relatively Low,2082.187,Very Low,Relatively Low,Relatively Low,2082.187,3365689000,10473,121000000000,125000000000,0.028,Relatively Low,69838.8,7923.19,77761.99,41.071,Very Low,76481.269,39.198,Very Low,48,1.403,2082.187,3365746144,10455,121000000000,125000000000,Relatively Moderate,68600.764,5568.004,94917.054,52.109,Relatively Low,93017.788,46.58,Relatively Low,2082.187,Relatively Low,Relatively Moderate,Relatively Moderate,0.015,2082.187,3365746144,10455,121000000000,125000000000,Relatively High,10882.035,1889.204,12771.239,24.217,Very Low,12594.725,21.652,Very Low,Relatively Low,Relatively Low,Relatively Low,238,10.778,2082.187,3365746144,10455,121000000000,125000000000,Very High,535.113,85753.616,86288.729,49.035,Relatively Low,85772.892,43.597,Relatively Low,Relatively Low,Relatively Low,Relatively Low,24,0.697,2082.187,3365746144,10455,121000000000,125000000000,Relatively Low,569,29281.486,35803.909,12.438,Very Low,35359.329,8.75,Very Low,0.104,2082.187,3365746144,10455,121000000000,125000000000,Relatively Low,58151.66,67245.358,125988.143,17.525,Very Low,125232.561,13.968,Very Low,66.572,1109646352,3195.302,37065505016,38221839986,Relatively Moderate,987464.155,37321.88,1026159.655,87.019,Relatively Moderate,987391.879,85.905,Relatively Low,143.54,8.888,2082.187,3365746144,10455,121000000000,125000000000,Relatively Low,2548.408,95677.733,98226.142,67.874,Relatively Moderate,97161.246,62.743,Relatively Moderate
70,Montana,MT,Carter,1400,842698370,3381.807,584163.126,2.323,Very Low,2.29,Very Low,502373.817,280925.52,0.013,150217.445,31.38,Relatively Low,3.31,Very Low,2.344,1.163,Not Applicable,Not Applicable,Not Applicable,3381.807,Relatively Low,Relatively Moderate,Relatively Moderate,3381.807,Very Low,Very Low,Very Low,3381.807,842689000,1415,16414000000,17256689000,0.014,Relatively Low,1385.8,170.772,1556.572,4.581,Very Low,1809.991,4.677,Very Low,92,2.695,3381.807,842698370,1400,16240000000,17163721657,Relatively High,32441.574,3249.172,36117.976,32.475,Very Low,41998.187,29.749,Very Low,3381.807,Relatively Low,Relatively Low,Relatively Low,0.052,3381.807,842698370,1400,16240000000,17082698370,Relatively Moderate,672.604,761.853,1434.457,4.73,Very Low,1667.995,4.664,Very Low,Relatively High,Relatively Low,Relatively Low,621,28.207,3381.807,842698370,1400,16240000000,17082698370,Relatively High,1841.283,7808.454,9649.737,5.824,Very Low,11220.769,5.695,Very Low,Relatively Low,Very Low,Very Low,49,1.434,3381.807,842698370,1400,16240000000,17163721657,Relatively Moderate,1374.15,13068.759,14543.602,7.785,Very Low,16911.383,5.154,Very Low,0.418,3381.807,842698370,1400,16240000000,17163721657,Relatively Low,31107.633,14897.617,48298.309,11.694,Very Low,56161.548,9.29,Very Low,24.739,92513568.1,134.208,1556812227,1656213310,Relatively High,114079.863,11974.047,126289.787,67.324,Relatively Low,146850.481,67.261,Relatively Low,83.003,5.14,3381.807,842698370,1400,16240000000,17163721657,Relatively High,64908.875,11557.982,76525.857,61.622,Relatively Moderate,88984.701,60.579,Relatively Low
71,Montana,MT,Cascade,84327,18475746848,2738.828,7340254.994,55.775,Relatively Low,56.175,Relatively Low,6634694.198,1192617.787,0.435,5047440.985,52.83,Relatively Moderate,81.73,Very High,2.721,1.106,Not Applicable,Not Applicable,Not Applicable,2738.828,Very Low,Very High,Very High,2738.828,Very Low,Relatively Low,Very Low,2738.828,18475453000,84414,979000000000,998000000000,0.026,Relatively Low,251359.6,41393.655,292753.255,63.169,Relatively Low,346840.008,64.333,Very Low,37,1.073,2738.828,18475746848,84327,978000000000,997000000000,Very Low,450.507,5029.244,5505.997,9.77,Very Low,6199.068,7.318,Very Low,2738.828,No Rating,No Expected Annual Losses,No Rating,0.015,2738.828,18475746848,84327,978000000000,997000000000,Relatively High,59735.262,15237.772,74973.034,55.13,Relatively Low,84801.731,54.63,Relatively Low,Very Low,Relatively Low,Relatively Low,186,8.453,2738.828,18475746848,84327,978000000000,997000000000,Relatively Moderate,722.888,54250.081,54972.97,34.846,Relatively Low,62108.659,32.4,Relatively Low,Very Low,Relatively Low,Relatively Low,24,0.698,2738.828,18475746848,84327,978000000000,997000000000,Relatively Moderate,11503.564,358328.304,370054.697,55.521,Relatively Moderate,416723.425,52.561,Relatively Low,0.129,2738.828,18475746848,84327,978000000000,997000000000,Very Low,212942.52,39314.622,252789.396,25.031,Very Low,285577.883,22.781,Very Low,133.931,2100107271,6564.461,76147751095,78280692548,Relatively Moderate,573595.794,8653.159,582553.035,83.042,Relatively Low,600551.029,81.864,Relatively Low,223.258,13.824,2738.828,18475746848,84327,978000000000,997000000000,Relatively Low,8571.399,1265050.315,1273863.302,98.483,Very High,1434202.879,98.568,Very High
72,Montana,MT,Chouteau,5879,3878871813,4037.042,1109367.549,6.045,Very Low,5.54,Very Low,901480.747,241178.256,0.027,309069.084,27.66,Relatively Low,24.79,Relatively Low,2.496,1.231,Not Applicable,Not Applicable,Not Applicable,4037.042,Relatively Low,Relatively High,Relatively High,4037.042,Very Low,Relatively Low,Relatively Low,4037.042,3878846000,5895,68382000000,72260846000,0.011,Relatively Low,9866.7,1168.703,11035.403,18.725,Very Low,12109.035,18.645,Very Low,36,1.038,4037.042,3878871813,5879,68196400000,72271017697,Relatively Low,2129.213,188.249,10642.891,14.392,Very Low,12996.869,12.377,Very Low,4037.042,Relatively Low,Relatively Low,Relatively Low,0.015,4037.042,3878871813,5879,68196400000,72075271813,Very High,12541.059,1062.327,13603.386,25.017,Very Low,16741.281,25.383,Very Low,Relatively Low,Relatively Low,Relatively Low,217,9.828,4037.042,3878871813,5879,68196400000,72075271813,Very High,169.402,28583.591,28752.993,19.273,Very Low,35293.212,19.884,Very Low,No Rating,No Expected Annual Losses,No Rating,28,0.801,4037.042,3878871813,5879,68196400000,72271017697,Relatively Moderate,24475.456,1006.743,32545.68,11.973,Very Low,39608.094,9.64,Very Low,0.252,4037.042,3878871813,5879,68196400000,72271017697,Relatively Low,62080.112,3677.84,66543.299,13.524,Very Low,84603.467,11.899,Very Low,187.911,564959807.4,760.856,8825929682,9409751593,Very High,111611.378,2509.121,114314.953,66.02,Relatively Low,147511.938,67.292,Relatively Low,131,8.111,4037.042,3878871813,5879,68196400000,72271017697,Relatively Moderate,12136.004,51769.632,64130.607,57.072,Relatively Moderate,78579.73,57.556,Relatively Low
73,Montana,MT,Custer,11841,3118157668,3831.491,4222535.159,35.889,Very Low,38.007,Very Low,3950640.744,676252.42,0.273,3165209.627,40.71,Relatively Moderate,46.09,Relatively Moderate,2.583,1.069,Not Applicable,Not Applicable,Not Applicable,3831.491,Relatively Low,Relatively Moderate,Relatively Moderate,3831.491,Very Low,Very Low,Very Low,3831.491,3118088000,11867,138000000000,141000000000,0.015,Relatively Low,4520.9,789.019,5309.919,11.761,Very Low,6022.855,12.249,Very Low,66,1.933,3831.491,3118157668,11841,137000000000,141000000000,Relatively Low,21.722,19541.203,19911.566,22.053,Very Low,21098.1,18.613,Very Low,3831.491,Relatively Low,Relatively Low,Relatively Low,0.015,3831.491,3118157668,11841,137000000000,140000000000,Relatively High,10081.539,2139.652,12221.191,23.684,Very Low,12725.331,21.952,Very Low,Relatively Low,Relatively Low,Relatively Low,503,22.849,3831.491,3118157668,11841,137000000000,140000000000,Very High,5978.825,178074.143,184052.968,71.622,Relatively Moderate,196671.316,68.79,Relatively Low,Very Low,Relatively Moderate,Relatively Moderate,35,1.022,3831.491,3118157668,11841,137000000000,141000000000,Relatively Moderate,12876.521,101519.485,114517.742,25.837,Relatively Low,120282.226,21.54,Very Low,0.226,3831.491,3118157668,11841,137000000000,141000000000,Relatively Low,49487.705,60959.387,113164.731,16.532,Very Low,114214.214,13.268,Very Low,16.915,139509366.7,358.493,4158523958,4306976684,Relatively Moderate,195919.036,12358.15,209105.377,72.797,Relatively Low,158591.81,68.279,Relatively Low,53.005,3.282,3831.491,3118157668,11841,137000000000,141000000000,Relatively High,105954.446,62421.979,168417.28,79.109,Relatively Moderate,176349.723,76.965,Relatively Moderate
74,Montana,MT,Daniels,1661,1764898474,1441.067,683931.499,2.8,Very Low,3.807,Very Low,693078.975,226686.775,0.018,204127.886,5.03,Very Low,21.45,Relatively Low,2.481,0.987,Not Applicable,Not Applicable,Not Applicable,1441.062,Relatively Low,Relatively Moderate,Relatively Moderate,1441.062,Very Low,Very Low,Very Low,1441.062,1764886000,1661,19267600000,21032486000,0.007,Relatively Low,1180.1,176.5,1356.6,4.209,Very Low,1338.695,3.818,Very Low,49,1.441,1441.062,1764898474,1661,19267600000,21080855211,Very High,66988.815,2473.612,89364.057,50.9,Relatively Low,88184.602,45.275,Relatively Low,1441.062,Relatively Low,Relatively Low,Relatively Low,0.015,1441.062,1764898474,1661,19267600000,21032498474,Very High,5706.22,300.14,6006.36,15.09,Very Low,5927.086,12.592,Very Low,Relatively High,Relatively Low,Very Low,324,14.697,1441.062,1764898474,1661,19267600000,21032498474,Relatively High,990.867,6307.462,7298.329,4.118,Very Low,7202.004,3.346,Very Low,No Rating,No Expected Annual Losses,No Rating,40,1.169,1441.062,1764898474,1661,19267600000,21080855211,Relatively High,61974.399,9843.859,86551.326,21.588,Relatively Low,85408.994,16.958,Very Low,0.117,1441.067,1764898474,1661,19267600000,21080855211,Relatively Moderate,36135.346,10897.721,47224.487,11.476,Very Low,46601.203,8.431,Very Low,32.727,157186583.3,51.23,594270535.4,753524332,Very High,11112.421,150.617,11284.428,30.13,Very Low,11135.493,27.967,Very Low,60.012,3.716,1441.062,1764898474,1661,19267600000,21080855211,Relatively High,35464.623,12495.312,47985.395,50.418,Relatively Low,47352.068,44.384,Relatively Low
75,Montana,MT,Dawson,8924,3032846399,2407.526,2053990.785,14.508,Very Low,18.384,Very Low,2144356.927,680449.386,0.105,1220584.802,17.7,Very Low,56.68,Relatively Moderate,2.623,0.958,Not Applicable,Not Applicable,Not Applicable,2407.526,Very Low,Relatively Moderate,Relatively Moderate,2407.526,Very Low,Very Low,Very Low,2407.526,3032814000,8940,104000000000,107000000000,0.006,Very Low,1346.6,213.103,1559.703,4.612,Very Low,1413.457,3.977,Very Low,76,2.213,2407.526,3032846399,8924,104000000000,107000000000,Relatively Low,10482.917,21475.835,38821.026,33.964,Very Low,37010.695,27.458,Very Low,2407.526,Relatively Low,Relatively Moderate,Relatively Low,0.021,2407.526,3032846399,8924,104000000000,107000000000,Relatively High,11328.379,1635.213,12963.592,24.417,Very Low,11945.292,21.119,Very Low,Relatively Low,Relatively Low,Relatively Low,455,20.642,2407.526,3032846399,8924,104000000000,107000000000,Relatively High,1823.627,52131.766,53955.393,34.234,Relatively Low,55067.074,28.636,Relatively Low,Very Low,Relatively Low,Relatively Low,57,1.658,2407.526,3032846399,8924,104000000000,107000000000,Relatively High,458088.885,81030.721,579728.897,69.758,Relatively Moderate,537148.981,61.47,Relatively Moderate,0.318,2407.526,3032846399,8924,104000000000,107000000000,Relatively Low,133828.685,164275.183,299261.961,27.419,Very Low,294166.148,23.099,Very Low,26.857,161609405.2,292.431,3392204406,3556697809,Relatively High,13668.479,2080,15758.459,35.571,Very Low,13644.252,31.594,Very Low,69,4.272,2407.526,3032846399,8924,104000000000,107000000000,Relatively Moderate,7314.168,106190.667,113545.241,71.495,Relatively Moderate,115396.854,67.261,Relatively Moderate
76,Montana,MT,Deer Lodge,9414,2098175922,748.878,1472448.997,8.654,Very Low,8.945,Very Low,1252678.026,338441.512,0.076,881226.207,66.07,Relatively High,34.5,Relatively Low,2.536,1.175,Relatively Moderate,Relatively Low,Very Low,748.878,Very Low,Relatively High,Relatively High,748.878,Very Low,Very Low,Very Low,748.878,2098135000,9421,109000000000,111000000000,0.057,Relatively Moderate,130397.8,18745.481,149143.28,51.47,Very Low,182944.073,53.134,Very Low,23,0.656,748.878,2098175922,9414,109000000000,111000000000,Relatively Moderate,15963.532,398.294,16443.932,19.479,Very Low,19773.607,17.499,Very Low,748.878,No Rating,No Expected Annual Losses,No Rating,0.018,748.878,2098175922,9414,109000000000,111000000000,Relatively High,42.707,4656.602,4699.309,12.125,Very Low,5545.847,12.025,Very Low,Relatively Low,Relatively Low,Relatively Low,206,9.323,748.878,2098175922,9414,109000000000,111000000000,Very High,64.595,74816.142,74880.738,45.142,Relatively Low,90435.438,45.109,Relatively Low,Relatively Low,Very Low,Very Low,11,0.31,748.878,2098175922,9414,109000000000,111000000000,Relatively Moderate,9973.145,28299.451,38285.956,13.337,Very Low,46461.301,11.009,Very Low,0.021,748.878,2098175922,9414,109000000000,111000000000,Relatively Low,7961.065,11024.162,18996.343,7.413,Very Low,23268.249,5.663,Very Low,4.098,187644237.7,629.597,7303319977,7492539129,Relatively Moderate,151142.575,2419.515,153601.183,69.488,Relatively Low,163277.072,68.565,Relatively Low,148.945,9.223,748.878,2098175922,9414,109000000000,111000000000,Relatively Low,434.891,78768.188,79212.804,62.396,Relatively Moderate,96408.192,62.552,Relatively Moderate
77,Montana,MT,Fallon,3048,1341816580,1639.262,750022.143,3.436,Very Low,3.962,Very Low,704212.211,279710.164,0.027,316598.892,14.48,Very Low,43.57,Relatively Moderate,2.571,1.065,Not Applicable,Not Applicable,Not Applicable,1639.262,Relatively Low,Relatively Moderate,Relatively Moderate,1639.262,Very Low,Very Low,Very Low,1639.262,1341803000,3049,35368400000,36710203000,0.012,Relatively Low,1050,152.763,1202.763,3.9,Very Low,1281.004,3.532,Very Low,81,2.353,1639.262,1341816580,3048,35356800000,36750585850,Relatively High,61680.636,8245.356,105059.049,54.125,Relatively Low,111893.279,50.716,Relatively Low,1639.262,Relatively Low,Relatively Low,Relatively Low,0.159,1639.262,1341816580,3048,35356800000,36698616580,Relatively Moderate,3373.597,4191.084,7564.681,17.855,Very Low,8056.774,16.256,Very Low,Relatively High,Relatively Low,Relatively Low,483,21.932,1639.262,1341816580,3048,35356800000,36698616580,Relatively High,2175.187,12469.539,14644.726,9.363,Very Low,15597.385,8.14,Very Low,Relatively Low,Very Low,Very Low,48,1.387,1639.262,1341816580,3048,35356800000,36750585850,Relatively Moderate,815.561,30792.804,51705.201,16.036,Very Low,55068.692,12.313,Very Low,0.209,1639.262,1341816580,3048,35356800000,36750585850,Relatively Moderate,51700.762,35387.725,88163.748,15.105,Very Low,93898.915,12.409,Very Low,15.388,83714902.49,172.354,1999307030,2086168723,Relatively High,51046.256,6461.035,57582.927,56.602,Very Low,61328.773,56.316,Very Low,65,4.025,1639.262,1341816580,3048,35356800000,36750585850,Relatively High,69087.4,29461.936,98578.972,67.998,Relatively Moderate,104991.664,64.811,Relatively Moderate
78,Montana,MT,Fergus,11438,5109286165,4393.939,1553372.551,9.768,Very Low,11.266,Very Low,1479879.401,515714.154,0.063,731643.318,28.13,Relatively Low,75.84,Relatively High,2.697,1.05,Not Applicable,Not Applicable,Not Applicable,4393.939,Relatively Low,Relatively High,Relatively High,4393.939,Very Low,Very Low,Very Low,4393.939,5109248000,11446,133000000000,138000000000,0.007,Very Low,5325,850.882,6175.882,12.968,Very Low,6875.508,13.204,Very Low,47,1.38,4393.939,5109286165,11438,133000000000,138000000000,Relatively Low,835.63,519.325,9843.319,13.803,Very Low,9763.345,9.959,Very Low,4393.939,Relatively Low,Relatively Low,Relatively Low,0.015,4393.939,5109286165,11438,133000000000,138000000000,Very High,16519.2,2066.831,18586.03,29.447,Relatively Low,19638.848,27.682,Very Low,Very Low,Relatively Moderate,Relatively Moderate,332,15.065,4393.939,5109286165,11438,133000000000,138000000000,Very High,330.694,79644.298,79974.992,46.943,Relatively Low,89141.319,44.723,Relatively Low,Very Low,Very Low,Very Low,22,0.627,4393.939,5109286165,11438,133000000000,138000000000,Relatively Low,10556.722,1369.562,16119.064,8.002,Very Low,16667.701,5.059,Very Low,0.591,4393.939,5109286165,11438,133000000000,138000000000,Very Low,121412.4,11369.319,135711.581,18.393,Very Low,143553.082,15.304,Very Low,95.596,1064470421,1803.092,20915864782,22004246282,Relatively High,298350.866,7000.376,305910.458,76.901,Relatively Low,301428.938,74.928,Relatively Low,185.015,11.456,4393.939,5109286165,11438,133000000000,138000000000,Relatively Moderate,22575.622,142242.178,165066.604,78.582,Relatively Moderate,181966.65,77.665,Relatively Moderate
79,Montana,MT,Flathead,104238,21135609776,5309.073,25572758.08,83.901,Relatively Moderate,84.618,Relatively Moderate,24238257.47,13606642.2,0.893,10361362.17,22.72,Relatively Low,50.67,Relatively Moderate,2.6,1.055,Relatively High,Relatively Moderate,Relatively Low,5309.073,Very Low,Very High,Very High,5309.073,Very Low,Very Low,Very Low,5309.073,21135236000,104357,1210000000000,1230000000000,0.166,Relatively High,9366254.9,3337640.82,12703895.72,95.791,Relatively Moderate,13750589.15,95.832,Relatively Moderate,12,0.332,5309.073,21135609776,104238,1210000000000,1230000000000,Very Low,3449.321,960.373,4508.599,8.778,Very Low,4708.134,5.791,Very Low,5309.073,Relatively Low,Relatively Low,Relatively Low,0.015,5309.073,21135609776,104238,1210000000000,1230000000000,Relatively Moderate,225.661,16619.764,16845.426,27.881,Very Low,17593.096,26.282,Very Low,Very Low,Relatively High,Relatively High,112,5.053,5309.073,21135609776,104238,1210000000000,1230000000000,Very High,45.083,266063.676,266108.759,78.958,Relatively Moderate,280966.703,76.834,Relatively Moderate,Very Low,Relatively Moderate,Relatively Moderate,7,0.179,5309.073,21135609776,104238,1210000000000,1230000000000,Relatively Low,8395.423,71573.213,80127.258,20.471,Relatively Low,84290.326,16.608,Very Low,0.063,5309.073,21135609776,104238,1210000000000,1230000000000,Very Low,2136.358,13776.299,15940.106,6.7,Very Low,16692.481,4.709,Very Low,38.255,3185328891,16846.148,195000000000,199000000000,Relatively Low,3482562.592,10849.112,3493578.665,94.973,Relatively Moderate,3342027.031,94.146,Relatively Moderate,224.03,13.872,5309.073,21135604934,104237.922,1210000000000,1230000000000,Very Low,42439.696,100710.626,143189.054,75.89,Relatively Moderate,148830.421,73.592,Relatively Moderate
80,Montana,MT,Gallatin,118825,25191534591,2660.364,11864144.52,69.774,Relatively Low,73.507,Relatively Low,13028728.72,9181481.943,0.314,3637725.307,7.8,Very Low,70.43,Relatively High,2.676,0.911,Relatively Moderate,Relatively Moderate,Relatively Moderate,2660.364,Very Low,Relatively Low,Relatively Low,2660.364,Very Low,Relatively Low,Relatively Low,2660.364,25191200000,118960,1380000000000,1410000000000,0.055,Relatively Moderate,6178254.6,1472358.835,7650613.435,94.119,Relatively Moderate,7220215.941,93.955,Relatively Moderate,19,0.55,2660.364,25191534591,118825,1380000000000,1400000000000,Relatively High,797166.081,4664.265,803054.267,87.903,Relatively Moderate,728537.475,85.014,Relatively Moderate,2660.364,Very High,Very Low,Very Low,0.015,2660.364,25191534591,118825,1380000000000,1400000000000,Relatively High,81448.557,21471.513,102920.07,61.726,Relatively Moderate,93402.759,56.895,Relatively Low,Very Low,Relatively Low,Relatively Low,215,9.737,2660.364,25191534591,118825,1380000000000,1400000000000,Very High,605.091,568910.709,569515.8,89.736,Relatively High,518029.13,86.937,Relatively Moderate,Very Low,Relatively Low,Relatively Low,15,0.423,2660.364,25191534591,118825,1380000000000,1400000000000,Relatively Low,4550.926,272374.889,277080.695,46.929,Relatively Low,250936.55,36.621,Relatively Low,0.054,2660.364,25191534591,118825,1380000000000,1400000000000,Relatively Low,82900.285,147671.487,230713.671,24.194,Very Low,208823.116,19.185,Very Low,75.069,3554380012,15483.886,180000000000,183000000000,Relatively Low,1939956.359,33903.781,1974265.946,91.919,Relatively Moderate,1626347.646,89.628,Relatively Moderate,225.042,13.934,2660.364,25191534591,118825,1380000000000,1400000000000,Very Low,2901.864,132603.998,135505.862,74.559,Relatively Moderate,122791.311,68.947,Relatively Moderate
81,Montana,MT,Garfield,1171,895016161,4898.048,557289.046,2.195,Very Low,3.559,Very Low,660178.115,384613.892,0.011,131582.819,7.7,Very Low,63.37,Relatively High,2.65,0.844,Not Applicable,Not Applicable,Not Applicable,4898.048,Relatively Low,Relatively Moderate,Relatively Moderate,4898.048,Very Low,Very Low,Very Low,4898.048,895004000,1173,13606800000,14501804000,0.004,Very Low,380.3,59.933,440.233,1.362,Very Low,371.623,0.955,Very Low,53,1.544,4898.048,895016161,1171,13583600000,14541127744,Relatively High,24395.288,2595.644,33091.245,30.645,Very Low,27933.959,22.367,Very Low,4898.048,Relatively Low,Relatively Low,Relatively Low,0.015,4898.048,895016161,1171,13583600000,14478616161,Very High,2893.741,211.598,3105.339,8.827,Very Low,2621.37,6.362,Very Low,Relatively High,Relatively Low,Relatively Low,386,17.532,4898.048,895016161,1171,13583600000,14478616161,Relatively High,177.088,6416.726,6593.814,3.668,Very Low,5566.165,2.413,Very Low,Relatively Low,Very Low,Very Low,43,1.246,4898.048,895016161,1171,13583600000,14541127744,Very High,50605.419,342.312,80646.475,20.533,Relatively Low,68077.684,14.318,Very Low,0.362,4898.048,895016161,1171,13583600000,14541127744,Very Low,12660.897,1336.042,14604.873,6.266,Very Low,12328.697,4.168,Very Low,36.08,170518925,175.904,2040484343,2217246875,Very High,249765.263,7042.104,257480.161,74.897,Relatively Low,217351.757,71.651,Relatively Low,74.031,4.584,4898.048,895016161,1171,13583600000,14541127744,Relatively Moderate,4619.784,8607.26,13267.634,22.686,Relatively Low,11199.867,15.367,Very Low
82,Montana,MT,Glacier,13712,3019229099,3066.605,2367061.326,17.086,Very Low,12.225,Very Low,1586566.352,455183.281,0.073,846722.75,90.67,Very High,20.4,Relatively Low,2.476,1.492,Not Applicable,Not Applicable,Not Applicable,3066.605,Very Low,Relatively High,Relatively High,3066.605,Very Low,Very Low,Relatively Low,3066.605,3019181000,13778,160000000000,163000000000,0.031,Relatively Low,142577.8,21170.339,163748.139,53.018,Very Low,249082.052,58.766,Very Low,13,0.377,3066.605,3019229099,13712,159000000000,162000000000,Very Low,854.695,178.248,1060.228,4.56,Very Low,1557.123,2.736,Very Low,3066.605,No Rating,No Expected Annual Losses,No Rating,0.015,3066.605,3019229099,13712,159000000000,162000000000,Relatively Moderate,32.236,2186.267,2218.503,6.795,Very Low,3397.404,7.861,Very Low,Relatively Low,Relatively Low,Relatively Low,110,4.972,3066.605,3019229099,13712,159000000000,162000000000,Very High,4.468,49910.196,49914.664,31.21,Relatively Low,75929.567,39.929,Relatively Low,Very Low,Very Low,Very Low,7,0.187,3066.605,3019229099,13712,159000000000,162000000000,Relatively Moderate,15525.364,19846.289,35871.729,12.469,Very Low,53563.037,12.059,Very Low,0.043,3066.605,3019229099,13712,159000000000,162000000000,Very Low,3676.856,1984.577,5783.355,3.505,Very Low,8586.788,3.309,Very Low,108.105,462989440.8,2255.223,26160581213,26650313602,Relatively Moderate,253745.502,928.29,255075.657,74.833,Relatively Low,363951.372,76.456,Relatively Low,227.618,14.094,3066.605,3019229099,13712,159000000000,162000000000,Relatively Low,5123.056,53217.109,58484.351,54.906,Relatively Moderate,92135.882,61.311,Relatively Moderate
83,Montana,MT,Golden Valley,813,529124103,1187.301,228142.808,0.541,Very Low,0.526,Very Low,234491.065,145457.208,0.005,53651.052,15.37,Very Low,22.57,Relatively Low,2.487,0.973,Not Applicable,Not Applicable,Not Applicable,1187.301,Relatively Low,Relatively Low,Relatively Low,1187.301,Very Low,Very Low,Very Low,1187.301,529114000,823,9546800000,10075914000,0.01,Relatively Low,1437.2,202.394,1639.594,4.704,Very Low,1595.206,4.391,Very Low,78,2.274,1187.301,529124103,813,9430800000,9981244489,Relatively High,38780.313,1983.63,45334.243,36.911,Very Low,44106.932,30.894,Very Low,1187.301,Relatively Low,Very Low,Very Low,0.015,1187.301,529124103,813,9430800000,9959924103,Very High,1710.749,146.908,1857.657,5.863,Very Low,1807.366,4.83,Very Low,Relatively High,Relatively Low,Relatively Low,336,15.252,1187.301,529124103,813,9430800000,9959924103,Relatively Moderate,83.586,1483.114,1566.699,0.515,Very Low,1524.285,0.515,Very Low,Relatively Low,Very Low,Very Low,29,0.838,1187.301,529124103,813,9430800000,9981244489,Relatively High,14466.129,4568.421,23706.843,10.019,Very Low,23065.039,6.65,Very Low,0.103,1187.301,529124103,813,9430800000,9981244489,Relatively Low,9396.586,746.883,10331.173,5.335,Very Low,10051.482,3.754,Very Low,44.157,187235428.2,246.959,2864719889,3058032684,Very High,57121.219,1602.821,58816.21,56.825,Very Low,57223.909,55.297,Very Low,82.094,5.083,1187.301,529124103,813,9430800000,9981244489,Relatively Moderate,1733.262,7453.615,9201.733,17.765,Relatively Low,8952.619,12.79,Very Low
84,Montana,MT,Granite,3291,1314077808,1750.271,1610528.402,10.15,Very Low,12.009,Very Low,1557808.105,850782.855,0.056,655185.132,12.09,Very Low,22.12,Relatively Low,2.484,1.034,Relatively Moderate,Relatively Moderate,Relatively Low,1750.271,Relatively Low,Relatively Moderate,Relatively Moderate,1750.271,Very Low,Very Low,Very Low,1750.271,1314055000,3309,38384400000,39698455000,0.054,Relatively High,79504.4,8879.829,88384.229,42.68,Very Low,89914.278,41.012,Very Low,22,0.63,1750.271,1314077808,3291,38175600000,39510200670,Relatively Moderate,2349.97,1579.674,8812.415,12.779,Very Low,8882.628,9.322,Very Low,1750.271,No Rating,No Expected Annual Losses,No Rating,0.142,1750.271,1314077808,3291,38175600000,39489677808,Relatively High,132.817,12720.715,12853.531,24.25,Very Low,13581.745,22.452,Very Low,Relatively Low,Relatively Low,Relatively Low,195,8.827,1750.271,1314077808,3291,38175600000,39489677808,Very High,1308.352,14971.114,16279.466,10.746,Very Low,16833.249,9.073,Very Low,Very Low,Very Low,Very Low,11,0.3,1750.271,1314077808,3291,38175600000,39510200670,Relatively High,11759.158,6414.123,18225.819,8.499,Very Low,18589.99,5.663,Very Low,0.03,1750.271,1314077808,3291,38175600000,39510200670,Relatively Low,2748.101,1980.618,4769.829,3.071,Very Low,4936.028,2.577,Very Low,25.705,364313120.7,777.458,9018509773,9390666321,Relatively High,737570.846,119083.567,857235.441,85.651,Relatively Moderate,898488.528,85.173,Relatively Low,194.057,12.016,1750.271,1314077780,3291,38175597755,39510198397,Relatively Low,377.684,35985.445,36392.437,43.764,Relatively Low,37317.064,38.562,Relatively Low
85,Montana,MT,Hill,16298,4698338873,2945.904,2081121.796,14.763,Very Low,16.094,Very Low,1930430.582,217947.229,0.109,1268021.979,54.58,Relatively Moderate,52.58,Relatively Moderate,2.608,1.078,Not Applicable,Not Applicable,Not Applicable,2945.904,Very Low,Relatively High,Relatively High,2945.904,Very Low,Relatively Low,Relatively Low,2945.904,4698274000,16309,189000000000,194000000000,0.005,Very Low,4384.6,577.63,4962.23,11.359,Very Low,4825.679,10.213,Very Low,17,0.5,2945.904,4698338873,16298,189000000000,194000000000,Very Low,1593.302,279.763,1914.502,5.614,Very Low,2070.131,3.277,Very Low,2945.904,Relatively Low,Relatively Low,Relatively Low,0.015,2945.904,4698338873,16298,189000000000,194000000000,Relatively High,15190.536,2945.026,18135.562,28.981,Relatively Low,19539.521,27.648,Very Low,Very Low,Relatively Low,Relatively Low,194,8.791,2945.904,4698338873,16298,189000000000,194000000000,Very High,185.994,69655.683,69841.677,43.179,Relatively Low,82070.143,42.117,Relatively Low,Relatively Moderate,Very Low,Very Low,19,0.535,2945.904,4698338873,16298,189000000000,194000000000,Relatively Low,17692.276,3362.032,24576.879,10.174,Very Low,25922.582,7.191,Very Low,0.096,2945.904,4698338873,16298,189000000000,194000000000,Very Low,29077.117,5640.972,34867.253,9.708,Very Low,38325.885,7.413,Very Low,94.325,273779850.3,678.44,7869899022,8151569729,Very High,34619.431,2594.022,37230.575,49.889,Very Low,35254.518,47.725,Very Low,97,6.006,2945.904,4698338873,16298,189000000000,194000000000,Relatively Low,3648.267,106268.945,110044.731,70.443,Relatively Moderate,128000.024,69.742,Relatively Moderate
86,Montana,MT,Jefferson,12032,2953620197,1676.165,1839814.93,12.154,Very Low,14.454,Very Low,1799272.283,1381688.702,0.034,390610.446,9.71,Very Low,43.89,Relatively Moderate,2.572,1.023,Not Applicable,Not Applicable,Not Applicable,1676.165,Very Low,Relatively Low,Relatively Low,1676.165,Very Low,Very Low,Very Low,1676.165,2953582000,12085,140000000000,143000000000,0.046,Relatively Moderate,315444.6,52947.954,368392.554,66.636,Relatively Low,405807.043,66.879,Relatively Low,25,0.726,1676.165,2953620197,12032,140000000000,143000000000,Relatively High,75179.98,550.116,75974.6,47.208,Relatively Low,78978.901,43.048,Very Low,1676.165,No Rating,No Expected Annual Losses,No Rating,0.015,1676.165,2953620197,12032,140000000000,143000000000,Relatively High,9549.561,2174.166,11723.727,23.051,Very Low,12241.416,21.386,Very Low,Relatively Low,Relatively Low,Relatively Low,250,11.342,1676.165,2953620197,12032,140000000000,143000000000,Relatively High,87.434,46035.982,46123.415,29.086,Relatively Low,46711.364,24.903,Very Low,Relatively Low,Very Low,Very Low,13,0.378,1676.165,2953620197,12032,140000000000,143000000000,Relatively Moderate,11709.518,42203.09,53935.036,16.315,Very Low,53935.004,12.154,Very Low,0.05,1676.165,2953620197,12032,140000000000,143000000000,Relatively Low,11220.008,13411.735,24682.718,8.468,Very Low,24439.869,5.854,Very Low,23.504,1196124210,5084.705,58982582502,60185402646,Relatively Moderate,943075.876,20536.442,963703.832,86.605,Relatively Moderate,953258.159,85.587,Relatively Low,145.259,8.994,1676.165,2953620197,12032,140000000000,143000000000,Relatively Moderate,912.923,155452.614,156395.076,77.53,Relatively Moderate,158587.767,74.897,Relatively Moderate
87,Montana,MT,Judith Basin,2023,1605513248,1889.368,358567.38,0.955,Very Low,1.548,Very Low,413006.482,153690.115,0.011,127048.537,2.67,Very Low,48.73,Relatively Moderate,2.593,0.868,Not Applicable,Not Applicable,Not Applicable,1889.368,Relatively Low,Relatively Moderate,Relatively Moderate,1889.368,Very Low,Very Low,Very Low,1889.368,1605503000,2023,23466800000,25072303000,0.012,Relatively Low,4980.6,553.924,5534.524,12.009,Very Low,4805.009,10.118,Very Low,45,1.315,1889.368,1605513248,2023,23466800000,25174294154,Relatively Low,1155.334,83.615,3332.047,7.506,Very Low,2892.844,4.232,Very Low,1889.368,Relatively Moderate,Very Low,Very Low,0.015,1889.368,1605513248,2023,23466800000,25072313248,Very High,5190.9,365.553,5556.453,14.29,Very Low,4824.048,10.726,Very Low,Relatively High,Relatively Low,Relatively Low,271,12.297,1889.368,1605513248,2023,23466800000,25072313248,Very High,54.066,11622.361,11676.427,7.014,Very Low,10137.337,5.051,Very Low,No Rating,No Expected Annual Losses,No Rating,22,0.622,1889.368,1605513248,2023,23466800000,25174294154,Relatively Moderate,12783.086,267.26,13202.935,7.134,Very Low,11462.633,3.595,Very Low,0.169,1889.368,1605513248,2023,23466800000,25174294154,Relatively Low,34487.457,1909.464,37099.783,10.112,Very Low,32209.596,6.809,Very Low,84.27,511513466.9,568.525,6594888432,7135210039,Very High,89377.694,527.911,90135.191,62.934,Relatively Low,78254.314,59.879,Very Low,232.011,14.366,1889.368,1605513248,2023,23466800000,25174294154,Relatively Moderate,774.205,40396.432,41378.212,47.044,Relatively Low,35924.078,37.639,Relatively Low
88,Montana,MT,Lake,31051,7096610805,1670.697,11342863.88,68.215,Relatively Low,63.943,Relatively Low,8582912.311,4949250.735,0.296,3438661.255,72.76,Relatively High,47.52,Relatively Moderate,2.589,1.322,Very High,Relatively Moderate,Relatively Low,1670.697,Very Low,Very High,Very High,1670.697,Very Low,Very Low,Very Low,1670.697,7096486000,31134,361000000000,368000000000,0.115,Relatively High,3712603,1289931.702,5002534.702,92.324,Relatively Moderate,6665799.169,93.764,Relatively Moderate,14,0.386,1670.697,7096610805,31051,360000000000,367000000000,Relatively Low,652.891,9007.323,18295.314,20.689,Very Low,25165.199,20.904,Very Low,1670.697,Relatively High,Very Low,Very Low,0.09,1670.697,7090052719,31035.432,360000000000,367000000000,Relatively Low,238.335,20382.913,20621.248,31.379,Relatively Low,29033.817,34.277,Relatively Low,Very Low,Relatively Low,Relatively Low,111,5.008,1670.697,7096610805,31051,360000000000,367000000000,Very High,2997.37,74590.541,77587.912,45.946,Relatively Low,102560.537,48.713,Relatively Low,Relatively Low,Very Low,Very Low,9,0.258,1670.697,7096610805,31051,360000000000,367000000000,Relatively Low,5659.3,42989.753,48705.16,15.478,Very Low,65117.134,13.904,Very Low,0.022,1670.697,7096610805,31051,360000000000,367000000000,Very Low,809.66,4940.023,5779.146,3.474,Very Low,7675.009,3.118,Very Low,44.962,973397979.5,4663.743,54099420262,55085849917,Relatively Moderate,1158757.717,3503.475,1162570.874,88.069,Relatively Moderate,1451324.007,88.482,Relatively Moderate,163.012,10.094,1670.697,7051583998,30855.447,358000000000,365000000000,Relatively Low,33882.597,152207.637,186159.354,81.306,Relatively Moderate,241932.636,82.501,Relatively Moderate
89,Montana,MT,Lewis and Clark,70922,13843613255,3532.878,6490168.064,51.161,Relatively Low,56.36,Relatively Low,6685025.29,3414949.29,0.267,3102664.32,14.23,Very Low,76.61,Relatively High,2.7,0.971,Not Applicable,Not Applicable,Not Applicable,3532.878,Very Low,Relatively High,Relatively High,3532.878,Very Low,Very Low,Very Low,3532.878,13843412000,70973,823000000000,837000000000,0.068,Relatively Moderate,1546006,438319.857,1984325.857,85.949,Relatively Low,2079400.822,87.082,Relatively Low,28,0.797,3532.878,13843613255,70922,823000000000,837000000000,Very Low,99.536,1731.207,2451.738,6.359,Very Low,2415.335,3.691,Very Low,3532.878,No Rating,No Expected Annual Losses,No Rating,0.015,3532.878,13843613255,70922,823000000000,837000000000,Relatively Moderate,147.806,11307.939,11455.745,22.685,Very Low,11184.813,20.286,Very Low,Very Low,Relatively Moderate,Relatively Moderate,180,8.152,3532.878,13843613255,70922,823000000000,837000000000,Very High,411.851,378526.195,378938.047,84.62,Relatively Moderate,369603.146,81.918,Relatively Moderate,Very Low,Relatively Low,Relatively Low,18,0.507,3532.878,13843613255,70922,823000000000,837000000000,Relatively Low,6286.156,150600.54,156952.807,31.731,Relatively Low,153880.339,25.581,Relatively Low,0.091,3532.878,13843613255,70922,823000000000,837000000000,Very Low,36580.302,19693.02,56621.645,12.5,Very Low,55540.375,9.227,Very Low,26.54,2015019011,9644.363,112000000000,114000000000,Relatively Low,1726518.401,4445.621,1731377.263,91.091,Relatively Moderate,1528846.853,88.96,Relatively Moderate,224.493,13.9,3532.878,13832774685,70892,822000000000,836000000000,Very Low,8638.428,112387.303,121120.343,72.857,Relatively Moderate,118313.912,67.961,Relatively Moderate
90,Montana,MT,Liberty,1955,1090811660,1461.745,552552.776,2.132,Very Low,1.764,Very Low,438140.069,43073.152,0.012,133918.518,40.8,Relatively Moderate,11.78,Very Low,2.429,1.261,Not Applicable,Not Applicable,Not Applicable,1461.745,Relatively Low,Relatively Moderate,Relatively Moderate,1461.745,Very Low,Relatively Low,Relatively Low,1461.745,1090797000,1959,22724400000,23815197000,0.01,Relatively Low,3967.3,505.174,4472.474,10.43,Very Low,5640.383,11.454,Very Low,22,0.643,1461.745,1090811660,1955,22678000000,23870194601,Very Low,476.589,42.78,578.899,3.133,Very Low,730.069,1.654,Very Low,1461.745,No Rating,No Expected Annual Losses,No Rating,0.015,1461.745,1090811660,1955,22678000000,23768811660,Very High,3526.781,353.266,3880.047,10.36,Very Low,4893.254,10.893,Very Low,Relatively High,Very Low,Very Low,164,7.449,1461.745,1090811660,1955,22678000000,23768811660,Very High,35.777,6705.723,6741.5,3.764,Very Low,8501.926,4.086,Very Low,Relatively Low,Very Low,Very Low,21,0.596,1461.745,1090811660,1955,22678000000,23870194601,Relatively High,10858.3,6530.471,20162.58,9.15,Very Low,25427.689,7.063,Very Low,0.054,1461.745,1090811660,1955,22678000000,23870194601,Relatively Low,6558.684,771.477,7450.566,4.156,Very Low,9396.153,3.532,Very Low,108.03,179309110.5,208.8,2422084926,2613818731,Relatively High,2889.119,45.317,2949.233,9.704,Very Low,3719.374,10.5,Very Low,73,4.52,1461.745,1090811660,1955,22678000000,23870194601,Relatively Low,637.446,9593.342,10295.719,19.499,Relatively Low,12984.268,17.34,Very Low
91,Montana,MT,Lincoln,19614,4970816982,3712.036,4307467.888,36.494,Very Low,34.386,Very Low,3567966.386,2425815.517,0.097,1129964.766,45.58,Relatively Moderate,17.76,Very Low,2.462,1.207,Relatively High,Relatively Moderate,Relatively Low,3712.036,Very Low,Relatively Moderate,Relatively Moderate,3712.036,Very Low,Very Low,Very Low,3712.036,4970735000,19677,228000000000,233000000000,0.06,Relatively Moderate,342661.9,61670.807,404332.707,68.338,Relatively Low,523792.914,70.92,Relatively Low,7,0.187,3712.036,4970816982,19614,228000000000,232000000000,Relatively Low,1019.748,2838.574,3868.844,7.94,Very Low,4746.493,5.822,Very Low,3712.036,Relatively Low,Relatively Low,Relatively Low,0.034,3712.036,4970816982,19614,228000000000,232000000000,Relatively Low,78.937,3931.484,4010.421,10.693,Very Low,4844.831,10.793,Very Low,Very Low,Relatively Low,Relatively Low,107,4.832,3712.036,4970816982,19614,228000000000,232000000000,Very High,6.818,47453.787,47460.604,29.698,Relatively Low,59123.935,30.92,Relatively Low,Very Low,Relatively Low,Very Low,5,0.144,3712.036,4970816982,19614,228000000000,232000000000,Relatively High,22185.825,26252.14,48447.172,15.385,Very Low,58899.119,12.822,Very Low,0.041,3712.036,4970816982,19614,228000000000,232000000000,Very Low,5028.665,10756.9,15787.84,6.638,Very Low,18500.539,4.963,Very Low,7.078,1394988816,5506.528,63875719498,65271950999,Relatively Low,1999633.27,5012.12,2004717.016,92.046,Relatively Moderate,2393076.992,92.205,Relatively Moderate,141.897,8.786,3712.036,4970816982,19614,228000000000,232000000000,Relatively Low,28745.817,52635.083,81385,63.076,Relatively Moderate,100576.125,63.665,Relatively Moderate
92,Montana,MT,McCone,1721,1501691976,2709.079,816928.763,3.691,Very Low,5.231,Very Low,858275.501,434485.159,0.017,194396.321,5.47,Very Low,32.65,Relatively Low,2.527,0.952,Not Applicable,Not Applicable,Not Applicable,2709.079,Relatively Low,Relatively Moderate,Relatively Moderate,2709.079,Very Low,Very Low,Very Low,2709.079,1501679000,1729,20056400000,21558079000,0.005,Relatively Low,726.7,131.021,857.721,2.847,Very Low,816.401,2.323,Very Low,71,2.078,2709.079,1501691976,1721,19963600000,21535545501,Very High,76335.036,5331.632,127511.383,58.251,Relatively Low,121368.624,52.466,Relatively Low,2709.079,Relatively Low,Relatively Low,Relatively Low,0.015,2709.079,1501691976,1721,19963600000,21465291976,Very High,4855.228,310.982,5166.21,13.324,Very Low,4917.332,10.959,Very Low,Relatively High,Relatively Low,Relatively Low,396,17.975,2709.079,1501691976,1721,19963600000,21465291976,Relatively High,762.16,9287.462,10049.621,6.017,Very Low,9565.489,4.698,Very Low,Relatively Low,Very Low,Very Low,62,1.822,2709.079,1501691976,1721,19963600000,21535545501,Very High,246529.033,17349.129,293775.52,49.038,Relatively Low,279623.118,39.739,Relatively Low,0.318,2709.079,1501691976,1721,19963600000,21535545501,Relatively Moderate,52412.611,22423.313,75706.587,14.392,Very Low,72059.482,11.04,Very Low,23.312,75951645.26,87.57,1015812679,1094090672,Very High,18412.283,602.948,19052.014,38.562,Very Low,18134.198,36.621,Very Low,66.009,4.087,2709.079,1501691976,1721,19963600000,21535545501,Relatively Moderate,313.086,15700.184,16053.95,25.874,Relatively Low,15280.564,19.376,Very Low
93,Montana,MT,Madison,8605,3816112565,3639.921,2426532.326,17.722,Very Low,23.058,Very Low,2498556.566,2037922.305,0.038,436055.239,11.46,Very Low,43.03,Relatively Moderate,2.569,0.971,Relatively Moderate,Relatively Low,Very Low,3639.921,Relatively Moderate,Very Low,Very Low,3639.921,Very Low,Very Low,Very Low,3639.921,3816066000,8623,100000000000,104000000000,0.053,Relatively High,903276.3,108569.833,1011846.133,78.985,Relatively Low,979440.258,79.033,Relatively Low,14,0.409,3639.921,3816112565,8605,99818000000,104000000000,Relatively Moderate,18387.241,236.5,19065.838,21.557,Very Low,17692.544,16.067,Very Low,3639.921,No Rating,No Expected Annual Losses,No Rating,0.015,3639.921,3816112565,8605,99818000000,104000000000,Relatively High,41.354,3513.307,3554.661,9.76,Very Low,3342.515,7.728,Very Low,Relatively Low,Relatively Low,Relatively Low,220,9.961,3639.921,3816112565,8605,99818000000,104000000000,Very High,98.843,47240.548,47339.391,29.633,Relatively Low,44751.538,23.938,Very Low,Relatively Moderate,Very Low,Very Low,11,0.321,3639.921,3816112565,8605,99818000000,104000000000,Relatively Moderate,2018.371,19226.844,21323.575,9.522,Very Low,19984.466,5.854,Very Low,0.082,3639.921,3816112565,8605,99818000000,104000000000,Very Low,9378.317,4384.887,13952.588,6.11,Very Low,13022.372,4.295,Very Low,52.552,1170315628,2170.798,25181258302,26374843647,Very High,941964.588,5058.053,947026.606,86.446,Relatively Moderate,948598.269,85.523,Relatively Low,176.066,10.902,3639.921,3808644058,8565,99354000000,103000000000,Relatively Low,838.906,72397.586,73236.493,60.755,Relatively Moderate,69012.871,53.675,Relatively Low
94,Montana,MT,Meagher,1926,868394717,2418.931,336814.363,0.859,Very Low,1.362,Very Low,368718.197,235473.522,0.009,104729.166,6.87,Very Low,16.01,Very Low,2.453,0.913,Not Applicable,Not Applicable,Not Applicable,2418.931,Relatively Low,Relatively Low,Relatively Low,2418.931,Very Low,Very Low,Very Low,2418.931,868384000,1927,22353200000,23221584000,0.032,Relatively Moderate,27748.4,3472.888,31221.288,29.434,Very Low,28519.824,27.076,Very Low,39,1.129,2418.931,868394717,1926,22341600000,23252175422,Relatively High,32754.924,127.127,33593.785,30.924,Very Low,30687.038,23.831,Very Low,2418.931,Relatively High,Very Low,Very Low,0.015,2418.931,868394717,1926,22341600000,23209994717,Very High,2807.669,348.026,3155.695,8.861,Very Low,2882.644,6.895,Very Low,Relatively High,Relatively Low,Relatively Low,220,9.956,2418.931,868394717,1926,22341600000,23209994717,Relatively High,20.949,5620.02,5640.969,3.153,Very Low,5152.877,2.188,Very Low,Relatively Moderate,Very Low,Very Low,21,0.591,2418.931,868394717,1926,22341600000,23252175422,Relatively High,13604.248,6346.932,20013.167,9.026,Very Low,18281.501,5.504,Very Low,0.151,2418.931,868394717,1926,22341600000,23252175422,Relatively Low,9751.003,7342.951,17433.509,7.072,Very Low,15925.052,4.55,Very Low,55.834,399073965.8,583.659,6770442226,7191377182,Very High,128091.256,856.829,129126.327,67.515,Relatively Low,117953.5,65.224,Relatively Low,216.98,13.435,2418.931,868394717,1926,22341600000,23252175422,Relatively Moderate,390.843,36129.666,36600.877,43.949,Relatively Low,33433.938,35.857,Relatively Low
95,Montana,MT,Mineral,4516,1045916888,1235.792,1497917.683,8.909,Very Low,8.635,Very Low,1219944.276,891919.429,0.028,326715.516,37.71,Relatively Low,8.27,Very Low,2.403,1.228,Relatively Moderate,Very Low,Very Low,1235.792,Very Low,Relatively Low,Relatively Low,1235.792,Very Low,Very Low,Very Low,1235.792,1045897000,4535,52606000000,53651897000,0.043,Relatively Moderate,50742.8,7625.615,58368.415,37.047,Very Low,71321.512,37.894,Very Low,12,0.338,1235.792,1045916888,4516,52385600000,53432210046,Relatively Low,951.787,1138.974,2161.69,5.893,Very Low,2681.076,3.945,Very Low,1235.792,Relatively Low,Relatively Low,Relatively Low,0.21,1235.792,1045916888,4516,52385600000,53431516888,Relatively Moderate,167.299,10791.994,10959.293,22.152,Very Low,13596.411,22.485,Very Low,Relatively Low,Relatively Moderate,Relatively Moderate,110,4.965,1235.792,1045916888,4516,52385600000,53431516888,Very High,305.61,13142.669,13448.279,8.205,Very Low,16783.272,9.041,Very Low,Relatively Moderate,Relatively Low,Relatively Low,9,0.264,1235.792,1045916888,4516,52385600000,53432210046,Relatively Moderate,9039.361,8332.967,17445.269,8.313,Very Low,21568.587,6.077,Very Low,0.016,1235.792,1045916888,4516,52385600000,53432210046,Very Low,164.616,687.667,853.512,1.365,Very Low,1053.738,1.304,Very Low,2.707,399862494.7,1798.265,20859871945,21260020212,Relatively Low,557537.471,1630.448,559182.403,82.66,Relatively Low,692666.564,83.392,Relatively Low,253.008,15.666,1235.792,1045916888,4516,52385600000,53432210046,Relatively Low,446.159,46008.176,46455.873,49.489,Relatively Low,57640.381,48.934,Relatively Low
96,Montana,MT,Missoula,117719,22171310876,2644.374,18188737.72,78.015,Relatively Low,79.82,Relatively Low,17932114.34,9972592.809,0.678,7862972.532,24.7,Relatively Low,75.27,Relatively High,2.694,1.014,Relatively High,Relatively Moderate,Relatively Low,2644.374,Very Low,Very High,Very High,2644.374,Very Low,Very Low,Very Low,2644.374,22170970000,117922,1370000000000,1390000000000,0.112,Relatively High,4790895.4,1568400.888,6359296.288,93.5,Relatively Moderate,6969448.017,93.859,Relatively Moderate,16,0.46,2644.374,22171310876,117719,1370000000000,1390000000000,Relatively Low,657.505,40482.259,42539.218,35.67,Very Low,43528.084,30.417,Very Low,2644.374,Relatively Low,Relatively Low,Relatively Low,0.191,2644.374,22168631277,117705.097,1370000000000,1390000000000,Relatively Moderate,3478.598,419657.898,423136.496,86.642,Relatively High,431749.355,85.476,Relatively High,Very Low,Relatively High,Relatively High,131,5.951,2644.374,22171310876,117719,1370000000000,1390000000000,Very High,7056.645,463481.678,470538.323,87.066,Relatively High,480975.717,85.553,Relatively Moderate,Very Low,Relatively Low,Relatively Low,10,0.291,2644.374,22171310876,117719,1370000000000,1390000000000,Relatively Low,46827.376,105645.898,153569.981,31.079,Relatively Low,157541.753,26.026,Relatively Low,0.033,2644.374,22171310876,117719,1370000000000,1390000000000,Very Low,22771.276,64555.126,87344.205,15.012,Very Low,90433.933,12.218,Very Low,23.173,2162047905,12250.8,142000000000,144000000000,Relatively Low,4790260.614,16512.243,4806963.494,96.118,Relatively Moderate,4379591.379,95.546,Relatively Moderate,199.073,12.327,2644.374,22171308482,117718.989,1370000000000,1390000000000,Very Low,1104.806,28640.849,29760.36,39.338,Relatively Low,29974.93,33.408,Relatively Low
97,Montana,MT,Musselshell,4705,1717573741,1890.602,2082482.153,14.827,Very Low,15.413,Very Low,1871162.743,1397485.954,0.027,316611.713,37.87,Relatively Low,24.73,Relatively Low,2.496,1.113,Not Applicable,Not Applicable,Not Applicable,1890.602,Very Low,Relatively Low,Relatively Low,1890.602,Very Low,Very Low,Very Low,1890.602,1717550000,4730,54868000000,56585550000,0.008,Very Low,2537.8,346.736,2884.536,7.304,Very Low,3215.366,7.381,Very Low,75,2.199,1890.602,1717573741,4705,54578000000,56338337572,Relatively High,122662.248,10965.875,142201.041,60.732,Relatively Low,156813.54,58.256,Relatively Low,1890.602,Relatively Low,Relatively Low,Relatively Low,0.015,1890.602,1717573741,4705,54578000000,56295573741,Very High,5553.211,850.187,6403.398,15.923,Very Low,7103.401,14.724,Very Low,Relatively Low,Relatively Low,Relatively Low,397,18.043,1890.602,1717573741,4705,54578000000,56295573741,Relatively Moderate,325.658,10654.259,10979.917,6.532,Very Low,12523.961,6.499,Very Low,Relatively Moderate,Relatively Low,Relatively Low,33,0.948,1890.602,1717573741,4705,54578000000,56338337572,Relatively Moderate,3763.998,29681.01,43419.983,14.423,Very Low,48045.681,11.327,Very Low,0.159,1890.602,1717573741,4705,54578000000,56338337572,Relatively Low,26594.017,4197.31,31270.448,9.305,Very Low,34737.016,7.063,Very Low,34.942,480552481.7,1191.529,13821740726,14314633371,Relatively High,642866.885,28534.312,672065.685,84.155,Relatively Low,697514.278,83.487,Relatively Low,76.067,4.71,1890.602,1717573741,4705,54578000000,56338337572,Relatively Moderate,5397.442,41614.199,47040.219,50.015,Relatively Low,53293.907,47.28,Relatively Low
98,Montana,MT,Park,17153,5181397410,2841.638,3004325.961,23.735,Very Low,29.867,Very Low,3106023.056,2077913.825,0.084,973529.654,15.91,Very Low,76.51,Relatively High,2.699,0.967,Relatively High,Relatively Moderate,Relatively Low,2841.638,Very Low,Relatively Low,Relatively Low,2841.638,Very Low,Very Low,Very Low,2841.638,5181332000,17191,199000000000,205000000000,0.031,Relatively Low,432165.9,66997.921,499163.821,71.526,Relatively Low,519536.554,70.792,Relatively Low,26,0.743,2841.638,5181397410,17153,199000000000,204000000000,Relatively High,123964.727,709.584,125165.587,57.723,Relatively Low,124425.597,53.134,Relatively Low,2841.638,Relatively Moderate,Relatively Low,Relatively Low,0.015,2841.638,5181397410,17153,199000000000,204000000000,Relatively High,16752.348,3099.523,19851.871,30.48,Relatively Low,19971.867,28.081,Very Low,Very Low,Relatively Low,Relatively Low,246,11.158,2841.638,5181397410,17153,199000000000,204000000000,Very High,134.613,114181.864,114316.476,58.623,Relatively Low,118713.713,53.185,Relatively Low,Relatively Low,Very Low,Very Low,14,0.411,2841.638,5181397410,17153,199000000000,204000000000,Very Low,574.615,10440.126,11059.024,6.576,Very Low,11632.39,3.659,Very Low,0.053,2841.638,5181397410,17153,199000000000,204000000000,Relatively Low,20594.827,25245.565,45952.842,11.321,Very Low,46081.291,8.368,Very Low,50.437,1779385617,4452.176,51645242767,53441260614,Relatively High,1453328.235,14788.724,1468375.113,90.01,Relatively Moderate,1342729.67,87.719,Relatively Moderate,228.577,14.153,2841.638,5181397410,17153,199000000000,204000000000,Relatively Low,1113.992,134880.964,135994.956,74.652,Relatively Moderate,140625.286,72.224,Relatively Moderate
99,Montana,MT,Petroleum,496,315260700,1691.42,150385.632,0.255,Very Low,0.402,Very Low,207509.879,146952.996,0.003,33419.064,0.29,Very Low,23.33,Relatively Low,2.49,0.725,Not Applicable,Not Applicable,Not Applicable,1691.42,Relatively Low,Relatively Low,Relatively Low,1691.42,Very Low,Very Low,Very Low,1691.42,315251000,496,5753600000,6068851000,0.004,Very Low,208.9,27.281,236.181,0.433,Very Low,171.164,0.286,Very Low,50,1.45,1691.42,315260700,496,5753600000,6089247676,Very High,20624.765,797.952,22704.029,23.79,Very Low,16453.962,14.986,Very Low,1691.42,Relatively Low,Very Low,Very Low,0.015,1691.42,315260700,496,5753600000,6068860700,Very High,1019.292,89.627,1108.918,3.598,Very Low,803.65,2.298,Very Low,Relatively High,Relatively Low,Very Low,363,16.471,1691.42,315260700,496,5753600000,6068860700,Relatively Moderate,58.257,1245.547,1303.804,0.45,Very Low,944.887,0.225,Very Low,Relatively Moderate,Very Low,Very Low,25,0.72,1691.42,315260700,496,5753600000,6089247676,Relatively High,9883.259,71.136,13212.161,7.196,Very Low,9575.058,3.213,Very Low,0.168,1691.42,315260700,496,5753600000,6089247676,Relatively Low,3932.514,413.022,4645.215,2.947,Very Low,3366.46,2.036,Very Low,8.552,45257059.06,50.806,589352826.8,635606205.6,Very High,77558.657,1471.378,79113.858,61.47,Very Low,57335.042,55.329,Very Low,73.008,4.521,1691.42,315260700,496,5753600000,6089247676,Relatively Moderate,2064.078,4213.164,6290.3,13.587,Very Low,4558.678,7.095,Very Low
100,Montana,MT,Phillips,4210,2277106153,5264.658,1561691.797,9.863,Very Low,8.728,Very Low,1228368.082,235444.265,0.057,666644.445,36.38,Relatively Low,34.6,Relatively Low,2.536,1.271,Not Applicable,Not Applicable,Not Applicable,5264.657,Relatively Low,Relatively High,Relatively High,5264.657,Very Low,Very Low,Very Low,5264.657,2277090000,4217,48917200000,51194290000,0.004,Very Low,857.7,154.429,1012.129,3.157,Very Low,1286.776,3.659,Very Low,34,0.996,5264.657,2277106153,4210,48836000000,51198777248,Relatively Moderate,17400.597,4053.8,23710.416,24.721,Very Low,30144.354,23.513,Very Low,5264.657,Relatively Low,Relatively Low,Relatively Low,0.015,5264.657,2277106153,4210,48836000000,51113106153,Very High,7362.275,760.741,8123.016,18.921,Very Low,10327.237,18.954,Very Low,Relatively High,Relatively Low,Relatively Low,295,13.383,5264.657,2277106153,4210,48836000000,51113106153,Relatively High,857.294,18571.558,19428.852,13.127,Very Low,24700.966,14.189,Very Low,Very Low,Relatively Low,Relatively Low,32,0.933,5264.657,2277106153,4210,48836000000,51198777248,Relatively High,41134.991,781.591,66739.632,18.238,Very Low,84849.759,16.767,Very Low,0.327,5264.658,2277106153,4210,48836000000,51198777248,Very Low,22053.609,2439.54,25119.04,8.53,Very Low,31935.216,6.777,Very Low,17.114,118350577.5,247.174,2867217917,2988892022,Very High,65764.916,3369.918,69221.111,59.593,Very Low,88004.599,61.374,Very Low,62.338,3.86,5264.657,2277105960,4210,48835995029,51198772084,Relatively Moderate,12334.697,25781.465,38161.504,45.002,Relatively Low,48516.816,44.989,Relatively Low
101,Montana,MT,Pondera,5844,2580138310,1658.12,1178147.877,6.491,Very Low,5.292,Very Low,871732.937,257800.764,0.03,347416.759,71.9,Relatively High,59.17,Relatively Moderate,2.634,1.352,Not Applicable,Not Applicable,Not Applicable,1658.12,Relatively Low,Relatively High,Relatively High,1658.12,Very Low,Relatively Low,Relatively Low,1658.12,2580115000,5898,68416800000,70996915000,0.023,Relatively Moderate,71713.9,8746.468,80460.368,41.566,Very Low,111905.701,44.225,Very Low,24,0.688,1658.12,2580138310,5844,67790400000,70498507377,Relatively Low,138.296,124.823,6939.95,11.166,Very Low,8985.057,9.418,Very Low,1658.12,No Rating,No Expected Annual Losses,No Rating,0.015,1658.12,2580138310,5844,67790400000,70370538310,Relatively Moderate,27.548,931.779,959.326,3.198,Very Low,1276.191,3.431,Very Low,Relatively High,Relatively Low,Relatively Low,135,6.098,1658.12,2580138310,5844,67790400000,70370538310,Very High,70.037,18050.462,18120.499,11.969,Very Low,24165.737,13.835,Very Low,Relatively Low,Very Low,Very Low,17,0.49,1658.12,2580138310,5844,67790400000,70498507377,Relatively High,26434.324,17787.734,49774.184,15.819,Very Low,63946.843,13.745,Very Low,0.045,1658.12,2580138310,5844,67790400000,70498507377,Very Low,7198.267,1568.729,8905.877,4.777,Very Low,11588.148,4.009,Very Low,119.36,384453941.3,733.216,8505311191,8910070440,Very High,118294.656,228.279,118687.548,66.561,Relatively Low,178250.477,69.456,Relatively Low,157.611,9.759,1658.12,2580138310,5844,67790400000,70498503344,Relatively Low,2660.145,30846.353,33624.993,41.937,Relatively Low,47956.763,44.703,Relatively Low
102,Montana,MT,Powder River,1687,1086027708,3332.103,1015464.847,5.313,Very Low,7.211,Very Low,1071886.28,796353.266,0.018,211015.791,5.19,Very Low,3.88,Very Low,2.354,0.947,Not Applicable,Not Applicable,Not Applicable,3332.103,Relatively Low,Relatively Low,Relatively Low,3332.103,Very Low,Very Low,Very Low,3332.103,1086016000,1694,19650400000,20736416000,0.01,Relatively Low,2178.1,258.071,2436.171,6.345,Very Low,2307.937,5.663,Very Low,74,2.164,3332.103,1086027708,1687,19569200000,20726457807,Very High,109391.342,3416.185,113111.247,55.49,Relatively Low,107157.352,49.857,Relatively Low,3332.103,Relatively Low,Relatively Low,Relatively Low,0.015,3332.103,1086027708,1687,19569200000,20655227708,Very High,3511.314,304.839,3816.153,10.16,Very Low,3615.28,8.294,Very Low,Relatively Moderate,Relatively Low,Relatively Low,603,27.407,3332.103,1086027708,1687,19569200000,20655227708,Very High,2772.277,21323.628,24095.905,16.248,Very Low,22827.557,13.192,Very Low,Relatively Low,Very Low,Very Low,33,0.957,3332.103,1086027708,1687,19569200000,20726457807,Relatively Moderate,8835.449,12465.892,21359.935,9.553,Very Low,20235.601,5.918,Very Low,0.297,3332.103,1086027708,1687,19569200000,20726457807,Relatively Low,24873.794,14827.229,40815.654,10.701,Very Low,38667.219,7.572,Very Low,25.845,193280687.6,272.183,3157319615,3363202678,Relatively High,567360.913,14565.993,583143.427,83.073,Relatively Low,552448.205,81.164,Relatively Low,76.201,4.718,3332.103,1086027708,1687,19569200000,20726457807,Relatively High,52968.929,12762.145,65778.603,57.66,Relatively Moderate,62316.181,50.78,Relatively Low
103,Montana,MT,Powell,6924,1977039210,2355.861,1835870.822,12.122,Very Low,12.194,Very Low,1585176.295,726024.208,0.063,725318.235,33.13,Relatively Low,21.42,Relatively Low,2.481,1.158,Relatively Moderate,Relatively Low,Relatively Low,2355.861,Very Low,Relatively High,Relatively High,2355.861,Very Low,Very Low,Very Low,2355.861,1977012000,6946,80573600000,82550612000,0.047,Relatively Moderate,190579.7,31392.353,221972.053,58.836,Very Low,256738.399,59.338,Very Low,25,0.715,2355.861,1977039210,6924,80318400000,82331963593,Very Low,1258.264,170.14,2164.577,5.924,Very Low,2525.28,3.786,Very Low,2355.861,No Rating,No Expected Annual Losses,No Rating,0.015,2355.861,1977039210,6924,80318400000,82295439210,Relatively Moderate,21.111,1103.758,1124.868,3.631,Very Low,1369.178,3.664,Very Low,Relatively Low,Relatively Moderate,Relatively Moderate,183,8.276,2355.861,1977039210,6924,80318400000,82295439210,Very High,48.228,33042.509,33090.737,22.169,Very Low,40278.515,21.976,Very Low,Relatively Low,Very Low,Very Low,13,0.375,2355.861,1977039210,6924,80318400000,82331963593,Relatively Moderate,11252.428,7284.589,18589.422,8.685,Very Low,22083.678,6.268,Very Low,0.048,2355.861,1977039210,6924,80318400000,82331963593,Very Low,1234.185,1506.644,2809.437,2.14,Very Low,3264.649,2.004,Very Low,17.451,299171947.9,929.085,10777380580,11082408049,Relatively Moderate,483512.588,719.542,484565.122,81.451,Relatively Low,539185.526,80.783,Relatively Low,159.982,9.906,2355.861,1977039210,6924,80318400000,82331963593,Relatively Low,389.045,55381.224,55818.061,53.76,Relatively Moderate,67962.4,53.261,Relatively Low
104,Montana,MT,Prairie,1081,587894264,1760.021,445496.625,1.591,Very Low,1.795,Very Low,438203.222,200114.165,0.011,131234.067,12.76,Very Low,12.51,Very Low,2.435,1.017,Not Applicable,Not Applicable,Not Applicable,1760.021,Relatively Low,Relatively Moderate,Relatively Low,1760.021,Very Low,Very Low,Very Low,1760.021,587885000,1088,12620800000,13208685000,0.007,Very Low,293.7,70.07,363.77,0.898,Very Low,369.824,0.923,Very Low,70,2.045,1760.021,587894264,1081,12539600000,13177160109,Relatively Moderate,4328.223,2397.932,12049.118,15.633,Very Low,12249.662,12.027,Very Low,1760.021,Relatively Low,Relatively Low,Relatively Low,0.015,1760.021,587894264,1081,12539600000,13127494264,Very High,1900.763,195.335,2096.098,6.462,Very Low,2130.986,5.496,Very Low,Relatively High,Very Low,Very Low,445,20.183,1760.021,587894264,1081,12539600000,13127494264,Very High,996.495,10536.498,11532.993,6.885,Very Low,11724.947,5.888,Very Low,Relatively Moderate,Very Low,Very Low,50,1.45,1760.021,587894264,1081,12539600000,13177160109,Very High,91962.474,11104.184,124678.79,27.357,Relatively Low,126753.929,22.176,Relatively Low,0.161,1760.021,587894264,1081,12539600000,13177160109,Relatively Moderate,19221.508,13620.923,34643.878,9.677,Very Low,35220.487,7.127,Very Low,7.772,59341828.47,92.507,1073085038,1135080179,Relatively Moderate,22525.934,750.299,23380.899,42.157,Very Low,23770.048,41.139,Very Low,69,4.272,1760.021,587894264,1081,12539600000,13177160109,Very High,32132.214,31995.242,64157.522,57.103,Relatively Moderate,65225.352,51.861,Relatively Low
105,Montana,MT,Ravalli,44109,9092443368,2424.577,36619602.56,88.26,Relatively Moderate,88.27,Relatively Moderate,33383170.31,22930234.25,0.893,10359129.22,26.73,Relatively Low,28.17,Relatively Low,2.51,1.097,Relatively High,Relatively Moderate,Relatively Low,2424.577,Very Low,Very High,Very High,2424.577,Very Low,Very Low,Very Low,2424.577,9092303000,44174,512000000000,522000000000,0.07,Relatively Moderate,517463.2,106251.882,623715.082,74.095,Relatively Low,734980.06,75.819,Relatively Low,13,0.379,2424.577,9092443368,44109,512000000000,521000000000,Relatively Moderate,51922.93,12930.593,67370.086,44.789,Relatively Low,75668.462,41.903,Very Low,2424.577,Relatively Low,Very Low,Very Low,0.121,2424.577,9076987319,44041.654,511000000000,520000000000,Relatively High,1338.667,254665.47,256004.137,80.147,Relatively Moderate,285354.029,80.08,Relatively Moderate,Very Low,Relatively Low,Relatively Low,148,6.72,2424.577,9092443368,44109,512000000000,521000000000,Relatively Moderate,8686.779,40841.666,49528.446,30.92,Relatively Low,55479.983,29.022,Relatively Low,Very Low,Relatively Low,Relatively Low,7,0.205,2424.577,9092443368,44109,512000000000,521000000000,Relatively Moderate,7280.124,68373.495,76536.701,20.006,Relatively Low,85405.93,16.927,Very Low,0.032,2424.577,9092443368,44109,512000000000,521000000000,Very Low,17818.696,27638.919,45483.368,11.259,Very Low,51101.141,8.813,Very Low,77.105,3859998309,18844.693,219000000000,222000000000,Relatively Moderate,22302943.93,7618323.838,29924993.25,99.618,Relatively High,32732557.98,99.682,Relatively High,197.423,12.224,2424.577,9092443211,44108.994,512000000000,521000000000,Very Low,1428.881,32707.22,34175.293,42.247,Relatively Low,38073.918,39.071,Relatively Low
106,Montana,MT,Richland,11489,4091044982,2124.711,2720300.699,20.84,Very Low,25.193,Very Low,2660990.151,915908.604,0.117,1354763.447,20.81,Relatively Low,39.75,Relatively Low,2.557,1.022,Not Applicable,Not Applicable,Not Applicable,2124.711,Very Low,Relatively High,Relatively High,2124.711,Very Low,Very Low,Very Low,2124.711,4090979000,11491,133000000000,137000000000,0.007,Very Low,2404.7,327.547,2732.247,7.057,Very Low,2807.546,6.618,Very Low,76,2.217,2124.711,4091044982,11489,133000000000,137000000000,Relatively Moderate,25269.198,28557.362,114671.658,56.017,Relatively Low,115148.655,51.32,Relatively Low,2124.711,Relatively Low,Relatively Moderate,Relatively Moderate,0.124,2124.711,4091044982,11489,133000000000,137000000000,Very High,159561.625,28008.674,187570.299,74.983,Relatively Moderate,193690.337,72.485,Relatively Moderate,Relatively Moderate,Relatively Low,Relatively Low,447,20.313,2124.711,4091044982,11489,133000000000,137000000000,Relatively High,2243.3,51569.607,53812.907,34.106,Relatively Low,55269.24,28.829,Relatively Low,Relatively Low,Relatively Low,Relatively Low,59,1.722,2124.711,4091044982,11489,133000000000,137000000000,Relatively Moderate,213233.262,52659.353,280813.425,47.333,Relatively Low,285598.627,40.375,Relatively Low,0.259,2124.711,4091044982,11489,133000000000,137000000000,Relatively Moderate,263878.337,237598.946,502886.006,35.112,Relatively Low,514752.735,30.385,Relatively Low,27.528,542639993.5,1555.93,18048793688,18597636694,Very Low,32848.195,23.688,32917.152,47.725,Very Low,33378.526,46.771,Very Low,63.022,3.902,2124.711,4091044982,11489,133000000000,137000000000,Relatively Moderate,32825.1,25140.703,58029.253,54.689,Relatively Moderate,59348.318,49.602,Relatively Low
107,Montana,MT,Roosevelt,10754,3092138506,2393.42,5952554.992,48.171,Relatively Low,35.376,Very Low,3672612.356,1072252.136,0.195,2265675.379,79.54,Relatively High,2.48,Very Low,2.325,1.621,Not Applicable,Not Applicable,Not Applicable,2393.42,Relatively Low,Very High,Very High,2393.42,Very Low,Very Low,Very Low,2393.42,3092101000,10794,125000000000,128000000000,0.007,Very Low,2276.2,399.138,2675.338,6.809,Very Low,4176.673,9.1,Very Low,68,1.975,2393.42,3092138506,10754,125000000000,128000000000,Relatively Low,12018.405,26063.763,38485.902,33.654,Very Low,62375.935,37.639,Very Low,2393.42,Relatively Low,Relatively Low,Relatively Low,0.092,2393.42,3092138506,10754,125000000000,128000000000,Relatively High,61205.263,6476.862,67682.125,53.364,Relatively Low,75599.061,52.598,Relatively Low,Relatively High,Relatively Low,Relatively Low,437,19.826,2393.42,3092138506,10754,125000000000,128000000000,Relatively High,1667.122,38597.599,40264.721,25.933,Very Low,65109.377,34.041,Relatively Low,Relatively Low,Relatively Low,Relatively Low,54,1.568,2393.42,3092138506,10754,125000000000,128000000000,Relatively High,426546.009,136160.207,568171.119,69.324,Relatively Moderate,903927.319,77.283,Relatively Moderate,0.293,2393.42,3092138506,10754,125000000000,128000000000,Relatively Low,142423.05,135947.139,279109.318,26.303,Very Low,432575.038,28.031,Relatively Low,45.076,144637897.4,246.937,2864468347,3012649125,Relatively High,42360.363,41.107,42477.871,51.766,Very Low,64615.573,56.888,Very Low,60.413,3.741,2393.42,3092138506,10754,125000000000,128000000000,Relatively Moderate,33776.482,29847.945,63663.199,56.855,Relatively Moderate,99694.553,63.411,Relatively Moderate
108,Montana,MT,Rosebud,8302,2285362758,5075.945,1273057.37,7,Very Low,6.84,Very Low,1030380.459,401522.156,0.047,540007.671,60.66,Relatively High,3.34,Very Low,2.345,1.236,Not Applicable,Not Applicable,Not Applicable,5075.945,Relatively Low,Relatively Moderate,Relatively Moderate,5075.945,Very Low,Very Low,Very Low,5075.945,2285316000,8329,96616400000,98901716000,0.008,Very Low,3110.1,513.446,3623.546,8.759,Very Low,4423.316,9.545,Very Low,59,1.714,5075.945,2285362758,8302,96303200000,98687931886,Relatively Low,458.28,13855.529,14649.432,17.897,Very Low,18180.153,16.513,Very Low,5075.945,Relatively Low,Relatively Low,Relatively Low,0.015,5075.945,2285362758,8302,96303200000,98588562758,Relatively High,7388.97,1500.16,8889.13,20.286,Very Low,10568.309,19.32,Very Low,Relatively Low,Relatively Low,Relatively Low,480,21.809,5075.945,2285362758,8302,96303200000,98588562758,Very High,850.657,109156.185,110006.842,57.304,Relatively Low,134384.503,57.625,Relatively Low,Relatively Moderate,Very Low,Very Low,31,0.911,5075.945,2285362758,8302,96303200000,98687931886,Relatively Moderate,2103.397,52283.597,54464.918,16.377,Very Low,67523.998,14.158,Very Low,0.479,5075.945,2285362758,8302,96303200000,98687931886,Very Low,24203.585,5816.821,32905.505,9.429,Very Low,39238.709,7.668,Very Low,14.14,191234072.3,642.287,7450530664,7651816503,Relatively High,348281.299,39569.275,388784.115,79.16,Relatively Low,503893.872,79.987,Relatively Low,67.292,4.167,5075.945,2285362758,8302,96303200000,98687931886,Relatively Moderate,6525.485,71854.609,78436.89,61.962,Relatively Moderate,100492.96,63.602,Relatively Moderate
109,Montana,MT,Sanders,12399,3059154320,2818.062,2410202.32,17.404,Very Low,16.311,Very Low,1950159.04,1105098.675,0.068,789541.874,42.68,Relatively Moderate,18.24,Very Low,2.464,1.236,Relatively Moderate,Very Low,Very Low,2818.062,Very Low,Relatively Moderate,Relatively Moderate,2818.062,Very Low,Very Low,Very Low,2818.062,3059098000,12400,144000000000,147000000000,0.045,Relatively Moderate,272260.1,52321.907,324582.007,64.748,Relatively Low,416191.113,67.261,Relatively Low,11,0.302,2818.062,3059154320,12399,144000000000,147000000000,Relatively Low,1235.813,1018.997,4387.921,8.654,Very Low,5867.34,6.936,Very Low,2818.062,Relatively Low,Relatively Low,Relatively Low,0.198,2818.062,3050083163,12338.026,143000000000,146000000000,Relatively Moderate,607.742,21343.932,21951.674,32.612,Relatively Low,27082.292,33.045,Relatively Low,Relatively Low,Relatively Low,Relatively Low,100,4.52,2818.062,3059154320,12399,144000000000,147000000000,Relatively Moderate,1268.531,6924.45,8192.981,4.73,Very Low,10159.564,5.084,Very Low,Very Low,Relatively Low,Relatively Low,9,0.24,2818.062,3059154320,12399,144000000000,147000000000,Relatively Moderate,9597.788,15912.115,25587.406,10.453,Very Low,31651.425,8.177,Very Low,0.037,2818.062,3059154320,12399,144000000000,147000000000,Very Low,3013.149,5685.449,8718.005,4.715,Very Low,10462.595,3.818,Very Low,21.71,1019897103,4022.613,46662313387,47686982206,Relatively Moderate,749643.163,246.291,749939.176,84.855,Relatively Low,902413.588,85.205,Relatively Low,178.604,11.059,2818.062,3059154320,12399,144000000000,147000000000,Relatively Moderate,34422.405,129784.141,164226.455,78.397,Relatively Moderate,198949.485,79.319,Relatively Moderate
110,Montana,MT,Sheridan,3537,3006746514,1723.164,1419917.246,8.145,Very Low,10.275,Very Low,1373443.043,500188.089,0.039,458097.881,11.58,Very Low,19.26,Very Low,2.47,1.034,Not Applicable,Not Applicable,Not Applicable,1723.163,Relatively Low,Relatively High,Relatively High,1723.163,Very Low,Very Low,Very Low,1723.163,3006722000,3539,41052400000,44059122000,0.007,Relatively Low,2710.7,455.357,3166.057,7.768,Very Low,3220.294,7.413,Very Low,49,1.432,1723.163,3006746514,3537,41029200000,44116893299,Relatively Low,4278.3,4833.279,10102.03,14.051,Very Low,10571.449,10.595,Very Low,1723.163,Relatively Low,Relatively Low,Relatively Low,0.187,1723.163,3003060583,3536.605,41024617120,44027677702,Very High,134628.895,9189.488,143818.384,69.121,Relatively Moderate,144779.25,66.223,Relatively Moderate,Relatively Moderate,Relatively Low,Relatively Low,388,17.598,1723.163,3006746514,3537,41029200000,44035946514,Relatively Moderate,2092.615,9403.864,11496.479,6.853,Very Low,12351.64,6.371,Very Low,Relatively Moderate,Very Low,Very Low,36,1.051,1723.163,3006746514,3537,41029200000,44116893299,Relatively High,42500.999,29392.104,72268.873,19.417,Relatively Low,75295.439,15.527,Very Low,0.151,1723.164,3006746514,3537,41029200000,44116893299,Relatively Moderate,94207.078,26165.972,120882,17.308,Very Low,124782.283,13.936,Very Low,49.718,221832861.9,197.726,2293620571,2519975801,Relatively High,16316.299,8.633,16359.188,36.271,Very Low,16490.891,34.998,Very Low,70.007,4.335,1723.163,3006746514,3537,41029200000,44116893299,Relatively High,100860.109,27573.42,128483.245,73.816,Relatively Moderate,134846.433,70.792,Relatively Moderate
111,Montana,MT,Silver Bow,35110,7240711725,725.824,7120556.317,54.788,Relatively Low,54.875,Relatively Low,6363732.022,1787286.644,0.393,4558321.855,45.32,Relatively Moderate,63.72,Relatively High,2.651,1.119,Relatively High,Relatively Moderate,Relatively Low,725.824,Very Low,Very High,Very High,725.824,Very Low,Very Low,Very Low,725.824,7240592000,35133,408000000000,415000000000,0.114,Relatively High,1355174.2,343727.313,1698901.513,84.525,Relatively Low,1944155.694,86.351,Relatively Low,23,0.656,725.824,7240711725,35110,407000000000,415000000000,Very Low,5669.902,1506.311,7202.262,11.352,Very Low,8139.119,8.75,Very Low,725.824,No Rating,No Expected Annual Losses,No Rating,0.015,725.824,7240711725,35110,407000000000,415000000000,Relatively High,78.466,14334.945,14413.41,25.75,Very Low,16272.852,24.983,Very Low,Relatively Low,Relatively Low,Relatively Low,230,10.409,725.824,7240711725,35110,407000000000,415000000000,Very High,225.66,204107.218,204332.878,73.906,Relatively Moderate,229078.37,72.619,Relatively Moderate,Very Low,Very Low,Very Low,11,0.32,725.824,7240711725,35110,407000000000,415000000000,Very Low,13658.807,8025.572,21688.26,9.646,Very Low,24481.871,6.904,Very Low,0.022,725.824,7240711725,35110,407000000000,415000000000,Relatively Low,28633.687,38274.377,66912.388,13.555,Very Low,76155.593,11.327,Very Low,4.862,921091885.9,3411.157,39569422184,40491459232,Relatively Low,353221.937,6428.503,359666.313,78.301,Relatively Low,361857.452,76.328,Relatively Low,148.833,9.216,725.824,7240711725,35110,407000000000,415000000000,Relatively High,18181.797,1748933.727,1767119.58,99.257,Very High,1995164.853,99.173,Very High
112,Montana,MT,Stillwater,8936,2932830813,1824.141,2148431.284,15.272,Very Low,19.715,Very Low,2240941.455,1334980.997,0.071,822861.69,3.85,Very Low,57.92,Relatively Moderate,2.629,0.959,Relatively Moderate,Relatively Low,Very Low,1824.141,Very Low,Relatively Low,Relatively Low,1824.141,Very Low,Very Low,Very Low,1824.141,2932796000,8963,104000000000,107000000000,0.013,Relatively Low,25657.6,2722.071,28379.671,28.103,Very Low,26804.497,26.599,Very Low,59,1.721,1824.141,2932830813,8936,104000000000,107000000000,Relatively Moderate,69411.402,5388.686,84834.989,49.659,Relatively Low,83856.782,44.289,Very Low,1824.141,Relatively Moderate,Relatively Moderate,Relatively Moderate,0.015,1824.141,2932830813,8936,104000000000,107000000000,Very High,9482.346,1614.723,11097.068,22.285,Very Low,10936.704,19.853,Very Low,Relatively Low,Relatively Moderate,Relatively Moderate,275,12.47,1824.141,2932830813,8936,104000000000,107000000000,Very High,487.07,50012.332,50499.401,31.821,Relatively Low,50186.098,26.448,Very Low,Relatively Low,Relatively Low,Relatively Low,25,0.715,1824.141,2932830813,8936,104000000000,107000000000,Relatively Moderate,7551.347,27354.292,40172.411,13.741,Very Low,39849.737,9.672,Very Low,0.079,1824.141,2932830813,8936,104000000000,107000000000,Relatively Low,34122.963,6396.398,40791.746,10.639,Very Low,40363.534,7.795,Very Low,108.104,1246176399,3235.389,37530513408,38806792555,Relatively High,858942.164,27379.579,887332.344,85.905,Relatively Moderate,851468.237,84.823,Relatively Low,141.252,8.746,1824.141,2932830813,8936,104000000000,107000000000,Relatively Low,1768.201,66904.515,68672.716,58.898,Relatively Moderate,67728.331,53.07,Relatively Low
113,Montana,MT,Sweet Grass,3674,2036018679,1881.076,1757849.42,11.359,Very Low,13.835,Very Low,1746151.18,1422514.193,0.025,285686.051,2.16,Very Low,64.67,Relatively High,2.654,1.007,Relatively Moderate,Relatively Low,Very Low,1881.076,Very Low,Relatively Low,Relatively Low,1881.076,Very Low,Very Low,Very Low,1881.076,2036005000,3678,42664800000,44700805000,0.015,Relatively Low,27135.1,2211.962,29347.062,28.536,Very Low,29543.671,27.331,Very Low,49,1.422,1881.076,2036018679,3674,42618400000,44683898755,Relatively Moderate,38691.733,303.175,39684.117,34.398,Very Low,39949.979,28.921,Very Low,1881.076,Relatively Moderate,Relatively Low,Relatively Low,0.015,1881.076,2036018679,3674,42618400000,44654418679,Very High,6582.798,663.887,7246.685,17.255,Very Low,7295.233,15.123,Very Low,Relatively Moderate,Relatively Low,Relatively Low,278,12.596,1881.076,2036018679,3674,42618400000,44654418679,Very High,67.603,21884.88,21952.483,14.897,Very Low,22099.553,12.709,Very Low,Relatively Moderate,Relatively Low,Relatively Low,21,0.601,1881.076,2036018679,3674,42618400000,44683898755,Relatively Moderate,5936.408,8547.402,14531.937,7.754,Very Low,14629.293,4.613,Very Low,0.059,1881.076,2036018679,3674,42618400000,44683898755,Relatively Low,13065.032,1935.346,15147.29,6.452,Very Low,15248.768,4.486,Very Low,37.823,1010350759,1515.279,17577240702,18602929150,Very High,911724.618,3357.703,915429.051,86.096,Relatively Moderate,921561.916,85.364,Relatively Low,166.889,10.334,1881.076,2036018679,3674,42618400000,44683898755,Relatively Low,670.051,38579.666,39249.717,45.435,Relatively Low,39512.668,39.962,Relatively Low
114,Montana,MT,Teton,6157,3730493388,2315.072,1178832.424,6.554,Very Low,7.335,Very Low,1085025.269,518804.797,0.031,362199.835,29.15,Relatively Low,61.55,Relatively High,2.643,1.086,Not Applicable,Not Applicable,Not Applicable,2315.072,Relatively Low,Relatively Moderate,Relatively Moderate,2315.072,Very Low,Relatively Low,Relatively Low,2315.072,3730455000,6226,72221600000,75952055000,0.027,Relatively Moderate,120163.8,13095.43,133259.23,49.985,Very Low,143756.855,48.68,Very Low,27,0.794,2315.072,3730493388,6157,71421200000,75274621789,Relatively Low,2059.293,174.144,9668.476,13.617,Very Low,10031.06,10.181,Very Low,2315.072,No Rating,No Expected Annual Losses,No Rating,0.015,2315.072,3730493388,6157,71421200000,75151693388,Very High,12061.326,1112.561,13173.887,24.517,Very Low,14014.376,23.118,Very Low,Relatively Moderate,Relatively Low,Relatively Low,136,6.172,2315.072,3730493388,6157,71421200000,75151693388,Relatively High,94.842,16106.16,16201.001,10.682,Very Low,17359.871,9.363,Very Low,Relatively Low,Very Low,Very Low,20,0.582,2315.072,3730493388,6157,71421200000,75274621789,Relatively High,42754.336,21239.243,69984.542,18.952,Relatively Low,74244.011,15.399,Very Low,0.099,2315.072,3730493388,6157,71421200000,75274621789,Very Low,18322.067,2081.019,20649.49,7.847,Very Low,21886.786,5.441,Very Low,131.474,757231631.9,870.042,10092491434,10874312885,Very High,241455.63,4361.909,246080.19,74.356,Relatively Low,274574.889,73.974,Relatively Low,232.485,14.395,2315.072,3730493388,6157,71421200000,75274619822,Relatively Low,23379.706,82438.052,106025.997,69.545,Relatively Moderate,117609.324,67.801,Relatively Moderate
115,Montana,MT,Toole,4971,2157041752,1964.625,915438.592,4.391,Very Low,4.333,Very Low,752163.875,111374.061,0.032,369194.096,57.89,Relatively Moderate,25.97,Relatively Low,2.5,1.217,Not Applicable,Not Applicable,Not Applicable,1964.625,Relatively Low,Relatively High,Relatively High,1964.625,Very Low,Relatively Low,Relatively Low,1964.625,2157017000,4971,57663600000,59820617000,0.015,Relatively Low,27192.2,2835.727,30027.927,28.907,Very Low,36556.837,29.43,Very Low,20,0.563,1964.625,2157041752,4971,57663600000,59917226615,Very Low,667.963,99.219,798.48,3.97,Very Low,969.773,2.068,Very Low,1964.625,No Rating,No Expected Annual Losses,No Rating,0.015,1964.625,2157041752,4971,57663600000,59820641752,Very High,6974.086,898.253,7872.339,18.488,Very Low,9606.017,18.188,Very Low,Relatively Moderate,Relatively Low,Relatively Low,136,6.166,1964.625,2157041752,4971,57663600000,59820641752,Very High,60.091,14716.198,14776.288,9.427,Very Low,17927.156,9.685,Very Low,Relatively High,Very Low,Very Low,16,0.443,1964.625,2157041752,4971,57663600000,59917226615,Relatively Moderate,13712.885,16114.347,31821.745,11.787,Very Low,38546.841,9.354,Very Low,0.048,1964.625,2157041752,4971,57663600000,59917226615,Relatively Low,7494.998,1298.796,8868.297,4.746,Very Low,10771.436,3.882,Very Low,136.583,317229205,416.127,4827075298,5157690414,Relatively High,25465.667,547.864,26055.055,43.78,Very Low,31831.686,45.943,Very Low,76.093,4.712,1964.625,2157041752,4971,57663600000,59917226615,Relatively Low,1312.843,25400.269,26777.585,36.707,Relatively Low,32496.091,35.03,Relatively Low
116,Montana,MT,Treasure,754,332669110,994.36,456686.193,1.623,Very Low,2.383,Very Low,510201.835,221647.434,0.005,53474.158,12.06,Very Low,3.12,Very Low,2.338,0.895,Not Applicable,Not Applicable,Not Applicable,994.36,Relatively Low,Relatively Low,Relatively Low,994.36,Very Low,Very Low,Very Low,994.36,332662000,762,8839200000,9171862000,0.007,Very Low,349.4,75.384,424.784,1.238,Very Low,380.228,1.018,Very Low,59,1.71,994.36,332669110,754,8746400000,9130717325,Relatively High,8108.917,1249.675,17181.297,20.192,Very Low,15379.132,14.318,Very Low,994.36,Relatively Low,Relatively Low,Very Low,0.015,994.36,332669110,754,8746400000,9079069110,Very High,1075.576,136.247,1211.823,4.031,Very Low,1084.714,2.931,Very Low,Relatively High,Relatively Low,Relatively Low,476,21.604,994.36,332669110,754,8746400000,9079069110,Very High,78.592,7198.062,7276.654,4.054,Very Low,6513.397,2.831,Very Low,Relatively Moderate,Relatively Low,Relatively Low,31,0.9,994.36,332669110,754,8746400000,9130717325,Relatively High,9083.857,4780.123,27267.414,10.825,Very Low,24407.304,6.872,Very Low,0.054,994.36,332669110,754,8746400000,9130717325,Relatively Low,3019.974,439.686,4001.013,2.636,Very Low,3581.342,2.068,Very Low,3.39,27080156.96,52.585,609986909.5,640836677.3,Relatively Moderate,17151.393,852.138,18271.082,37.735,Very Low,16354.608,34.744,Very Low,66.047,4.09,994.36,332669110,754,8746400000,9130717325,Relatively Moderate,905.29,5790.118,6725.322,14.608,Very Low,6019.896,9.131,Very Low
117,Montana,MT,Valley,7561,3519507308,5112.885,4163435.542,35.285,Very Low,39.492,Very Low,4120182.847,1012368.273,0.134,1556789.992,31.51,Relatively Low,63.56,Relatively High,2.651,1.01,Not Applicable,Not Applicable,Not Applicable,5112.883,Very Low,Relatively High,Relatively High,5112.883,Very Low,Very Low,Very Low,5112.883,3519471000,7578,87904800000,91424271000,0.005,Very Low,1985.5,321.188,2306.688,5.973,Very Low,2507.692,5.95,Very Low,52,1.514,5112.883,3519507308,7561,87707600000,91337985963,Very High,275013.401,16670.151,359402.444,78.071,Relatively Low,374349.141,75.565,Relatively Low,5112.883,Relatively Low,Relatively Low,Relatively Low,0.015,5112.883,3519507308,7561,87707600000,91227107308,Very High,11379.171,1366.262,12745.434,24.151,Very Low,13410.239,22.352,Very Low,Relatively Moderate,Relatively Low,Relatively Low,342,15.538,5112.883,3519507308,7561,87707600000,91227107308,Relatively High,379.982,45544.369,45924.351,28.958,Relatively Low,50996.347,26.77,Very Low,Relatively Low,Relatively Moderate,Relatively Moderate,47,1.38,5112.883,3519507308,7561,87707600000,91337985963,Relatively Moderate,60728.12,59687.771,154551.042,31.359,Relatively Low,163725.598,26.631,Relatively Low,0.459,5112.885,3519507308,7561,87707600000,91337985963,Very Low,70533.169,39737.076,110838.021,16.315,Very Low,118453.135,13.522,Very Low,55.409,193788487.4,203.848,2364631660,2564509974,Relatively High,15989.271,496.607,16543.382,36.398,Very Low,16216.194,34.585,Very Low,59.593,3.69,5112.883,3519507308,7561,87707600000,91337985963,Relatively High,69981.383,50098.832,120138.453,72.609,Relatively Moderate,128597.734,69.87,Relatively Moderate
118,Montana,MT,Wheatland,2067,941085455,1441.916,918008.711,4.454,Very Low,4.704,Very Low,789665.381,611156.879,0.009,109663.795,25.94,Relatively Low,10.25,Very Low,2.419,1.163,Not Applicable,Not Applicable,Not Applicable,1441.916,Relatively Low,Relatively Low,Relatively Low,1441.916,Very Low,Very Low,Very Low,1441.916,941073000,2069,24000400000,24941473000,0.017,Relatively Low,6455.3,874.303,7329.603,14.67,Very Low,8520.875,15.145,Very Low,61,1.771,1441.916,941085455,2067,23977200000,24967705363,Relatively High,55108.947,238.352,56700.733,40.912,Very Low,65916.233,38.976,Very Low,1441.916,Relatively Low,Very Low,Very Low,0.015,1441.916,941085455,2067,23977200000,24918285455,Very High,3042.691,373.504,3416.195,9.394,Very Low,3971.425,9.027,Very Low,Relatively High,Relatively Low,Relatively Low,315,14.315,1441.916,941085455,2067,23977200000,24918285455,Relatively High,38.172,10767.148,10805.32,6.403,Very Low,12561.495,6.532,Very Low,Relatively Moderate,Relatively Low,Relatively Low,24,0.681,1441.916,941085455,2067,23977200000,24967705363,Relatively Moderate,10688.063,8596.941,19371.954,8.84,Very Low,22520.453,6.459,Very Low,0.112,1441.916,941085455,2067,23977200000,24967705363,Relatively Low,16430.433,1678.42,18552.786,7.32,Very Low,21568.147,5.377,Very Low,79.662,248061660.2,397.472,4610671316,4874667548,Relatively High,37935.581,275.824,38359.961,50.366,Very Low,44594.558,51.575,Very Low,96.247,5.96,1441.916,941085455,2067,23977200000,24967705363,Relatively Moderate,181.582,16416.296,16639.077,26.308,Relatively Low,19343.406,23.64,Very Low
119,Montana,MT,Wibaux,937,632165767,899.237,490794.709,1.845,Very Low,1.95,Very Low,450167.169,225618.923,0.015,169602.451,16.77,Very Low,9.77,Very Low,2.416,1.09,Not Applicable,Not Applicable,Not Applicable,899.237,Relatively Low,Relatively Low,Relatively Low,899.237,Very Low,Very Low,Very Low,899.237,632154000,937,10869200000,11501354000,0.007,Relatively Low,260.3,42.618,302.918,0.712,Very Low,330.256,0.732,Very Low,82,2.402,899.237,632165767,937,10869200000,11522034435,Relatively High,31616.877,2486.435,34481.775,31.514,Very Low,37593.752,27.871,Very Low,899.237,Relatively Low,Relatively Low,Relatively Low,0.33,899.237,632165767,937,10869200000,11501365767,Very High,56854.895,4803.446,61658.341,51.965,Relatively Low,67223,50.566,Relatively Low,Relatively High,Relatively Low,Very Low,470,21.331,899.237,632165767,937,10869200000,11501365767,Relatively High,1595.592,3996.757,5592.349,3.121,Very Low,6097.058,2.606,Very Low,Very Low,Very Low,Very Low,52,1.501,899.237,632165767,937,10869200000,11522034435,Very High,63442.006,9831.624,83740.383,21.154,Relatively Low,91297.944,17.754,Very Low,0.144,899.237,632165767,937,10869200000,11522034435,Relatively High,37821.85,22675.5,61048.581,12.934,Very Low,66558.21,10.34,Very Low,10.967,56552588.9,61.979,718954104.5,776932925.9,Relatively High,13157.094,1196.816,14368.57,33.98,Very Low,15665.331,33.98,Very Low,76,4.706,899.237,632165767,937,10869200000,11522034435,Relatively High,11004.531,10116.58,21134.892,31.631,Relatively Low,23042.314,27.426,Relatively Low
120,Montana,MT,Yellowstone,164624,34956202067,2675.632,8247424.006,59.115,Relatively Low,61.838,Relatively Low,8031526.787,4044756.167,0.305,3533803.058,30.84,Relatively Low,82.43,Very High,2.724,1.027,Not Applicable,Not Applicable,Not Applicable,2675.632,Very Low,Relatively Moderate,Relatively Moderate,2675.632,Very Low,Relatively Low,Relatively Low,2675.632,34955787000,164731,1910000000000,1950000000000,0.025,Relatively Low,203352.3,32598.891,235951.191,59.765,Very Low,259054.82,59.625,Very Low,73,2.143,2675.632,34956202067,164624,1910000000000,1940000000000,Relatively Moderate,1176248.607,129740.19,1350070.5,92.618,Relatively Moderate,1417290.216,92.205,Relatively Moderate,2675.632,Relatively Low,Relatively Moderate,Relatively Moderate,0.015,2675.632,34956202067,164624,1910000000000,1940000000000,Relatively High,113019.404,29747.329,142766.733,68.921,Relatively Moderate,150398.595,66.789,Relatively Moderate,Very Low,Relatively Low,Relatively Low,393,17.83,2675.632,34956202067,164624,1910000000000,1940000000000,Relatively High,1512.881,646085.438,647598.319,91.506,Relatively High,682433.11,90.38,Relatively High,Very Low,Relatively Low,Relatively Low,30,0.882,2675.632,34956202067,164624,1910000000000,1940000000000,Very Low,106593.883,17037.657,145898.861,30.242,Relatively Low,153160.656,25.453,Relatively Low,0.145,2675.632,34956202067,164624,1910000000000,1940000000000,Very Low,418585.875,94371.224,513711.403,35.577,Relatively Low,546296.406,31.626,Relatively Low,104.605,2634371259,11861.627,138000000000,140000000000,Very Low,1597748.397,94881.818,1694829.136,90.964,Relatively Moderate,1543905.481,89.055,Relatively Moderate,70.83,4.386,2675.632,34956198711,164623.983,1910000000000,1940000000000,Very Low,17102.743,94782.143,111981.517,70.907,Relatively Moderate,117508.58,67.77,Relatively Moderate
121,North Dakota,ND,Adams,2189,612779706,998.645,1290610.098,7.254,Very Low,7.676,Very Low,1123403.803,419654.843,0.037,428006.648,26.89,Relatively Low,37.49,Relatively Low,2.547,1.149,Not Applicable,Not Applicable,Not Applicable,998.645,Relatively Low,Relatively Moderate,Relatively Moderate,998.645,Very Low,Very Low,Very Low,998.645,612768000,2200,25520000000,26132768000,0.011,Very Low,363,75.957,438.957,1.331,Very Low,504.291,1.591,Very Low,94,2.75,998.645,612779706,2189,25392400000,26074488762,Very High,106280.178,8902.715,185811.312,65.695,Relatively Low,213467.282,64.111,Relatively Low,998.645,Relatively Low,Very Low,Very Low,0.509,998.645,612779706,2189,25392400000,26005179706,Relatively Moderate,5069.011,12162.453,17231.464,28.148,Very Low,19796.178,27.848,Very Low,Relatively High,Relatively Low,Relatively Low,574,26.069,998.645,612779706,2189,25392400000,26005179706,Relatively High,1506.467,12051.069,13557.536,8.333,Very Low,15575.426,8.108,Very Low,Very High,Very Low,Very Low,63,1.846,998.645,612779706,2189,25392400000,26074488762,Relatively High,101759.75,30116.082,157999.849,31.948,Relatively Low,181516.388,29.144,Relatively Low,0.178,998.645,612779706,2189,25392400000,26074488762,Relatively Moderate,28984.031,35181.133,64869.475,13.275,Very Low,74524.583,11.263,Very Low,119.552,122651109.9,480.791,5577180026,5719202201,Relatively Moderate,27836.78,7827.588,35835.26,49.22,Very Low,41168.944,50.493,Very Low,71,4.396,998.645,612779706,2189,25392400000,26074488762,Very High,142104.507,78025.365,220173.044,83.751,Relatively High,252943.379,83.392,Relatively Moderate
122,North Dakota,ND,Barnes,10821,3190512275,1528.683,5738657.08,46.93,Very Low,57.413,Relatively Low,6936408.052,3389780.158,0.106,1225897.833,8.53,Very Low,83.96,Very High,2.731,0.827,Not Applicable,Not Applicable,Not Applicable,1528.683,Relatively Low,Very High,Relatively High,1528.683,Very Low,Very Low,Very Low,1528.683,3190458000,10853,126000000000,129000000000,0.006,Very Low,1107.9,246.73,1354.63,4.178,Very Low,1106.28,3.213,Very Low,133,3.89,1528.683,3190512275,10821,126000000000,129000000000,Relatively High,583805.49,37692.203,1072956.807,90.385,Relatively Moderate,863750.863,87.114,Relatively Moderate,1528.683,Relatively Low,Relatively Low,Relatively Low,0.7,1528.683,3177912164,10721.032,124000000000,128000000000,Very High,633019.885,91912.535,724932.42,92.472,Relatively High,635887.733,89.973,Relatively High,Relatively Low,Relatively Low,Relatively Low,559,25.402,1528.683,3190512275,10821,126000000000,129000000000,Relatively Low,15812.676,3422.309,19234.985,12.999,Very Low,16758.185,8.977,Very Low,Very Low,Very Low,Very Low,72,2.089,1528.683,3190512275,10821,126000000000,129000000000,Very High,673868.922,77823.171,1151348.624,85.36,Relatively Moderate,939048.517,78.301,Relatively Moderate,0.912,1528.683,3190512275,10821,126000000000,129000000000,Relatively Low,634046.142,78504.556,728865.624,43.052,Relatively Low,636185.54,34.808,Relatively Low,131.433,535004658.8,1334.851,15484271000,16052553362,Relatively Moderate,58309.297,2258.705,60701.274,57.493,Very Low,47551.47,52.529,Very Low,138,8.545,1528.683,3190512275,10821,126000000000,129000000000,Relatively High,733125.281,30617.857,764130.096,96.1,Very High,666050.62,94.4,Relatively High
123,North Dakota,ND,Benson,5945,1362172932,1453.928,2672347.83,20.14,Very Low,14.794,Very Low,1825622.878,1394283.231,0.024,277790.702,81.35,Very High,9.83,Very Low,2.416,1.464,Not Applicable,Not Applicable,Not Applicable,1453.928,Very Low,Relatively Low,Relatively Moderate,1453.928,Very Low,Very Low,Very Low,1453.928,1362138000,5964,69182400000,70544538000,0.004,Very Low,214.1,58.061,272.161,0.557,Very Low,373.611,0.986,Very Low,98,2.866,1453.928,1362172932,5945,68962000000,70512604893,Relatively Moderate,12614.513,393.156,89293.243,50.837,Relatively Low,113577.327,51.129,Relatively Low,1453.928,No Rating,No Expected Annual Losses,No Rating,0.589,1453.928,1362172932,5945,68962000000,70324172932,Very High,336252.728,45810.649,382063.377,85.41,Relatively High,541855.784,88.508,Relatively High,Relatively High,Relatively Low,Relatively Low,426,19.335,1453.928,1362172932,5945,68962000000,70324172932,Relatively High,3294.891,20499.42,23794.311,16.055,Very Low,35024.196,19.691,Very Low,Relatively Low,Relatively Low,Relatively Low,42,1.229,1453.928,1362172932,5945,68962000000,70512604893,Relatively High,222605.766,17058.387,285440.497,47.705,Relatively Low,401218.32,51.257,Relatively Low,0.685,1453.928,1362172932,5945,68962000000,70512604893,Very Low,123774.878,16192.811,142681.712,18.89,Very Low,209465.46,19.217,Very Low,236.767,452964118.3,2317.648,26884720857,27371667061,Relatively Low,256203.578,4297.61,261092.072,75.087,Relatively Low,413550.862,77.983,Relatively Low,104,6.44,1453.928,1362172932,5945,68962000000,70512604893,Relatively High,215277.999,26815.624,242265.554,85.422,Relatively High,337446.309,87.623,Relatively High
124,North Dakota,ND,Billings,945,683009665,1164.758,850140.779,3.913,Very Low,5.416,Very Low,887762.822,568653.41,0.015,179586.155,5.79,Very Low,61.65,Relatively High,2.643,0.958,Not Applicable,Not Applicable,Not Applicable,1164.758,Relatively Low,Relatively Moderate,Relatively Moderate,1164.758,Very Low,Very Low,Very Low,1164.758,683000000,945,10962000000,11645000000,0.011,Relatively Low,378.8,33.58,412.38,1.114,Very Low,394.904,1.145,Very Low,81,2.361,1164.758,683009665,945,10962000000,11677998403,Very High,121732.241,2372.821,153332.705,62.066,Relatively Low,146834.697,56.666,Relatively Low,1164.758,No Rating,No Expected Annual Losses,No Rating,0.44,1164.758,683009665,945,10962000000,11645009665,Very High,65065.497,5028.315,70093.812,53.964,Relatively Low,67123.343,50.533,Relatively Low,Relatively High,Relatively Low,Relatively Low,463,21.014,1164.758,683009665,945,10962000000,11645009665,Relatively High,2423.433,4189.641,6613.074,3.7,Very Low,6332.822,2.671,Very Low,Relatively Low,Very Low,Very Low,47,1.369,1164.758,683009665,945,10962000000,11677998403,Very High,168789.427,16297.292,207542.604,38.12,Relatively Low,198747.263,30.735,Relatively Low,0.202,1164.758,683009665,945,10962000000,11677998403,Relatively High,41428.436,23845.485,66083.862,13.431,Very Low,63283.328,9.99,Very Low,39.41,169146843.7,270.135,3133560762,3313555781,Relatively High,40967.415,4241.56,45281.737,52.689,Very Low,43362.766,51.257,Very Low,64,3.963,1164.758,683009665,945,10962000000,11677998403,Very High,117586.192,33314.895,150919.609,76.911,Relatively Moderate,144523.865,73.051,Relatively Moderate
125,North Dakota,ND,Bottineau,6379,6521796977,1714.835,4032844.48,34.139,Very Low,44.909,Very Low,4723447.233,3885879.696,0.066,762639.424,4.87,Very Low,69.57,Relatively High,2.672,0.854,Not Applicable,Not Applicable,Not Applicable,1714.835,Very Low,Relatively Moderate,Relatively Moderate,1714.835,Very Low,Relatively Low,Relatively Low,1714.835,6521759000,6379,73996400000,80518159000,0.01,Relatively Moderate,3224.9,726.601,3951.501,9.564,Very Low,3378.445,7.604,Very Low,52,1.516,1714.835,6521796977,6379,73996400000,80765310513,Relatively Moderate,39644.964,9784.959,52747.415,39.64,Very Low,45737.727,31.562,Very Low,1714.835,Relatively Low,Relatively Low,Very Low,0.535,1714.835,6521796977,6379,73996400000,80518196977,Very High,1032378.287,40910.347,1073288.633,94.803,Relatively High,917531.444,93.304,Relatively High,Relatively High,Relatively Low,Relatively Low,431,19.551,1714.835,6521796977,6379,73996400000,80518196977,Relatively Moderate,7081.519,13159.385,20240.904,13.867,Very Low,18076.807,9.813,Very Low,Relatively Low,Very Low,Very Low,20,0.571,1714.835,6521796977,6379,73996400000,80765310513,Very High,630574.23,48997.748,701154.453,75,Relatively Moderate,602353.719,64.843,Relatively Moderate,0.431,1714.835,6521796977,6379,73996400000,80765310513,Relatively Moderate,280738.702,90259.955,373544.271,30.397,Relatively Low,325776.581,24.149,Very Low,147.822,1455967982,1103.135,12796362895,14281150910,Very High,688657.473,9827.184,698882.089,84.41,Relatively Low,549734.766,81.069,Relatively Low,105,6.502,1714.835,6521796977,6379,73996400000,80765310513,Very High,1155246.309,114171.839,1269645.789,98.452,Very High,1088685.589,97.296,Very High
126,North Dakota,ND,Bowman,2993,1270043702,1178.835,1504184.18,9.004,Very Low,12.875,Very Low,1640176.214,885491.937,0.041,474611.726,14.04,Very Low,66.33,Relatively High,2.661,0.917,Not Applicable,Not Applicable,Not Applicable,1178.835,Relatively Low,Relatively High,Relatively Moderate,1178.835,Very Low,Very Low,Very Low,1178.835,1270018000,2993,34718800000,35988818000,0.012,Relatively Low,1028,165.976,1193.976,3.838,Very Low,1093.736,3.182,Very Low,87,2.558,1178.835,1270043702,2993,34718800000,36073864998,Relatively High,155932.067,9102.079,197717.404,66.935,Relatively Low,182526.462,61.565,Relatively Low,1178.835,No Rating,No Expected Annual Losses,No Rating,0.571,1178.835,1269779405,2992.737,34715748402,35985527808,Relatively Moderate,11631.448,17600.789,29232.237,37.742,Relatively Low,27710.369,33.611,Relatively Low,Relatively High,Relatively Low,Relatively Low,543,24.663,1178.835,1270043702,2993,34718800000,35988843702,Relatively High,3880.323,15000.698,18881.021,12.709,Very Low,18637.282,10.264,Very Low,Relatively Low,Very Low,Very Low,54,1.575,1178.835,1270043702,2993,34718800000,36073864998,Very High,208107.923,35391.721,285573.041,47.767,Relatively Low,264809.486,37.989,Relatively Low,0.205,1178.835,1270043702,2993,34718800000,36073864998,Relatively Moderate,58890.881,39988.206,100006.442,15.726,Very Low,94535.644,12.472,Very Low,74.856,274400132.8,553.622,6422018100,6719703495,Relatively High,77492.493,10688.164,88437.503,62.806,Relatively Low,74500.4,59.115,Very Low,72,4.458,1178.835,1270043702,2993,34718800000,36073864998,Very High,361441.454,47097.173,408592.333,91.024,Relatively High,394116.38,89.437,Relatively High
127,North Dakota,ND,Burke,2201,1020943806,1140.397,702932.542,3.118,Very Low,4.797,Very Low,794427.733,519823.232,0.021,247951.117,0.8,Very Low,54.9,Relatively Moderate,2.617,0.885,Not Applicable,Not Applicable,Not Applicable,1140.397,Very Low,Relatively Moderate,Relatively Moderate,1140.397,Very Low,Very Low,Very Low,1140.397,1020933000,2201,25531600000,26552533000,0.007,Very Low,485.3,71.53,556.83,1.888,Very Low,492.699,1.527,Very Low,44,1.273,1140.397,1020943806,2201,25531600000,26634571155,Relatively High,33977.342,3047.826,40651.846,34.895,Very Low,35969.925,26.853,Very Low,1140.397,Relatively Low,Very Low,Very Low,0.518,1140.397,1020943806,2201,25531600000,26552543806,Very High,156597.625,13777.543,170375.168,73.085,Relatively Moderate,150752.856,66.822,Relatively Moderate,Relatively High,Very Low,Very Low,481,21.838,1140.397,1020943806,2201,25531600000,26552543806,Relatively High,3424.342,6877.225,10301.567,6.178,Very Low,9115.124,4.376,Very Low,Relatively Moderate,Very Low,Very Low,20,0.573,1140.397,1020943806,2201,25531600000,26634571155,Very High,65834.443,10567.882,84610.818,21.278,Relatively Low,74866.089,15.431,Very Low,0.203,1140.397,1020943806,2201,25531600000,26634571155,Relatively Moderate,39722.798,32899.935,73568.021,14.144,Very Low,65095.104,10.213,Very Low,76.943,260813166,410.269,4759116425,5032658661,Relatively High,44895.19,27.667,44996.019,52.529,Very Low,39813.774,49.952,Very Low,77,4.768,1140.397,1020943806,2201,25531600000,26634571155,Very High,167664.16,37983.205,205702.778,82.606,Relatively High,182011.744,77.696,Relatively Moderate
128,North Dakota,ND,Burleigh,98437,17604065475,1685.327,17653486.66,77.665,Relatively Low,79.851,Relatively Low,17964222.4,8030370.038,0.805,9339274.957,20.24,Relatively Low,98.03,Very High,2.854,0.983,Not Applicable,Not Applicable,Not Applicable,1678.92,Very Low,Relatively High,Relatively High,1678.92,Very Low,Very Low,Very Low,1678.92,17603837000,98458,1140000000000,1160000000000,0.006,Very Low,5790.7,1775.419,7566.119,14.949,Very Low,8268.072,14.858,Very Low,90,2.64,1678.92,17604065475,98437,1140000000000,1160000000000,Relatively High,3479913.188,304723.133,3806146.725,97.519,Relatively High,3798547.937,97.423,Relatively High,1678.92,Relatively Low,Relatively Moderate,Relatively Moderate,0.987,1678.92,17604065475,98437,1140000000000,1160000000000,Relatively Moderate,2395.541,1157117.767,1159513.308,95.27,Relatively High,1149064.744,94.337,Relatively High,Very Low,Relatively Low,Relatively Low,580,26.446,1678.92,17604065475,98437,1140000000000,1160000000000,Relatively Moderate,20032.111,312710.057,332742.168,82.69,Relatively Moderate,326724.372,79.73,Relatively Moderate,Very Low,Relatively Moderate,Relatively Moderate,53,1.558,1678.92,17604065475,98437,1140000000000,1160000000000,Relatively Moderate,743007.742,522104.727,1270279.623,86.942,Relatively High,1264838.204,84.855,Relatively Moderate,0.567,1685.327,17604065475,98437,1140000000000,1160000000000,Relatively Low,1849128.76,3361516.828,5214697.523,88.058,Relatively Moderate,5183537.563,85.364,Relatively Moderate,165.801,2998263726,17675.421,205000000000,208000000000,Relatively Low,805555.646,4337.585,810328.746,85.332,Relatively Low,746589.499,83.933,Relatively Low,83,5.159,1678.92,17604065475,98437,1140000000000,1160000000000,Relatively Moderate,570090.952,745048.882,1315251.892,98.545,Very High,1308551.585,98.155,Very High
129,North Dakota,ND,Cass,184441,40439923739,1785.657,48809591.32,90.869,Relatively Moderate,92.51,Relatively Moderate,54402089.65,43284614.49,0.62,7188603.204,21.77,Relatively Low,97.55,Very High,2.843,0.897,Not Applicable,Not Applicable,Not Applicable,1785.657,Very Low,Very High,Very High,1785.657,Very Low,Very Low,Very Low,1785.657,40439420000,184525,2140000000000,2180000000000,0.01,Very Low,31936.6,7583.125,39519.725,31.724,Very Low,40329.751,30.735,Very Low,154,4.527,1785.657,40439923739,184441,2140000000000,2180000000000,Relatively High,5180810.342,819398.32,6996452.849,98.821,Relatively High,6412964.435,98.409,Relatively High,1785.657,Relatively Low,Relatively Moderate,Relatively Moderate,0.43,1785.657,40439923739,184441,2140000000000,2180000000000,Relatively Moderate,543860.706,858566.906,1402427.613,96.103,Very High,1322366.114,95.436,Relatively High,Relatively High,Very Low,Very Low,621,28.205,1785.657,40439923739,184441,2140000000000,2180000000000,Very Low,3718.98,124286.192,128005.172,61.937,Relatively Low,117108.72,52.574,Relatively Low,Very Low,Relatively High,Relatively High,90,2.629,1785.657,40439923739,184441,2140000000000,2180000000000,Relatively High,12616822.83,1739630.081,14828515.21,99.876,Very High,13931617.81,99.65,Very High,1.347,1785.657,40439923739,184441,2140000000000,2180000000000,Relatively Low,9056461.028,1437472.201,10518640.07,94.789,Relatively High,9961440.592,93.637,Relatively High,46.731,1063428199,4380.413,50812786343,51893212735,Relatively Low,57947.934,4149.961,62148.472,57.938,Very Low,44833.182,51.607,Very Low,141,8.731,1785.657,40439923739,184441,2140000000000,2180000000000,Relatively Low,1103488.405,38641.036,1142753.098,98.143,Very High,1081747.455,97.105,Very High
130,North Dakota,ND,Cavalier,3703,1975382680,1525.078,3290722.729,27.044,Very Low,34.54,Very Low,3581677.423,1295389.34,0.012,136510.908,18.2,Very Low,43.51,Relatively Moderate,2.571,0.919,Not Applicable,Not Applicable,Not Applicable,1525.075,Relatively Low,Very High,Relatively High,1525.075,Very Low,Relatively Low,Very Low,1525.075,1975360000,3704,42966400000,44941760000,0.006,Very Low,469.8,64.282,534.082,1.826,Very Low,543.137,1.654,Very Low,81,2.374,1525.075,1975382680,3703,42954800000,45252009965,Relatively High,19431.609,186.236,179088.116,65.043,Relatively Low,155936.351,58.002,Relatively Low,1525.075,No Rating,No Expected Annual Losses,No Rating,0.429,1525.075,1975382680,3703,42954800000,44930182680,Very High,358984.518,18258.868,377243.386,85.31,Relatively High,370342.734,83.511,Relatively Moderate,Relatively High,Very Low,Very Low,390,17.685,1525.075,1975382680,3703,42954800000,44930182680,Relatively High,6435.381,11640.458,18075.839,11.873,Very Low,18449.206,10.039,Very Low,Relatively Moderate,Very Low,Very Low,36,1.034,1525.075,1975382680,3703,42954800000,45252009965,Very High,299987.118,8159.605,362548.74,54.994,Relatively Low,353830.008,47.057,Relatively Low,0.613,1525.078,1975382680,3703,42954800000,45252009965,Relatively Low,131687.665,6128.876,143347.562,18.952,Very Low,142066.953,15.177,Very Low,70.836,158035716.2,228.718,2653134579,2828262990,Relatively Moderate,30936.779,148.998,31268.219,46.739,Very Low,27195.256,43.143,Very Low,102.001,6.316,1525.075,1975382680,3703,42954800000,45252009965,Very High,317581.3,26007.78,343877.078,89.632,Relatively High,341929.349,87.751,Relatively High
131,North Dakota,ND,Dickey,4995,1862747725,1153.688,3041696.739,24.085,Very Low,34.2,Very Low,3556654.635,1465537.858,0.061,702348.434,5.73,Very Low,69.51,Relatively High,2.672,0.855,Not Applicable,Not Applicable,Not Applicable,1153.688,Relatively Low,Relatively High,Relatively High,1153.688,Very Low,Very Low,Very Low,1153.688,1862712000,4999,57988400000,59851112000,0.012,Relatively Low,2023.8,392.559,2416.359,6.314,Very Low,2270.046,5.568,Very Low,132,3.857,1153.688,1862747725,4995,57942000000,60062951361,Relatively High,199107.522,18084.19,427928.02,80.18,Relatively Moderate,359029.375,74.578,Relatively Low,1153.688,Relatively Low,Relatively Low,Relatively Low,0.479,1153.688,1862747725,4995,57942000000,59804747725,Relatively High,70570.575,30234.263,100804.838,61.292,Relatively Moderate,90946.151,56.129,Relatively Low,Relatively High,Very Low,Very Low,673,30.569,1153.688,1862747725,4995,57942000000,59804747725,Relatively Low,5184.193,2077.436,7261.629,4.022,Very Low,6616.969,2.896,Very Low,Very High,Very Low,Very Low,79,2.313,1153.688,1862747725,4995,57942000000,60062951361,Very High,281168.505,43796.546,505546.478,65.881,Relatively Moderate,434278.091,54.025,Relatively Low,0.559,1153.688,1862747725,4995,57942000000,60062951361,Relatively Low,290015.112,26279.788,324710.232,28.257,Relatively Low,292437.39,23.035,Very Low,123.286,289428846.9,752.349,8727248204,9054290818,Relatively Moderate,61003.459,2833.399,64166.69,58.384,Very Low,55942.67,55.075,Very Low,134,8.297,1153.688,1862747725,4995,57942000000,60062951361,Very High,554239.743,226677.074,781227.641,96.255,Very High,710039.012,95.068,Relatively High
132,North Dakota,ND,Divide,2195,3673673790,1307.665,2621564.774,19.663,Very Low,21.851,Very Low,2398204.04,1533239.963,0.029,337994.468,15.5,Very Low,36.35,Relatively Low,2.543,1.093,Not Applicable,Not Applicable,Not Applicable,1307.665,Relatively Low,Relatively High,Relatively High,1307.665,Very Low,Very Low,Very Low,1307.665,3673659000,2195,25462000000,29135659000,0.014,Relatively High,5326.5,821.072,6147.572,12.937,Very Low,6720.137,13.045,Very Low,44,1.284,1307.665,3673673790,2195,25462000000,29217624119,Very High,88551.565,2635.232,130162.674,58.561,Relatively Low,142285.592,55.838,Relatively Low,1307.665,Relatively Low,Very Low,Very Low,0.447,1307.665,3673673790,2195,25462000000,29135673790,Very High,352804.483,11258.364,364062.847,84.977,Relatively High,397970.448,84.51,Relatively Moderate,Relatively High,Very Low,Very Low,441,20.015,1307.665,3673673790,2195,25462000000,29135673790,Relatively High,8018.601,6624.841,14643.442,9.331,Very Low,16007.284,8.462,Very Low,No Rating,No Expected Annual Losses,No Rating,27,0.774,1307.665,3673673790,2195,25462000000,29217624119,Very High,321262.398,13455.224,347922.052,53.691,Relatively Low,380326.353,49.602,Relatively Low,0.161,1307.665,3673673790,2195,25462000000,29217624119,Relatively High,150133.863,23054.365,173790.045,21.154,Very Low,189976.271,18.295,Very Low,102.306,819566119.3,246.94,2864502399,3695472759,Very High,36828.338,6.152,36854.873,49.634,Very Low,40287.413,50.143,Very Low,71,4.396,1307.665,3673673790,2195,25462000000,29217624119,Very High,561410.683,35243.297,596705.027,94.553,Relatively High,652280.145,94.273,Relatively High
133,North Dakota,ND,Dunn,4088,2063418312,2103.074,3706112.704,30.894,Very Low,27.824,Very Low,2891509.603,1772406.968,0.062,718446.114,39.21,Relatively Low,36.19,Relatively Low,2.542,1.282,Not Applicable,Not Applicable,Not Applicable,2043.469,Relatively Low,Relatively High,Relatively High,2043.469,Very Low,Very Low,Very Low,2043.469,2063404000,4095,47502000000,49565404000,0.007,Very Low,708.7,103.782,812.482,2.693,Very Low,1041.376,2.895,Very Low,79,2.387,2043.469,2063418312,4088,47420800000,49573177052,Very High,260501.352,14592.845,349778.079,77.636,Relatively Low,448318.408,78.142,Relatively Low,2043.469,Relatively Low,Relatively Low,Relatively Low,0.621,2043.469,2063418272,4088,47420800000,49484218272,Very High,266857.563,30359.793,297217.356,82.478,Relatively Moderate,380950.151,84.011,Relatively Moderate,Relatively Moderate,Relatively Moderate,Relatively Moderate,459,21.457,2043.469,2063418312,4088,47420800000,49484218312,Relatively High,5469.2,12157.824,17627.024,11.583,Very Low,22592.952,13.031,Very Low,Relatively Moderate,Very Low,Very Low,45,1.348,2043.469,2063418312,4088,47420800000,49573177052,Very High,254226.816,50787.776,320725.218,51.241,Relatively Low,411080.704,52.084,Relatively Low,0.717,2103.074,2063418312,4088,47420800000,49573177052,Relatively Low,186691.49,103692.597,292824.518,27.078,Very Low,375319.752,26.408,Very Low,102.057,787798047.6,1320.08,15312925170,16121225984,Very High,268989.955,206.646,269369.02,75.501,Relatively Low,345256.314,76.106,Relatively Low,70,4.461,2043.469,2063418272,4088,47420800000,49573177012,Very High,397711.426,80323.993,478090.051,92.386,Relatively High,612778.741,93.859,Relatively High
134,North Dakota,ND,Eddy,2347,1076942125,650.646,1556214.628,9.8,Very Low,9.161,Very Low,1261315.044,1051512.211,0.01,117876.27,42.58,Relatively Moderate,52.74,Relatively Moderate,2.608,1.234,Not Applicable,Not Applicable,Not Applicable,650.646,Very Low,Relatively Low,Relatively Low,650.646,Very Low,Very Low,Very Low,650.646,1076927000,2347,27225200000,28302127000,0.008,Very Low,388,92.466,480.466,1.609,Very Low,592.8,1.845,Very Low,116,3.403,650.646,1076942125,2347,27225200000,28396497753,Relatively High,86566.506,168.826,137809.515,60.019,Relatively Low,170029.831,60.134,Relatively Low,650.646,Relatively Low,Relatively Low,Very Low,0.689,650.646,1076942125,2347,27225200000,28302142125,Very High,270016.313,19270.637,289286.95,82.045,Relatively Moderate,356923.185,82.945,Relatively Moderate,Relatively High,Very Low,Very Low,488,22.142,650.646,1076942125,2347,27225200000,28302142125,Relatively Low,2731.937,735.25,3467.187,1.609,Very Low,4277.827,1.737,Very Low,Relatively Low,Very Low,Very Low,53,1.544,650.646,1076942125,2347,27225200000,28396497753,Very High,245492.339,7504.083,279023.257,47.115,Relatively Low,344259.807,46.293,Relatively Low,0.341,650.646,1076942125,2347,27225200000,28396497753,Relatively Moderate,148488.582,6545.406,157637.575,19.975,Very Low,194493.756,18.517,Very Low,199.222,259293764.9,451.971,5242863173,5534158813,Relatively High,124631.332,183.362,125428.877,67.133,Relatively Low,154754.559,67.897,Relatively Low,105,6.502,650.646,1076942125,2347,27225200000,28396497753,Very High,150100.472,25313.595,175500.988,80.285,Relatively Moderate,216533.693,80.528,Relatively Moderate
135,North Dakota,ND,Emmons,3301,4891300845,1571.013,9171511.005,62.043,Relatively Low,64.469,Relatively Low,8769309.256,7121228.798,0.072,837055.779,6.11,Very Low,62.6,Relatively High,2.647,1.046,Not Applicable,Not Applicable,Not Applicable,1522.37,Relatively Low,Relatively High,Relatively High,1522.37,Very Low,Very Low,Very Low,1522.37,4891289000,3301,38291600000,43182889000,0.011,Relatively Moderate,3024.8,719.456,3744.256,9.099,Very Low,3915.985,8.4,Very Low,103,3.1,1522.37,4891300845,3301,38291600000,43368775592,Very High,1277579.696,12173.534,1446006.714,93.238,Relatively Moderate,1512327.38,92.682,Relatively Moderate,1522.37,Relatively Low,Relatively Low,Relatively Low,1.04,1522.37,4891300845,3301,38291600000,43182900845,Relatively High,224866.073,39732.269,264598.342,80.746,Relatively Moderate,276734.066,79.314,Relatively Moderate,Relatively High,Relatively Low,Relatively Low,518,24.253,1522.37,4891300845,3301,38291600000,43182900845,Relatively High,14438.452,9710.165,24148.617,16.281,Very Low,25256.186,14.479,Very Low,Relatively Low,Very Low,Very Low,64,1.916,1522.37,4891300845,3301,38291600000,43368775592,Very High,1637172.695,58454.259,1709096.952,91.098,Relatively High,1787484.173,90.391,Relatively High,0.494,1571.013,4891300845,3301,38291600000,43368775592,Relatively High,547246.424,128082.905,679902.222,41.191,Relatively Low,711085.734,36.717,Relatively Low,144.4,2285509757,934.723,10842785337,13173088012,Very High,2019761.771,695.751,2021848.67,92.109,Relatively Moderate,2114580.156,91.537,Relatively Moderate,90,5.751,1522.37,4891300845,3301,38291600000,43368775592,Very High,1359275.983,105442.908,1464865.657,98.855,Very High,1532051.283,98.632,Very High
136,North Dakota,ND,Foster,3391,1085928024,653.391,2491283.508,18.231,Very Low,23.615,Very Low,2558277.117,1130226.663,0.045,526262.367,4.14,Very Low,86.6,Very High,2.747,0.974,Not Applicable,Not Applicable,Not Applicable,653.391,Relatively Low,Relatively High,Relatively High,653.391,Very Low,Very Low,Very Low,653.391,1085913000,3397,39405200000,40491113000,0.006,Very Low,335.7,62.137,397.837,1.052,Very Low,387.419,1.05,Very Low,117,3.419,653.391,1085928024,3391,39335600000,40557681120,Relatively High,55352.394,10734.046,161394.787,63.12,Relatively Low,157168.341,58.416,Relatively Low,653.391,Relatively Low,Relatively Low,Relatively Low,0.725,653.391,1085928024,3391,39335600000,40421528024,Very High,230541.193,29964.394,260505.586,80.446,Relatively Moderate,253683.726,77.748,Relatively Moderate,Relatively High,Very Low,Very Low,521,23.659,653.391,1085928024,3391,39335600000,40421528024,Relatively Low,2782.14,1062.318,3844.458,1.77,Very Low,3743.784,1.577,Very Low,Relatively Moderate,Very Low,Very Low,54,1.58,653.391,1085928024,3391,39335600000,40557681120,Very High,197254.312,19445.801,260305.733,44.758,Relatively Low,253489.106,36.78,Relatively Low,0.339,653.391,1085928024,3391,39335600000,40557681120,Relatively Moderate,171607.305,18000.444,193576.895,22.27,Very Low,188507.696,18.231,Very Low,80.271,148893208.2,479.434,5561432027,5732869090,Relatively Moderate,43570.055,113.017,43963.14,52.148,Very Low,42811.877,50.939,Very Low,118,7.307,653.391,1085928024,3391,39335600000,40557681120,Very High,405844.025,125461.806,531446.784,93.531,Relatively High,517529.785,92.141,Relatively High
137,North Dakota,ND,Golden Valley,1732,759441830,1012.607,1009631.468,5.282,Very Low,5.85,Very Low,941632.418,436542.197,0.025,292628.4,12.41,Very Low,47.77,Relatively Moderate,2.59,1.072,Not Applicable,Not Applicable,Not Applicable,1012.607,Relatively Low,Relatively Moderate,Relatively Moderate,1012.607,Very Low,Very Low,Very Low,1012.607,759427000,1736,20137600000,20897027000,0.011,Relatively Low,459.4,66.935,526.335,1.795,Very Low,564.344,1.718,Very Low,84,2.449,1012.607,759441830,1732,20091200000,20902468958,Relatively High,11915.771,3916.895,64282.319,43.672,Relatively Low,68924.403,40.216,Very Low,1012.607,No Rating,No Expected Annual Losses,No Rating,0.432,1012.607,751176960.1,1723.599,19993744110,20744921070,Very High,70430.965,9031.993,79462.958,56.262,Relatively Low,85201.296,54.697,Relatively Low,Relatively High,Relatively Low,Relatively Low,467,21.193,1012.607,759441830,1732,20091200000,20850641830,Relatively High,466.642,8208.094,8674.735,5.051,Very Low,9301.173,4.569,Very Low,Relatively Moderate,Very Low,Very Low,51,1.471,1012.607,759441830,1732,20091200000,20902468958,Very High,122426.987,28033.893,177460.981,34.088,Relatively Low,190276.149,30.194,Relatively Low,0.134,1012.607,759441830,1732,20091200000,20902468958,Relatively High,42388.948,41575.903,84811.505,14.919,Very Low,90936.084,12.249,Very Low,16.794,91690987.49,211.612,2454704492,2550760665,Relatively Low,7624.916,1119.929,8787.264,25.453,Very Low,9421.827,24.817,Very Low,63,3.901,1012.607,759441830,1732,20091200000,20902468958,Very High,147484.667,71162.837,218676.15,83.596,Relatively High,234467.631,81.96,Relatively Moderate
138,North Dakota,ND,Grand Forks,73042,15976890088,1453.949,24005090.68,82.914,Relatively Moderate,85.515,Relatively Moderate,25902118.11,20156137.19,0.241,2794208.647,34.4,Relatively Low,87.05,Very High,2.749,0.927,Not Applicable,Not Applicable,Not Applicable,1453.949,Very Low,Very High,Very High,1453.949,Very Low,Very Low,Very Low,1453.949,15976643000,73170,849000000000,865000000000,0.008,Very Low,6532.5,1572.928,8105.428,15.63,Very Low,8442.109,15.081,Very Low,143,4.193,1453.949,15976890088,73042,847000000000,864000000000,Relatively High,3356266.76,11595.508,3378632.008,97.146,Relatively High,3388874.666,97.009,Relatively High,1453.949,Relatively Low,Relatively Moderate,Relatively Moderate,0.392,1453.949,15976890088,73042,847000000000,863000000000,Relatively High,924813.049,343817.796,1268630.845,95.636,Relatively High,1280855.756,95.237,Relatively High,Relatively Moderate,Relatively Low,Relatively Low,391,17.742,1453.949,15976890088,73042,847000000000,863000000000,Relatively Low,12271.412,37684.303,49955.715,31.306,Relatively Low,51107.987,26.802,Very Low,Relatively Moderate,Relatively High,Relatively High,77,2.243,1453.949,15976890088,73042,847000000000,864000000000,Relatively High,2878021.959,422285.917,3301346.224,97.022,Relatively High,3322942.39,96.468,Relatively High,1.039,1453.949,15976890088,73042,847000000000,864000000000,Very Low,1819474.925,233533.149,2066221.672,71.03,Relatively Moderate,2075933.572,66.656,Relatively Low,123.349,601486831,2377.959,27584321846,28216100993,Very Low,71808.819,1054.184,73066.924,60.547,Very Low,66008.666,57.143,Very Low,126.046,7.805,1453.949,15976890088,73042,847000000000,864000000000,Relatively Low,531080.513,16974.047,548458.372,93.655,Relatively High,550858.061,92.905,Relatively High
139,North Dakota,ND,Grant,2299,1161847905,1682.833,1872178.666,12.504,Very Low,14.237,Very Low,1776556.532,948187.29,0.039,452499.893,8.98,Very Low,37.24,Relatively Low,2.547,1.054,Not Applicable,Not Applicable,Not Applicable,1682.833,Relatively Low,Relatively High,Relatively High,1682.833,Very Low,Very Low,Very Low,1682.833,1161834000,2301,26691600000,27853434000,0.007,Very Low,376.9,72.249,449.149,1.455,Very Low,473.325,1.368,Very Low,103,3.005,1682.833,1161847905,2299,26668400000,27925426110,Very High,329398.62,10326.638,417962.227,79.901,Relatively Moderate,440458.804,78.046,Relatively Low,1682.833,Relatively Low,Relatively Low,Relatively Low,0.891,1682.833,1161846502,2298.993,26668317034,27830163537,Relatively Moderate,19275.772,24904.343,44180.116,45.503,Relatively Low,46558.085,43.604,Relatively Low,Relatively High,Relatively Low,Relatively Low,532,24.163,1682.833,1161847905,2299,26668400000,27830247905,Relatively High,4707.46,11076.392,15783.851,10.264,Very Low,16633.408,8.816,Very Low,Very High,Very Low,Very Low,67,1.97,1682.833,1161847905,2299,26668400000,27925426110,Very High,253472.468,32291.075,302068.001,49.566,Relatively Low,318326.637,43.875,Relatively Low,0.431,1682.833,1161847905,2299,26668400000,27925426110,Relatively Moderate,79450.703,47147.225,128206.206,17.68,Very Low,135106.832,14.795,Very Low,135.129,408353970.4,776.138,9003200402,9437330949,Relatively High,95584.922,121.97,95905.344,63.57,Relatively Low,101067.394,63.315,Very Low,81,5.015,1682.833,1161846502,2298.993,26668317034,27925341742,Very High,160166.808,85836.728,246071.173,85.794,Relatively High,259315.812,84.06,Relatively Moderate
140,North Dakota,ND,Griggs,2300,710338670,723.814,2173369.986,15.59,Very Low,20.706,Very Low,2304260.225,840677.43,0.028,324630.174,3.76,Very Low,92.46,Very High,2.784,0.943,Not Applicable,Not Applicable,Not Applicable,723.814,Relatively Low,Relatively High,Relatively High,723.814,Very Low,Very Low,Very Low,723.814,710324000,2306,26749600000,27459924000,0.005,Very Low,178.2,35.642,213.842,0.402,Very Low,201.695,0.35,Very Low,139,4.086,723.814,710338670,2300,26680000000,27521800192,Very High,173974.803,13370.546,442705.095,80.614,Relatively Moderate,417557.859,77.219,Relatively Low,723.814,Relatively Low,Relatively Low,Very Low,0.715,723.814,710325465.1,2299.917,26679036023,27389361488,Very High,181043.7,19948.505,200992.205,76.549,Relatively Moderate,189575.128,71.952,Relatively Moderate,Relatively High,Relatively Low,Relatively Low,510,23.162,723.814,710338670,2300,26680000000,27390338670,Relatively Low,1826.506,725.173,2551.679,1.062,Very Low,2406.735,0.869,Very Low,Relatively Moderate,Very Low,Very Low,71,2.063,723.814,710338670,2300,26680000000,27521800192,Very High,157931.863,17435.517,333206.499,52.14,Relatively Low,314279.176,43.493,Relatively Low,0.478,723.814,710338670,2300,26680000000,27521800192,Relatively Moderate,127703.544,16415.668,151146.157,19.51,Very Low,142560.514,15.24,Very Low,127.107,162858832.7,508.438,5897875152,6085594593,Relatively Moderate,41996.38,2220.851,44472.436,52.37,Very Low,41946.242,50.716,Very Low,117,7.245,723.814,710338670,2300,26680000000,27521800192,Relatively High,130980.696,29905.734,161021.372,78.149,Relatively Moderate,151874.781,73.878,Relatively Moderate
141,North Dakota,ND,Hettinger,2487,3470700064,1145.233,3776274.861,31.626,Very Low,37.357,Very Low,3884950.645,3149706.531,0.033,379768.629,8.27,Very Low,38.54,Relatively Low,2.552,0.972,Not Applicable,Not Applicable,Not Applicable,1145.233,Relatively Low,Relatively Moderate,Relatively Moderate,1145.233,Very Low,Very Low,Very Low,1145.233,3470675000,2489,28872400000,32343075000,0.016,Relatively High,3171.7,1270.02,4441.72,10.306,Very Low,4310.491,9.354,Very Low,98,2.857,1145.233,3470700064,2487,28849200000,32396286873,Very High,809599.015,6512.443,894488.05,88.865,Relatively Moderate,869190.191,87.178,Relatively Moderate,1145.233,Relatively Low,Very Low,Very Low,0.604,1145.233,3470700064,2487,28849200000,32319900064,Very High,447176.057,18272.711,465448.768,87.875,Relatively High,453553.609,85.943,Relatively High,Relatively High,Relatively Low,Very Low,545,24.738,1145.233,3470700064,2487,28849200000,32319900064,Relatively High,13576.044,12371.941,25947.985,17.181,Very Low,25220.094,14.447,Very Low,Relatively Low,Very Low,Very Low,59,1.733,1145.233,3470700064,2487,28849200000,32396286873,Very High,731034.959,39090.55,819405.034,78.877,Relatively Moderate,796295.735,73.56,Relatively Moderate,0.241,1145.233,3470700064,2487,28849200000,32396286873,Relatively High,225795.3,64075.166,290877.001,27.016,Very Low,282650.306,22.622,Very Low,100.616,753096722.8,392.595,4554097502,5317109941,Very High,37254.22,1754.716,39032.233,50.684,Very Low,38042.935,48.966,Very Low,74,4.582,1145.233,3470700064,2487,28849200000,32396286873,Very High,847709.312,34271.558,882030.462,96.998,Very High,856485.41,96.341,Relatively High
142,North Dakota,ND,Kidder,2383,939873394,1447.279,1997465.059,13.777,Very Low,18.787,Very Low,2163544.388,963007.135,0.053,619542.103,9.58,Very Low,30.04,Relatively Low,2.517,0.923,Not Applicable,Not Applicable,Not Applicable,1447.279,Relatively Low,Relatively High,Relatively High,1447.279,Very Low,Very Low,Very Low,1447.279,939863000,2394,27770400000,28710263000,0.004,Very Low,220.5,39.569,260.069,0.495,Very Low,240.105,0.445,Very Low,89,2.604,1447.279,939873394,2383,27642800000,28713004801,Relatively High,51585.871,7216.503,84015.793,49.473,Relatively Low,77566.521,42.666,Very Low,1447.279,Relatively Low,Relatively Low,Very Low,0.921,1447.279,939873394,2383,27642800000,28582673394,Very High,239504.971,28122.194,267627.165,80.946,Relatively Moderate,247083.403,77.382,Relatively Moderate,Relatively High,Very Low,Very Low,594,26.969,1447.279,939873394,2383,27642800000,28582673394,Relatively Moderate,3313.082,7861.593,11174.675,6.692,Very Low,10316.878,5.18,Very Low,No Rating,No Expected Annual Losses,No Rating,50,1.452,1447.279,939873394,2383,27642800000,28713004801,Very High,165231.528,31767.352,224418.269,40.136,Relatively Low,207191.335,31.689,Relatively Low,0.484,1447.279,939873394,2383,27642800000,28713004801,Relatively Moderate,114619.897,101154.084,219575.947,23.604,Very Low,202720.723,18.804,Very Low,171.076,304885645.5,577.077,6694088030,7045162074,Relatively High,49522.783,58.803,49803.351,54.152,Very Low,45980.315,51.829,Very Low,108,6.687,1447.279,939873394,2383,27642800000,28713004801,Very High,337599.885,145914.988,483638.364,92.572,Relatively High,446513.018,90.55,Relatively High
143,North Dakota,ND,LaMoure,4083,1336272214,1162.576,3225117.864,26.153,Very Low,32.807,Very Low,3425557.022,1377028.965,0.042,485641.231,2.1,Very Low,62.29,Relatively High,2.646,0.941,Not Applicable,Not Applicable,Not Applicable,1162.576,Relatively Low,Relatively High,Relatively High,1162.576,Very Low,Very Low,Very Low,1162.576,1336249000,4093,47478800000,48815049000,0.009,Very Low,876.8,178.526,1055.326,3.281,Very Low,989.852,2.736,Very Low,117,3.415,1162.576,1336272214,4083,47362800000,48958344138,Very High,96451.343,24139.885,616293.319,84.646,Relatively Moderate,579664.034,82.055,Relatively Moderate,1162.576,Relatively Low,Relatively Low,Relatively Low,0.84,1162.576,1336272214,4083,47362800000,48699072214,Relatively High,52403.947,40844.461,93248.408,59.827,Relatively Moderate,87302.641,55.53,Relatively Low,Relatively High,Very Low,Very Low,704,31.981,1162.576,1336272214,4083,47362800000,48699072214,Very Low,592.121,1692.407,2284.528,0.901,Very Low,2138.335,0.74,Very Low,Relatively Moderate,Very Low,Very Low,63,1.826,1162.576,1336272214,4083,47362800000,48958344138,Very High,449161.659,27960.645,524155.553,66.935,Relatively Moderate,493182.73,58.416,Relatively Low,0.529,1162.576,1336272214,4083,47362800000,48958344138,Relatively Low,210409.544,21712.436,242029.167,24.69,Very Low,226752.658,20.172,Very Low,100.05,238954716.7,648.317,7520476176,7787480821,Relatively Low,15431.848,837.814,16368.462,36.303,Very Low,14789.46,33.248,Very Low,134,8.297,1162.576,1336272214,4083,47362800000,48958344138,Very High,530078.206,221688.829,752071.842,95.946,Very High,707961.804,95.005,Relatively High
144,North Dakota,ND,Logan,1876,914480623,1021.226,2062653.545,14.604,Very Low,20.768,Very Low,2312734.894,1265988.752,0.019,216651.314,2.01,Very Low,73.36,Relatively High,2.686,0.892,Not Applicable,Not Applicable,Not Applicable,1021.226,Relatively Low,Relatively High,Relatively High,1021.226,Very Low,Very Low,Very Low,1021.226,914469000,1876,21761600000,22676069000,0.006,Very Low,334.3,54.245,388.545,1.021,Very Low,346.531,0.827,Very Low,95,2.787,1021.226,914480623,1876,21761600000,22854289620,Very High,217374.874,7111.287,364982.039,78.257,Relatively Low,325515.69,72.701,Relatively Low,1021.226,Relatively Low,Relatively Low,Very Low,0.896,1021.226,914480623,1876,21761600000,22676080623,Very High,244506.044,20373.011,264879.055,80.779,Relatively Moderate,236237.073,76.649,Relatively Moderate,Relatively High,Very Low,Very Low,602,27.325,1021.226,914480623,1876,21761600000,22676080623,Relatively Moderate,3822.76,666.855,4489.615,2.091,Very Low,4004.143,1.609,Very Low,Relatively Moderate,Very Low,Very Low,58,1.686,1021.226,914480623,1876,21761600000,22854289620,Very High,315964.51,15620.819,352144.95,54.187,Relatively Low,314066.705,43.398,Relatively Low,0.405,1021.226,914480623,1876,21761600000,22854289620,Relatively Moderate,130769.95,8226.406,146856.805,19.293,Very Low,130976.84,14.508,Very Low,88.555,291374325.2,458.447,5317984004,5657695647,Relatively High,51300.771,68.769,51695.45,54.979,Very Low,46105.502,51.893,Very Low,112,6.935,1021.226,914480623,1876,21761600000,22854289620,Very High,297203.087,39033.95,336412.147,89.477,Relatively High,300035.127,86.096,Relatively High
145,North Dakota,ND,McHenry,5344,6546783463,1930.816,6765175.37,52.943,Relatively Low,55.865,Relatively Low,6594057.148,5737545.404,0.062,718358.783,5.7,Very Low,56.4,Relatively Moderate,2.622,1.026,Not Applicable,Not Applicable,Not Applicable,1930.816,Very Low,Relatively Moderate,Relatively Moderate,1930.816,Very Low,Very Low,Very Low,1930.816,6546759000,5345,62002000000,68548759000,0.01,Relatively Moderate,3296.4,876.535,4172.935,9.873,Very Low,4281.249,9.259,Very Low,74,2.171,1930.816,6546783463,5344,61990400000,68705019486,Relatively High,90466.34,11082.518,116900.979,56.483,Relatively Low,120313.906,52.211,Relatively Low,1930.816,Relatively Low,Relatively Low,Relatively Low,0.542,1930.816,6546783463,5344,61990400000,68537183463,Very High,1083874.647,34002.381,1117877.028,95.103,Relatively High,1150915.976,94.37,Relatively High,Relatively High,Relatively Low,Relatively Low,435,19.731,1930.816,6546783463,5344,61990400000,68537183463,Relatively Moderate,7473.523,11921.259,19394.783,13.095,Very Low,19947.18,11.229,Very Low,Relatively Moderate,Relatively Low,Relatively Low,32,0.937,1930.816,6546783463,5344,61990400000,68705019486,Very High,468853.057,41952.7,532205.859,67.401,Relatively Moderate,548019.307,62.106,Relatively Moderate,0.629,1930.816,6546783463,5344,61990400000,68705019486,Relatively Moderate,417434.374,122207.898,542449.595,37.004,Relatively Low,558384.18,32.071,Relatively Low,354.234,2493267429,1352.255,15686162454,18243202333,Very High,1464429.267,10809.724,1476326.331,90.073,Relatively Moderate,1506108.99,88.769,Relatively Moderate,109,6.749,1930.816,6546783463,5344,61990400000,68705019486,Very High,1616222.747,118357.142,1734740.39,99.195,Very High,1783163.664,99.077,Very High
146,North Dakota,ND,McIntosh,2530,1406494393,1004.602,2149673.632,15.304,Very Low,16.682,Very Low,1977921.041,1049459.965,0.036,411827.529,12.29,Very Low,51.43,Relatively Moderate,2.604,1.087,Not Applicable,Not Applicable,Not Applicable,1004.602,Relatively Low,Relatively High,Relatively High,1004.602,Very Low,Very Low,Very Low,1004.602,1406482000,2530,29348000000,30754482000,0.009,Relatively Low,905.4,96.6,1002,3.126,Very Low,1089.009,3.15,Very Low,117,3.433,1004.602,1406494393,2530,29348000000,30863168594,Relatively High,87830.967,7936.422,183634.309,65.385,Relatively Low,199580.177,62.997,Relatively Low,1004.602,Relatively Low,Relatively Low,Relatively Low,0.754,1004.602,1405910916,2526.625,29308855565,30714766482,Relatively High,64936.371,27786.834,92723.205,59.627,Relatively Moderate,100774.815,58.394,Relatively Low,Relatively High,Very Low,Very Low,569,25.826,1004.602,1406494393,2530,29348000000,30754494393,Relatively Low,3175.721,854.135,4029.856,1.802,Very Low,4379.789,1.834,Very Low,Relatively Moderate,Very Low,Very Low,74,2.173,1004.602,1406494393,2530,29348000000,30863168594,Very High,246438.5,20233.585,292976.603,48.852,Relatively Low,318417.199,43.907,Relatively Low,0.426,1004.602,1406494393,2530,29348000000,30863168594,Relatively Moderate,225175.864,11417.628,240395.292,24.566,Very Low,261269.994,21.604,Very Low,102.41,500591129.1,633.572,7349429866,7877617425,Relatively High,129438.097,107.082,129795.071,67.642,Relatively Low,141065.814,66.942,Relatively Low,112,6.935,1004.602,1406494393,2530,29348000000,30863168594,Very High,289798.541,139048.756,428956.641,91.489,Relatively High,466205.052,90.869,Relatively High
147,North Dakota,ND,McKenzie,14685,4879579357,2889.445,6587878.201,51.925,Relatively Low,50.696,Very Low,5471358.847,2748444.281,0.195,2262103.122,46.5,Relatively Moderate,66.23,Relatively High,2.661,1.204,Not Applicable,Not Applicable,Not Applicable,2813.111,Very Low,Relatively High,Relatively High,2813.111,Very Low,Very Low,Very Low,2813.111,4879516000,14704,171000000000,175000000000,0.011,Very Low,3008.9,333.603,3342.503,8.14,Very Low,4018.248,8.591,Very Low,73,2.181,2813.111,4879579357,14685,170000000000,175000000000,Relatively High,169032.192,58192.01,277683.305,73.356,Relatively Low,328308.393,72.956,Relatively Low,2813.111,Relatively Low,Relatively Low,Relatively Low,0.527,2813.111,4879579357,14683.953,170000000000,175000000000,Very High,604132.274,104384.897,708517.171,92.272,Relatively High,846489.31,92.605,Relatively High,Relatively Low,Relatively Moderate,Relatively Moderate,468,21.844,2813.111,4879579357,14685,170000000000,175000000000,Relatively High,13344.646,45747.574,59092.22,37.548,Relatively Low,72533.179,38.192,Relatively Low,Relatively Low,Relatively Low,Relatively Low,47,1.408,2813.111,4879579357,14685,170000000000,175000000000,Relatively High,280602.17,223130.033,519558.597,66.78,Relatively Moderate,624708.708,66.147,Relatively Moderate,0.495,2889.445,4879579357,14685,170000000000,175000000000,Relatively Low,339660.138,415425.013,757545.609,44.076,Relatively Low,919022.305,42.889,Relatively Low,40.93,521167772,1239.751,14381116358,14913639776,Relatively High,167159.177,222.402,167517.135,70.283,Relatively Low,181635.856,69.679,Relatively Low,70,4.452,2813.111,4879579357,14685,170000000000,175000000000,Very High,873808.607,229313.685,1103196.055,97.926,Very High,1319824.222,98.186,Very High
148,North Dakota,ND,McLean,9755,9016637478,2351.462,7007846.019,54.216,Relatively Low,57.258,Relatively Low,6921771.776,5421538.242,0.12,1395998.872,4.9,Very Low,80.59,Very High,2.715,1.012,Not Applicable,Not Applicable,Not Applicable,2163.606,Very Low,Relatively High,Relatively High,2163.606,Very Low,Relatively Low,Relatively Low,2163.606,9016599000,9771,113000000000,122000000000,0.008,Relatively Low,3946.4,892.086,4838.486,11.08,Very Low,4989.827,10.595,Very Low,85,2.704,2163.606,9016637478,9755,113000000000,122000000000,Relatively Moderate,95026.214,36324.843,158057.335,62.841,Relatively Low,161215.909,58.925,Relatively Low,2163.606,Relatively Low,Relatively Low,Relatively Low,0.633,2163.606,9016637478,9755,113000000000,122000000000,Very High,1437412.367,73227.9,1510640.267,96.536,Very High,1518754.586,95.903,Relatively High,Relatively Moderate,Relatively Low,Relatively Low,518,25.549,2163.606,9016637478,9755,113000000000,122000000000,Relatively High,41609.748,35167.734,76777.482,45.656,Relatively Low,77374.316,40.669,Relatively Low,Relatively Moderate,Very Low,Very Low,46,1.446,2163.606,9016637478,9755,113000000000,122000000000,Very High,1055714.806,141512.357,1224252.128,86.476,Relatively High,1243116.329,84.569,Relatively Moderate,0.722,2351.462,9016637478,9755,113000000000,122000000000,Relatively Moderate,878184.229,278310.802,1159935.181,55.831,Relatively Low,1175657.486,49.857,Relatively Low,173.734,2232791251,1512.122,17540616842,19803383703,Very High,304035.296,79.712,304249.906,76.837,Relatively Low,308319.194,75.087,Relatively Low,90,6.057,2163.606,9016637478,9755,113000000000,122000000000,Very High,1440505.468,147012.268,1587677.888,99.041,Very High,1624552.221,98.886,Very High
149,North Dakota,ND,Mercer,8350,3201622481,1123.829,4087768.006,34.712,Very Low,36.243,Very Low,3759824.056,1889890.001,0.138,1600531.337,22.34,Relatively Low,90.26,Very High,2.767,1.087,Not Applicable,Not Applicable,Not Applicable,1063.852,Relatively Low,Relatively High,Relatively High,1063.852,Very Low,Very Low,Very Low,1063.852,3201580000,8350,96860000000,100000000000,0.007,Very Low,1017.3,183.956,1201.256,3.869,Very Low,1318.805,3.723,Very Low,92,2.836,1063.852,3201622481,8350,96860000000,100000000000,Relatively High,173232.28,26671.268,212682.97,68.455,Relatively Low,231929.825,65.956,Relatively Low,1063.852,Relatively Low,Relatively Low,Relatively Low,0.674,1063.852,3201620559,8349.987,96859854323,100000000000,Very High,538439.128,64869.767,603308.895,90.806,Relatively High,657133.586,90.34,Relatively High,Relatively Moderate,Relatively Low,Relatively Low,505,24.242,1063.852,3201622481,8350,96860000000,100000000000,Relatively Moderate,868.467,24620.821,25489.288,16.924,Very Low,27531.419,15.637,Very Low,Very Low,Very Low,Very Low,53,1.636,1063.852,3201622481,8350,96860000000,100000000000,Relatively High,234974.968,120270.51,374270.291,55.924,Relatively Moderate,407151.805,51.829,Relatively Low,0.335,1123.829,3201622481,8350,96860000000,100000000000,Relatively Moderate,283150.188,266077.908,550603.166,37.376,Relatively Low,596965.419,33.471,Relatively Low,77.429,517171826.1,1384.147,16056108761,16591098268,Relatively Low,75630.215,193.183,75980.47,61.024,Very Low,84261.327,60.547,Very Low,73,4.775,1063.852,3201620559,8349.987,96859854323,100000000000,Very High,523275.174,122849.259,646166.434,95.079,Relatively High,703180.912,94.941,Relatively High
150,North Dakota,ND,Morton,33242,8505133566,1964.803,11962124.68,70.06,Relatively Low,73.135,Relatively Low,12879875.07,7531784.338,0.406,4715282.763,5.12,Very Low,94.62,Very High,2.8,0.929,Not Applicable,Not Applicable,Not Applicable,1950.206,Very Low,Relatively High,Relatively High,1950.206,Very Low,Very Low,Very Low,1950.206,8505054000,33291,386000000000,395000000000,0.004,Very Low,1598.7,262.033,1860.733,5.107,Very Low,1773.051,4.645,Very Low,97,2.856,1950.206,8505133566,33242,386000000000,394000000000,Relatively High,1342149.457,104371.983,1489118.11,93.455,Relatively Moderate,1387400.292,92.014,Relatively Moderate,1950.206,Relatively Low,Relatively Moderate,Relatively Moderate,0.887,1950.206,8505130800,33241.996,386000000000,394000000000,Very High,2069962.921,379754.988,2449717.91,98.634,Very High,2281765.692,97.502,Very High,Very Low,Relatively Low,Relatively Low,551,25.188,1950.206,8505133566,33242,386000000000,394000000000,Relatively Moderate,9919.476,66579.135,76498.611,45.528,Relatively Low,72068.842,37.806,Relatively Low,Very Low,Relatively Moderate,Relatively Low,61,1.785,1950.206,8505133566,33242,386000000000,394000000000,Relatively High,743237.303,376873.37,1135861.596,85.05,Relatively Moderate,1059719.381,81.196,Relatively Moderate,0.612,1964.803,8505133566,33242,386000000000,394000000000,Relatively Low,867502.95,1353596.34,2225436.862,72.922,Relatively Moderate,2080570.903,66.688,Relatively Low,113.788,1689566280,5747.379,66669601398,68392989479,Relatively Moderate,344107.85,941.651,345290.2,77.887,Relatively Low,272379.32,73.847,Relatively Low,87,5.427,1950.206,8505130800,33241.996,386000000000,394000000000,Relatively High,1644342.658,157739.779,1802210.279,99.288,Very High,1683606.813,99.014,Very High
151,North Dakota,ND,Mountrail,9797,3754260380,1961.019,4382496.16,37.289,Very Low,30.981,Very Low,3225662.566,2022873.152,0.097,1127371.905,61.3,Relatively High,36.63,Relatively Low,2.544,1.359,Not Applicable,Not Applicable,Not Applicable,1884.599,Very Low,Relatively High,Relatively High,1884.599,Very Low,Relatively Low,Relatively Low,1884.599,3754220000,9809,114000000000,118000000000,0.008,Very Low,1624.5,217.096,1841.596,5.045,Very Low,2491.938,5.918,Very Low,67,2.03,1884.599,3754260380,9797,114000000000,118000000000,Relatively Moderate,102463.63,22426.292,139645.119,60.453,Relatively Low,189909.229,62.074,Relatively Low,1884.599,Relatively Low,Relatively Low,Relatively Low,0.538,1884.599,3754260380,9797,114000000000,117000000000,Very High,558393.543,59840.429,618233.972,91.039,Relatively High,835047.55,92.438,Relatively High,Relatively Moderate,Relatively Low,Relatively Low,467,22.074,1884.599,3754260380,9797,114000000000,117000000000,Relatively Moderate,2756.513,30578.291,33334.804,22.458,Very Low,45641.11,24.292,Very Low,Relatively Low,Very Low,Very Low,34,1.014,1884.599,3754260380,9797,114000000000,118000000000,Relatively High,151461.671,85326.261,260229.76,44.727,Relatively Low,355305.667,47.152,Relatively Low,0.492,1961.019,3754260380,9797,114000000000,118000000000,Relatively Low,296426.595,209528.24,508380.24,35.36,Relatively Low,691901.847,36.112,Relatively Low,75.677,874131821.2,2011.772,23336553594,24228244466,Relatively High,231752.699,386.402,232282.98,73.91,Relatively Low,314122.02,75.342,Relatively Low,82,5.283,1884.599,3754260380,9797,114000000000,118000000000,Very High,657642.195,137806.626,795560.791,96.441,Very High,1079340.613,97.073,Very High
152,North Dakota,ND,Nelson,3007,1095891383,1019.056,2165548.099,15.431,Very Low,17.734,Very Low,2094355.171,1056077.403,0.012,143918.218,5.06,Very Low,50.22,Relatively Moderate,2.598,1.034,Not Applicable,Not Applicable,Not Applicable,1019.056,Relatively Low,Relatively High,Relatively High,1019.056,Very Low,Very Low,Very Low,1019.056,1095878000,3015,34974000000,36069878000,0.005,Very Low,252.5,58.699,311.199,0.774,Very Low,321.777,0.7,Very Low,138,4.048,1019.056,1095891383,3007,34881200000,36115766014,Relatively High,230822.921,257.934,311034.27,75.558,Relatively Low,321607.186,72.447,Relatively Low,1019.056,Relatively Low,Relatively Low,Relatively Low,0.669,1019.056,1095891383,3007,34881200000,35977091383,Very High,299348.914,25913.651,325262.565,83.444,Relatively Moderate,336319.14,82.478,Relatively Moderate,Relatively High,Very Low,Very Low,443,20.109,1019.056,1095891383,3007,34881200000,35977091383,Relatively Low,2348.616,785.53,3134.146,1.416,Very Low,3240.684,1.384,Very Low,Relatively Moderate,Very Low,Very Low,72,2.106,1019.056,1095891383,3007,34881200000,36115766014,Relatively Moderate,25462.846,13403.724,73947.911,19.696,Relatively Low,76461.605,15.717,Very Low,0.703,1019.056,1095891383,3007,34881200000,36115766014,Relatively Low,161320.724,9742.98,176088.241,21.371,Very Low,182073.968,17.69,Very Low,203.99,284105581.4,661.757,7676379029,7993705485,Relatively Moderate,111234.799,812.553,112553.495,65.733,Relatively Low,116379.5,65.097,Relatively Low,114.01,7.059,1019.056,1095891383,3007,34881200000,36115766014,Relatively High,181754.087,35428.248,217321.045,83.349,Relatively High,224708.389,81.133,Relatively Moderate
153,North Dakota,ND,Oliver,1874,599420257,738.462,1321434.855,7.381,Very Low,9.223,Very Low,1263474.094,599060.106,0.037,431974.761,20.88,Relatively Low,80.39,Very High,2.714,1.046,Not Applicable,Not Applicable,Not Applicable,738.462,Relatively Low,Relatively Moderate,Relatively Moderate,738.462,Very Low,Very Low,Very Low,738.462,599410000,1877,21773200000,22372610000,0.004,Very Low,90.7,23.104,113.804,0.186,Very Low,119.024,0.191,Very Low,93,2.734,738.462,599420257,1874,21738400000,22392102385,Relatively High,75912.645,6103.563,105174.902,54.156,Relatively Low,109999.708,50.398,Relatively Low,738.462,Relatively Low,Relatively Low,Very Low,0.801,738.462,599420257,1874,21738400000,22337820257,Very High,127428.196,18613.175,146041.371,69.753,Relatively Moderate,152740.89,67.189,Relatively Moderate,Relatively Moderate,Relatively Low,Relatively Low,572,25.982,738.462,599420257,1874,21738400000,22337820257,Relatively Moderate,1935.766,5711.228,7646.994,4.472,Very Low,7997.793,3.893,Very Low,Relatively Low,Very Low,Very Low,56,1.647,738.462,599420257,1874,21738400000,22392102385,Very High,144623.801,28911.731,192895.594,36.29,Relatively Low,201744.509,30.958,Relatively Low,0.232,738.462,599420257,1874,21738400000,22392102385,Relatively Moderate,54027.605,62535.439,117752.012,16.998,Very Low,123153.782,13.745,Very Low,66.937,239952051.3,797.564,9251746954,9506003423,Relatively Moderate,48971.678,118.51,49185.021,53.961,Very Low,51441.341,53.834,Very Low,73,4.52,738.462,599420257,1874,21738400000,22392102385,Very High,130352.727,82620.438,213007.93,83.101,Relatively High,222779.481,81.005,Relatively Moderate
154,North Dakota,ND,Pembina,6825,2587826104,1132.561,5696326.064,46.612,Very Low,53.018,Relatively Low,5945184.708,2679339.838,0.097,1122807.522,9.01,Very Low,49.62,Relatively Moderate,2.596,0.958,Not Applicable,Not Applicable,Not Applicable,1132.559,Relatively Low,Very High,Very High,1132.559,Very Low,Very Low,Very Low,1132.559,2587781000,6844,79390400000,81978181000,0.005,Very Low,563.1,91.239,654.339,2.167,Very Low,652.809,1.941,Very Low,86,2.501,1132.559,2587826104,6825,79170000000,82082083215,Relatively Moderate,19646.409,371.113,116947.837,56.545,Relatively Low,112946.229,50.97,Relatively Low,1132.559,Relatively Low,Very Low,Very Low,0.376,1132.559,2587826104,6825,79170000000,81757826104,Very High,458133.025,31112.77,489245.795,88.608,Relatively High,491974.286,87.175,Relatively High,Relatively Moderate,Relatively Low,Relatively Low,340,15.41,1132.559,2587826104,6825,79170000000,81757826104,Relatively High,3746.792,32403.344,36150.137,24.035,Very Low,36859.959,20.656,Very Low,Relatively Low,Relatively Moderate,Relatively Moderate,45,1.319,1132.559,2587826104,6825,79170000000,82082083215,Very High,480544.595,33880.483,523981.911,66.904,Relatively Moderate,522692.021,60.261,Relatively Moderate,0.492,1132.561,2587826104,6825,79170000000,82082083215,Relatively Low,188424.155,12813.754,207026.666,23.108,Very Low,204738.038,18.995,Very Low,62.869,217333039.6,712.555,8265635944,8497851695,Relatively Low,89464.264,906.679,90709.484,62.997,Relatively Low,102505.066,63.506,Very Low,111.005,6.873,1132.559,2587826104,6825,79170000000,82082083215,Relatively High,469879.721,27574.461,497769.968,92.851,Relatively High,501524.585,91.855,Relatively High
155,North Dakota,ND,Pierce,3976,1600333128,1093.393,1898589.304,12.822,Very Low,15.042,Very Low,1849134.373,1257927.977,0.045,520852.999,22.47,Relatively Low,61.74,Relatively High,2.644,1.027,Not Applicable,Not Applicable,Not Applicable,1093.393,Very Low,Relatively Moderate,Relatively Moderate,1093.393,Very Low,Very Low,Very Low,1093.393,1600307000,3990,46284000000,47884307000,0.006,Very Low,372.1,65.139,437.239,1.3,Very Low,449.766,1.273,Very Low,85,2.487,1093.393,1600333128,3976,46121600000,47835277594,Relatively High,84050.209,9260.337,116678.16,56.421,Relatively Low,119822.047,52.084,Relatively Low,1093.393,Relatively Low,Relatively Low,Relatively Low,0.575,1093.393,1600333128,3976,46121600000,47721933128,Very High,260787.375,26320.409,287107.784,81.845,Relatively Moderate,294665.401,80.613,Relatively Moderate,Relatively High,Very Low,Very Low,417,18.942,1093.393,1600333128,3976,46121600000,47721933128,Relatively Moderate,2311.762,8487.659,10799.421,6.371,Very Low,11073.19,5.502,Very Low,Relatively Low,Very Low,Very Low,36,1.047,1093.393,1600333128,3976,46121600000,47835277594,Very High,286706.058,33609.584,351868.354,54.156,Relatively Low,361332.006,47.821,Relatively Low,0.384,1093.393,1600333128,3976,46121600000,47835277594,Relatively Low,102253.378,77533.99,181711.984,21.836,Very Low,186430.931,17.976,Very Low,179.61,219845145,417.832,4846853459,5091351879,Relatively High,97401.317,3104.858,100911.394,64.27,Relatively Low,104156.063,63.856,Very Low,117,7.245,1093.393,1600333128,3976,46121600000,47835277594,Very High,420084.741,106909.004,527110.09,93.439,Relatively High,541399.783,92.778,Relatively High
156,North Dakota,ND,Ramsey,11577,4831464819,1314.14,5983419.792,48.33,Relatively Low,50.077,Very Low,5387662.036,4956880.762,0.032,373889.386,46.15,Relatively Moderate,92.87,Very High,2.788,1.111,Not Applicable,Not Applicable,Not Applicable,1314.14,Very Low,Relatively Moderate,Relatively Moderate,1314.14,Very Low,Very Low,Very Low,1314.14,4831419000,11605,135000000000,139000000000,0.006,Very Low,1467,375.599,1842.599,5.076,Very Low,2027.558,5.091,Very Low,117,3.419,1314.14,4831464819,11577,134000000000,139000000000,Very Low,1902.821,800.938,12757.733,16.222,Very Low,11287.935,11.263,Very Low,1314.14,No Rating,No Expected Annual Losses,No Rating,0.507,1314.14,4831464819,11577,134000000000,139000000000,Very High,930671.098,73608.039,1004279.137,94.537,Relatively High,1082885.572,93.971,Relatively High,Very High,Very Low,Very Low,466,21.168,1314.14,4831464819,11577,134000000000,139000000000,Relatively High,13058.651,45494.094,58552.745,37.162,Relatively Low,66618.942,35.232,Relatively Low,Relatively Moderate,Relatively Moderate,Relatively Moderate,54,1.564,1314.14,4831464819,11577,134000000000,139000000000,Very High,944481.309,48414.486,996616.668,82.785,Relatively Moderate,1064724.404,81.483,Relatively Moderate,0.667,1314.14,4831464819,11577,134000000000,139000000000,Relatively Low,451786.817,28096.824,483507.818,34.708,Relatively Low,515268.546,30.512,Relatively Low,142.908,873969809.6,1989.935,23083246671,23994741022,Relatively Moderate,464619.517,4051.57,469492.917,81.164,Relatively Low,496424.89,79.796,Relatively Low,104.011,6.44,1314.14,4831464819,11577,134000000000,139000000000,Relatively High,626551.292,15958.392,642708.688,95.017,Relatively High,690430.756,94.75,Relatively High
157,North Dakota,ND,Ransom,5692,1422621949,872.576,2707163.803,20.649,Very Low,29.588,Very Low,3076389.104,1256120.924,0.057,661033.202,5.28,Very Low,97.64,Very High,2.844,0.88,Not Applicable,Not Applicable,Not Applicable,872.576,Relatively Low,Relatively High,Relatively High,872.576,Very Low,Very Low,Very Low,872.576,1422592000,5703,66154800000,67577392000,0.008,Very Low,940.9,206.773,1147.673,3.683,Very Low,1058.5,2.991,Very Low,137,4.008,872.576,1422621949,5692,66027200000,67648965619,Relatively Moderate,20845.604,21359.442,139641.352,60.422,Relatively Low,118332.716,51.798,Relatively Low,872.576,Relatively Low,Relatively Low,Relatively Low,0.326,872.576,1422621949,5692,66027200000,67449821949,Very High,171038.748,16679.782,187718.531,75.05,Relatively Moderate,165393.058,68.987,Relatively Moderate,Relatively Moderate,Relatively Low,Relatively Low,683,31.042,872.576,1422621949,5692,66027200000,67449821949,Very Low,2428.078,2267.824,4695.902,2.317,Very Low,4309.393,1.77,Very Low,Very Low,Very Low,Very Low,83,2.422,872.576,1422621949,5692,66027200000,67648965619,Very High,323043.701,51201.275,629988.167,71.898,Relatively Moderate,551409.204,62.234,Relatively Moderate,0.515,872.576,1422621949,5692,66027200000,67648965619,Relatively Low,307711.849,38909.101,358332.497,29.746,Relatively Low,327083.641,24.213,Very Low,93.061,246979687.6,1002.339,11627127605,11906374391,Relatively Moderate,50958.484,3854.049,55048.538,55.934,Very Low,50805.67,53.611,Very Low,138,8.545,872.576,1422621949,5692,66027200000,67648965619,Relatively High,345328.395,33819.067,379388.569,90.529,Relatively High,346823.729,88.005,Relatively High
158,North Dakota,ND,Renville,2282,1176641529,901.956,1280121.146,7.127,Very Low,9.006,Very Low,1255596.578,882357.354,0.025,290911.117,5.89,Very Low,65.79,Relatively High,2.659,1.02,Not Applicable,Not Applicable,Not Applicable,901.955,Very Low,Relatively Moderate,Relatively Moderate,901.955,Very Low,Relatively Low,Relatively Low,901.955,1176631000,2282,26471200000,27647831000,0.008,Relatively Low,515.2,142.697,657.897,2.197,Very Low,670.747,2.068,Very Low,50,1.469,901.955,1176641529,2282,26471200000,27791722995,Relatively High,42923.571,3202.98,80559.014,48.573,Relatively Low,82132.509,43.78,Very Low,901.955,Relatively Low,Very Low,Very Low,0.526,901.955,1176641529,2282,26471200000,27647841529,Very High,185670.788,14649.77,200320.558,76.482,Relatively Moderate,204233.26,73.551,Relatively Moderate,Relatively High,Very Low,Very Low,479,21.728,901.955,1176641529,2282,26471200000,27647841529,Relatively Moderate,2733.669,5321.1,8054.769,4.633,Very Low,8212.097,4.022,Very Low,Relatively Moderate,Very Low,Very Low,21,0.589,901.955,1176641529,2282,26471200000,27791722995,Very High,148973.12,11005.24,176216.145,33.778,Relatively Low,179658.034,28.794,Relatively Low,0.204,901.956,1176641529,2282,26471200000,27791722995,Relatively Moderate,53289.207,39427.07,94161.878,15.478,Very Low,96001.067,12.631,Very Low,43.642,163987158.3,266.917,3096236304,3268640845,Relatively High,29097.438,593.814,29734.32,45.848,Very Low,30315.096,45.052,Very Low,93,5.759,901.955,1176641529,2282,26471200000,27791722995,Very High,304743.843,74237.852,379099.091,90.498,Relatively High,386503.731,89.246,Relatively High
159,North Dakota,ND,Richland,16521,5591008975,1459.932,17105893.11,76.901,Relatively Low,80.13,Relatively Low,18468109.9,14484812.02,0.177,2054028.959,22.6,Relatively Low,76.86,Relatively High,2.701,0.926,Not Applicable,Not Applicable,Not Applicable,1459.932,Relatively Low,Very High,Very High,1459.932,Very Low,Very Low,Very Low,1459.932,5590939000,16529,192000000000,197000000000,0.013,Relatively Low,8067.9,1549.081,9616.981,17.146,Very Low,10059.683,16.736,Very Low,145,4.241,1459.932,5591008975,16521,192000000000,198000000000,Relatively Low,5393.523,64809.451,110308.665,55.087,Relatively Low,108457.127,50.27,Relatively Low,1459.932,Relatively Low,Relatively Low,Relatively Low,0.18,1459.932,5591008890,16520.999,192000000000,197000000000,Relatively High,189170.782,43478.215,232648.997,78.714,Relatively Moderate,238781.412,76.716,Relatively Moderate,Relatively High,Very Low,Very Low,646,29.363,1459.932,5591008975,16521,192000000000,197000000000,Very Low,7469.341,5954.157,13423.498,8.108,Very Low,13735.573,7.079,Very Low,Relatively Moderate,Relatively High,Relatively High,92,2.706,1459.932,5591008975,16521,192000000000,198000000000,Relatively High,575967.611,154603.429,862755.513,79.87,Relatively Moderate,861942.08,76.042,Relatively Moderate,0.95,1459.932,5591008975,16521,192000000000,198000000000,Relatively Low,1069843.165,116740.392,1204726.473,56.762,Relatively Low,1231449.213,51.161,Relatively Low,46.151,446150610.8,1108.183,12854919997,13323361942,Relatively Low,38665.273,1745.273,40582.079,51.225,Very Low,35544.331,47.916,Very Low,143,8.854,1459.932,5591008890,16520.999,192000000000,198000000000,Relatively High,1090221.571,32237.986,1123035.266,98.019,Very High,1137913.692,97.486,Very High
160,North Dakota,ND,Rolette,12180,6365062338,948.983,9296891.038,62.488,Relatively Low,50.108,Very Low,5389146.456,3802453.776,0.132,1531576.521,88.13,Very High,5.86,Very Low,2.38,1.725,Not Applicable,Not Applicable,Not Applicable,948.983,Very Low,Relatively High,Relatively High,948.983,Very Low,Very Low,Very Low,948.983,6365006000,12187,141000000000,148000000000,0.006,Relatively Low,1589.3,813.444,2402.744,6.252,Very Low,4089.68,8.813,Very Low,62,1.807,948.983,6365062338,12180,141000000000,148000000000,Relatively Moderate,124458.804,21679.295,171473.991,64.268,Relatively Low,293277.738,70.538,Relatively Low,948.983,Relatively Low,Relatively Low,Relatively Low,0.505,948.983,6362942774,12171.141,141000000000,148000000000,Relatively Moderate,14176.252,73956.881,88133.134,58.528,Relatively Low,153552.451,67.355,Relatively Moderate,Relatively Moderate,Relatively Low,Relatively Low,389,17.666,948.983,6365062338,12180,141000000000,148000000000,Relatively Moderate,3590.408,22906.04,26496.448,17.568,Very Low,46091.168,24.485,Very Low,Relatively Low,Very Low,Very Low,24,0.697,948.983,6365062338,12180,141000000000,148000000000,Relatively High,109087.363,111215.208,235078.662,41.594,Relatively Low,405632.555,51.67,Relatively Low,0.239,948.983,6365062338,12180,141000000000,148000000000,Relatively Low,265497.046,41982.903,308775.345,27.854,Very Low,532342.271,31.18,Relatively Low,85.788,2557229942,5299.229,61471053860,64048699947,Relatively Moderate,2064116.786,69934.983,2134733.818,92.396,Relatively Moderate,3660419.506,94.591,Relatively Moderate,107,6.625,948.983,6365062338,12180,141000000000,148000000000,Very High,1176504.094,402952.617,1579555.245,99.01,Very High,2730697.895,99.555,Very High
161,North Dakota,ND,Sargent,3851,1196985161,875.625,2607032.215,19.535,Very Low,28.227,Very Low,2928797.583,806340.124,0.036,415195.997,2.58,Very Low,62.16,Relatively High,2.645,0.89,Not Applicable,Not Applicable,Not Applicable,875.625,Relatively Low,Relatively High,Relatively High,875.625,Very Low,Very Low,Very Low,875.625,1196963000,3862,44799200000,45996163000,0.009,Very Low,1069.9,185.329,1255.229,3.993,Very Low,1116.707,3.245,Very Low,141,4.122,875.625,1196985161,3851,44671600000,46114283031,Very High,14382.398,14841.109,540717.359,82.847,Relatively Moderate,480431.54,79.351,Relatively Low,875.625,Relatively Low,Relatively Low,Relatively Low,0.399,875.625,1196985161,3851,44671600000,45868585161,Very High,114522.37,21753.141,136275.511,68.021,Relatively Moderate,121684.603,62.425,Relatively Moderate,Relatively High,Very Low,Very Low,761,34.557,875.625,1196985161,3851,44671600000,45868585161,Very Low,547.693,1717.61,2265.303,0.869,Very Low,2025.74,0.644,Very Low,Very High,Very Low,Very Low,94,2.762,875.625,1196985161,3851,44671600000,46114283031,Very High,241607.724,39715.986,511553.863,66.346,Relatively Moderate,455531.606,55.584,Relatively Low,0.519,875.625,1196985161,3851,44671600000,46114283031,Relatively Low,193101.826,26276.298,229636.283,24.1,Very Low,204863.777,19.026,Very Low,77.783,173929256.6,573.402,6651460685,6854093557,Relatively Low,24255.418,1439.867,25940.531,43.653,Very Low,23021.563,40.789,Very Low,141,8.731,875.625,1196985161,3851,44671600000,46114283031,Relatively High,215440.804,33699.324,249451.349,86.011,Relatively High,222696.491,80.974,Relatively Moderate
162,North Dakota,ND,Sheridan,1265,3411726523,1015.658,2843816.957,21.922,Very Low,31.167,Very Low,3244690.757,2983701.085,0.017,201517.133,3.25,Very Low,41.66,Relatively Moderate,2.563,0.876,Not Applicable,Not Applicable,Not Applicable,1015.658,Very Low,Relatively Low,Relatively Low,1015.658,Very Low,Very Low,Very Low,1015.658,3411713000,1265,14674000000,18085713000,0.01,Relatively High,1398.8,381.331,1780.131,4.89,Very Low,1560.2,4.168,Very Low,91,2.662,1015.658,3411726523,1265,14674000000,18191329858,Very High,277615.65,4670.875,290977.633,74.318,Relatively Low,255028.041,67.801,Relatively Low,1015.658,Relatively Low,Very Low,Very Low,0.802,1015.658,3411726523,1265,14674000000,18085726523,Very High,720801.365,12495.182,733296.547,92.572,Relatively High,642699.509,90.14,Relatively High,Relatively High,Very Low,Very Low,482,21.904,1015.658,3411726523,1265,14674000000,18085726523,Relatively High,9441.027,3301.024,12742.051,7.722,Very Low,11167.801,5.631,Very Low,No Rating,No Expected Annual Losses,No Rating,47,1.356,1015.658,3411726523,1265,14674000000,18191329858,Very High,623326.974,14378.571,671751.547,74.038,Relatively Moderate,588758.246,64.079,Relatively Moderate,0.361,1015.658,3411726523,1265,14674000000,18191329858,Relatively High,314990.428,43701.872,360794.333,29.777,Relatively Low,316219.054,23.831,Very Low,95.718,1058998720,287.284,3332492669,4414299081,Very High,155257.439,27.112,155421.752,69.551,Relatively Low,136219.766,66.465,Relatively Low,100,6.192,1015.658,3411726523,1265,14674000000,18191329858,Very High,871481.579,47238.75,918812.978,97.214,Very High,805295.827,95.8,Relatively High
163,North Dakota,ND,Sioux,3885,783299759,1139.592,3516603.532,29.144,Very Low,16.187,Very Low,1934469.285,773995.673,0.077,891697.935,88.1,Very High,2.99,Very Low,2.335,1.818,Not Applicable,Not Applicable,Not Applicable,1106.74,Relatively Low,Relatively High,Relatively High,1106.74,Very Low,Very Low,Very Low,1106.74,783277000,3898,45216800000,46000077000,0.008,Very Low,352.2,133.126,485.326,1.671,Very Low,881.983,2.418,Very Low,105,3.158,1106.74,783299759,3885,45066000000,45920298116,Relatively High,214233.824,23556.823,298780.737,74.721,Relatively Low,540859.501,81.196,Relatively Moderate,1106.74,Relatively Low,Relatively Low,Relatively Low,0.968,1106.74,783299759,3885,45066000000,45849299759,Relatively Moderate,13813.231,45450.938,59264.168,51.199,Relatively Low,108361.314,59.66,Relatively Low,Relatively Moderate,Relatively Low,Relatively Low,562,26.288,1106.74,783299759,3885,45066000000,45849299759,Relatively Moderate,2422.939,11209.959,13632.898,8.398,Very Low,24876.544,14.254,Very Low,Relatively Low,Very Low,Very Low,70,2.103,1106.74,783299759,3885,45066000000,45920298116,Relatively High,163793.858,76548.213,241951.4,42.401,Relatively Low,441949.734,54.757,Relatively Low,0.312,1139.592,783299759,3885,45066000000,45920298116,Relatively Moderate,68503.548,108818.862,179169.345,21.65,Very Low,327637.204,24.34,Very Low,49.774,343240285,1469.007,17040482883,17410493903,Relatively Moderate,181954.4,537.264,182902.442,71.301,Relatively Low,334529.434,75.756,Relatively Low,89,5.674,1106.74,783299759,3885,45066000000,45920298116,Relatively High,107157.836,114535.601,221748.874,83.813,Relatively High,404912.513,89.66,Relatively High
164,North Dakota,ND,Slope,699,218957775,1231.815,393521.794,1.05,Very Low,2.352,Very Low,503618.87,170761.199,0.01,114059.544,0.95,Very Low,7.73,Very Low,2.399,0.781,Not Applicable,Not Applicable,Not Applicable,1231.815,Relatively Low,Relatively Moderate,Relatively Moderate,1231.815,Very Low,Very Low,Very Low,1231.815,218951000,706,8189600000,8408551000,0.005,Very Low,68.6,9.064,77.664,0.155,Very Low,60.685,0.127,Very Low,90,2.622,1231.815,218957775,699,8108400000,8382344075,Very High,46013.346,1687.652,80751.41,48.728,Relatively Low,63098.191,37.894,Very Low,1231.815,No Rating,No Expected Annual Losses,No Rating,0.433,1231.815,218957775,699,8108400000,8327357775,Relatively High,20617.241,3676.891,24294.132,34.51,Relatively Low,18983.146,27.482,Very Low,Relatively High,Relatively Low,Very Low,465,21.1,1231.815,218957775,699,8108400000,8327357775,Relatively High,535.83,3094.445,3630.274,1.705,Very Low,2836.653,0.997,Very Low,Relatively Low,Very Low,Very Low,54,1.566,1231.815,218957775,699,8108400000,8382344075,Very High,43307.91,10017.337,107191.265,25.124,Relatively Low,83757.979,16.513,Very Low,0.193,1231.815,218957775,699,8108400000,8382344075,Relatively Moderate,9713.231,15543.285,25992.087,8.685,Very Low,20309.908,5.25,Very Low,48.198,62035226.31,202.865,2353231387,2425132586,Relatively High,12617.829,3523.166,16204.607,35.985,Very Low,12662.087,29.876,Very Low,66,4.087,1231.815,218957775,699,8108400000,8382344075,Very High,36151.216,24368.291,60551.346,55.927,Relatively Moderate,47314.101,44.353,Relatively Low
165,North Dakota,ND,Stark,33613,6611217119,1353.859,8158292.293,58.829,Relatively Low,61.436,Relatively Low,7905195.23,2681753.142,0.424,4912961.507,24.44,Relatively Low,72.82,Relatively High,2.684,1.032,Not Applicable,Not Applicable,Not Applicable,1353.859,Very Low,Very High,Very High,1353.859,Very Low,Very Low,Very Low,1353.859,6611095000,33646,390000000000,397000000000,0.013,Very Low,4179.3,922.703,5102.003,11.513,Very Low,5246.979,10.881,Very Low,89,2.61,1353.859,6611217119,33613,390000000000,397000000000,Relatively Moderate,462516.426,76732.33,579224.049,83.685,Relatively Moderate,587512.5,82.374,Relatively Moderate,1353.859,Relatively Low,Relatively Low,Relatively Low,0.499,1353.859,6611217111,33613,390000000000,397000000000,Relatively High,654167.95,184743.32,838911.27,93.538,Relatively High,856804.638,92.738,Relatively High,Relatively Low,Relatively Low,Relatively Low,463,21.018,1353.859,6611217119,33613,390000000000,397000000000,Relatively High,25603.953,217717.732,243321.685,76.963,Relatively Moderate,253575.066,74.743,Relatively Moderate,Very Low,Very Low,Very Low,50,1.452,1353.859,6611217119,33613,390000000000,397000000000,Relatively High,502721.621,413135.375,943574.762,81.39,Relatively Moderate,968917.263,78.969,Relatively Moderate,0.295,1353.859,6611217119,33613,390000000000,397000000000,Relatively Moderate,424032.465,835473.18,1260691.558,58.189,Relatively Low,1307722.279,53.134,Relatively Low,101.614,907015227,4215.719,48902336764,49821266614,Relatively Low,48907.819,14191.278,63125.754,58.129,Very Low,59770.17,56.029,Very Low,66,4.087,1353.859,6611217111,33613,390000000000,397000000000,Relatively High,538654.031,176998.638,715698.117,95.729,Relatively High,733061.701,95.164,Relatively High
166,North Dakota,ND,Steele,1798,912781829,722.622,2179724.08,15.686,Very Low,25.348,Very Low,2679248.986,869249.395,0.022,251211.207,0.67,Very Low,64.51,Relatively High,2.654,0.814,Not Applicable,Not Applicable,Not Applicable,722.622,Relatively Low,Relatively High,Relatively High,722.622,Very Low,Very Low,Very Low,722.622,912771000,1798,20856800000,21769571000,0.007,Very Low,318.5,54.493,372.993,0.99,Very Low,303.452,0.605,Very Low,154,4.519,722.622,912781829,1798,20856800000,21941489229,Very High,66749.436,7570.951,555510.66,83.189,Relatively Moderate,451940.066,78.237,Relatively Low,722.622,Relatively Low,Relatively Low,Very Low,0.619,722.622,909134169,1792.27,20790329110,21699463279,Very High,195834.675,13405.301,209239.976,77.215,Relatively Moderate,170228.828,69.454,Relatively Moderate,Relatively High,Very Low,Very Low,487,22.116,722.622,912781829,1798,20856800000,21769581829,Relatively Low,2035.379,518.673,2554.052,1.094,Very Low,2077.869,0.676,Very Low,Very High,Very Low,Very Low,83,2.435,722.622,912781829,1798,20856800000,21941489229,Very High,253154.044,16166.103,412467.977,58.84,Relatively Moderate,335566.566,45.657,Relatively Low,0.539,722.622,912781829,1798,20856800000,21941489229,Relatively Moderate,175524.055,13022.224,196883.51,22.643,Very Low,160176.127,16.258,Very Low,37.362,144200282.5,402.413,4667985726,4821817693,Relatively Low,4399.084,253.278,4668.166,15.208,Very Low,3797.823,10.69,Very Low,121,7.492,722.622,912781829,1798,20856800000,21941489229,Very High,169600.481,30526.401,200309.374,82.327,Relatively Moderate,162963.266,75.31,Relatively Moderate
167,North Dakota,ND,Stutsman,21575,6316212160,2321.27,10483089.94,65.733,Relatively Low,68.152,Relatively Low,10378402.58,5919966.789,0.226,2619308.647,38.16,Relatively Low,82.18,Very High,2.723,1.01,Not Applicable,Not Applicable,Not Applicable,2321.27,Very Low,Very High,Very High,2321.27,Very Low,Very Low,Very Low,2321.27,6316122000,21593,250000000000,257000000000,0.011,Very Low,3354.6,729.925,4084.525,9.749,Very Low,4538.765,9.768,Very Low,104,3.057,2321.27,6316212160,21575,250000000000,257000000000,Relatively High,1275265.668,61954.88,1365817.926,92.742,Relatively Moderate,1406817.322,92.173,Relatively Moderate,2321.27,Relatively Low,Relatively Low,Relatively Low,0.785,2321.27,6316212160,21575,250000000000,257000000000,Very High,1383554.085,193818.07,1577372.155,96.736,Very High,1635998.418,96.236,Very High,Very Low,Relatively Low,Relatively Low,663,30.114,2321.27,6316212160,21575,250000000000,257000000000,Very Low,684.169,8919.692,9603.861,5.759,Very Low,10587.743,5.309,Very Low,Very Low,Very Low,Very Low,53,1.533,2321.27,6316212160,21575,250000000000,257000000000,Relatively High,1186001.908,117636.443,1314347.048,87.655,Relatively High,1356962.387,86.351,Relatively Moderate,1.059,2321.27,6316212160,21575,250000000000,257000000000,Relatively Low,995163.2,123905.92,1131233.979,55.118,Relatively Low,1166726.375,49.411,Relatively Low,243.247,1112884089,2376.873,27571723227,28745086760,Relatively Moderate,131051.62,215.808,131591.7,67.929,Relatively Low,119952.181,65.352,Relatively Low,130,8.05,2321.27,6316212160,21575,250000000000,257000000000,Relatively High,896190.827,275689.685,1172319.501,98.236,Very High,1229546.101,97.932,Very High
168,North Dakota,ND,Towner,2161,726990929,1052.152,694998.048,2.991,Very Low,2.878,Very Low,598594.498,417474.372,0.007,77639.15,14,Very Low,28.84,Relatively Low,2.513,1.161,Not Applicable,Not Applicable,Not Applicable,1052.151,Very Low,Relatively Low,Relatively Low,1052.151,Very Low,Very Low,Very Low,1052.151,726979000,2162,25079200000,25806179000,0.004,Very Low,142.4,33.809,176.209,0.248,Very Low,204.587,0.382,Very Low,79,2.306,1052.151,726990929,2161,25067600000,25985100123,Relatively High,11023.07,125.075,63423.016,43.269,Relatively Low,73637.283,41.457,Very Low,1052.151,No Rating,No Expected Annual Losses,No Rating,0.489,1052.151,726990929,2161,25067600000,25794590929,Very High,137378.99,12252.733,149631.723,70.253,Relatively Moderate,173729.888,69.82,Relatively Moderate,No Rating,No Expected Annual Losses,No Rating,401,18.202,1052.151,726990929,2161,25067600000,25794590929,Relatively High,1669.42,7162.155,8831.575,5.18,Very Low,10253.899,5.148,Very Low,Relatively High,Very Low,Very Low,32,0.936,1052.151,726990929,2161,25067600000,25985100123,Very High,84418.205,5235.689,117806.745,26.334,Relatively Low,136779.502,23.576,Relatively Low,0.42,1052.152,726990929,2161,25067600000,25985100123,Relatively Low,45588.242,3485.598,51720.964,12.066,Very Low,60050.617,9.609,Very Low,68.402,70559204.2,158.569,1839404607,1931548966,Relatively Moderate,32896.861,225.928,33554.559,48.107,Very Low,38958.515,49.411,Very Low,100,6.192,1052.151,726990929,2161,25067600000,25985100123,Relatively High,103200.342,20053.085,123420.566,73.197,Relatively Moderate,143297.429,72.733,Relatively Moderate
169,North Dakota,ND,Traill,7997,3926826620,871.142,5650102.684,46.357,Very Low,58.372,Relatively Low,7171672.335,3921561.11,0.095,1097201.595,5.6,Very Low,92.49,Very High,2.785,0.788,Not Applicable,Not Applicable,Not Applicable,871.142,Relatively Low,Very High,Relatively High,871.142,Very Low,Very Low,Very Low,871.142,3926782000,7997,92765200000,96691982000,0.008,Relatively Low,1968,390.728,2358.728,6.128,Very Low,1913.861,4.995,Very Low,158,4.646,871.142,3926826620,7997,92765200000,96951141317,Relatively High,93366.165,34323.025,659002.459,85.639,Relatively Moderate,481120.698,79.383,Relatively Low,871.142,Relatively Low,Relatively Low,Relatively Low,0.609,871.142,3921330979,7980.646,92575495224,96496826203,Very High,932119.101,59089.042,991208.143,94.404,Relatively High,828354.825,92.372,Relatively High,Relatively High,Very Low,Very Low,434,19.716,871.142,3926826620,7997,92765200000,96692026620,Very Low,2542.311,2118.374,4660.685,2.252,Very Low,4093.874,1.673,Very Low,Relatively Low,Relatively Low,Relatively Low,86,2.529,871.142,3926826620,7997,92765200000,96951141317,Very High,781466.761,73771.49,924823.303,81.017,Relatively Moderate,765232.806,72.288,Relatively Moderate,0.66,871.142,3926826620,7997,92765200000,96951141317,Relatively Moderate,682905.917,56127.158,753914.177,43.952,Relatively Low,629346.327,34.553,Relatively Low,17.601,315027762.2,616.032,7145976320,7466647898,Very Low,5065.806,261.903,5341.453,17.436,Very Low,4310.863,12.249,Very Low,124.04,7.68,871.142,3926826620,7997,92765200000,96951141317,Very High,691276.982,15806.412,707365.35,95.636,Relatively High,587975.547,93.35,Relatively High
170,North Dakota,ND,Walsh,10553,7624612502,1307.096,9496765.114,63.029,Relatively Low,66.79,Relatively Low,9750731.769,6838202.668,0.048,560928.78,34.56,Relatively Low,57.99,Relatively Moderate,2.629,0.974,Not Applicable,Not Applicable,Not Applicable,1307.096,Relatively Low,Very High,Very High,1307.096,Very Low,Relatively Low,Very Low,1307.096,7624534000,10563,123000000000,130000000000,0.007,Relatively Low,2216.7,544.207,2760.907,7.088,Very Low,2686.743,6.459,Very Low,127,3.722,1307.096,7624612502,10553,122000000000,130000000000,Very High,1246181.15,833.624,1414682.759,93.083,Relatively Moderate,1364676.985,91.664,Relatively Moderate,1307.096,Relatively Low,Very Low,Very Low,0.422,1307.096,7624515289,10552.42,122000000000,130000000000,Very High,1373438.222,50410.706,1423848.928,96.236,Very High,1374445.374,95.636,Relatively High,Relatively High,Relatively Low,Very Low,378,17.162,1307.096,7624612502,10553,122000000000,130000000000,Relatively High,2531.227,36893.562,39424.79,25.579,Very Low,42673.772,23.037,Very Low,Very Low,Relatively Low,Relatively Low,66,1.937,1307.096,7624612502,10553,122000000000,130000000000,Relatively High,760633.208,44351.331,848311.546,79.622,Relatively Moderate,831264.498,74.833,Relatively Moderate,0.869,1307.096,7624612502,10553,122000000000,130000000000,Relatively Low,966119.561,38233.003,1017505.694,51.489,Relatively Low,995087.939,44.957,Relatively Low,174.684,1118961514,580.397,6732602210,7900464145,Very High,515592.114,656.085,517117.748,82.087,Relatively Low,405556.476,77.887,Relatively Low,110.421,6.837,1307.096,7624612502,10553,122000000000,130000000000,Very High,996641.524,105849.541,1102866.367,97.895,Very High,1094725.27,97.391,Very High
171,North Dakota,ND,Ward,69879,18498801095,2076.736,16007181.55,75.628,Relatively Low,77.654,Relatively Low,15861613.13,7040790.41,0.754,8743321.089,25.24,Relatively Low,84.95,Very High,2.739,1.009,Not Applicable,Not Applicable,Not Applicable,2076.736,Very Low,Very High,Very High,2076.736,Very Low,Relatively Low,Relatively Low,2076.736,18498595000,69919,811000000000,830000000000,0.005,Very Low,4952.4,884.139,5836.539,12.504,Very Low,5933.641,11.995,Very Low,68,1.998,2076.736,18498801095,69879,811000000000,829000000000,Relatively Low,34119.193,150811.815,197268.999,66.842,Relatively Low,199754.825,63.029,Relatively Low,2076.736,Relatively Low,Relatively Moderate,Relatively Moderate,0.453,2076.736,18498800915,69878.998,811000000000,829000000000,Very High,2325170.768,356310.814,2681481.582,98.801,Very High,2731450.504,98.401,Very High,Very Low,Relatively Low,Relatively Low,448,20.354,2076.736,18498801095,69879,811000000000,829000000000,Relatively Moderate,36584.636,210457.466,247042.102,77.188,Relatively Moderate,253128.634,74.614,Relatively Moderate,Relatively Low,Relatively Moderate,Relatively Moderate,32,0.913,2076.736,18498801095,69879,811000000000,829000000000,Relatively Moderate,39743.503,513969.653,564722.944,69.045,Relatively Moderate,575117.359,63.474,Relatively Moderate,0.606,2076.736,18498801095,69879,811000000000,829000000000,Relatively Low,1452389.305,1472830.141,2928597.029,78.66,Relatively Moderate,2983917.62,74.865,Relatively Moderate,117.632,2343568726,7282.155,84472998412,86838914927,Relatively High,633517.178,961.915,634629.134,83.869,Relatively Low,611009.891,82.214,Relatively Low,102,6.316,2076.736,18498800915,69878.998,811000000000,829000000000,Relatively High,561856.739,1423845.611,1985913.739,99.474,Very High,2027197.913,99.268,Very High
172,North Dakota,ND,Wells,3976,1275290092,1303.314,1623900.757,10.277,Very Low,15.351,Very Low,1867924.188,1099159.239,0.054,622931.394,8.66,Very Low,96.37,Very High,2.822,0.869,Not Applicable,Not Applicable,Not Applicable,1303.314,Very Low,Relatively Moderate,Relatively Moderate,1303.314,Very Low,Relatively Low,Very Low,1303.314,1275267000,3982,46191200000,47466467000,0.006,Very Low,366.6,93.551,460.151,1.517,Very Low,421.191,1.177,Very Low,92,2.68,1303.314,1275290092,3976,46121600000,47635760997,Relatively High,88289.222,9926.681,193301.718,66.253,Relatively Low,155455.898,57.811,Relatively Low,1303.314,Relatively Low,Relatively Low,Relatively Low,0.701,1303.314,1275290092,3976,46121600000,47396890092,Very High,241906.199,35186.56,277092.759,81.279,Relatively Moderate,245551.284,77.249,Relatively Moderate,Relatively High,Relatively Low,Relatively Low,498,22.626,1303.314,1275290092,3976,46121600000,47396890092,Relatively Moderate,3504.612,10138.585,13643.197,8.43,Very Low,12035.198,6.178,Very Low,Relatively Moderate,Very Low,Very Low,44,1.266,1303.314,1275290092,3976,46121600000,47635760997,Relatively High,137935.443,39909.372,182565.238,34.895,Relatively Low,158802.475,26.09,Relatively Low,0.533,1303.314,1275290092,3976,46121600000,47635760997,Relatively Low,124533.423,131511.974,260638.904,25.62,Very Low,222749.572,19.981,Very Low,146.073,249735923,752.514,8729166357,9010725161,Relatively Moderate,55281.484,134.195,55685.21,56.22,Very Low,47449.741,52.498,Very Low,109,6.749,1303.314,1275290092,3976,46121600000,47635760997,Very High,408672.732,144957.793,553858.955,93.779,Relatively High,487875.529,91.6,Relatively High
173,North Dakota,ND,Williams,40917,16911067216,2169.49,12991856.39,71.779,Relatively Low,70.69,Relatively Low,11532694.04,4183396.76,0.561,6513384.829,44.91,Relatively Moderate,68.97,Relatively High,2.67,1.127,Not Applicable,Not Applicable,Not Applicable,2112.949,Very Low,Very High,Very High,2112.949,Very Low,Relatively Low,Relatively Low,2112.949,16910957000,40950,475000000000,492000000000,0.01,Very Low,13709.7,2056.6,15766.3,22.408,Very Low,17610.659,22.335,Very Low,60,1.8,2112.949,16911067216,40917,475000000000,492000000000,Relatively Moderate,262685.057,84639.345,354177.575,77.916,Relatively Low,392145.464,76.392,Relatively Low,2112.949,Relatively Low,Relatively Low,Relatively Low,0.502,2112.949,16911067216,40917,475000000000,492000000000,Very High,1836764.188,250527.124,2087291.312,97.835,Very High,2293674.016,97.635,Very High,Relatively Low,Relatively Low,Relatively Low,470,21.915,2112.949,16911067216,40917,475000000000,492000000000,Relatively Moderate,14918.657,120111.644,135030.301,63.546,Relatively Low,156518.109,62.741,Relatively Low,Very Low,Very Low,Very Low,38,1.141,2112.949,16911067216,40917,475000000000,492000000000,Relatively High,430100.6,473456.182,927530.931,81.048,Relatively Moderate,1047371.106,80.91,Relatively Moderate,0.317,2169.49,16911067216,40917,475000000000,492000000000,Relatively Moderate,978159.005,758119.54,1737784.371,67.215,Relatively Low,1947877.6,64.556,Relatively Low,66.201,1415349820,2035.335,23609888954,25033804450,Very High,152583.809,140.801,152741.078,69.424,Relatively Low,161292.128,68.438,Relatively Low,70.001,4.45,2112.949,16911067216,40917,475000000000,492000000000,Relatively Moderate,460689.277,176945.19,637727.359,94.955,Relatively High,708164.322,95.037,Relatively High
174,South Dakota,SD,Aurora,2747,2013717579,719.981,2410523.77,17.436,Very Low,19.653,Very Low,2231817.326,1438370.629,0.044,513128.071,15.69,Very Low,69.13,Relatively High,2.671,1.08,Not Applicable,Not Applicable,Not Applicable,719.981,Relatively Low,Relatively Moderate,Relatively Moderate,719.981,Very Low,Very Low,Very Low,719.981,2013705000,2747,31865200000,33878905000,0.017,Relatively Moderate,13053.7,1424.881,14478.581,21.603,Very Low,15637.912,21.285,Very Low,171,5.016,719.981,2013717579,2747,31865200000,34037431575,Relatively High,91853.325,6088.168,162933.262,63.275,Relatively Low,175979.681,60.706,Relatively Low,719.981,Very Low,Relatively Low,Very Low,0.462,719.981,2013717579,2747,31865200000,33878917579,Very High,165982.634,32345.554,198328.188,76.349,Relatively Moderate,214208.756,74.85,Relatively Moderate,Relatively High,Very Low,Very Low,637,28.922,719.981,2013717579,2747,31865200000,33878917579,Relatively Moderate,374.728,7680.612,8055.341,4.665,Very Low,8700.349,4.183,Very Low,Relatively Low,Very Low,Very Low,96,2.811,719.981,2013717579,2747,31865200000,34037431575,Very High,531757.725,59870.176,594500.458,70.223,Relatively Moderate,642103.396,67.038,Relatively Moderate,0.373,719.981,2013717579,2747,31865200000,34037431575,Relatively High,396214.017,198454.646,598294.968,38.896,Relatively Low,646201.741,34.935,Relatively Low,175.277,409166289.8,549.941,6379318858,6833643888,Relatively High,117906.302,10149.952,128580.416,67.483,Relatively Low,138876.128,66.752,Relatively Low,86,5.325,719.981,2013717579,2747,31865200000,34037431575,Relatively High,83984.644,42212.099,126316.343,73.414,Relatively Moderate,136430.766,71.429,Relatively Moderate
175,South Dakota,SD,Beadle,19129,5742769350,1277.58,6684484.461,52.498,Relatively Low,53.729,Relatively Low,6075933.752,2290611.845,0.228,2643914.948,60.44,Relatively High,62.73,Relatively High,2.648,1.1,Not Applicable,Not Applicable,Not Applicable,1277.58,Relatively Low,Very High,Very High,1277.58,Very Low,Very Low,Very Low,1277.58,5742702000,19149,222000000000,228000000000,0.015,Relatively Low,25502.8,4477.601,29980.401,28.877,Very Low,34148.543,28.826,Very Low,165,4.829,1277.58,5742769350,19129,222000000000,228000000000,Relatively Low,5940.564,42416.64,58896.968,41.873,Very Low,67177.401,39.612,Very Low,1277.58,Very Low,Relatively Low,Relatively Low,0.476,1277.58,5742769350,19129,222000000000,228000000000,Relatively High,184462.793,101758.386,286221.178,81.779,Relatively Moderate,325288.539,82.079,Relatively Moderate,Relatively High,Very Low,Very Low,751,34.112,1277.58,5742769350,19129,222000000000,228000000000,Relatively Moderate,4905.926,63467.45,68373.376,42.568,Relatively Low,82323.364,42.278,Relatively Low,Relatively Low,Relatively Low,Relatively Low,101,2.948,1277.58,5742769350,19129,222000000000,228000000000,Relatively High,528637.299,474620.797,1003476.713,82.909,Relatively Moderate,1156045.903,82.946,Relatively Moderate,0.688,1277.58,5742769350,19129,222000000000,228000000000,Relatively Moderate,1208524.583,813583.124,2029035.144,70.658,Relatively Moderate,2326995.05,69.36,Relatively Low,217.224,775396532.8,2003.114,23236128168,24085314791,Relatively Moderate,262173.438,48964.109,312151.562,76.965,Relatively Low,313672.925,75.31,Relatively Low,94,5.82,1277.58,5742769350,19129,222000000000,228000000000,Relatively Low,52826.452,42664.13,95776.601,67.564,Relatively Moderate,109731.104,65.956,Relatively Moderate
176,South Dakota,SD,Bennett,3380,526447035,1202.469,1754259.634,11.231,Very Low,7.738,Very Low,1128070.39,479284.928,0.042,488219.348,87.43,Very High,4.84,Very Low,2.368,1.555,Not Applicable,Not Applicable,Not Applicable,1202.469,Relatively Low,Relatively Moderate,Relatively Moderate,1202.469,Very Low,Very Low,Very Low,1202.469,526425000,3381,39219600000,39746025000,0.014,Very Low,2700.9,855.14,3556.04,8.604,Very Low,5498.552,11.263,Very Low,128,3.752,1202.469,526447035,3380,39208000000,39810085853,Relatively High,59915.283,10399.177,116674.041,56.39,Relatively Low,181425.369,61.343,Relatively Low,1202.469,Relatively Low,Relatively Low,Relatively Low,0.156,1202.469,526447035,3380,39208000000,39734447035,Relatively High,8417.967,10684.083,19102.05,29.813,Relatively Low,29538.581,34.644,Relatively Low,Relatively High,Relatively Low,Relatively Low,756,34.361,1202.469,526447035,3380,39208000000,39734447035,Relatively High,1500.699,36383.412,37884.111,24.646,Very Low,58682.953,30.792,Relatively Low,No Rating,No Expected Annual Losses,No Rating,81,2.362,1202.469,526447035,3380,39208000000,39810085853,Relatively Moderate,20445.383,49992.897,72101.519,19.324,Relatively Low,111690.54,20.585,Very Low,0.441,1202.469,526447035,3380,39208000000,39810085853,Relatively Low,30127.427,70276.846,103285.232,15.943,Very Low,160061.51,16.195,Very Low,45.184,196722135.9,1198.995,13908338304,14123914593,Relatively Low,288952.922,49044.492,338328.189,77.665,Relatively Low,528350.137,80.56,Relatively Low,88.006,5.449,1202.469,526447035,3380,39208000000,39810085853,Relatively High,64669.725,26501.574,91193.534,66.264,Relatively Moderate,141252.731,72.415,Relatively Moderate
177,South Dakota,SD,Bon Homme,6996,2156272460,587.49,2368381.381,17.117,Very Low,17.796,Very Low,2097080.265,1385563.074,0.055,638528.964,17.89,Very Low,58.63,Relatively Moderate,2.631,1.129,Not Applicable,Not Applicable,Not Applicable,587.49,Very Low,Relatively Low,Relatively Low,587.49,Very Low,Very Low,Very Low,587.49,2156248000,7003,81234800000,83391048000,0.015,Relatively Low,7720.4,1245.22,8965.62,16.404,Very Low,10128.391,16.799,Very Low,208,6.109,587.49,2156272460,6996,81153600000,83485198609,Relatively Moderate,106043.057,83.004,143312.211,60.918,Relatively Low,161851.065,59.052,Relatively Low,587.49,Very Low,Relatively Low,Relatively Low,0.821,587.49,2156272460,6996,81153600000,83309872460,Relatively High,190748.612,30283.235,221031.847,77.948,Relatively Moderate,249629.278,77.548,Relatively Moderate,Relatively High,Relatively Low,Relatively Low,640,29.076,587.49,2156272460,6996,81153600000,83309872460,Relatively Moderate,6467.954,19616.922,26084.876,17.278,Very Low,29454.671,16.86,Very Low,Very High,Very Low,Very Low,100,2.917,587.49,2156272460,6996,81153600000,83485198609,Relatively High,554162.172,107875.482,665362.293,73.666,Relatively Moderate,751518.326,71.938,Relatively Moderate,0.393,587.49,2156272460,6996,81153600000,83485198609,Relatively Moderate,412505.303,371215.637,787758.765,45.068,Relatively Low,889698.228,42.221,Relatively Low,39.379,248047335.9,635.536,7372222504,7638764798,Relatively Moderate,46029.432,255.516,46408.631,53.07,Very Low,52368.898,54.12,Very Low,77,4.768,587.49,2156272460,6996,81153600000,83485198609,Relatively Moderate,53239.6,39772.21,93175.321,66.667,Relatively Moderate,105219.834,64.874,Relatively Moderate
178,South Dakota,SD,Brookings,34375,10108198257,813.062,16618945.05,76.297,Relatively Low,78.954,Relatively Low,17007472.97,5927440.324,0.686,7957361.426,14.16,Very Low,74,Relatively High,2.688,0.977,Not Applicable,Not Applicable,Not Applicable,813.062,Relatively Low,Very High,Very High,813.062,Very Low,Very Low,Very Low,813.062,10108116000,34375,399000000000,409000000000,0.014,Relatively Low,18532.8,3903.856,22436.656,25.348,Very Low,22237.191,24.658,Very Low,184,5.407,813.062,10108198257,34375,399000000000,409000000000,Relatively High,1323717.001,84168.871,2294533.526,95.844,Relatively High,2190628.251,95.196,Relatively Moderate,813.062,Very Low,Relatively Low,Relatively Low,0.583,813.062,10108198257,34375,399000000000,409000000000,Relatively Moderate,175260.369,133999.759,309260.128,83.011,Relatively Moderate,303038.396,80.913,Relatively Moderate,Relatively High,Relatively Low,Relatively Low,694,31.504,813.062,10108198257,34375,399000000000,409000000000,Relatively Moderate,19935.561,96662.545,116598.106,59.17,Relatively Low,114772.949,51.673,Relatively Low,Relatively Low,Relatively Moderate,Relatively Moderate,114,3.335,813.062,10108198257,34375,399000000000,409000000000,Relatively High,1727639.124,342416.937,2081758.173,93.269,Relatively High,2034154.592,92.141,Relatively High,0.499,813.062,10108198257,34375,399000000000,409000000000,Relatively Moderate,2340259.354,2763769.873,5114431.549,87.686,Relatively Moderate,5016923.064,84.792,Relatively Moderate,83.986,1216118441,3183.854,36932710527,38222469727,Relatively Low,128462.043,26740.058,155825.386,69.583,Relatively Low,142509.374,67.07,Relatively Low,114,7.059,813.062,10108198257,34375,399000000000,409000000000,Relatively Moderate,31955.657,577248.721,609576.005,94.677,Relatively High,600476.415,93.637,Relatively High
179,South Dakota,SD,Brown,38265,11298783181,1748.426,19157292.77,79.128,Relatively Low,81.12,Relatively Low,19647587.82,7095160.209,0.718,8325568.031,20.08,Relatively Low,87.62,Very High,2.753,0.975,Not Applicable,Not Applicable,Not Applicable,1748.426,Very Low,Very High,Very High,1748.426,Very Low,Very Low,Very Low,1748.426,11298692000,38301,444000000000,456000000000,0.017,Relatively Low,24442.1,5756.026,30198.126,29.062,Very Low,31945.487,28.031,Very Low,143,4.189,1748.426,11298783181,38265,444000000000,456000000000,Relatively High,988525.085,171208.739,1812273.497,94.51,Relatively Moderate,1748857.048,93.605,Relatively Moderate,1748.426,Relatively Low,Relatively Moderate,Relatively Moderate,0.367,1748.426,11298783181,38265,444000000000,455000000000,Relatively High,750837.347,197652.479,948489.826,94.171,Relatively High,962146.019,93.504,Relatively High,Relatively High,Very Low,Very Low,663,30.094,1748.426,11298783181,38265,444000000000,455000000000,Relatively Moderate,227.839,114316.363,114544.202,58.687,Relatively Low,118312.337,53.024,Relatively Low,Relatively Low,Relatively Moderate,Relatively Moderate,92,2.684,1748.426,11298783181,38265,444000000000,456000000000,Relatively High,1476660.307,862924.074,2607871.756,95.627,Relatively High,2623301.257,94.209,Relatively High,0.803,1748.426,11298783181,38265,444000000000,456000000000,Relatively Low,1465029.719,1082650.596,2558446.276,76.117,Relatively Moderate,2608235.644,71.906,Relatively Moderate,191.773,943742617.1,2654.968,30797627566,31798167933,Relatively Low,269958.014,10634.237,281462.172,75.915,Relatively Low,246480.904,72.829,Relatively Low,107,6.625,1748.426,11298783181,38265,444000000000,456000000000,Relatively High,1240507.743,744608.643,1985532.55,99.443,Very High,2022500.267,99.236,Very High
180,South Dakota,SD,Brule,5033,2485355483,855.022,2807032.178,21.54,Very Low,24.791,Very Low,2646486.443,1367136.952,0.074,852838.789,29.66,Relatively Low,88.51,Very High,2.758,1.061,Not Applicable,Not Applicable,Not Applicable,855.022,Relatively Low,Relatively High,Relatively High,855.022,Very Low,Very Low,Very Low,855.022,2485326000,5247,60865200000,63350526000,0.014,Relatively Low,12127,1708.228,13835.228,21.015,Very Low,14548.319,20.172,Very Low,157,4.59,855.022,2485355483,5033,58382800000,61044327625,Relatively High,70045.614,10003.438,269803.938,72.767,Relatively Low,278329.134,69.233,Relatively Low,855.022,Very Low,Relatively Low,Very Low,0.319,855.022,2485355483,5033,58382800000,60868155483,Very High,162500.5,60536.228,223036.729,78.015,Relatively Moderate,236282.145,76.682,Relatively Moderate,Relatively Moderate,Relatively Low,Relatively Low,653,29.661,855.022,2485355483,5033,58382800000,60868155483,Relatively Moderate,7757.261,13675.496,21432.757,14.607,Very Low,23223.023,13.385,Very Low,Very High,Very Low,Very Low,91,2.651,855.022,2485355483,5033,58382800000,61044327625,Very High,511414.539,105658.97,620104.401,71.34,Relatively Moderate,661754.517,68.311,Relatively Moderate,0.35,855.022,2485355483,5033,58382800000,61044327625,Relatively High,348666.1,221272.53,573234.605,38.12,Relatively Low,609396.326,33.98,Relatively Low,177.74,557358951.3,911.955,10578681745,11189797966,Relatively High,200898.783,16592.196,219942.467,73.528,Relatively Low,229764.323,72.351,Relatively Low,86,5.325,855.022,2485355483,5033,58382800000,61044327625,Relatively Moderate,47786.639,40066.062,87985.623,65.707,Relatively Moderate,94659.953,62.138,Relatively Moderate
181,South Dakota,SD,Buffalo,1948,701316209,492.686,2190684.932,15.845,Very Low,7.521,Very Low,1104963.168,646045.574,0.03,345511.2,98.63,Very High,0.45,Very Low,2.169,1.983,Not Applicable,Not Applicable,Not Applicable,492.686,Relatively Low,Relatively Moderate,Relatively Moderate,492.686,Very Low,Very Low,Very Low,492.686,701306000,1948,22596800000,23298106000,0.016,Relatively Low,2976.3,1164.071,4140.371,9.78,Very Low,8208.644,14.795,Very Low,147,4.317,492.686,701316209,1948,22596800000,23343437566,Relatively High,84111.159,3768.537,123504.285,57.32,Relatively Low,244857.914,67.07,Relatively Low,492.686,Very Low,Very Low,Very Low,0.374,492.686,701316209,1948,22596800000,23298116209,Relatively High,37882.754,9662.293,47545.047,46.835,Relatively Low,94262.164,57.162,Relatively Low,Relatively Moderate,Relatively Low,Relatively Low,704,31.975,492.686,701316209,1948,22596800000,23298116209,Relatively Moderate,1574.788,5800.656,7375.443,4.247,Very Low,14622.454,7.529,Very Low,No Rating,No Expected Annual Losses,No Rating,93,2.727,492.686,701316209,1948,22596800000,23343437566,Relatively High,122793.916,46568.564,170165.297,33.002,Relatively Low,337367.401,45.848,Relatively Low,0.19,492.686,701316209,1948,22596800000,23343437566,Relatively High,85039.865,73824.625,160269.024,20.223,Very Low,317747.184,23.926,Very Low,30.52,210843566.7,700.828,8129608196,8353011506,Relatively Moderate,226034.037,23245.031,250630.722,74.578,Relatively Low,496897.058,79.828,Relatively Low,95,5.882,492.686,701316209,1948,22596800000,23343437566,Relatively High,80711.223,30445.614,111194.611,70.659,Relatively Moderate,220452.922,80.815,Relatively Moderate
182,South Dakota,SD,Butte,10241,2367889460,2289.397,5911113.006,47.884,Very Low,45.621,Very Low,4817724.218,2788476.903,0.148,1717185.496,49.97,Relatively Moderate,33.16,Relatively Low,2.53,1.227,Not Applicable,Not Applicable,Not Applicable,2289.397,Relatively Low,Relatively High,Relatively High,2289.397,Very Low,Very Low,Very Low,2289.397,2367850000,10243,119000000000,121000000000,0.019,Relatively Low,5527.1,1295.755,6822.855,13.897,Very Low,8833.223,15.558,Very Low,164,4.796,2289.397,2367889460,10241,119000000000,121000000000,Relatively High,936197.282,159456.944,1223973.346,91.749,Relatively Moderate,1510521.418,92.619,Relatively Moderate,2289.397,Relatively Moderate,Very Low,Very Low,0.181,2289.397,2267660825,10216.992,119000000000,121000000000,Relatively Low,3187.879,5331.804,8519.683,19.687,Very Low,10467.249,19.254,Very Low,Relatively Low,Relatively Low,Relatively Low,608,27.629,2289.397,2367889460,10241,119000000000,121000000000,Relatively High,6688.538,101376.834,108065.372,56.371,Relatively Low,132181.074,57.046,Relatively Low,Relatively Low,Relatively Low,Relatively Low,86,2.527,2289.397,2367889460,10241,119000000000,121000000000,Relatively High,105516.044,225776.181,391519.076,57.01,Relatively Moderate,481040.947,57.397,Relatively Low,0.481,2289.397,2367889460,10241,119000000000,121000000000,Relatively Low,133939.919,146448.837,284289.023,26.644,Very Low,350287.464,25.103,Very Low,54.838,658057911.3,1992.543,23113495107,23802587085,Relatively Moderate,940222.237,54131.696,995860.993,86.86,Relatively Moderate,1158413.756,86.732,Relatively Moderate,78.02,4.831,2289.397,2367889460,10241,119000000000,121000000000,Relatively High,367358.666,7726.842,375138.903,90.344,Relatively High,463985.246,90.837,Relatively High
183,South Dakota,SD,Campbell,1375,1429395191,778.619,1955007.693,13.458,Very Low,17.703,Very Low,2093305.171,1328374.741,0.026,299275.682,2.36,Very Low,75.78,Relatively High,2.696,0.934,Not Applicable,Not Applicable,Not Applicable,745.398,Relatively Low,Relatively High,Relatively Moderate,745.398,Very Low,Very Low,Very Low,745.398,1429383000,1377,15973200000,17402583000,0.011,Relatively Moderate,1179.2,194.955,1374.155,4.271,Very Low,1283.37,3.595,Very Low,112,3.423,745.398,1429395191,1375,15950000000,17489749081,Very High,321764.609,5115.927,441418.742,80.583,Relatively Moderate,412255.723,77.028,Relatively Low,745.398,Relatively Low,Relatively Low,Relatively Low,0.695,745.398,1429395191,1375,15950000000,17379395191,Relatively High,43851.421,11195.433,55046.854,49.767,Relatively Low,51410.098,45.67,Relatively Low,Relatively High,Very Low,Very Low,467,22.127,745.398,1429395191,1375,15950000000,17379395191,Relatively High,3821.577,9150.521,12972.098,7.883,Very Low,12115.076,6.242,Very Low,Relatively Moderate,Very Low,Very Low,71,2.154,745.398,1429395191,1375,15950000000,17489749081,Very High,276009.777,37009.532,327878.929,51.644,Relatively Low,306217.095,42.444,Relatively Low,0.245,778.619,1429395191,1375,15950000000,17489749081,Relatively High,124500.34,46694.575,174285.776,21.216,Very Low,162771.314,16.513,Very Low,73.963,637939579.6,408.972,4744076814,5411005269,Very High,421146.923,4535.133,426415.604,80.115,Relatively Low,398243.791,77.633,Relatively Low,83,5.368,745.398,1429395191,1375,15950000000,17489749081,Very High,123225.262,23556.011,146861.632,76.323,Relatively Moderate,137158.988,71.651,Relatively Moderate
184,South Dakota,SD,Charles Mix,9373,3990390274,1161.848,5684818.603,46.516,Very Low,39.647,Very Low,4130615.231,2140426.136,0.084,980132.269,72.88,Relatively High,49.2,Relatively Moderate,2.595,1.376,Not Applicable,Not Applicable,Not Applicable,1161.848,Very Low,Relatively Low,Relatively Low,1161.848,Very Low,Very Low,Relatively Low,1161.848,3990350000,9373,109000000000,113000000000,0.018,Relatively Low,22642.9,4290.998,26933.898,27.577,Very Low,34900.457,29.017,Very Low,184,5.385,1161.848,3990390274,9373,109000000000,113000000000,Relatively High,593367.258,99.916,961942.137,89.361,Relatively Moderate,1277820.65,90.996,Relatively Moderate,1161.848,Very Low,Relatively Low,Relatively Low,0.596,1161.848,3990201465,9372.421,109000000000,113000000000,Relatively High,193298.749,32948.559,226247.308,78.314,Relatively Moderate,315052.151,81.579,Relatively Moderate,Relatively Moderate,Relatively Low,Relatively Low,646,29.363,1161.848,3990390274,9373,109000000000,113000000000,Relatively Moderate,250.547,24991.078,25241.626,16.763,Very Low,34444.895,19.369,Very Low,Relatively Low,Relatively Low,Relatively Low,87,2.548,1161.848,3990390274,9373,109000000000,113000000000,Relatively High,284404.299,153429.249,438225.815,60.639,Relatively Moderate,581531.486,63.793,Relatively Moderate,0.606,1161.848,3990390274,9373,109000000000,113000000000,Relatively Moderate,750460.535,379377.198,1135557.596,55.211,Relatively Low,1532496.915,57.811,Relatively Low,103.744,743879171.4,1638.066,19001560764,19791682011,Relatively High,137848.898,670.572,139556.098,68.724,Relatively Low,184692.144,69.933,Relatively Low,87,5.387,1161.848,3990390274,9373,109000000000,113000000000,Relatively Moderate,57151.588,44245.187,101713.549,68.4,Relatively Moderate,135921.879,71.206,Relatively Moderate
185,South Dakota,SD,Clark,3828,1199813522,977.266,3327843.003,27.203,Very Low,27.979,Very Low,2912077.554,446278.501,0.063,725019.309,14.45,Very Low,63.59,Relatively High,2.651,1.143,Not Applicable,Not Applicable,Not Applicable,977.266,Relatively Low,Relatively High,Relatively High,977.266,No Rating,No Expected Annual Losses,No Rating,977.266,1199799000,3837,44509200000,45708999000,0.011,Very Low,2008,396.863,2404.863,6.283,Very Low,2748.211,6.491,Very Low,157,4.598,977.266,1199813522,3828,44404800000,45911592378,Very High,114056.762,18516.456,643511.713,85.36,Relatively Moderate,735387.678,85.205,Relatively Moderate,977.266,Relatively Low,Relatively Low,Relatively Low,0.495,977.266,1199813522,3828,44404800000,45604613522,Relatively High,10555.749,40535.589,51091.337,48.268,Relatively Low,58385.79,48.168,Relatively Low,Relatively High,Very Low,Very Low,666,30.253,977.266,1199813522,3828,44404800000,45604613522,Relatively Moderate,3179.991,13021.493,16201.483,10.714,Very Low,18514.614,10.071,Very Low,Relatively Low,Very Low,Very Low,105,3.082,977.266,1199813522,3828,44404800000,45911592378,Relatively High,7969.627,91666.742,317435.906,51.024,Relatively Low,362757.117,48.011,Relatively Low,0.513,977.266,1199813522,3828,44404800000,45911592378,Relatively Moderate,193646.14,173279.632,377089.56,30.552,Relatively Low,430927.69,27.967,Relatively Low,96.838,269123733.4,804.541,9332676198,9655486160,Relatively Moderate,79441.522,3941.83,84218.03,62.329,Very Low,96242.073,62.456,Very Low,134,8.297,977.266,1199813522,3828,44404800000,45911592378,Relatively Low,5686.516,17298.853,23354.908,34.014,Relatively Low,26689.354,30.576,Relatively Low
186,South Dakota,SD,Clay,14967,4232543984,421.633,6977090.204,54.025,Relatively Low,53.358,Relatively Low,5999513.053,2302797.462,0.149,1731088.93,56.84,Relatively Moderate,81.89,Very High,2.721,1.163,Not Applicable,Not Applicable,Not Applicable,421.633,Very Low,Relatively Low,Relatively Low,421.633,Very Low,Very Low,Very Low,421.633,4232509000,14967,174000000000,178000000000,0.011,Very Low,9832.3,2108.352,11940.652,19.313,Very Low,14815.055,20.522,Very Low,236,6.926,421.633,4232543984,14967,174000000000,178000000000,Relatively Moderate,143099.597,198.315,393408.791,79.094,Relatively Low,433221.087,77.792,Relatively Low,421.633,Very Low,Relatively Low,Relatively Low,0.954,421.633,4232543984,14967,174000000000,178000000000,Relatively Low,20804.879,75734.731,96539.61,60.493,Relatively Moderate,120770.867,62.192,Relatively Moderate,Very Low,Relatively Low,Relatively Low,722,32.812,421.633,4232543984,14967,174000000000,178000000000,Relatively Moderate,5005.841,49231.599,54237.44,34.653,Relatively Low,68415.913,36.261,Relatively Low,Relatively Moderate,Relatively Moderate,Relatively Moderate,134,3.913,421.633,4232543984,14967,174000000000,178000000000,Relatively Moderate,433686.602,313985.081,753640.648,77.078,Relatively Moderate,921943.19,77.824,Relatively Moderate,0.35,421.633,4232543984,14967,174000000000,178000000000,Relatively High,1470293.447,1015790.355,2489842.309,75.465,Relatively Moderate,3042208.014,75.342,Relatively Moderate,10.724,324214739.1,778.497,9030567535,9358716763,Relatively Low,15244.17,131.288,15388.782,35.126,Very Low,17985.435,36.462,Very Low,63,3.901,421.633,4232543984,14967,174000000000,178000000000,Relatively Moderate,24762.792,44319.914,69181.669,59.053,Relatively Moderate,85773.703,59.656,Relatively Low
187,South Dakota,SD,Codington,28315,9313360489,724.404,12762683.12,71.619,Relatively Low,71.433,Relatively Low,11906860.56,3058314.373,0.655,7602817.548,34.66,Relatively Low,82.85,Very High,2.726,1.072,Not Applicable,Not Applicable,Not Applicable,724.404,Very Low,Very High,Very High,724.404,Very Low,Very Low,Very Low,724.404,9313268000,28325,329000000000,338000000000,0.013,Relatively Low,14720.3,2956.428,17676.728,23.275,Very Low,19915.312,23.576,Very Low,150,4.385,724.404,9313360489,28315,328000000000,338000000000,Relatively High,845923.923,130284.091,1258565.923,91.935,Relatively Moderate,1275110.325,90.9,Relatively Moderate,724.404,Relatively Low,Relatively Moderate,Relatively Moderate,0.54,724.404,9313360489,28315,328000000000,338000000000,Relatively Moderate,51759.666,290235.938,341995.604,84.144,Relatively Moderate,370411.057,83.544,Relatively Moderate,Relatively Low,Relatively Low,Relatively Low,582,26.433,724.404,9313360489,28315,328000000000,338000000000,Relatively Moderate,21348.747,82411.12,103759.867,54.794,Relatively Low,112194.834,51.255,Relatively Low,Very Low,Relatively Moderate,Relatively Moderate,99,2.886,724.404,9313360489,28315,328000000000,338000000000,Relatively Moderate,234758.595,656330.105,1010470.419,82.971,Relatively Moderate,1059956.856,81.228,Relatively Moderate,0.388,724.404,9313360489,28315,328000000000,338000000000,Relatively Moderate,1572061.135,1662932.168,3241072.124,80.8,Relatively Moderate,3506654.285,78.715,Relatively Moderate,49.972,963466473,2448.719,28405137175,29397074011,Relatively Moderate,206219.633,8840.846,215351.857,73.147,Relatively Low,209011.821,71.238,Relatively Low,136,8.421,724.404,9313360489,28315,328000000000,338000000000,Relatively Moderate,6523.365,660916.494,667658.296,95.327,Relatively High,725310.009,95.132,Relatively High
188,South Dakota,SD,Corson,3902,815316436,2555.189,2725800.738,20.872,Very Low,14.175,Very Low,1773265.168,538847.375,0.067,775199.782,75.75,Relatively High,2.01,Very Low,2.314,1.537,Not Applicable,Not Applicable,Not Applicable,2507.465,Relatively Low,Relatively High,Relatively High,2507.465,Very Low,Very Low,Very Low,2507.465,815295000,3902,45263200000,46078495000,0.01,Very Low,508.2,135.642,643.842,2.074,Very Low,1001.412,2.8,Very Low,98,2.928,2507.465,815316436,3902,45263200000,46212705074,Relatively High,163872.323,13050.135,299719.054,74.876,Relatively Low,458009.849,78.492,Relatively Low,2507.465,Relatively Low,Relatively Low,Relatively Low,0.676,2507.465,815316436,3902,45263200000,46078516436,Relatively Moderate,9878.41,29681.913,39560.323,43.604,Relatively Low,61668.583,49.234,Relatively Low,Relatively Moderate,Relatively Low,Relatively Low,559,25.855,2507.465,815316436,3902,45263200000,46078516436,Relatively High,2546.341,32919.624,35465.965,23.584,Very Low,55296.698,28.861,Relatively Low,Very Low,Very Low,Very Low,70,2.076,2507.465,815316436,3902,45263200000,46212705074,Relatively High,109209.862,68024.019,194796.984,36.569,Relatively Low,301675.002,41.712,Relatively Low,0.618,2555.189,815316436,3902,45263200000,46212705074,Relatively Low,64529.886,104483.882,172865.433,21.123,Very Low,271545.824,22.24,Very Low,132.054,322517324.6,1511.742,17536207752,17904652827,Relatively Low,150356.408,13415.159,164550.439,70.124,Relatively Low,248425.012,73.019,Relatively Low,83,5.237,2507.465,815316436,3902,45263200000,46212705074,Relatively High,29078.049,76036.882,105212.646,69.452,Relatively Moderate,164393.342,75.597,Relatively Moderate
189,South Dakota,SD,Custer,8303,2555757500,1574.802,8019847.763,58.479,Relatively Low,56.763,Relatively Low,6790688.648,5388257.153,0.088,1025815.073,34.53,Relatively Low,38.22,Relatively Low,2.551,1.181,Not Applicable,Not Applicable,Not Applicable,1574.802,Very Low,Relatively Moderate,Relatively Moderate,1574.802,Very Low,Very Low,Very Low,1574.802,2555729000,8318,96488800000,99044529000,0.014,Relatively Low,10381.9,1697.742,12079.642,19.622,Very Low,14626.714,20.235,Very Low,216,6.33,1574.802,2555757500,8303,96314800000,98901106799,Relatively High,424090.696,43159.126,489786.611,81.669,Relatively Moderate,587893.606,82.437,Relatively Moderate,1574.802,No Rating,No Expected Annual Losses,No Rating,0.015,1574.802,2555757500,8303,96314800000,98870557500,Relatively High,3246.248,2002.746,5248.994,13.491,Very Low,6303.162,13.091,Very Low,Relatively Low,Relatively Low,Relatively Low,730,33.173,1574.802,2555757500,8303,96314800000,98870557500,Relatively High,11382.884,57509.89,68892.774,42.664,Relatively Low,82574.902,42.439,Relatively Low,Relatively Low,Relatively Low,Relatively Low,88,2.577,1574.802,2555757500,8303,96314800000,98901106799,Very Low,23707.826,5540.841,41024.698,14.051,Very Low,48575.024,11.359,Very Low,0.373,1574.802,2555757500,8303,96314800000,98901106799,Relatively Low,154431.887,197036.022,353357.03,29.653,Relatively Low,424001.435,27.808,Very Low,21.336,1518789877,5007.906,58091708375,59626950697,Relatively Moderate,4272357.554,322537.565,4595637.184,96.023,Relatively Moderate,5429943.766,96.055,Relatively Moderate,81.969,5.075,1574.802,2555757500,8303,96314800000,98901106799,Relatively Moderate,139173.564,3995.258,143176.015,75.859,Relatively Moderate,172883.976,76.519,Relatively Moderate
190,South Dakota,SD,Davison,19950,5204129212,441.359,9745779.924,63.633,Relatively Low,65.676,Relatively Low,9262559.12,4578784.168,0.346,4013855.529,32.91,Relatively Low,87.78,Very High,2.754,1.052,Not Applicable,Not Applicable,Not Applicable,441.359,Relatively Low,Relatively High,Relatively High,441.359,Very Low,Very Low,Very Low,441.359,5204069000,19956,231000000000,237000000000,0.017,Relatively Low,29758.8,6106.591,35865.391,30.764,Very Low,38469.877,30.162,Very Low,188,5.513,441.359,5204129212,19950,231000000000,237000000000,Relatively High,1123606.962,47455.512,1361120.135,92.711,Relatively Moderate,1397679.957,92.078,Relatively Moderate,441.359,Very Low,Relatively Low,Relatively Low,0.657,441.359,5204129212,19950,231000000000,237000000000,Relatively High,326367.111,182090.263,508457.373,89.041,Relatively High,537652.362,88.408,Relatively High,Relatively High,Relatively Low,Relatively Low,625,28.391,441.359,5204129212,19950,231000000000,237000000000,Relatively Moderate,8315.007,52668.578,60983.585,38.771,Relatively Low,65936.275,34.781,Relatively Low,Relatively Low,Relatively Low,Relatively Low,105,3.073,441.359,5204129212,19950,231000000000,237000000000,Relatively High,1172470.222,608694.569,1783613.325,91.563,Relatively High,1902417.753,91.25,Relatively High,0.261,441.359,5204129212,19950,231000000000,237000000000,Relatively High,1276051.666,1799339.286,3078892.16,79.591,Relatively Moderate,3301179.554,76.933,Relatively Moderate,45.265,634812855.6,2023.883,23477039383,24128512462,Relatively Moderate,119589.582,24918.507,144616.697,68.915,Relatively Low,152280.552,67.706,Relatively Low,78,4.83,441.359,5204129212,19950,231000000000,237000000000,Relatively Low,61650.118,41342.265,103076.882,68.771,Relatively Moderate,110134.535,66.083,Relatively Moderate
191,South Dakota,SD,Day,5449,2816177045,1102.108,4491701.777,38.053,Very Low,43.64,Very Low,4582303.708,1898398.029,0.108,1248529.595,13.53,Very Low,86.82,Very High,2.748,0.98,Not Applicable,Not Applicable,Not Applicable,1102.108,Relatively Low,Relatively High,Relatively High,1102.108,Very Low,Very Low,Very Low,1102.108,2816141000,5449,63208400000,66024541000,0.014,Relatively Low,4832.7,906.339,5739.039,12.225,Very Low,5610.253,11.422,Very Low,147,4.3,1102.108,2816177045,5449,63208400000,66235642838,Relatively High,250231.137,24511.676,602716,84.274,Relatively Moderate,574657.066,81.992,Relatively Moderate,1102.108,Relatively Low,Relatively Low,Relatively Low,0.511,1102.108,2816177045,5449,63208400000,66024577045,Relatively High,117169.053,42270.952,159440.004,71.719,Relatively Moderate,156318.224,67.655,Relatively Moderate,Relatively High,Relatively Low,Relatively Low,609,27.656,1102.108,2816177045,5449,63208400000,66024577045,Relatively Moderate,6922.459,16865.468,23787.927,16.023,Very Low,23227.062,13.449,Very Low,Relatively Low,Relatively Low,Relatively Low,100,2.932,1102.108,2816177045,5449,63208400000,66235642838,Very High,398269.838,175745.439,716590.782,75.806,Relatively Moderate,694705.279,69.742,Relatively Moderate,0.531,1102.108,2816177045,5449,63208400000,66235642838,Relatively Moderate,395612.847,196971.965,599176.182,38.958,Relatively Low,585912.922,33.089,Relatively Low,63.618,669002155.5,1232.624,14298442654,14993480253,Relatively High,273490.949,9312.418,283257.228,76.042,Relatively Low,291578.247,74.578,Relatively Low,135,8.359,1102.108,2816177045,5449,63208400000,66235642838,Very High,390101.616,143819.316,534176.908,93.562,Relatively High,521661.61,92.332,Relatively High
192,South Dakota,SD,Deuel,4285,2538107544,643.04,2936271.847,23.099,Very Low,34.417,Very Low,3575267.737,1496188.361,0.077,897945.151,3.44,Very Low,79.63,Relatively High,2.711,0.821,Not Applicable,Not Applicable,Not Applicable,643.04,Relatively Low,Relatively High,Relatively High,643.04,Very Low,Very Low,Very Low,643.04,2538088000,4295,49822000000,52360088000,0.012,Relatively Low,3074.7,609.627,3684.327,8.883,Very Low,3187.858,7.286,Very Low,152,4.452,643.04,2538107544,4285,49706000000,52456218074,Very High,236340.65,20193.753,591850.075,83.995,Relatively Moderate,474743.028,79.224,Relatively Low,643.04,Relatively Low,Relatively Low,Relatively Low,0.642,643.04,2538107544,4285,49706000000,52244107544,Very High,350791.993,54030.086,404822.079,85.976,Relatively High,335391.651,82.445,Relatively Moderate,Relatively High,Relatively Low,Relatively Low,607,27.578,643.04,2538107544,4285,49706000000,52244107544,Relatively Moderate,6255.179,13354.631,19609.81,13.385,Very Low,16746.363,8.945,Very Low,Very High,Very Low,Very Low,99,2.883,643.04,2538107544,4285,49706000000,52456218074,Relatively High,137704.318,101583.085,380153.994,56.203,Relatively Moderate,312370.966,43.207,Relatively Low,0.373,643.04,2538107544,4285,49706000000,52456218074,Relatively High,465326.321,281067.614,754681.86,43.983,Relatively Low,634578.516,34.68,Relatively Low,75.589,859202500.3,1230.274,14271179884,15195748849,Relatively High,279733.065,6787.331,287497.127,76.265,Relatively Low,236692.148,72.51,Relatively Low,142,8.793,643.04,2538107544,4285,49706000000,52456218074,Relatively Low,10211.175,16753.883,27235.639,37.357,Relatively Low,23336.991,27.871,Relatively Low
193,South Dakota,SD,Dewey,5228,1376300229,2469.955,3732874.091,31.244,Very Low,21.541,Very Low,2371960.401,1130320.37,0.087,1006945.648,82.24,Very High,12.44,Very Low,2.435,1.574,Not Applicable,Not Applicable,Not Applicable,2329.048,Relatively Low,Relatively High,Relatively High,2329.048,Very Low,Very Low,Very Low,2329.048,1376282000,5239,60772400000,62148682000,0.008,Very Low,887.1,251.874,1138.974,3.652,Very Low,1829.011,4.741,Very Low,105,3.263,2329.048,1376300229,5228,60644800000,62088461492,Relatively High,274568.28,17263.707,354182.488,77.947,Relatively Low,548752.762,81.451,Relatively Moderate,2329.048,Relatively Low,Relatively Low,Relatively Low,0.577,2329.048,1376300229,5228,60644800000,62021100229,Relatively Moderate,37508.248,35763.505,73271.753,54.664,Relatively Low,116893.159,61.492,Relatively Moderate,Relatively Moderate,Relatively Low,Relatively Low,578,27.832,2329.048,1376300229,5228,60644800000,62021100229,Relatively High,4859.834,44013.038,48872.872,30.566,Relatively Low,79481.489,41.377,Relatively Low,Relatively Low,Very Low,Very Low,82,2.54,2329.048,1376300229,5228,60644800000,62088461492,Relatively High,306368.47,125953.772,442522.486,61.042,Relatively Moderate,698781.764,69.87,Relatively Moderate,0.618,2469.955,1376300229,5228,60644800000,62088461492,Relatively Low,70033.476,95976.719,171122.256,20.906,Very Low,269320.839,22.144,Very Low,69.528,607543211.9,1757.884,20391459734,21018727941,Relatively Moderate,278575.454,13860.788,292750.282,76.424,Relatively Low,442284.575,78.587,Relatively Low,93,6.107,2329.048,1376300229,5228,60644800000,62088461492,Relatively High,132942.999,52064.545,185062.506,81.151,Relatively Moderate,292064.389,85.746,Relatively Moderate
194,South Dakota,SD,Douglas,2834,2524463280,438.045,3794067.121,31.88,Very Low,32.993,Very Low,3443352.523,2275693.721,0.055,642527.626,23.65,Relatively Low,72.25,Relatively High,2.682,1.102,Not Applicable,Not Applicable,Not Applicable,438.045,Relatively Low,Relatively Moderate,Relatively Moderate,438.045,Very Low,Very Low,Very Low,438.045,2524452000,2835,32886000000,35410452000,0.019,Relatively Moderate,16071.9,2079.581,18151.481,23.615,Very Low,20000.258,23.608,Very Low,188,5.515,438.045,2524463280,2834,32874400000,35564718377,Very High,379528.413,7103.818,691421.817,86.29,Relatively Moderate,761844.965,85.778,Relatively Moderate,438.045,Relatively Low,Relatively Low,Relatively Low,0.62,438.045,2524463280,2834,32874400000,35398863280,Very High,231575.11,56527.732,288102.842,81.912,Relatively Moderate,317446.882,81.679,Relatively Moderate,Relatively High,Very Low,Very Low,615,27.944,438.045,2524463280,2834,32874400000,35398863280,Relatively Moderate,4389.113,7247.979,11637.093,6.982,Very Low,12822.362,6.628,Very Low,Relatively Low,Very Low,Very Low,99,2.911,438.045,2524463280,2834,32874400000,35564718377,Very High,632677.688,108220.547,744012.655,76.83,Relatively Moderate,819792.319,74.515,Relatively Moderate,0.257,438.045,2524463280,2834,32874400000,35564718377,Relatively High,577221.055,245501.756,826987.271,46.216,Relatively Low,911218.12,42.698,Relatively Low,37.223,371311127.4,464.178,5384464405,5775923105,Relatively High,41489.123,3620.474,45222.114,52.657,Very Low,49828.106,53.325,Very Low,88,5.449,438.045,2524463280,2834,32874400000,35564718377,Very High,355086.688,54242.395,409457.132,91.055,Relatively High,451161.428,90.646,Relatively High
195,South Dakota,SD,Edmunds,3952,2671844966,1162.686,2942624.091,23.163,Very Low,32.25,Very Low,3352489.275,1340813.297,0.06,697297.707,0.89,Very Low,62.09,Relatively High,2.645,0.878,Not Applicable,Not Applicable,Not Applicable,1162.686,Relatively Low,Relatively High,Relatively High,1162.686,Very Low,Very Low,Very Low,1162.686,2671821000,3986,46237600000,48909421000,0.013,Relatively Low,4210.9,601.965,4812.865,11.049,Very Low,4229.634,9.227,Very Low,137,4,1162.686,2671844966,3952,45843200000,48787628559,Very High,219650.082,16402.696,587934.145,83.933,Relatively Moderate,515307.868,80.592,Relatively Low,1162.686,Relatively Low,Relatively Low,Relatively Low,0.507,1162.686,2671844966,3952,45843200000,48515044966,Relatively Moderate,15190.048,24876.442,40066.49,43.904,Relatively Low,35348.278,37.808,Relatively Low,Very High,Very Low,Very Low,519,23.576,1162.686,2671844966,3952,45843200000,48515044966,Relatively High,5582.316,29145.714,34728.03,23.037,Very Low,30388.466,17.375,Very Low,Relatively Low,Very Low,Very Low,88,2.563,1162.686,2671844966,3952,45843200000,48787628559,Very High,325600.519,81639.233,453617.661,62.004,Relatively Moderate,398775.088,51.034,Relatively Low,0.472,1162.686,2671844966,3952,45843200000,48787628559,Relatively Moderate,295660.854,99000.226,402533.572,31.483,Relatively Low,353797.624,25.294,Very Low,98.829,570593087.1,557.192,6463428363,7073658883,Very High,204818.469,2878.145,208186.764,72.701,Relatively Low,184974.49,69.997,Relatively Low,96,5.944,1162.686,2671844966,3952,45843200000,48787628559,Very High,263188.261,67358.08,330781.423,89.291,Relatively High,291188.643,85.682,Relatively Moderate
196,South Dakota,SD,Fall River,6903,2213464794,1766.822,4200897.318,35.667,Very Low,32.157,Very Low,3341873.492,2532953.47,0.05,576270.99,55.09,Relatively Moderate,55.76,Relatively Moderate,2.62,1.257,Not Applicable,Not Applicable,Not Applicable,1766.822,Relatively Low,Relatively Moderate,Relatively Moderate,1766.822,Very Low,Very Low,Very Low,1766.822,2213438000,6973,80886800000,83100238000,0.014,Relatively Low,11865.3,1777.497,13642.797,20.86,Very Low,17064.757,22.081,Very Low,184,5.407,1766.822,2213464794,6903,80074800000,82388162071,Relatively High,407936.956,30300.106,439589.559,80.521,Relatively Moderate,547992.648,81.387,Relatively Moderate,1766.822,No Rating,No Expected Annual Losses,No Rating,0.015,1766.822,2213464794,6903,80074800000,82288264794,Relatively High,2816.531,1665.444,4481.974,11.592,Very Low,5580.889,12.059,Very Low,Relatively Low,Relatively Low,Relatively Low,705,32.023,1766.822,2213464794,6903,80074800000,82288264794,Relatively Moderate,980.718,17584.791,18565.509,12.387,Very Low,23072.146,13.353,Very Low,Relatively Low,Relatively Low,Relatively Low,67,1.95,1766.822,2213464794,6903,80074800000,82388162071,Relatively Moderate,93546.36,4787.577,98509.167,23.728,Relatively Low,122854.367,21.858,Relatively Low,0.44,1766.822,2213464794,6903,80074800000,82388162071,Relatively Low,134288.833,160485.276,301314.811,27.512,Very Low,375183.052,26.376,Very Low,47.568,750077263.7,2209.418,25629243539,26434432233,Relatively Moderate,1783910.463,118734.415,1904528.455,91.728,Relatively Moderate,2404297.783,92.237,Relatively Moderate,69.619,4.311,1766.822,2213464794,6903,80074800000,82388162071,Relatively Moderate,57575.017,4861.596,62455.987,56.546,Relatively Moderate,77887.306,57.047,Relatively Low
197,South Dakota,SD,Faulk,2125,823169688,1016.047,1934620.041,13.236,Very Low,13.185,Very Low,1687174.985,462649.481,0.032,370026.061,25.46,Relatively Low,50.92,Relatively Moderate,2.601,1.147,Not Applicable,Not Applicable,Not Applicable,1016.047,Relatively Low,Relatively High,Relatively High,1016.047,Very Low,Very Low,Very Low,1016.047,823153000,2125,24650000000,25473153000,0.015,Relatively Low,1881.1,364.194,2245.294,5.788,Very Low,2574.594,6.109,Very Low,145,4.247,1016.047,823169688,2125,24650000000,25661148490,Very High,72520.993,9395.217,339494.229,77.202,Relatively Low,389285.252,76.169,Relatively Low,1016.047,Relatively Low,Relatively Low,Relatively Low,0.514,1016.047,823169688,2125,24650000000,25473169688,Relatively Moderate,2305.546,16303.916,18609.462,29.48,Relatively Low,21338.769,29.114,Very Low,Relatively High,Very Low,Very Low,515,23.386,1016.047,823169688,2125,24650000000,25473169688,Relatively High,1724.091,15336.781,17060.872,11.261,Very Low,19563.06,10.811,Very Low,Relatively Low,Very Low,Very Low,93,2.71,1016.047,823169688,2125,24650000000,25661148490,Relatively High,106668.613,46647.129,187037.198,35.484,Relatively Low,214468.514,32.739,Relatively Low,0.413,1016.047,823169688,2125,24650000000,25661148490,Relatively Moderate,92784.638,56435.719,155007.167,19.789,Very Low,177740.884,17.436,Very Low,96.212,205362137.6,420.428,4876964135,5116437211,Relatively High,93178.58,3191.872,96912.112,63.697,Relatively Low,111125.471,64.588,Relatively Low,105,6.502,1016.047,823169688,2125,24650000000,25661148490,Relatively High,88687.558,39614.097,128478.97,73.785,Relatively Moderate,147321.999,73.338,Relatively Moderate
198,South Dakota,SD,Grant,7556,2824144017,694.474,4910368.411,41.33,Very Low,46.363,Very Low,4927171.672,1564631.901,0.147,1704950.07,9.29,Very Low,79.95,Relatively High,2.713,0.997,Not Applicable,Not Applicable,Not Applicable,694.474,Relatively Low,Relatively High,Relatively High,694.474,Very Low,Very Low,Very Low,694.474,2824119000,7556,87649600000,90473719000,0.012,Relatively Low,3704,588.605,4292.605,10.09,Very Low,4478.528,9.577,Very Low,143,4.199,694.474,2824144017,7556,87649600000,90743843984,Relatively High,244472.602,33169.558,685839.319,86.197,Relatively Moderate,660413.044,83.773,Relatively Moderate,694.474,Relatively Low,Relatively Low,Relatively Low,0.57,694.474,2824143910,7555.998,87649580186,90473724096,Relatively High,295174.981,59994.911,355169.892,84.644,Relatively High,364204.832,83.311,Relatively Moderate,Relatively High,Relatively Low,Relatively Low,570,25.869,694.474,2824144017,7556,87649600000,90473744017,Relatively Moderate,1920.622,22657.588,24578.211,16.506,Very Low,26027.845,14.929,Very Low,Relatively Low,Relatively Low,Relatively Low,91,2.664,694.474,2824144017,7556,87649600000,90743843984,Relatively High,46938.341,184575.605,397889.215,57.444,Relatively Moderate,396650.61,50.907,Relatively Low,0.401,694.474,2824144017,7556,87649600000,90743843984,Relatively Moderate,442370.84,408741.118,859823.563,46.929,Relatively Low,891141.769,42.253,Relatively Low,64.232,319990403.3,920.26,10675019007,11057499294,Relatively Moderate,85262.634,4398.097,90484.927,62.965,Relatively Low,84819.575,60.802,Very Low,139,8.607,694.474,2824143910,7555.998,87649580186,90743824063,Relatively High,402796.465,186469.662,589603.404,94.367,Relatively High,608925.518,93.764,Relatively High
199,South Dakota,SD,Gregory,3989,2426119584,1064.157,2358330.177,17.022,Very Low,19.065,Very Low,2181223.375,1314793.533,0.051,594801.263,15.82,Very Low,67.76,Relatively High,2.666,1.081,Not Applicable,Not Applicable,Not Applicable,1064.157,Relatively Low,Relatively Moderate,Relatively Moderate,1064.157,Very Low,Very Low,Very Low,1064.157,2426100000,3994,46330400000,48756500000,0.014,Relatively Low,9828,1362.152,11190.152,18.849,Very Low,12104.142,18.581,Very Low,164,4.823,1064.157,2426119584,3989,46272400000,48805263458,Very High,439473.643,15032.119,589380.685,83.964,Relatively Moderate,636652.958,83.328,Relatively Moderate,1064.157,Very Low,Very Low,Very Low,0.399,1064.157,2414766211,3971.031,46063964775,48478730986,Very High,160112.713,44553.317,204666.03,76.782,Relatively Moderate,217827.511,75.017,Relatively Moderate,Relatively High,Relatively Low,Relatively Low,724,32.903,1064.157,2426119584,3989,46272400000,48698519584,Relatively Moderate,5691.388,12330.339,18021.727,11.84,Very Low,19643.184,11.036,Very Low,Very High,Very Low,Very Low,77,2.245,1064.157,2426119584,3989,46272400000,48805263458,Relatively High,175834.244,68030.404,245156.384,42.959,Relatively Low,265777.148,38.116,Relatively Low,0.422,1064.157,2426119584,3989,46272400000,48805263458,Relatively Moderate,326120.008,188311.05,516931.225,35.794,Relatively Low,558197.305,32.039,Relatively Low,35.007,564370692.1,811.378,9411979612,9991743238,Relatively High,122022.998,8300.866,130733.586,67.77,Relatively Low,141764.748,67.038,Relatively Low,89,5.511,1064.157,2426119584,3989,46272400000,48805263458,Relatively High,69906.002,41032.155,111021.504,70.628,Relatively Moderate,120343.352,68.47,Relatively Moderate
200,South Dakota,SD,Haakon,1867,726264994,1845.376,1062701.179,5.759,Very Low,5.973,Very Low,949201.618,486186.932,0.025,290206.555,30.52,Relatively Low,13.24,Very Low,2.438,1.12,Not Applicable,Not Applicable,Not Applicable,1842.389,Relatively Low,Relatively Moderate,Relatively Moderate,1842.389,Very Low,Very Low,Very Low,1842.389,726255000,1872,21715200000,22441455000,0.011,Relatively Low,963.8,149.61,1113.41,3.559,Very Low,1246.545,3.5,Very Low,104,3.048,1842.389,726264994,1867,21657200000,22472189075,Relatively High,22022.825,4769.289,57632.712,41.377,Very Low,64524.069,38.466,Very Low,1842.389,Relatively Low,Relatively Low,Relatively Low,0.44,1842.389,726264994,1867,21657200000,22383464994,Relatively Moderate,5847.613,13028.754,18876.367,29.68,Relatively Low,21133.484,28.947,Very Low,Relatively High,Relatively Low,Relatively Low,610,27.771,1842.389,726264994,1867,21657200000,22383464994,Relatively High,2594.42,19349.991,21944.412,14.865,Very Low,24568.387,14.06,Very Low,Relatively Low,Very Low,Very Low,99,2.907,1842.389,726264994,1867,21657200000,22472189075,Relatively High,121355.254,6187.609,127602.701,27.761,Relatively Low,142860.63,24.372,Relatively Low,0.401,1845.376,726264994,1867,21657200000,22472189075,Relatively Low,24182.078,9842.897,35918.082,9.895,Very Low,40212.941,7.763,Very Low,74.808,259336852.3,595.624,6909241895,7191712359,Relatively High,142100.714,7434.842,149700.346,69.233,Relatively Low,167600.573,68.979,Relatively Low,88.002,5.458,1842.389,726264994,1867,21657200000,22472189075,Very High,98943.769,20143.995,119113.846,72.454,Relatively Moderate,133356.731,70.474,Relatively Moderate
201,South Dakota,SD,Hamlin,6164,2428631057,543.503,4007790.171,33.948,Very Low,36.181,Very Low,3753978.536,966669.454,0.129,1496412.964,12.38,Very Low,79.09,Relatively High,2.709,1.068,Not Applicable,Not Applicable,Not Applicable,543.503,Relatively Low,Relatively High,Relatively High,543.503,Very Low,Very Low,Very Low,543.503,2428609000,6164,71502400000,73931009000,0.012,Relatively Low,4142.1,785.728,4927.828,11.204,Very Low,5295.897,10.977,Very Low,158,4.635,543.503,2428631057,6164,71502400000,74137196470,Relatively High,238465.586,48411.489,628495.764,85.081,Relatively Moderate,673408.273,84.092,Relatively Moderate,543.503,Relatively Low,Relatively Low,Relatively Low,0.516,543.503,2428631057,6164,71502400000,73931031057,Relatively Moderate,14285.26,60059.411,74344.671,54.93,Relatively Low,79491.166,53.464,Relatively Low,Relatively High,Very Low,Very Low,625,28.404,543.503,2428631057,6164,71502400000,73931031057,Relatively Moderate,7795.279,20225.805,28021.083,18.726,Very Low,29981.107,17.117,Very Low,Relatively Low,Relatively Low,Relatively Low,103,3.014,543.503,2428631057,6164,71502400000,74137196470,Relatively High,158907.547,193834.921,495234.213,64.919,Relatively Moderate,530520.691,60.993,Relatively Moderate,0.296,543.503,2428631057,6164,71502400000,74137196470,Relatively High,449709.717,392191.73,849121.57,46.743,Relatively Low,906846.9,42.539,Relatively Low,33.336,388615423.3,898.917,10427435377,10840474606,Relatively Moderate,51956.926,2323.488,54444.717,55.743,Very Low,57681.095,55.488,Very Low,136,8.421,543.503,2428631057,6164,71502400000,74137196470,Relatively Moderate,8172.384,129682.961,138107.23,75.054,Relatively Moderate,147786.027,73.401,Relatively Moderate
202,South Dakota,SD,Hand,3140,1159922178,1454.757,1764523.775,11.454,Very Low,21.696,Very Low,2377296.309,1018849.161,0.041,478485.317,3.47,Very Low,65.69,Relatively High,2.659,0.742,Not Applicable,Not Applicable,Not Applicable,1454.757,Relatively Low,Relatively High,Relatively Moderate,1454.757,Very Low,Very Low,Very Low,1454.757,1159904000,3145,36482000000,37641904000,0.015,Relatively Low,4222.9,871.409,5094.309,11.452,Very Low,4124.454,8.909,Very Low,148,4.327,1454.757,1159922178,3140,36424000000,37841352308,Very High,104012.887,6108.264,470695.795,81.234,Relatively Moderate,330391.061,73.115,Relatively Low,1454.757,Relatively Low,Relatively Low,Very Low,0.487,1454.757,1159922178,3140,36424000000,37583922178,Relatively High,25878.441,21337.024,47215.465,46.702,Relatively Low,38650.912,39.773,Relatively Low,Relatively High,Very Low,Very Low,615,27.914,1454.757,1159922178,3140,36424000000,37583922178,Relatively Moderate,2222.581,7956.166,10178.747,6.049,Very Low,8609.479,4.151,Very Low,Relatively Low,Very Low,Very Low,92,2.705,1454.757,1159922178,3140,36424000000,37841352308,Relatively High,149970.058,69323.617,223799.424,40.012,Relatively Low,180660.888,29.049,Relatively Low,0.672,1454.757,1159922178,3140,36424000000,37841352308,Relatively Moderate,156235.495,107137.654,268219.785,25.931,Very Low,220960.378,19.885,Very Low,166.684,409684026.7,805.268,9341108678,9808569002,Relatively High,435973.221,38607.487,479751.99,81.324,Relatively Low,325932.029,75.565,Relatively Low,98,6.068,1454.757,1159922178,3140,36424000000,37841352308,Relatively High,116637.702,50625.334,167489.674,78.985,Relatively Moderate,135512.05,71.047,Relatively Moderate
203,South Dakota,SD,Hanson,3461,1064278499,439.751,1897484.492,12.79,Very Low,22.377,Very Low,2444716.354,818608.506,0.077,896391.972,0.22,Very Low,96.02,Very High,2.815,0.776,Not Applicable,Not Applicable,Not Applicable,439.751,Relatively Low,Relatively Moderate,Relatively Moderate,439.751,Very Low,Very Low,Very Low,439.751,1064266000,3461,40147600000,41211866000,0.014,Relatively Low,3937.6,627.871,4565.471,10.585,Very Low,3543.524,7.795,Very Low,202,5.936,439.751,1064278499,3461,40147600000,41364212738,Relatively High,43248.161,9442.107,304206.402,75.217,Relatively Low,236112.025,66.338,Relatively Low,439.751,Very Low,Relatively Low,Very Low,0.624,439.751,1064278499,3461,40147600000,41211878499,Relatively High,98479.144,64211.431,162690.574,72.052,Relatively Moderate,126273.48,63.291,Relatively Moderate,Relatively High,Relatively Low,Relatively Low,710,32.245,439.751,1064278499,3461,40147600000,41211878499,Relatively Moderate,3321.549,10138.107,13459.656,8.301,Very Low,10446.811,5.245,Very Low,Relatively Low,Relatively Low,Relatively Low,116,3.398,439.751,1064278499,3461,40147600000,41364212738,Relatively High,294429.74,162514.809,460293.982,62.562,Relatively Moderate,357260.543,47.439,Relatively Low,0.3,439.751,1064278499,3461,40147600000,41364212738,Relatively High,285301.473,342146.675,632041.04,39.671,Relatively Low,490563.28,29.812,Relatively Low,26.82,176992128.3,476.673,5529405883,5719644188,Relatively High,32181.62,6481.08,38735.675,50.557,Very Low,30064.978,44.862,Very Low,76,4.706,439.751,1064278499,3461,40147600000,41364212738,Relatively High,31687.721,39353.344,71142.637,59.858,Relatively Moderate,55217.879,48.043,Relatively Low
204,South Dakota,SD,Harding,1311,907353203,2705.152,823896.575,3.754,Very Low,5.726,Very Low,926802.662,593877.99,0.015,169195.438,2.93,Very Low,53.5,Relatively Moderate,2.611,0.889,Not Applicable,Not Applicable,Not Applicable,2705.152,Relatively Low,Relatively Moderate,Relatively Moderate,2705.152,Very Low,Very Low,Very Low,2705.152,907342000,1311,15207600000,16114942000,0.013,Relatively Low,882.2,192.068,1074.268,3.435,Very Low,954.988,2.577,Very Low,93,2.72,2705.152,907353203,1311,15207600000,16187645769,Relatively High,52295.713,4003.896,59091.875,41.935,Very Low,52530.701,34.171,Very Low,2705.152,No Rating,No Expected Annual Losses,No Rating,0.433,2705.152,907353203,1311,15207600000,16114953203,Relatively Moderate,7494.617,6060.971,13555.588,24.983,Very Low,12050.464,21.219,Very Low,Relatively High,Relatively Low,Relatively Low,624,28.346,2705.152,907353203,1311,15207600000,16114953203,Relatively High,2555.546,12784.85,15340.396,10.039,Very Low,13637.099,7.014,Very Low,No Rating,No Expected Annual Losses,No Rating,64,1.863,2705.152,907353203,1311,15207600000,16187645769,Relatively High,57698.405,3551.279,88094.536,21.805,Relatively Low,78313.096,15.781,Very Low,0.412,2705.152,907353203,1311,15207600000,16187645769,Relatively Low,40196.89,15498.493,58339.264,12.624,Very Low,51861.655,8.909,Very Low,77.565,351757488.4,420.651,4879546578,5255400941,Very High,338484.821,7911.791,347282.968,78.046,Relatively Low,308722.946,75.119,Relatively Low,74,4.582,2705.152,907353203,1311,15207600000,16187645769,Very High,89428.27,17112.896,106588.36,69.7,Relatively Moderate,94753.488,62.17,Relatively Moderate
205,South Dakota,SD,Hughes,17751,3816303544,808.809,5807367.035,47.121,Very Low,49.335,Very Low,5288438.515,2284983.591,0.237,2748435.741,37.01,Relatively Low,85.9,Very High,2.744,1.098,Not Applicable,Not Applicable,Not Applicable,784.867,Relatively Low,Relatively High,Relatively High,784.867,Very Low,Very Low,Very Low,784.867,3816256000,17765,206000000000,210000000000,0.01,Very Low,6980.1,1591.452,8571.552,16.094,Very Low,9589.253,16.258,Very Low,117,3.539,784.867,3816303544,17751,206000000000,210000000000,Relatively High,402349.231,50679.794,540793.821,82.878,Relatively Moderate,585482.619,82.246,Relatively Moderate,784.867,Relatively Low,Relatively Low,Relatively Low,0.464,784.867,3816303544,17751,206000000000,210000000000,Relatively Moderate,78544.081,130241.568,208785.649,77.115,Relatively Moderate,235864.835,76.616,Relatively Moderate,Relatively Low,Relatively Low,Relatively Low,597,27.928,784.867,3816303544,17751,206000000000,210000000000,Relatively High,5163.662,148983.666,154147.328,67.053,Relatively Moderate,174258.928,65.734,Relatively Low,Very Low,Relatively Low,Relatively Low,88,2.638,784.867,3816303544,17751,206000000000,210000000000,Relatively High,647082.504,461662.41,1110623.305,84.677,Relatively Moderate,1252256.385,84.601,Relatively Moderate,0.273,808.809,3816303544,17751,206000000000,210000000000,Relatively Low,217753.48,322945.882,542586.939,37.066,Relatively Low,601328.539,33.758,Relatively Low,35.865,721253460.9,2353.305,27298339851,28032450557,Relatively Moderate,479180.625,77959.39,558421.144,82.628,Relatively Low,544410.733,80.91,Relatively Low,91,5.807,784.867,3816303544,17751,206000000000,210000000000,Relatively High,423656.344,238762.186,662482.861,95.265,Relatively High,747132.932,95.387,Relatively High
206,South Dakota,SD,Hutchinson,7420,5500941943,822.642,10241139.87,65.161,Relatively Low,66.079,Relatively Low,9447559.239,6009886.269,0.161,1866418.117,17.41,Very Low,93.03,Very High,2.789,1.084,Not Applicable,Not Applicable,Not Applicable,822.642,Relatively Low,Relatively High,Relatively High,822.642,Very Low,Very Low,Very Low,822.642,5500905000,7427,86153200000,91654105000,0.018,Relatively Moderate,23121.7,3842.993,26964.693,27.608,Very Low,28600.586,27.108,Very Low,212,6.232,822.642,5500941943,7420,86072000000,91882575787,Very High,1303597.236,20489.157,1834479.656,94.603,Relatively Moderate,1974310.094,94.305,Relatively Moderate,822.642,Very Low,Relatively Low,Relatively Low,0.735,822.642,5500941943,7420,86072000000,91572941943,Relatively High,352498.736,86772.116,439270.853,87.242,Relatively High,467287.366,86.442,Relatively High,Relatively Moderate,Relatively Low,Relatively Low,619,28.096,822.642,5500941943,7420,86072000000,91572941943,Relatively High,15111.94,37950.215,53062.155,33.43,Relatively Low,56725.966,30.019,Relatively Low,Relatively Low,Relatively Low,Relatively Low,114,3.352,822.642,5500941943,7420,86072000000,91882575787,Very High,1580337.638,189849.536,1776831.696,91.47,Relatively High,1926793.935,91.473,Relatively High,0.568,822.642,5500941943,7420,86072000000,91882575787,Relatively High,1546659.677,788405.76,2345255.89,74.225,Relatively Moderate,2538079.576,71.524,Relatively Moderate,46.08,693827363.9,641.103,7436793155,8158525730,Very High,93205.937,5059.846,98417.425,63.92,Relatively Low,103388.455,63.665,Very Low,87,5.387,822.642,5500941943,7420,86072000000,91882575787,Very High,903066.417,166342.451,1069645.205,97.679,Very High,1147349.758,97.614,Very High
207,South Dakota,SD,Hyde,1257,789164259,874.989,1177932.589,6.459,Very Low,11.111,Very Low,1461295.441,967861.282,0.022,253438.69,0.51,Very Low,83.32,Very High,2.729,0.806,Not Applicable,Not Applicable,Not Applicable,874.989,Relatively Low,Relatively Moderate,Relatively Moderate,874.989,Very Low,Very Low,Very Low,874.989,789155000,1262,14639200000,15428355000,0.014,Relatively Low,2325.9,330.404,2656.304,6.716,Very Low,2141.214,5.313,Very Low,138,4.04,874.989,789164259,1257,14581200000,15444800462,Very High,106588.36,4680.107,206723.164,67.897,Relatively Low,166637.043,59.688,Relatively Low,874.989,Relatively Low,Relatively Low,Very Low,0.506,874.989,789164259,1257,14581200000,15370364259,Relatively High,18394.189,10449.673,28843.862,37.408,Relatively Low,23250.689,30.68,Relatively Low,Relatively High,Very Low,Very Low,591,26.857,874.989,789164259,1257,14581200000,15370364259,Relatively High,2771.1,11003.502,13774.602,8.526,Very Low,11103.54,5.566,Very Low,Very High,Very Low,Very Low,92,2.688,874.989,789164259,1257,14581200000,15444800462,Very High,140378.494,34251.639,176456.355,33.84,Relatively Low,142239.334,24.244,Relatively Low,0.36,874.989,789164259,1257,14581200000,15444800462,Relatively Moderate,81700.733,50529,134902.278,18.331,Very Low,108743.095,13.108,Very Low,50.865,385669094.6,454.369,5270678588,5671759214,Very High,523452.294,30726.04,556543.028,82.533,Relatively Low,448622.607,78.778,Relatively Low,95,5.882,874.989,789164259,1257,14581200000,15444800462,Very High,91457.731,17650.63,109170.402,70.257,Relatively Moderate,88000.941,60.356,Relatively Low
208,South Dakota,SD,Jackson,2801,767090321,1890.15,1977406.15,13.681,Very Low,8.326,Very Low,1180397.795,702502.105,0.034,393380.823,97.93,Very High,0.38,Very Low,2.162,1.675,Not Applicable,Not Applicable,Not Applicable,1890.15,Relatively Low,Relatively Moderate,Relatively Moderate,1890.15,Very Low,Very Low,Very Low,1890.15,767070000,2806,32549600000,33316670000,0.016,Relatively Low,2645.3,451.582,3096.882,7.614,Very Low,4830.231,10.245,Very Low,120,3.527,1890.15,767090321,2801,32491600000,33318835080,Relatively High,89654.486,8280.673,100479.85,53.195,Relatively Low,162260.538,59.115,Relatively Low,1890.15,Relatively Low,Relatively Low,Relatively Low,0.274,1890.15,767090321,2801,32491600000,33258690321,Relatively High,17565.867,11079.634,28645.5,37.275,Relatively Low,46417.804,43.438,Relatively Low,Relatively High,Relatively Low,Relatively Low,676,30.685,1890.15,767090321,2801,32491600000,33258690321,Relatively High,1939.589,28034.974,29974.563,20.142,Very Low,52790.149,27.767,Very Low,Relatively Moderate,Very Low,Very Low,98,2.88,1890.15,767090321,2801,32491600000,33318835080,Relatively High,138359.305,46022.896,185927.567,35.298,Relatively Low,299955.765,41.584,Relatively Low,0.484,1890.15,767090321,2801,32491600000,33318835080,Relatively Low,39517.596,54468.478,96912.169,15.602,Very Low,165158.788,16.672,Very Low,54.756,291085769.7,1063.332,12334656788,12647157657,Relatively Moderate,255372.845,31523.313,287148.876,76.233,Relatively Low,494072.717,79.701,Relatively Low,94.004,5.821,1890.15,767090321,2801,32491600000,33318835080,Relatively High,108303.756,23459.137,131781.778,74.126,Relatively Moderate,213555.342,80.369,Relatively Moderate
209,South Dakota,SD,Jerauld,1663,985361262,537.968,1756665.43,11.295,Very Low,12.782,Very Low,1626886.064,844910.621,0.026,304631.056,13.11,Very Low,62.06,Relatively High,2.645,1.08,Not Applicable,Not Applicable,Not Applicable,537.968,Relatively Low,Relatively Moderate,Relatively Moderate,537.968,Very Low,Very Low,Very Low,537.968,985350000,1663,19290800000,20276150000,0.014,Relatively Low,4264.1,666.064,4930.164,11.235,Very Low,5323.451,11.009,Very Low,162,4.741,537.968,985361262,1663,19290800000,20405228446,Very High,119914.155,3564.212,380981.097,78.815,Relatively Low,411372.584,76.965,Relatively Low,537.968,Relatively Low,Very Low,Very Low,0.485,537.968,985361262,1663,19290800000,20276161262,Very High,73997.432,26671.173,100668.605,61.193,Relatively Moderate,108699.105,59.76,Relatively Low,Relatively High,Very Low,Very Low,639,29.045,537.968,985361262,1663,19290800000,20276161262,Relatively Moderate,2042.069,4602.033,6644.102,3.732,Very Low,7174.113,3.314,Very Low,Very High,Very Low,Very Low,96,2.822,537.968,985361262,1663,19290800000,20405228446,Very High,239527,36609.154,280023.932,47.239,Relatively Low,302361.9,41.966,Relatively Low,0.278,537.968,985361262,1663,19290800000,20405228446,Relatively High,157534.722,69171.239,229799.603,24.132,Very Low,248131.094,21.094,Very Low,116.019,247763728.8,308.866,3582843150,3871976365,Very High,208501.142,16404.928,225837.875,73.688,Relatively Low,243853.332,72.797,Relatively Low,87,5.387,537.968,985361262,1663,19290800000,20405228446,Relatively High,36992.33,30940.511,68031.355,58.651,Relatively Moderate,73458.328,55.329,Relatively Low
210,South Dakota,SD,Jones,917,1103236684,980.689,972102.91,5.027,Very Low,6.964,Very Low,1040526.259,763033.798,0.012,143918.949,12.83,Very Low,40.32,Relatively Moderate,2.559,0.934,Not Applicable,Not Applicable,Not Applicable,980.689,Relatively Low,Relatively Moderate,Relatively Moderate,980.689,Very Low,Very Low,Very Low,980.689,1103228000,917,10637200000,11740428000,0.015,Relatively Moderate,2585.3,435.218,3020.518,7.366,Very Low,2821.893,6.65,Very Low,113,3.307,980.689,1103236684,917,10637200000,11806852305,Very High,125499.471,2909.618,168090.089,63.989,Relatively Low,157036.753,58.352,Relatively Low,980.689,Relatively Low,Very Low,Very Low,0.447,980.689,1103236684,917,10637200000,11740436684,Relatively Moderate,3410.253,6726.345,10136.597,21.586,Very Low,9470.031,17.955,Very Low,Relatively High,Relatively Low,Very Low,649,29.459,980.689,1103236684,917,10637200000,11740436684,Relatively High,2627.216,5756.155,8383.372,4.826,Very Low,7832.095,3.829,Very Low,Very High,Very Low,Very Low,94,2.755,980.689,1103236684,917,10637200000,11806852305,Very High,204237.45,27264.152,233178.947,41.346,Relatively Low,217845.471,33.058,Relatively Low,0.284,980.689,1103236684,917,10637200000,11806852305,Relatively High,82968.971,24597.879,109723.039,16.222,Very Low,102507.826,12.918,Very Low,35.724,466538396.1,288.517,3346796014,3825804001,Very High,206165.477,6675.643,213406.072,73.051,Relatively Low,199372.829,70.792,Relatively Low,97,6.006,980.689,1103236684,917,10637200000,11806852305,Very High,130547.885,13147.476,143751.882,76.014,Relatively Moderate,134298.987,70.665,Relatively Moderate
211,South Dakota,SD,Kingsbury,5183,2874478154,872.484,3994961.215,33.726,Very Low,39.585,Very Low,4126904.201,1922111.505,0.085,981933.599,4.61,Very Low,91.57,Very High,2.777,0.968,Not Applicable,Not Applicable,Not Applicable,872.484,Relatively Low,Relatively High,Relatively High,872.484,Very Low,Very Low,Very Low,872.484,2874460000,5187,60169200000,63043660000,0.013,Relatively Low,7235,1194.916,8429.916,16.032,Very Low,8136.708,14.699,Very Low,177,5.204,872.484,2874478154,5183,60122800000,63293024582,Very High,441160.312,18537.198,886749.459,88.834,Relatively Moderate,855447.481,86.955,Relatively Moderate,872.484,Very Low,Relatively Low,Relatively Low,0.536,872.484,2874478154,5183,60122800000,62997278154,Very High,211163.656,73446.702,284610.358,81.712,Relatively Moderate,277735.058,79.38,Relatively Moderate,Relatively High,Very Low,Very Low,756,34.327,872.484,2874478154,5183,60122800000,62997278154,Relatively Moderate,8855.585,16233.36,25088.945,16.731,Very Low,24383.706,13.964,Very Low,Relatively Moderate,Very Low,Very Low,111,3.242,872.484,2874478154,5183,60122800000,63293024582,Relatively High,510109.537,138649.133,654930.499,73.201,Relatively Moderate,639295.223,66.942,Relatively Moderate,0.482,872.484,2874478154,5183,60122800000,63293024582,Relatively High,594747.539,326160.864,927842.062,49.163,Relatively Low,908363.696,42.603,Relatively Low,88.403,578978062.6,1046.667,12141338623,12769534782,Relatively High,96994.957,14533.69,111883.87,65.638,Relatively Low,103865.19,63.793,Very Low,102,6.316,872.484,2874478154,5183,60122800000,63293024582,Relatively Moderate,42089.972,39404.021,81764.992,63.293,Relatively Moderate,79751.378,57.811,Relatively Low
212,South Dakota,SD,Lake,11059,4969209598,580.969,6945422.317,53.802,Relatively Low,59.548,Relatively Low,7501876.204,3184400.255,0.277,3217560.059,15.31,Very Low,83.45,Very High,2.73,0.926,Not Applicable,Not Applicable,Not Applicable,580.969,Relatively Low,Very High,Relatively High,580.969,Very Low,Very Low,Very Low,580.969,4969155000,11059,128000000000,133000000000,0.013,Relatively Low,10439.8,2199.755,12639.555,19.994,Very Low,12489.541,18.836,Very Low,196,5.75,580.969,4969209598,11059,128000000000,133000000000,Relatively High,398901.154,28676.672,653043.035,85.484,Relatively Moderate,569758.897,81.928,Relatively Moderate,580.969,Very Low,Relatively Low,Relatively Low,0.755,580.969,4969209598,11059,128000000000,133000000000,Relatively High,45390.487,243020.925,288411.412,81.979,Relatively Moderate,279328.169,79.514,Relatively Moderate,Relatively High,Very Low,Very Low,846,38.427,580.969,4969209598,11059,128000000000,133000000000,Relatively Moderate,507.17,41041.2,41548.37,26.448,Relatively Low,40514.159,22.072,Very Low,Relatively Low,Relatively Low,Relatively Low,119,3.482,580.969,4969209598,11059,128000000000,133000000000,Relatively High,695196.978,298671.716,998037.805,82.847,Relatively Moderate,932722.944,78.174,Relatively Moderate,0.448,580.969,4969209598,11059,128000000000,133000000000,Relatively High,1440987.524,1288333.776,2735488.472,77.326,Relatively Moderate,2590218.741,71.747,Relatively Moderate,33.219,777135927.6,1551.821,18001127907,18796338264,Relatively Low,27829.848,2994.078,30890.043,46.452,Very Low,25026.003,41.871,Very Low,95,5.882,580.969,4969209598,11059,128000000000,133000000000,Relatively High,477667.056,37771.998,515593.759,93.253,Relatively High,475733.1,91.219,Relatively High
213,South Dakota,SD,Lawrence,25743,6486102785,808.39,9436292.128,62.902,Relatively Low,63.572,Relatively Low,8497979.523,5521013.474,0.252,2919155.216,33.8,Relatively Low,51.94,Relatively Moderate,2.605,1.11,Not Applicable,Not Applicable,Not Applicable,808.39,Relatively Low,Relatively High,Relatively High,808.39,Very Low,Very Low,Very Low,808.39,6486002000,25768,299000000000,305000000000,0.013,Very Low,13788.7,2776.178,16564.878,22.656,Very Low,18603.156,22.717,Very Low,216,6.344,808.39,6486102785,25743,299000000000,305000000000,Relatively Moderate,982242.659,132440.959,1125260.741,90.85,Relatively Moderate,1258733.216,90.741,Relatively Moderate,808.39,No Rating,No Expected Annual Losses,No Rating,0.015,808.39,6486102785,25743,299000000000,305000000000,Relatively Moderate,1774.369,6209.405,7983.774,18.688,Very Low,8863.887,17.322,Very Low,Very Low,Relatively Moderate,Relatively Moderate,674,30.634,808.39,6486102785,25743,299000000000,305000000000,Very High,717.561,360905.555,361623.115,83.88,Relatively Moderate,400784.494,83.398,Relatively Moderate,Very Low,Relatively Low,Relatively Low,91,2.67,808.39,6486102785,25743,299000000000,305000000000,Relatively High,1121805.035,437907.646,1564949.79,89.888,Relatively High,1747248.604,90.073,Relatively High,0.16,808.39,6486102785,25743,299000000000,305000000000,Relatively Moderate,359126.642,351543.468,710973.478,42.432,Relatively Low,789405.491,38.976,Relatively Low,15.777,1679332668,5940.9,68914440030,70600991524,Relatively Moderate,2560110.164,219194.868,2779507.376,93.796,Relatively Moderate,3057243.203,93.573,Relatively Moderate,151.577,9.386,808.39,6486102785,25743,299000000000,305000000000,Relatively Low,274942.743,5073.485,280021.779,87.372,Relatively High,315068.735,86.669,Relatively High
214,South Dakota,SD,Lincoln,65123,19509219162,583.581,24801216.37,83.423,Relatively Moderate,87.156,Relatively Moderate,29815862.83,14124807.17,1.251,14515352.7,3.95,Very Low,98.54,Very High,2.871,0.832,Not Applicable,Not Applicable,Not Applicable,583.581,Relatively Low,Very High,Very High,583.581,Very Low,Relatively Low,Relatively Low,583.581,19509094000,65161,756000000000,775000000000,0.01,Very Low,31951,5426.694,37377.694,31.167,Very Low,31592.787,27.871,Very Low,231,6.792,583.581,19509219162,65123,755000000000,775000000000,Relatively Moderate,2880144.136,191528.949,3111425.367,96.898,Relatively High,2586021.87,95.896,Relatively Moderate,583.581,Very Low,Relatively Low,Relatively Low,1.094,583.581,19490205345,65075.675,755000000000,774000000000,Relatively Low,32563.858,538307.534,570871.392,90.406,Relatively High,469584.24,86.542,Relatively High,Relatively Low,Relatively Low,Relatively Low,712,32.319,583.581,19509219162,65123,755000000000,775000000000,Relatively Moderate,28199.414,211569.376,239768.79,76.673,Relatively Moderate,197234.582,68.855,Relatively Low,Relatively Low,Relatively Moderate,Relatively Moderate,137,4.008,583.581,19509219162,65123,755000000000,775000000000,Relatively Moderate,2209908.292,206615.778,2422597.232,94.758,Relatively High,2012056.648,91.982,Relatively High,0.504,583.581,19509219162,65123,755000000000,775000000000,Relatively High,6008364.789,9362357.815,15380801.03,96.65,Relatively High,12778563.25,95.355,Relatively High,15.462,1366004372,4104.321,47610125757,48985816488,Relatively Moderate,60127.082,12650.395,72797.313,60.452,Very Low,59327.399,55.934,Very Low,77,4.768,583.581,19509212885,65122.988,755000000000,775000000000,Relatively High,2537401.604,57721.131,2595281.417,99.629,Very High,2152360.147,99.427,Very High
215,South Dakota,SD,Lyman,3715,968569646,1724.112,1622012.658,10.245,Very Low,11.483,Very Low,1493177.488,660578.731,0.052,603630.514,77.08,Relatively High,33.07,Relatively Low,2.529,1.086,Not Applicable,Not Applicable,Not Applicable,1724.112,Relatively Low,Relatively Moderate,Relatively Moderate,1724.112,Very Low,Very Low,Very Low,1724.112,968549000,3718,43128800000,44097349000,0.015,Very Low,3121.3,573.639,3694.939,8.945,Very Low,3635.603,7.922,Very Low,135,3.969,1724.112,968569646,3715,43094000000,44173827458,Relatively High,132091.283,18740.088,230054.704,69.82,Relatively Low,227223.532,65.542,Relatively Low,1724.112,Relatively Low,Relatively Low,Relatively Low,0.377,1724.112,968569646,3715,43094000000,44062569646,Relatively High,51682.27,19366.722,71048.992,54.164,Relatively Low,71741.043,51.532,Relatively Low,Relatively Moderate,Relatively Low,Relatively Low,669,30.377,1724.112,968569646,3715,43094000000,44062569646,Relatively High,2378.829,25282.952,27661.782,18.404,Very Low,34359.399,19.305,Very Low,Relatively Low,Very Low,Very Low,93,2.723,1724.112,968569646,3715,43094000000,44173827458,Relatively High,178671.02,84809.071,266233.172,45.533,Relatively Low,284093.711,40.216,Relatively Low,0.626,1724.112,968569646,3715,43094000000,44173827458,Relatively Low,106143.244,150960.663,261762.114,25.713,Very Low,304490.362,23.513,Very Low,66.295,209383551.5,609.648,7071918929,7297272422,Relatively High,61670.449,8944.984,71079.215,59.847,Very Low,76307.052,59.593,Very Low,97,6.006,1724.112,968569646,3715,43094000000,44173827458,Relatively High,114612.504,53263.768,167970.953,79.078,Relatively Moderate,179628.306,77.315,Relatively Moderate
216,South Dakota,SD,McCook,5682,11960864252,582.691,11591806.85,69.106,Relatively Low,70.597,Relatively Low,11471186.01,9278993.161,0.117,1361400.399,7.92,Very Low,88.7,Very High,2.759,1.011,Not Applicable,Not Applicable,Not Applicable,582.691,Relatively Low,Relatively High,Relatively High,582.691,Very Low,Very Low,Very Low,582.691,11960843000,5682,65911200000,77872043000,0.008,Relatively Moderate,17866.8,870.662,18737.462,23.894,Very Low,18943.956,22.972,Very Low,212,6.217,582.691,11960864252,5682,65911200000,78096851482,Relatively High,423789.911,15757.719,826997.393,88.151,Relatively Moderate,837458.842,86.669,Relatively Moderate,582.691,Very Low,Relatively Low,Relatively Low,0.696,582.691,11960864252,5682,65911200000,77872064252,Relatively High,137052.485,95414.731,232467.216,78.648,Relatively Moderate,235232.184,76.549,Relatively Moderate,Relatively Moderate,Relatively Low,Relatively Low,740,33.63,582.691,11960864252,5682,65911200000,77872064252,Relatively High,38910.609,17185.023,56095.632,35.811,Relatively Low,57049.957,30.245,Relatively Low,Relatively Low,Relatively Low,Relatively Low,124,3.629,582.691,11960864252,5682,65911200000,78096851482,Very High,4011721.179,125236.175,4142212.698,98.015,Relatively High,4177018.982,97.582,Relatively High,0.43,582.691,11960864252,5682,65911200000,78096851482,Relatively High,2683485.069,576889.603,3267558.823,80.955,Relatively Moderate,3295912.883,76.869,Relatively Moderate,31.988,1344042783,508.825,5902368982,7262951304,Very High,47133.958,1891.157,49067.066,53.929,Very Low,49326.242,53.07,Very Low,83,5.139,582.691,11960864252,5682,65911200000,78096851482,Very High,1738392.684,117849.909,1856406.279,99.35,Very High,1874992.224,99.109,Very High
217,South Dakota,SD,McPherson,2411,1261562474,1163.161,1958968.298,13.522,Very Low,15.785,Very Low,1901853.792,674864.351,0.04,459059.431,11.14,Very Low,58.24,Relatively Moderate,2.629,1.03,Not Applicable,Not Applicable,Not Applicable,1163.161,Relatively Low,Relatively High,Relatively High,1163.161,Very Low,Very Low,Very Low,1163.161,1261550000,2411,27967600000,29229150000,0.012,Relatively Low,1337.7,164.689,1502.389,4.488,Very Low,1547.507,4.136,Very Low,127,3.719,1163.161,1261562474,2411,27967600000,29389974230,Very High,99960.346,9482.356,303537.88,75.186,Relatively Low,312653.416,72.001,Relatively Low,1163.161,Relatively Low,Relatively Low,Relatively Low,0.507,1163.161,1261562474,2411,27967600000,29229162474,Relatively High,28019.427,16636.334,44655.761,45.536,Relatively Low,45996.817,43.238,Relatively Low,Relatively High,Relatively Low,Relatively Low,552,25.067,1163.161,1261562474,2411,27967600000,29229162474,Relatively High,3086.214,19038.159,22124.372,15.122,Very Low,22788.789,13.16,Very Low,Relatively High,Very Low,Very Low,81,2.363,1163.161,1261562474,2411,27967600000,29389974230,Relatively High,145713.207,46805.408,217630.97,39.206,Relatively Low,224166.638,33.726,Relatively Low,0.474,1163.161,1261562474,2411,27967600000,29389974230,Relatively Moderate,146248.795,65959.638,217985.449,23.542,Very Low,224531.763,20.076,Very Low,152.805,292305709,561.703,6515759674,6859441937,Relatively High,126592.853,4022.932,131472.817,67.897,Relatively Low,135421.072,66.338,Relatively Low,89,5.511,1163.161,1261562474,2411,27967600000,29389974230,Very High,115208.042,50469.044,165805.66,78.706,Relatively Moderate,170784.964,76.328,Relatively Moderate
218,South Dakota,SD,Marshall,4275,2463687140,895.171,4672820.002,39.516,Very Low,40.761,Very Low,4278806.124,1524884.634,0.077,888469.259,11.2,Very Low,67.06,Relatively High,2.663,1.092,Not Applicable,Not Applicable,Not Applicable,895.171,Relatively Low,Relatively High,Relatively High,895.171,No Rating,No Expected Annual Losses,No Rating,895.171,2463672000,4306,49949600000,52413272000,0.012,Relatively Low,2927.7,562.696,3490.396,8.387,Very Low,3811.809,8.177,Very Low,144,4.21,895.171,2463687140,4275,49590000000,52364177912,Very High,215045.437,18965.025,701626.037,86.445,Relatively Moderate,766235.273,85.905,Relatively Moderate,895.171,Relatively Low,Relatively Low,Relatively Low,0.354,895.171,2463687140,4275,49590000000,52053687140,Relatively High,59954.448,20864.89,80819.338,56.629,Relatively Low,88261.587,55.73,Relatively Low,Relatively High,Relatively Low,Very Low,759,34.496,895.171,2463687140,4275,49590000000,52053687140,Relatively High,10329.958,17369.959,27699.917,18.436,Very Low,30250.664,17.278,Very Low,Relatively Moderate,Very Low,Very Low,96,2.805,895.171,2463687140,4275,49590000000,52364177912,Relatively High,165893.375,98880.793,464456.926,62.965,Relatively Moderate,507226.443,59.275,Relatively Low,0.461,895.171,2463687140,4275,49590000000,52364177912,Relatively Moderate,352893.662,157135.166,520570.132,36.011,Relatively Low,568506.834,32.644,Relatively Low,80.859,530517372.5,909.25,10547297627,11154486484,Relatively High,313783.172,9122.952,324097.758,77.442,Relatively Low,353942.302,76.169,Relatively Low,135,8.359,895.171,2463687140,4275,49590000000,52364177912,Very High,341274.117,102464.027,444114.7,91.767,Relatively High,485011.004,91.505,Relatively High
219,South Dakota,SD,Meade,29730,8319546366,3517.964,12641674.76,71.333,Relatively Low,73.104,Relatively Low,12879311.47,9483629.658,0.258,2992762.892,19,Very Low,49.4,Relatively Moderate,2.595,0.982,Not Applicable,Not Applicable,Not Applicable,3517.964,Very Low,Relatively High,Relatively High,3517.964,Very Low,Very Low,Very Low,3517.964,8319470000,29852,346000000000,355000000000,0.022,Relatively Low,20791.6,2912.539,23704.139,25.843,Very Low,23525.191,25.072,Very Low,178,5.216,3517.964,8319546366,29730,345000000000,353000000000,Relatively Moderate,573715.907,96384.677,759020.539,87.159,Relatively Moderate,769388.166,86.001,Relatively Moderate,3517.964,Relatively Low,Very Low,Very Low,0.257,3517.964,8319546366,29730,345000000000,353000000000,Relatively Moderate,9333.493,76188.492,85521.985,57.861,Relatively Low,86304.043,55.197,Relatively Low,Very Low,Relatively Low,Relatively Low,605,27.49,3517.964,8319546366,29730,345000000000,353000000000,Relatively High,23484.671,189484.85,212969.521,74.582,Relatively Moderate,221148.628,71.911,Relatively Moderate,Relatively Low,Relatively Low,Relatively Low,103,3.001,3517.964,8319546366,29730,345000000000,353000000000,Relatively Low,301922.433,129363.308,495933.808,65.043,Relatively Moderate,503688.838,59.02,Relatively Low,0.676,3517.964,8319546366,29730,345000000000,353000000000,Relatively Low,453893.423,315499.928,772704.434,44.51,Relatively Low,800299.574,39.548,Relatively Low,292.606,2943260429,8408.496,97538551003,101000000000,Relatively High,7101515.267,448869.854,7552187.001,97.296,Relatively High,7104235.453,96.85,Relatively High,76.185,4.717,3517.964,8319546366,29730,345000000000,353000000000,Relatively Moderate,416889.812,3154.179,420072.789,91.303,Relatively High,427037.964,90.073,Relatively High
220,South Dakota,SD,Mellette,1879,795258582,1324.119,1857492.312,12.345,Very Low,6.561,Very Low,999542.487,627035.196,0.025,295177.449,84.63,Very High,0.57,Very Low,2.216,1.858,Not Applicable,Not Applicable,Not Applicable,1324.119,Relatively Low,Relatively Moderate,Relatively Moderate,1324.119,Very Low,Very Low,Very Low,1324.119,795250000,1918,22248800000,23044050000,0.014,Relatively Low,2095.5,396.35,2491.85,6.469,Very Low,4630.711,9.863,Very Low,121,3.55,1324.119,795258582,1879,21796400000,22643741625,Relatively High,61613.577,6338.665,70978.197,45.813,Relatively Low,131901.802,54.598,Relatively Low,1324.119,Relatively Low,Relatively Low,Relatively Low,0.308,1324.119,795258582,1879,21796400000,22591658582,Relatively High,30504.474,7478.326,37982.8,42.572,Relatively Low,70585.053,51.233,Relatively Low,Relatively High,Relatively Low,Relatively Low,690,31.337,1324.119,795258582,1879,21796400000,22591658582,Relatively High,1947.155,12408.123,14355.278,9.009,Very Low,26677.024,15.154,Very Low,No Rating,No Expected Annual Losses,No Rating,91,2.657,1324.119,795258582,1879,21796400000,22643741625,Very High,173917.529,54875.717,230028.996,40.726,Relatively Low,427472.665,53.198,Relatively Low,0.37,1324.119,795258582,1879,21796400000,22643741625,Relatively Moderate,62017.252,51358.297,115164.955,16.749,Very Low,214015.934,19.504,Very Low,32.793,354099685,765.607,8881040684,9251816751,Relatively High,182459.97,23050.352,206458.392,72.606,Relatively Low,383670.411,77.06,Relatively Low,86,5.325,1324.119,795258582,1879,21796400000,22643741625,Relatively High,107549.636,1415.247,109004.179,70.164,Relatively Moderate,202567.102,79.574,Relatively Moderate
221,South Dakota,SD,Miner,2298,1888808552,577.696,2474986.259,18.136,Very Low,20.582,Very Low,2302960.854,1197466.47,0.05,576589.844,15.25,Very Low,97.42,Very High,2.839,1.075,Not Applicable,Not Applicable,Not Applicable,577.696,Relatively Low,Relatively High,Relatively High,577.696,Very Low,Very Low,Very Low,577.696,1888798000,2298,26656800000,28545598000,0.014,Relatively Moderate,6358,996.102,7354.102,14.701,Very Low,7903.435,14.413,Very Low,192,5.646,577.696,1888808552,2298,26656800000,28690186915,Relatively High,103928.51,5823.544,336904.409,76.954,Relatively Low,362070.325,74.897,Relatively Low,577.696,Very Low,Very Low,Very Low,0.56,577.696,1888808552,2298,26656800000,28545608552,Very High,161632.346,42473.418,204105.763,76.749,Relatively Moderate,219351.953,75.25,Relatively Moderate,No Rating,No Expected Annual Losses,No Rating,796,36.151,577.696,1888808552,2298,26656800000,28545608552,Relatively Moderate,6060.175,8042.036,14102.211,8.816,Very Low,15155.611,7.883,Very Low,Relatively Low,Very Low,Very Low,117,3.437,577.696,1888808552,2298,26656800000,28690186915,Very High,360661.539,83811.416,447678.635,61.6,Relatively Moderate,481119.107,57.461,Relatively Low,0.385,577.696,1888808552,2298,26656800000,28690186915,Relatively High,449054.745,195107.74,648109.433,40.074,Relatively Low,696521.584,36.207,Relatively Low,69.125,273751673.7,222.84,2584940368,2878762535,Very High,29670.101,1607.647,31372.725,46.898,Very Low,33716.189,46.898,Very Low,96,5.944,577.696,1888808552,2298,26656800000,28690186915,Relatively High,66531.212,36661.629,103314.61,68.926,Relatively Moderate,111031.953,66.338,Relatively Moderate
222,South Dakota,SD,Minnehaha,196891,37335471141,822.077,62966274.77,92.587,Relatively Moderate,93.191,Relatively Moderate,61836980.77,17570824.23,3.642,42248261.44,40.13,Relatively Moderate,93.13,Very High,2.79,1.018,Not Applicable,Not Applicable,Not Applicable,822.077,Relatively Low,Very High,Very High,822.077,Very Low,Relatively Low,Very Low,822.077,37334924000,197214,2290000000000,2330000000000,0.013,Very Low,65652.6,17391.224,83043.824,41.999,Very Low,90226.736,41.075,Very Low,214,6.269,822.077,37335471141,196891,2280000000000,2320000000000,Relatively Moderate,5310023.339,94751.83,5692886.959,98.387,Relatively High,5947478.791,98.25,Relatively High,822.077,Very Low,Relatively Moderate,Relatively Moderate,1.114,822.077,37330747928,196839.73,2280000000000,2320000000000,Very Low,18115.304,214982.352,233097.655,78.814,Relatively Moderate,238985.528,76.749,Relatively Moderate,Very Low,Relatively Low,Relatively Low,780,35.452,822.077,37335471141,196891,2280000000000,2320000000000,Very Low,21500.851,168357.092,189857.943,72.49,Relatively Moderate,193667.355,68.436,Relatively Low,Relatively Low,Relatively High,Relatively Moderate,130,3.811,822.077,37335471141,196891,2280000000000,2320000000000,Very Low,1007013.719,360226.776,1373079.263,88.151,Relatively High,1433875.965,87.369,Relatively Moderate,0.699,822.077,37335471141,196891,2280000000000,2320000000000,Relatively Moderate,7417242.868,24324598.28,31752683.41,98.883,Relatively High,32555944.04,98.696,Relatively High,41.326,1898431840,11103.204,129000000000,131000000000,Relatively Low,71347.403,28576.844,99977.7,64.079,Relatively Low,93503.322,62.265,Very Low,77,4.768,822.077,37335468889,196890.973,2280000000000,2320000000000,Relatively Moderate,2033860.055,647030.681,2681087.402,99.66,Very High,2804220.809,99.586,Very High
223,South Dakota,SD,Moody,6336,3337203669,526.062,6841266.462,53.293,Relatively Low,55.463,Relatively Low,6498086.701,2924814.928,0.176,2046964.369,27.31,Relatively Low,74.35,Relatively High,2.69,1.053,Not Applicable,Not Applicable,Not Applicable,526.062,Relatively Low,Relatively High,Relatively High,526.062,Very Low,Very Low,Very Low,526.062,3337178000,6336,73497600000,76834778000,0.01,Relatively Low,4694.2,783.69,5477.89,11.947,Very Low,5494.226,11.231,Very Low,195,5.706,526.062,3337203669,6336,73497600000,77082694577,Relatively High,357321.548,16118.511,697384.801,86.383,Relatively Moderate,690121.438,84.569,Relatively Moderate,526.062,Very Low,Relatively Low,Very Low,0.882,526.062,3337202917,6335.997,73497569669,76834772586,Relatively High,45768.799,142513.486,188282.285,75.25,Relatively Moderate,211707.719,74.384,Relatively Moderate,Relatively High,Relatively Low,Relatively Low,777,35.311,526.062,3337203669,6336,73497600000,76834803669,Relatively Moderate,12892.685,20391.157,33283.842,22.362,Very Low,35908.426,20.174,Very Low,Relatively Low,Relatively Low,Relatively Low,120,3.529,526.062,3337203669,6336,73497600000,77082694577,Very High,1199892.439,174013.314,1379545.123,88.275,Relatively High,1413110.978,86.923,Relatively Moderate,0.415,526.062,3337203669,6336,73497600000,77082694577,Relatively High,963682.698,736207.321,1708384.36,66.873,Relatively Low,1818947.208,62.838,Relatively Low,35.383,457623746.5,649.905,7538901734,8024175655,Relatively High,19068.565,2207.952,21362.375,40.566,Very Low,24191.877,41.394,Very Low,94,5.82,526.062,3337202917,6335.997,73497569669,77082663494,Relatively High,209095.125,36643.827,245943.385,85.763,Relatively High,251926.789,83.296,Relatively Moderate
224,South Dakota,SD,Oglala Lakota,13666,1277000684,2117.516,7679511.819,57.047,Relatively Low,37.728,Very Low,3921429.75,2160696.762,0.147,1699553.3,99.11,Very High,0.22,Very Low,2.117,1.958,Not Applicable,Not Applicable,Not Applicable,2117.516,Very Low,Relatively Moderate,Relatively High,2117.516,Very Low,Very Low,Very Low,2117.516,1276975000,13672,159000000000,160000000000,0.014,Very Low,5609.5,2745.806,8355.306,15.877,Very Low,16366.778,21.667,Very Low,190,5.571,2117.516,1277000684,13666,159000000000,160000000000,Relatively Low,74096.174,56867.389,132381.169,59.119,Relatively Low,258733.473,68.088,Relatively Low,2117.516,No Rating,No Expected Annual Losses,No Rating,0.005,2117.516,1277000684,13666,159000000000,160000000000,Relatively High,1340.155,2768.412,4108.567,10.893,Very Low,8143.25,16.356,Very Low,No Rating,No Expected Annual Losses,No Rating,712,32.363,2117.516,1277000684,13666,159000000000,160000000000,Very High,128.09,186086.752,186214.842,71.911,Relatively Moderate,365993.369,81.757,Relatively Moderate,Relatively Moderate,Very Low,Very Low,92,2.681,2117.516,1277000684,13666,159000000000,160000000000,Relatively Moderate,50525.937,203156.41,256703.038,44.479,Relatively Low,502833.605,58.988,Relatively Low,0.652,2117.516,1277000684,13666,159000000000,160000000000,Relatively Low,85267.936,330283.315,417827.975,32.227,Relatively Low,819856.887,40.153,Relatively Low,26.334,582174639.7,6492.645,75314679464,75914802985,Relatively Low,1757324.836,455411.066,2213256.239,92.682,Relatively Moderate,4330408.828,95.418,Relatively Moderate,79.009,4.892,2117.516,1277000684,13666,159000000000,160000000000,Relatively High,157071.186,96194.059,253276.973,86.258,Relatively High,495532.037,91.696,Relatively High
225,South Dakota,SD,Pennington,109015,19135216084,2812.569,27564710.44,85.46,Relatively Moderate,85.175,Relatively Moderate,25132181.13,13499309.79,0.981,11373970.04,57.26,Relatively Moderate,71.48,Relatively High,2.679,1.097,Not Applicable,Not Applicable,Not Applicable,2812.569,Relatively Low,Very High,Very High,2812.569,Very Low,Very Low,Very Low,2812.569,19134908000,109222,1270000000000,1290000000000,0.017,Very Low,61757.9,16575.944,78333.844,41.164,Very Low,96391.666,42.094,Very Low,202,5.912,2812.569,19135216084,109015,1260000000000,1280000000000,Relatively Moderate,3161169.855,598967.395,3814379.433,97.55,Relatively High,4469702.763,97.646,Relatively High,2812.569,No Rating,No Expected Annual Losses,No Rating,0.122,2812.569,19135216084,109015,1260000000000,1280000000000,Relatively High,6235.192,367182.408,373417.6,85.276,Relatively High,440187.633,85.61,Relatively High,Very Low,Relatively Moderate,Relatively Moderate,610,27.708,2812.569,19135216084,109015,1260000000000,1280000000000,Very High,10462.614,1314225.635,1324688.249,96.589,Relatively High,1537760.628,96.815,Relatively High,Very Low,Relatively Moderate,Relatively Moderate,102,2.992,2812.569,19135216084,109015,1260000000000,1280000000000,Very Low,104221.455,63931.467,206227.834,37.903,Relatively Low,241452.111,35.348,Relatively Low,0.551,2812.569,19135216084,109015,1260000000000,1280000000000,Very Low,705605.134,987690.762,1694823.88,66.749,Relatively Low,1981460.78,65.097,Relatively Low,93.842,3620324953,18032.461,209000000000,213000000000,Relatively Moderate,8688580.033,1046368.115,9735889.439,97.868,Relatively High,9543594.084,97.709,Relatively High,89.896,5.566,2812.569,19135216084,109015,1260000000000,1280000000000,Relatively Low,156010.804,164144.943,320174.04,88.889,Relatively High,371630.769,88.578,Relatively High
226,South Dakota,SD,Perkins,2834,1030325817,2919.149,1802002.266,11.836,Very Low,11.452,Very Low,1489220.464,828873.811,0.035,402971.883,33.42,Relatively Low,23.17,Relatively Low,2.49,1.21,Not Applicable,Not Applicable,Not Applicable,2919.149,Relatively Low,Relatively Moderate,Relatively High,2919.149,Very Low,Very Low,Very Low,2919.149,1030313000,2835,32886000000,33916313000,0.015,Relatively Low,920,202.384,1122.384,3.59,Very Low,1358.119,3.85,Very Low,98,2.868,2919.149,1030325817,2834,32874400000,34002066546,Relatively High,181432.732,9126.927,193753.762,66.315,Relatively Low,234447.972,66.211,Relatively Low,2919.149,Relatively Low,Relatively Low,Relatively Low,0.549,2919.149,1030325817,2834,32874400000,33904725817,Relatively Moderate,14077.766,21384.57,35462.335,41.006,Relatively Low,42910.509,41.739,Relatively Low,Relatively High,Relatively Low,Relatively Low,609,27.66,2919.149,1030325817,2834,32874400000,33904725817,Relatively High,2840.975,26658.01,29498.985,19.755,Very Low,35694.673,20.045,Very Low,Relatively Moderate,Very Low,Very Low,77,2.236,2919.149,1030325817,2834,32874400000,34002066546,Relatively High,212500.593,4041.213,270698.805,46.123,Relatively Low,327553.826,44.798,Relatively Low,0.55,2919.149,1030325817,2834,32874400000,34002066546,Relatively Low,53914.678,48306.092,104208.492,15.974,Very Low,126095.46,14.127,Very Low,285.665,433277486.2,950.025,11020290967,11505912052,Relatively High,209472.358,8242.593,218574.424,73.401,Relatively Low,264481.732,73.656,Relatively Low,69.003,4.273,2919.149,1030325817,2834,32874400000,34002066546,Very High,131133.643,29079.833,160272.404,77.994,Relatively Moderate,193934.506,78.937,Relatively Moderate
227,South Dakota,SD,Potter,2466,1682957982,907.728,1902908.387,12.918,Very Low,18.044,Very Low,2119556.993,1208978.324,0.04,461473.021,3.72,Very Low,51.11,Relatively Moderate,2.602,0.898,Not Applicable,Not Applicable,Not Applicable,876.926,Relatively Low,Relatively High,Relatively Moderate,876.926,Very Low,Very Low,Very Low,876.926,1682944000,2472,28675200000,30358144000,0.01,Relatively Low,2158.3,219.591,2377.891,6.159,Very Low,2134.837,5.282,Very Low,128,3.875,876.926,1682957982,2466,28605600000,30405363598,Very High,422540.723,10463.051,570796.511,83.499,Relatively Moderate,512453.06,80.528,Relatively Low,876.926,Relatively Low,Relatively Low,Relatively Low,0.567,876.926,1682957982,2466,28605600000,30288557982,Relatively High,38758.123,16901.524,55659.648,50.1,Relatively Low,49970.447,45.103,Relatively Low,Relatively High,Very Low,Very Low,501,23.54,876.926,1682957982,2466,28605600000,30288557982,Relatively High,4827.49,17554.413,22381.903,15.251,Very Low,20094.157,11.454,Very Low,No Rating,No Expected Annual Losses,No Rating,84,2.542,876.926,1682957982,2466,28605600000,30405363598,Very High,383134.279,60740.794,462529.571,62.779,Relatively Moderate,415252.528,52.466,Relatively Low,0.315,907.728,1682957982,2466,28605600000,30405363598,Relatively Moderate,129966.538,68551.742,201506.645,22.86,Very Low,180909.825,17.626,Very Low,38.726,125043949.4,376.192,4363822375,4500625464,Relatively Moderate,62633.91,2963.748,65878.082,58.766,Very Low,59144.413,55.838,Very Low,93,5.961,876.926,1682957982,2466,28605600000,30405363598,Very High,162564.444,47336.592,209996.34,82.854,Relatively High,188531.754,78.46,Relatively Moderate
228,South Dakota,SD,Roberts,10217,2579688565,1147.244,6744310.666,52.816,Relatively Low,49.489,Very Low,5313456.137,1666996.927,0.168,1952466.223,74.09,Relatively High,40.61,Relatively Moderate,2.56,1.269,Not Applicable,Not Applicable,Not Applicable,1147.244,Relatively Low,Very High,Very High,1147.244,No Rating,No Expected Annual Losses,No Rating,1147.244,2579645000,10280,119000000000,122000000000,0.008,Very Low,2497.5,663.159,3160.659,7.738,Very Low,4031.256,8.622,Very Low,140,4.117,1147.244,2579688565,10217,119000000000,121000000000,Relatively High,219695.874,44021.853,610258.738,84.522,Relatively Moderate,759694.066,85.682,Relatively Moderate,1147.244,Relatively Low,Relatively Low,Relatively Low,0.531,1147.244,2561146668,10116.48,117000000000,120000000000,Relatively High,157348.374,77193.291,234541.665,79.014,Relatively Moderate,306037.836,81.013,Relatively Moderate,Relatively Moderate,Relatively Low,Relatively Low,601,27.288,1147.244,2579688565,10217,119000000000,121000000000,Relatively Moderate,6292.705,32078.888,38371.593,24.871,Very Low,51921.145,27.349,Very Low,Relatively Low,Relatively Low,Relatively Low,90,2.639,1147.244,2579688565,10217,119000000000,121000000000,Relatively High,326588.033,102467.841,571879.194,69.541,Relatively Moderate,730559.049,71.047,Relatively Moderate,0.644,1147.244,2579688565,10217,119000000000,121000000000,Relatively Low,363878.895,408958.951,779782.899,44.82,Relatively Low,1017295.834,45.752,Relatively Low,78.188,494722976.9,1940.777,22513014091,23034627873,Relatively Moderate,150576.929,11265.823,162105.778,69.87,Relatively Low,219604.623,71.842,Relatively Low,135,8.359,1147.244,2579688565,10217,119000000000,121000000000,Relatively High,357342.831,244883.032,602510.265,94.584,Relatively High,791613.8,95.673,Relatively High
229,South Dakota,SD,Sanborn,2329,1425936852,576.21,2587656.477,19.376,Very Low,23.863,Very Low,2575392.626,1349215.525,0.054,621709.214,8.37,Very Low,69.83,Relatively High,2.673,1.005,Not Applicable,Not Applicable,Not Applicable,576.21,Relatively Low,Relatively Moderate,Relatively Moderate,576.21,Very Low,Very Low,Very Low,576.21,1425925000,2330,27028000000,28453925000,0.016,Relatively Moderate,7545.4,1518.897,9064.297,16.465,Very Low,9107.461,15.877,Very Low,176,5.166,576.21,1425936852,2329,27016400000,28570891211,Very High,269788.353,5384.115,526464.815,82.475,Relatively Moderate,528971.806,80.942,Relatively Moderate,576.21,Very Low,Very Low,Very Low,0.476,576.21,1425936852,2329,27016400000,28442336852,Very High,106082.235,37164.215,143246.45,68.987,Relatively Moderate,143928.58,66.089,Relatively Moderate,Relatively High,Relatively Low,Very Low,715,32.468,576.21,1425936852,2329,27016400000,28442336852,Relatively Moderate,3133.428,6579.004,9712.431,5.888,Very Low,9758.681,4.794,Very Low,Relatively Moderate,Relatively Low,Relatively Low,104,3.05,576.21,1425936852,2329,27016400000,28570891211,Very High,344149.106,54721.328,401399.535,57.847,Relatively Moderate,403310.974,51.384,Relatively Low,0.331,576.21,1425936852,2329,27016400000,28570891211,Relatively High,328854.516,204222.415,536561.767,36.725,Relatively Low,539116.839,31.371,Relatively Low,105.38,364905372.6,618.39,7173327008,7571684268,Relatively High,197169.637,22315.786,219961.127,73.56,Relatively Low,221008.567,71.874,Relatively Low,86,5.325,576.21,1425936852,2329,27016400000,28570891211,Relatively High,45906.839,37675.941,83679.775,64.098,Relatively Moderate,84078.252,59.115,Relatively Low
230,South Dakota,SD,Spink,6353,3715384859,1524.982,6424767.494,50.716,Relatively Low,59.146,Relatively Low,7357562.139,2054948.539,0.133,1539398.751,5.54,Very Low,67.31,Relatively High,2.664,0.873,Not Applicable,Not Applicable,Not Applicable,1524.982,Relatively Low,Very High,Relatively High,1524.982,Very Low,Very Low,Very Low,1524.982,3715354000,6361,73787600000,77502954000,0.016,Relatively Low,11346.4,1879.96,13226.36,20.52,Very Low,11793.386,18.326,Very Low,159,4.662,1524.982,3715384859,6353,73694800000,77848978401,Very High,357784.562,30841.686,1123305.706,90.819,Relatively Moderate,965216.489,88.26,Relatively Moderate,1524.982,Relatively Low,Relatively Low,Relatively Low,0.449,1524.982,3715188908,6351.667,73679339160,77394528068,Very High,309516.204,41400.869,350917.073,84.444,Relatively High,311219.247,81.346,Relatively Moderate,Relatively High,Very Low,Very Low,664,30.177,1524.982,3715384859,6353,73694800000,77410184859,Relatively Moderate,9918.426,21399.682,31318.108,20.849,Very Low,28667.845,16.377,Very Low,Relatively Low,Relatively Moderate,Relatively Moderate,100,2.929,1524.982,3715384859,6353,73694800000,77848978401,Relatively High,13465.235,130085.848,439935.477,60.732,Relatively Moderate,383711.301,49.92,Relatively Low,0.742,1524.982,3715384859,6353,73694800000,77848978401,Relatively Moderate,555424.692,262962.984,830780.64,46.309,Relatively Low,745923.132,37.735,Relatively Low,128.433,533610118.5,688.786,7989919382,8569445386,Relatively High,160597.91,3201.553,164356.971,70.06,Relatively Low,138513.029,66.656,Relatively Low,121,7.492,1524.982,3715384859,6353,73694800000,77848978401,Very High,461289.112,209126.082,670892.167,95.419,Relatively High,600613.217,93.668,Relatively High
231,South Dakota,SD,Stanley,2972,951302122,1532.483,1032338.622,5.536,Very Low,10.245,Very Low,1371353.921,555144.896,0.053,616151.658,1.5,Very Low,61.97,Relatively High,2.644,0.753,Not Applicable,Not Applicable,Not Applicable,1473.361,Relatively Low,Relatively Moderate,Relatively Moderate,1473.361,Very Low,Very Low,Very Low,1473.361,951291000,2980,34568000000,35519291000,0.009,Very Low,1102.6,183.212,1285.812,4.024,Very Low,967.944,2.609,Very Low,104,3.164,1473.361,951302122,2972,34475200000,35484513030,Relatively High,95095.5,8206.149,158633.361,62.934,Relatively Low,119417.273,51.989,Relatively Low,1473.361,Relatively Low,Relatively Low,Relatively Low,0.465,1473.361,951302122,2972,34475200000,35426502122,Relatively High,19231.445,21800.107,41031.551,44.537,Relatively Low,30888.055,35.51,Relatively Low,Relatively Moderate,Relatively Low,Relatively Low,629,29.694,1473.361,951302122,2972,34475200000,35426502122,Relatively High,3201.642,24042.965,27244.608,18.115,Very Low,20509.411,11.744,Very Low,Very Low,Relatively Low,Relatively Low,91,2.759,1473.361,951302122,2972,34475200000,35484513030,Relatively High,165271.411,59891.082,226591.454,40.292,Relatively Low,170575.302,27.362,Relatively Low,0.54,1532.483,951302122,2972,34475200000,35484513030,Relatively Low,42491.006,45581.384,90753.879,15.261,Very Low,68318.421,10.659,Very Low,39.95,301735648.3,753.318,8738486956,9051544813,Relatively High,107593.754,12585.781,120697.756,66.72,Relatively Low,90859.809,61.756,Very Low,97,6.247,1473.361,951302122,2972,34475200000,35484513030,Relatively High,112569.208,42611.014,155229.59,77.468,Relatively Moderate,116854.955,67.611,Relatively Moderate
232,South Dakota,SD,Sully,1446,1824438038,1080.997,2042432.866,14.349,Very Low,19.53,Very Low,2215873.699,1490331.148,0.02,236945.949,3.02,Very Low,77.43,Relatively High,2.702,0.922,Not Applicable,Not Applicable,Not Applicable,1022.276,Relatively Low,Relatively Moderate,Relatively Moderate,1022.276,Very Low,Relatively Low,Very Low,1022.276,1824428000,1446,16773600000,18598028000,0.011,Relatively Moderate,3245.8,146.554,3392.354,8.233,Very Low,3126.828,7.191,Very Low,120,3.711,1022.276,1824438038,1446,16773600000,18755488353,Very High,442583.945,5820.774,625282.852,84.957,Relatively Moderate,576340.722,82.024,Relatively Moderate,1022.276,Relatively Low,Relatively Low,Relatively Low,0.475,1022.276,1824438038,1446,16773600000,18598038038,Relatively Moderate,9765.514,7854.164,17619.678,28.481,Very Low,16240.551,24.883,Very Low,Relatively High,Relatively Low,Relatively Low,595,28.566,1022.276,1824438038,1446,16773600000,18598038038,Relatively High,5973.6,12172.32,18145.92,12.001,Very Low,16725.603,8.912,Very Low,Relatively High,Very Low,Very Low,86,2.647,1022.276,1824438038,1446,16773600000,18755488353,Very High,423613.637,36520.14,485681.393,64.082,Relatively Moderate,447666.146,55.17,Relatively Low,0.363,1080.997,1824438038,1446,16773600000,18755488353,Relatively High,136588.136,39236.725,179621.694,21.743,Very Low,165562.348,16.704,Very Low,34.95,450253288.9,359.075,4165270653,4626171236,Very High,291732.583,3238.263,295166.084,76.519,Relatively Low,272062.849,73.783,Relatively Low,90,5.893,1022.276,1824438038,1446,16773600000,18755488353,Very High,170545.777,26861.593,197531.693,82.111,Relatively Moderate,182070.495,77.76,Relatively Moderate
233,South Dakota,SD,Todd,9304,2030974016,1404.897,5395409.909,44.575,Very Low,25.936,Very Low,2719788.202,1532177.704,0.094,1089412.67,96.28,Very High,0.19,Very Low,2.112,1.984,Not Applicable,Not Applicable,Not Applicable,1404.897,Relatively Low,Relatively High,Relatively High,1404.897,Very Low,Very Low,Very Low,1404.897,2030953000,9319,108000000000,110000000000,0.012,Very Low,5509.7,1532.305,7042.005,14.206,Very Low,13969.984,19.663,Very Low,130,3.818,1404.897,2030974016,9304,108000000000,110000000000,Relatively Moderate,99505.919,32010.148,144984.367,61.228,Relatively Low,287606.578,70.124,Relatively Low,1404.897,Relatively Low,Relatively Low,Relatively Low,0.247,1404.897,2019322335,9122.067,106000000000,108000000000,Relatively High,75511.17,34490.082,110001.252,63.125,Relatively Moderate,218212.801,75.117,Relatively Moderate,Relatively Low,Relatively Low,Relatively Low,733,33.3,1404.897,2030974016,9304,108000000000,110000000000,Relatively High,7362.74,50735.967,58098.707,36.969,Relatively Low,115273.838,51.995,Relatively Low,Relatively Low,Very Low,Very Low,78,2.274,1404.897,2030974016,9304,108000000000,110000000000,Relatively Moderate,141011.397,5713.815,148066.423,30.428,Relatively Low,293716.308,40.916,Relatively Low,0.413,1404.897,2030974016,9304,108000000000,110000000000,Relatively Low,179818.128,245682.138,429888.439,32.661,Relatively Low,852800.837,41.171,Relatively Low,33.762,1185318286,3092.972,35878473902,37085768329,Relatively High,709154.691,100170.534,810856.292,85.396,Relatively Low,1608363.196,89.469,Relatively Moderate,89.015,5.512,1404.897,2030974016,9304,108000000000,110000000000,Relatively High,251569.392,491.896,252109.35,86.134,Relatively High,500094.12,91.791,Relatively High
234,South Dakota,SD,Tripp,5612,2547085886,1633.913,2935988.216,23.067,Very Low,24.822,Very Low,2646534.659,1432129.97,0.062,716269.348,51.21,Relatively Moderate,49.75,Relatively Moderate,2.597,1.109,Not Applicable,Not Applicable,Not Applicable,1633.913,Relatively Low,Relatively High,Relatively High,1633.913,Very Low,Very Low,Very Low,1633.913,2547061000,5624,65238400000,67785461000,0.016,Relatively Low,8426.9,1416.819,9843.719,17.394,Very Low,11388.823,17.945,Very Low,144,4.211,1633.913,2547085886,5612,65099200000,67878653188,Relatively High,203197.109,38864.087,413497.403,79.622,Relatively Moderate,448702.206,78.206,Relatively Low,1633.913,Relatively Low,Relatively Low,Relatively Low,0.319,1633.913,2538285444,5588.01,64820921450,67359206893,Very High,142914.87,37145.172,180060.041,74.217,Relatively Moderate,208517.007,73.984,Relatively Moderate,Relatively High,Relatively Low,Relatively Low,776,35.23,1633.913,2547085886,5612,65099200000,67646285886,Relatively High,7218.357,42580.111,49798.468,31.113,Relatively Low,58155.255,30.47,Relatively Low,Relatively Moderate,Very Low,Very Low,81,2.362,1633.913,2547085886,5612,65099200000,67878653188,Relatively Moderate,89692.687,5448.345,100658.398,24.069,Relatively Low,113442.877,20.84,Very Low,0.563,1633.913,2547085886,5612,65099200000,67878653188,Relatively Moderate,276654.438,205606.654,488236.021,34.833,Relatively Low,557151.483,31.976,Relatively Low,79.04,569518262.6,858.401,9957454069,10566526736,Relatively High,172051.508,13079.417,186254.373,71.46,Relatively Low,190578.289,70.283,Relatively Low,88,5.449,1633.913,2547085886,5612,65099200000,67878653188,Very High,463345.524,1615.889,465140.813,92.077,Relatively High,524450.554,92.396,Relatively High
235,South Dakota,SD,Turner,8673,3579903967,623.932,11794717.77,69.551,Relatively Low,69.855,Relatively Low,11038296.93,3295182.853,0.194,2251835.162,8.56,Very Low,90.42,Very High,2.768,1.069,Not Applicable,Not Applicable,Not Applicable,623.932,Relatively Low,Relatively High,Relatively High,623.932,Very Low,Relatively Low,Relatively Low,623.932,3579881000,8673,101000000000,104000000000,0.013,Relatively Low,8137.1,1399.68,9536.78,17.023,Very Low,10137.056,16.863,Very Low,228,6.685,623.932,3579903967,8673,101000000000,104000000000,Relatively High,497151.611,25956.035,819037.381,88.027,Relatively Moderate,872450.291,87.21,Relatively Moderate,623.932,Very Low,Relatively Low,Relatively Low,0.965,623.932,3579903967,8673,101000000000,104000000000,Relatively Moderate,30660.247,147513.714,178173.961,74.051,Relatively Moderate,188637.228,71.652,Relatively Moderate,Relatively High,Very Low,Very Low,631,28.65,623.932,3579903967,8673,101000000000,104000000000,Relatively Moderate,7142.717,22764.402,29907.119,20.109,Very Low,31753.37,18.436,Very Low,Relatively Moderate,Relatively Moderate,Relatively Moderate,130,3.822,623.932,3579903967,8673,101000000000,104000000000,Relatively High,463822.934,258270.475,729591.922,76.179,Relatively Moderate,775397.613,72.797,Relatively Moderate,0.522,623.932,3579903967,8673,101000000000,104000000000,Relatively High,1192952.378,1201866.21,2406908.554,74.752,Relatively Moderate,2578674.805,71.683,Relatively Moderate,19.262,250688302.1,541.373,6279927706,6544390587,Relatively Moderate,10579.709,1767.239,12391.111,31.562,Very Low,13364.518,31.117,Very Low,69,4.272,623.932,3579903967,8673,101000000000,104000000000,Very High,447447.306,41106.309,488738.116,92.634,Relatively High,519586.787,92.269,Relatively High
236,South Dakota,SD,Union,16799,5345294872,471.844,6290126.647,50.016,Relatively Low,54.813,Relatively Low,6338162.828,2712173.297,0.245,2839086.286,6.97,Very Low,67.79,Relatively High,2.666,0.992,Not Applicable,Not Applicable,Not Applicable,471.844,Very Low,Relatively Low,Relatively Low,471.844,Very Low,Relatively Low,Relatively Low,471.844,5345247000,16811,195000000000,200000000000,0.018,Relatively Low,14296.6,3485.927,17782.527,23.336,Very Low,17161.745,22.144,Very Low,235,6.887,471.844,5345294872,16799,195000000000,200000000000,Relatively Low,212303.961,223.302,267917.717,72.674,Relatively Low,267929.339,68.661,Relatively Low,471.844,Very Low,Relatively Low,Relatively Low,0.983,471.844,5345292664,16799,195000000000,200000000000,Relatively Low,27674.641,109506.461,137181.102,68.155,Relatively Moderate,134316.11,64.657,Relatively Moderate,Relatively Moderate,Relatively Low,Relatively Low,815,37.026,471.844,5345294872,16799,195000000000,200000000000,Relatively Moderate,327.873,56049.092,56376.965,36.1,Relatively Low,55174.671,28.732,Relatively Low,Relatively Low,Relatively Moderate,Relatively Moderate,136,4,471.844,5345294872,16799,195000000000,200000000000,Relatively Moderate,334413.306,363530.809,703478.845,75.124,Relatively Moderate,689769.483,69.488,Relatively Moderate,0.403,471.844,5345294872,16799,195000000000,200000000000,Relatively High,1878219.656,1189821.314,3074270.663,79.56,Relatively Moderate,3021235.563,75.183,Relatively Moderate,13.466,452534430.3,1969.387,22844890885,23307099671,Relatively Moderate,75626.185,797.154,76461.443,61.088,Very Low,73025.609,58.766,Very Low,65,4.025,471.844,5345292664,16799,195000000000,200000000000,Relatively Low,13622.562,46242.787,60034.196,55.803,Relatively Moderate,58984.147,49.348,Relatively Low
237,South Dakota,SD,Walworth,5315,1606558013,752.15,3370516.77,27.681,Very Low,27.948,Very Low,2908397.641,1363451.282,0.097,1122266.751,48.38,Relatively Moderate,63.43,Relatively High,2.65,1.159,Not Applicable,Not Applicable,Not Applicable,722.33,Relatively Low,Relatively High,Relatively High,722.33,Very Low,Very Low,Very Low,722.33,1606534000,5315,61654000000,63260534000,0.007,Very Low,1025.3,153.825,1179.125,3.776,Very Low,1286.502,3.627,Very Low,119,3.614,722.33,1606558013,5315,61654000000,63360382113,Relatively High,358047.721,18587.025,485952.408,81.545,Relatively Moderate,545724.896,81.324,Relatively Moderate,722.33,Relatively Low,Relatively Low,Relatively Low,0.591,722.33,1606558013,5315,61654000000,63260558013,Relatively Moderate,41872.709,36510.466,78383.175,56.029,Relatively Low,94866.689,57.295,Relatively Low,Relatively Moderate,Relatively Low,Relatively Low,457,21.617,722.33,1606558013,5315,61654000000,63260558013,Relatively High,4206.551,34627.846,38834.397,25.193,Very Low,48327.996,25.676,Very Low,Relatively Low,Very Low,Very Low,76,2.312,722.33,1606558013,5315,61654000000,63360382113,Relatively High,315613.731,107290.585,437324.567,60.484,Relatively Moderate,513009.662,59.752,Relatively Moderate,0.256,752.15,1606558013,5315,61654000000,63360382113,Relatively Moderate,134024.634,190030.948,326790.982,28.319,Relatively Low,402596.2,27.108,Very Low,45.014,521571756.5,735.002,8526020593,9065097335,Relatively High,352057.231,7391.182,359884.826,78.365,Relatively Low,370955.56,76.615,Relatively Low,89,5.738,722.33,1606558013,5315,61654000000,63360382113,Relatively High,148510.022,97636.958,246224.925,85.825,Relatively High,296611.629,85.905,Relatively High
238,South Dakota,SD,Yankton,23308,6666309391,537.635,10792725.42,66.656,Relatively Low,66.914,Relatively Low,9806995.431,5531319.472,0.299,3463371.879,27.37,Relatively Low,88.38,Very High,2.757,1.101,Not Applicable,Not Applicable,Not Applicable,537.635,Very Low,Relatively Moderate,Relatively Moderate,537.635,Very Low,Very Low,Very Low,537.635,6666243000,23310,270000000000,277000000000,0.018,Relatively Low,22277.3,4520.628,26797.928,27.453,Very Low,31026.527,27.712,Very Low,228,6.681,537.635,6666309391,23308,270000000000,277000000000,Relatively High,1589576.412,302.992,2047147.417,95.285,Relatively High,2179224.958,95.1,Relatively Moderate,537.635,Very Low,Relatively Low,Relatively Low,0.873,537.635,6666309391,23308,270000000000,277000000000,Relatively Low,14975.935,87742.833,102718.768,61.659,Relatively Moderate,117914.938,61.659,Relatively Moderate,Very Low,Relatively Low,Relatively Low,667,30.313,537.635,6666309391,23308,270000000000,277000000000,Relatively Moderate,2428.777,116894.912,119323.689,59.878,Relatively Low,136995.737,58.14,Relatively Low,Relatively Low,Relatively Moderate,Relatively Moderate,120,3.526,537.635,6666309391,23308,270000000000,277000000000,Relatively Moderate,492238.29,432056.318,931179.317,81.11,Relatively Moderate,1058241.515,81.164,Relatively Moderate,0.402,537.635,6666309391,23308,270000000000,277000000000,Relatively High,2284856.356,1956069.503,4245895.044,85.143,Relatively Moderate,4830146.005,84.123,Relatively Moderate,38.777,761264021.2,2147.639,24912617585,25693073167,Relatively Moderate,130261.32,734.932,131117.177,67.833,Relatively Low,140186.259,66.879,Relatively Low,70,4.334,537.635,6666309391,23308,270000000000,277000000000,Relatively Low,26615.279,43284.093,70057.259,59.393,Relatively Moderate,80090.227,58.002,Relatively Low
239,South Dakota,SD,Ziebach,2413,489527767,1990.49,2090485.391,14.922,Very Low,8.418,Very Low,1193906.679,605715.783,0.037,424893.709,91.06,Very High,0.54,Very Low,2.214,1.751,Not Applicable,Not Applicable,Not Applicable,1987.219,Relatively Low,Relatively Moderate,Relatively High,1987.219,Very Low,Very Low,Very Low,1987.219,489519000,2413,27990800000,28480319000,0.01,Very Low,383.2,219.444,602.644,2.012,Very Low,1055.208,2.927,Very Low,96,2.817,1987.219,489527767,2413,27990800000,28549055530,Relatively High,106504.799,7829.418,120646.367,57.041,Relatively Low,211247.22,63.856,Relatively Low,1987.219,Relatively Low,Relatively Low,Relatively Low,0.482,1987.219,489527767,2413,27990800000,28480327767,Relatively Moderate,4745.228,15080.419,19825.646,30.446,Relatively Low,34713.956,37.575,Relatively Low,Relatively Moderate,Relatively Low,Relatively Low,645,29.339,1987.219,489527767,2413,27990800000,28480327767,Relatively High,1812.539,25186.936,26999.475,17.921,Very Low,47275.059,25.322,Very Low,Relatively Low,Relatively Low,Relatively Low,88,2.57,1987.219,489527767,2413,27990800000,28549055530,Relatively High,48750.514,60029.077,119968.4,26.768,Relatively Low,210060.126,31.976,Relatively Low,0.379,1990.49,489527767,2413,27990800000,28549055530,Relatively Low,19953.815,15452.976,37576.349,10.298,Very Low,65794.765,10.277,Very Low,74.233,274631584.3,1017.726,11805620298,12106342022,Relatively Moderate,154954.18,10324.339,165750.682,70.251,Relatively Low,290223.168,74.451,Relatively Low,81.003,5.024,1987.219,489527767,2413,27990800000,28549055530,Relatively High,51154.402,29065.808,80269.052,62.767,Relatively Moderate,140548.071,72.192,Relatively Moderate
240,Utah,UT,Beaver,7072,1424150337,2611.042,1664888.613,10.595,Very Low,11.637,Very Low,1509366.427,987507.397,0.043,499097.16,9.74,Very Low,55.67,Relatively Moderate,2.62,1.103,Relatively Moderate,Very Low,Very Low,2611.042,Relatively Moderate,Very Low,Very Low,2611.042,Very Low,Very Low,Very Low,2611.042,1424121000,7072,82035200000,83459321000,0.085,Relatively Moderate,241180.6,46053.707,287234.307,62.736,Relatively Low,316639.572,63.124,Very Low,2,0.052,2611.042,1424150337,7072,82035200000,83755285108,Very Low,167.684,21.554,194.871,1.334,Very Low,215.032,1.018,Very Low,2611.042,Relatively Low,Relatively Low,Relatively Low,0.015,2611.042,1424150337,7072,82035200000,83459350337,Relatively High,21.613,3263.176,3284.789,9.027,Very Low,3619.527,8.328,Very Low,Relatively Moderate,Relatively Moderate,Relatively Moderate,383,17.4,2611.042,1424150337,7072,82035200000,83459350337,Very High,148.736,59443.9,59592.636,37.999,Relatively Low,65484.611,34.427,Relatively Low,Relatively Low,Very Low,Very Low,4,0.098,2611.042,1424150337,7072,82035200000,83755285108,Relatively High,3790.999,9127.659,13108.363,7.103,Very Low,14450.918,4.55,Very Low,0.053,2611.042,1424150337,7072,82035200000,83755285108,Very Low,143.422,1557.037,1860.131,1.768,Very Low,2050.258,1.654,Very Low,13.415,355424540.1,1786.08,20718533450,21172475737,Relatively Low,673930.165,1705.474,675678.017,84.219,Relatively Low,746429.505,83.901,Relatively Low,129.773,8.035,2611.042,1424150337,7072,82035200000,83755285108,Relatively Moderate,30450.827,161109.736,192087.601,81.832,Relatively Moderate,211300.553,80.178,Relatively Moderate
241,Utah,UT,Box Elder,57579,9980524468,6797.185,16771896.8,76.487,Relatively Low,77.994,Relatively Low,16277194.23,11915148.49,0.372,4318182.341,16.26,Very Low,96.5,Very High,2.823,1.03,Relatively Moderate,Relatively Moderate,Relatively Moderate,5822.072,Relatively Moderate,Relatively Low,Relatively Low,5822.072,Very Low,Relatively Low,Relatively Low,5822.072,9980419000,57666,669000000000,679000000000,0.189,Relatively High,7213697.4,2650579.612,9864277.012,95.296,Relatively Moderate,10458831.51,95.132,Relatively Moderate,7,0.239,5822.072,9980524468,57579,668000000000,678000000000,Relatively Low,1782.743,9928.067,12062.783,15.664,Very Low,12368.948,12.09,Very Low,5822.072,Relatively Low,Relatively Moderate,Relatively Moderate,0.017,5822.072,9980524468,57579,668000000000,678000000000,Relatively High,32268.749,10404.446,42673.195,45.203,Relatively Low,43583.335,42.205,Relatively Low,Relatively Low,Relatively Moderate,Relatively Moderate,188,9.936,5822.072,9980524468,57579,668000000000,678000000000,Relatively High,1514.842,156045.177,157560.019,67.664,Relatively Moderate,163406.51,64.125,Relatively Low,Relatively Low,Very Low,Very Low,24,0.793,5822.072,9980524468,57579,668000000000,678000000000,Relatively Moderate,474210.76,176405.058,651249.597,73.046,Relatively Moderate,664509.813,68.533,Relatively Moderate,0.41,6797.185,9980524468,57579,668000000000,678000000000,Very Low,41982.754,106864.746,149974.314,19.479,Very Low,154361.412,15.845,Very Low,127.086,1334200752,5236.695,60745658813,62137541101,Relatively Low,4048192.808,58.024,4048768.7,95.641,Relatively Moderate,3936861.93,94.973,Relatively Moderate,66.08,4.777,5822.072,9980524468,57579,668000000000,678000000000,Relatively Low,17807.144,206035.878,223880.283,83.968,Relatively High,223687.471,81.101,Relatively Moderate
242,Utah,UT,Cache,133078,17513668658,1184.713,30151406.7,86.192,Relatively Moderate,86.784,Relatively Moderate,28922397.71,16875145.84,1.036,12012604.84,36.82,Relatively Low,78.84,Relatively High,2.707,1.042,Relatively Low,Relatively Moderate,Relatively Low,1184.713,Very Low,Relatively Low,Very Low,1184.713,Very Low,Relatively Low,Very Low,1184.713,17513454000,133154,1540000000000,1560000000000,0.206,Relatively High,15710691.6,7671191.359,23381882.96,97.245,Relatively Moderate,24873312.53,96.914,Relatively Moderate,9,0.258,1184.713,17513668658,133078,1540000000000,1560000000000,Relatively Low,2713.817,23020.267,25982.206,26.334,Very Low,25921.235,21.444,Very Low,1184.713,Relatively Low,Relatively Moderate,Relatively Moderate,0.015,1184.713,17513668658,133078,1540000000000,1560000000000,Relatively High,56624.698,24047.01,80671.708,56.562,Relatively Low,81381.085,53.964,Relatively Low,Very Low,Relatively Low,Relatively Low,204,9.252,1184.713,17513668658,133078,1540000000000,1560000000000,Relatively High,2217.486,292048.525,294266.011,80.598,Relatively Moderate,292790.384,77.799,Relatively Moderate,Very Low,Relatively Low,Relatively Low,25,0.715,1184.713,17513668658,133078,1540000000000,1560000000000,Relatively Low,134484.88,86236.775,221199.689,39.671,Relatively Low,223402.025,33.662,Relatively Low,0.082,1184.713,17513668658,133078,1540000000000,1560000000000,Very Low,105864.162,242597.592,348985.888,29.342,Relatively Low,351455.006,25.199,Very Low,40.271,1202214938,9474.737,110000000000,111000000000,Very Low,736191.528,35.116,736358.81,84.728,Relatively Low,630141.777,82.469,Relatively Low,225.839,13.984,1184.713,17513668658,133078,1540000000000,1560000000000,Relatively Low,48174.779,1957597.581,2005840.613,99.505,Very High,2005484.814,99.205,Very High
243,Utah,UT,Carbon,20381,2750015496,1500.296,2697466.372,20.585,Very Low,18.818,Very Low,2172106.177,616153.088,0.132,1535560.564,59.45,Relatively Moderate,57.89,Relatively Moderate,2.628,1.242,Relatively Moderate,Very Low,Very Low,1500.296,Relatively High,Very Low,Very Low,1500.296,Very Low,Very Low,Very Low,1500.296,2749958000,20412,237000000000,240000000000,0.035,Relatively Low,127034.8,26076.044,153110.844,51.903,Very Low,205746.946,55.52,Very Low,6,0.153,1500.296,2750015496,20381,236000000000,239000000000,Relatively Low,579.134,2249.961,2851.188,6.979,Very Low,3626.424,4.836,Very Low,1500.296,Relatively Moderate,Relatively Moderate,Relatively Moderate,0.015,1500.296,2750015496,20381,236000000000,239000000000,Relatively High,8891.272,3682.818,12574.091,24.051,Very Low,16091.826,24.65,Very Low,Very Low,Relatively Moderate,Relatively Moderate,585,26.571,1500.296,2750015496,20381,236000000000,239000000000,Very High,426.582,268376.025,268802.607,79.086,Relatively Moderate,339984.546,80.502,Relatively Moderate,Relatively Low,Relatively Low,Relatively Low,7,0.189,1500.296,2750015496,20381,236000000000,239000000000,Relatively Low,6550.888,3983.711,10575.517,6.39,Very Low,13459.048,4.295,Very Low,0.047,1500.296,2750015496,20381,236000000000,239000000000,Relatively Low,21257.104,55200.752,76514.842,14.516,Very Low,97581.704,12.663,Very Low,4.591,420952117.1,3171.115,36784935877,37207081885,Very Low,132771.798,129.561,132901.362,68.024,Relatively Low,160385.977,68.374,Relatively Low,182.006,11.27,1500.296,2750015496,20381,236000000000,239000000000,Very Low,7603.113,22103.235,29711.009,39.276,Relatively Low,36969.383,38.371,Relatively Low
244,Utah,UT,Daggett,927,444014206,727.902,185385.47,0.35,Very Low,0.65,Very Low,257711.352,212304.302,0.004,44627.268,1.53,Very Low,85.55,Very High,2.742,0.719,Not Applicable,Not Applicable,Not Applicable,727.902,Very Low,Very Low,Very Low,727.902,Very Low,Very Low,Very Low,727.902,444006000,935,10846000000,11290006000,0.018,Relatively Low,5810.2,458.252,6268.452,13.123,Very Low,4509.23,9.736,Very Low,4,0.105,727.902,444014206,927,10753200000,11199970862,Relatively High,1133.552,74.324,1239.245,4.839,Very Low,891.455,1.909,Very Low,727.902,No Rating,No Expected Annual Losses,No Rating,0.015,727.902,444014206,927,10753200000,11197214206,Very High,1435.574,167.508,1603.082,5.23,Very Low,1153.182,3.098,Very Low,Relatively Moderate,Relatively Low,Relatively Low,365,16.547,727.902,444014206,927,10753200000,11197214206,Relatively High,883.673,2656.862,3540.536,1.641,Very Low,2546.896,0.933,Very Low,Relatively High,Very Low,Very Low,6,0.169,727.902,444014206,927,10753200000,11199970862,Relatively High,2370.447,1504.403,3884.399,4.435,Very Low,2794.255,1.432,Very Low,0.03,727.902,444014206,927,10753200000,11199970862,Relatively Low,2031.977,1260.837,3303.595,2.295,Very Low,2376.451,1.845,Very Low,8.732,250682202.6,582.044,6751713043,7004218351,Relatively High,182475.058,2082.404,184604.743,71.365,Relatively Low,132796.001,66.147,Relatively Low,159.759,9.892,727.902,444014206,927,10753200000,11199970862,Relatively Moderate,11649.547,15929.593,27587.237,37.79,Relatively Low,19844.966,24.403,Very Low
245,Utah,UT,Davis,362649,47923465138,641.626,75432314.64,93.796,Relatively Moderate,94.986,Relatively Moderate,83751267.73,48270416.17,3.057,35464654.68,6.59,Very Low,98.31,Very High,2.862,0.901,Relatively Low,Relatively Moderate,Relatively Low,328.618,Relatively Low,Very Low,Very Low,328.618,Very Low,Very Low,Very Low,328.618,47922896000,362679,4210000000000,4260000000000,0.087,Relatively Moderate,44260420.4,26293128.39,70553548.79,98.607,Relatively High,64391982.19,98.377,Relatively High,11,0.604,328.618,47923465138,362649,4210000000000,4250000000000,Very Low,7816.252,82635.112,90503.561,51.117,Relatively Low,77457.821,42.603,Very Low,328.618,Relatively Low,Relatively High,Relatively High,0.029,328.618,47923465138,362649,4210000000000,4250000000000,Relatively Moderate,154944.792,65530.172,220474.964,77.881,Relatively Moderate,191064.573,72.219,Relatively Moderate,Very Low,Relatively Moderate,Relatively Low,211,18.646,328.618,47923465138,362649,4210000000000,4250000000000,Relatively High,14012.395,2053101.318,2067113.714,98.166,Very High,1767404.244,97.523,Relatively High,Very Low,Relatively Low,Relatively Low,36,2.059,328.618,47923465138,362649,4210000000000,4250000000000,Relatively Low,1483993.699,166708.139,1654429.768,90.571,Relatively High,1444219.024,87.496,Relatively Moderate,0.022,641.626,47923465138,362649,4210000000000,4250000000000,Relatively Moderate,310586.585,756540.744,1067228.276,53.071,Relatively Low,914162.386,42.762,Relatively Low,11.623,2866190677,21108.335,245000000000,248000000000,Very Low,1835489.821,4658.046,1840263.567,91.409,Relatively Moderate,1366304.081,87.878,Relatively Moderate,118.509,14.327,328.618,47923465138,362649,4210000000000,4250000000000,Very Low,137380.207,1197583.039,1335049.969,98.638,Very High,1144230.943,97.55,Very High
246,Utah,UT,Duchesne,19596,4166223937,3283.137,2709681.759,20.713,Very Low,16.93,Very Low,2003088.64,768211.404,0.105,1218464.842,58.94,Relatively Moderate,42.27,Relatively Moderate,2.565,1.353,Relatively Moderate,Relatively High,Relatively Moderate,3283.137,Relatively Low,Very Low,Very Low,3283.137,Very Low,Very Low,Very Low,3283.137,4166177000,19596,227000000000,231000000000,0.039,Relatively Low,166684.3,18758.379,185442.679,55.463,Very Low,249365.937,58.861,Very Low,7,0.178,3283.137,4166223937,19596,227000000000,232000000000,Relatively Moderate,9388.889,2052.532,11914.345,15.447,Very Low,16132.908,14.763,Very Low,3283.137,Relatively Low,Relatively Low,Relatively Low,0.015,3283.137,4166223937,19596,227000000000,231000000000,Relatively High,13470.117,3540.97,17011.087,27.948,Very Low,22963.38,30.38,Relatively Low,Very Low,Relatively Moderate,Relatively Moderate,527,23.925,3283.137,4166223937,19596,227000000000,231000000000,Very High,7270.856,197607.978,204878.834,74.035,Relatively Moderate,275774.533,76.609,Relatively Moderate,Relatively Low,Very Low,Very Low,9,0.236,3283.137,4166223937,19596,227000000000,232000000000,Relatively Low,9143.999,13462.726,22738.699,9.895,Very Low,30869.909,8.018,Very Low,0.1,3283.137,4166223937,19596,227000000000,232000000000,Very Low,14779.906,13720.738,28642.69,8.933,Very Low,38569.581,7.509,Very Low,22.495,1187760653,3487.362,40453395013,41647602226,Relatively Moderate,489266.939,4294.783,493561.738,81.642,Relatively Low,685332.315,83.137,Relatively Low,179.608,11.121,3283.137,4166223937,19596,227000000000,232000000000,Very Low,8067.364,12182.16,20274.729,30.455,Relatively Low,27732.661,31.594,Relatively Low
247,Utah,UT,Emery,9809,2244048775,4517.014,1947952.263,13.395,Very Low,14.02,Very Low,1762900.722,423654.688,0.115,1329160.456,15.6,Very Low,47.33,Relatively Moderate,2.588,1.105,Relatively Low,Relatively Moderate,Relatively Low,4517.014,Relatively Low,Very Low,Very Low,4517.014,Very Low,Very Low,Very Low,4517.014,2244011000,9825,114000000000,116000000000,0.028,Relatively Low,99818.2,11652.279,111470.479,46.859,Very Low,118518.854,45.402,Very Low,4,0.094,4517.014,2244048775,9809,114000000000,116000000000,Very Low,151.133,67.919,220.378,1.365,Very Low,241.38,1.082,Very Low,4517.014,Relatively Low,Relatively Low,Relatively Low,0.015,4517.014,2244048775,9809,114000000000,116000000000,Relatively High,34.056,4526.088,4560.144,11.859,Very Low,5054.24,11.359,Very Low,Relatively High,Very High,Very High,458,20.806,4517.014,2244048775,9809,114000000000,116000000000,Very High,313.817,128277.95,128591.767,62.098,Relatively Low,142190.33,59.299,Relatively Low,Very Low,Very Low,Very Low,4,0.109,4517.014,2244048775,9809,114000000000,116000000000,Relatively High,3937.962,13232.953,17248.851,8.282,Very Low,19077.452,5.695,Very Low,0.123,4517.014,2244048775,9809,114000000000,116000000000,Very Low,8874.357,5883.5,14806.977,6.359,Very Low,16257.446,4.582,Very Low,10.063,197448483.1,796.527,9239711217,9439126017,Relatively High,80337.654,49.233,80386.89,61.661,Very Low,87313.731,61.311,Very Low,62.738,3.885,4517.014,2244048775,9809,114000000000,116000000000,Relatively Low,5706.885,8620.39,14337.257,23.801,Relatively Low,15753.171,19.854,Very Low
248,Utah,UT,Garfield,5083,2545999016,5260.782,2650058.459,19.949,Very Low,19.158,Very Low,2188118.295,695695.245,0.125,1452507.593,40.26,Relatively Moderate,41.63,Relatively Moderate,2.563,1.211,Relatively Moderate,Very Low,Very Low,5260.782,No Rating,No Expected Annual Losses,No Rating,5260.782,Very Low,Very Low,Very Low,5260.782,2545971000,5083,58962800000,61508771000,0.034,Relatively Moderate,148097.7,16464.32,164562.02,53.11,Very Low,203472.521,55.361,Very Low,3,0.067,5260.782,2545999016,5083,58962800000,61533784123,Relatively Low,817.977,24.682,843.349,4.094,Very Low,1017.072,2.1,Very Low,5260.782,Relatively Moderate,Relatively Low,Relatively Low,0.015,5260.782,2545999016,5083,58962800000,61508799016,Relatively High,38.639,2345.408,2384.046,7.229,Very Low,2876.386,6.862,Very Low,Relatively Moderate,Relatively High,Relatively High,528,23.991,5260.782,2545999016,5083,58962800000,61508799016,Very High,2253.238,61521.128,63774.365,40.508,Relatively Low,76682.333,40.412,Relatively Low,Very Low,Relatively Low,Relatively Low,3,0.081,5260.782,2545999016,5083,58962800000,61533784123,Relatively High,6566.494,5970.913,12694.735,7.01,Very Low,15441.954,4.804,Very Low,0.078,5260.782,2545999016,5083,58962800000,61533784123,Very Low,2623.46,952.024,3608.255,2.45,Very Low,4353.014,2.259,Very Low,12.961,815017888.2,1291.514,14981558457,15804601964,Relatively High,269688.083,379.022,270067.837,75.565,Relatively Low,330226.759,75.692,Relatively Low,137.714,8.527,5260.782,2545999016,5083,58962800000,61533784123,Relatively Moderate,58698.077,78125.882,136899.186,74.838,Relatively Moderate,167265.096,76.01,Relatively Moderate
249,Utah,UT,Grand,9604,2084202749,3722.126,1943931.397,13.299,Very Low,11.359,Very Low,1488210.184,562404.095,0.073,850841.862,58.15,Relatively Moderate,41.09,Relatively Moderate,2.561,1.306,Relatively Moderate,Very Low,Very Low,3722.126,Relatively Low,Very Low,Very Low,3722.126,Very Low,Very Low,Very Low,3722.126,2084161000,9669,112000000000,114000000000,0.008,Very Low,9951,1084.264,11035.264,18.694,Very Low,15160.36,20.84,Very Low,4,0.104,3722.126,2084202749,9604,111000000000,113000000000,Relatively Low,763.661,853.857,1656.505,5.335,Very Low,2161.599,3.373,Very Low,3722.126,Relatively Low,Relatively Low,Relatively Low,0.015,3722.126,2084202749,9604,111000000000,113000000000,Relatively High,6738.585,1735.43,8474.015,19.52,Very Low,11143.512,20.187,Very Low,Very Low,Relatively High,Relatively High,436,19.79,3722.126,2084202749,9604,111000000000,113000000000,Very High,3701.214,117128.689,120829.903,60.425,Relatively Low,156649.629,62.838,Relatively Low,Relatively Low,Relatively Low,Relatively Low,8,0.209,3722.126,2084202749,9604,111000000000,113000000000,Relatively Moderate,5992.064,21473.41,27476.782,10.856,Very Low,35589.174,8.813,Very Low,0.123,3722.126,2084202749,9604,111000000000,113000000000,Very Low,8559.776,9071.678,17801.113,7.134,Very Low,23245.686,5.632,Very Low,8.263,349350937.4,1366.91,15856158258,16208077146,Very Low,81964.517,144.733,82109.261,62.074,Very Low,91499.808,61.915,Very Low,58.788,3.64,3722.126,2084202749,9604,111000000000,113000000000,Very Low,2811.05,5103.421,7918.043,15.97,Very Low,10298.261,14.158,Very Low
250,Utah,UT,Iron,57174,13348327301,3334.057,26580867.06,84.601,Relatively Moderate,83.039,Relatively Low,21848471.7,18662536.49,0.271,3141353.144,49.43,Relatively Moderate,39.18,Relatively Low,2.555,1.217,Relatively Moderate,Very Low,Very Low,3334.057,Relatively Low,Very Low,Very Low,3334.057,Very Low,Relatively Low,Relatively Low,3334.057,13348197000,57289,665000000000,678000000000,0.088,Relatively High,3086390.9,826327.579,3912718.479,90.684,Relatively Moderate,4758628.287,92.078,Relatively Low,3,0.086,3334.057,13348327301,57174,663000000000,677000000000,Relatively Low,2923.03,326.536,3253.897,7.382,Very Low,3992.329,5.218,Very Low,3334.057,Very Low,Relatively Low,Relatively Low,0.015,3334.057,13348327301,57174,663000000000,677000000000,Relatively High,202.576,26381.338,26583.915,36.076,Relatively Low,32188.038,36.309,Relatively Low,Relatively Low,Relatively Low,Relatively Low,431,19.567,3334.057,13348327301,57174,663000000000,677000000000,Relatively High,1151.576,320848.038,321999.614,82.239,Relatively Moderate,390948.076,82.947,Relatively Moderate,Very Low,Relatively Low,Relatively Moderate,6,0.155,3334.057,13348327301,57174,663000000000,677000000000,Relatively Moderate,14554.417,72777.612,87623.277,21.743,Relatively Low,106078.642,19.726,Very Low,0.08,3334.057,13348327301,57174,663000000000,677000000000,Very Low,1224.964,14725.674,16105.29,6.793,Very Low,19448.545,5.091,Very Low,44.752,3963980166,14319.947,166000000000,170000000000,Relatively Low,14986115.39,3387.157,14989730.58,98.855,Relatively High,18094902.97,98.886,Relatively High,141.268,8.747,3334.057,13348327301,57174,663000000000,677000000000,Relatively Moderate,251591.842,910141.454,1162084.824,98.205,Very High,1422436.996,98.505,Very High
251,Utah,UT,Juab,11765,1934852212,3440.17,7156051.041,55.075,Relatively Low,53.11,Relatively Low,5965563.702,3582030.385,0.203,2359908.831,19.86,Very Low,83.04,Very High,2.727,1.2,Relatively Low,Relatively High,Relatively High,3440.17,No Rating,No Expected Annual Losses,No Rating,3440.17,Very Low,Very Low,Very Low,3440.17,1934829000,11786,137000000000,139000000000,0.353,Very High,1329952.8,617340.567,1947293.367,85.825,Relatively Low,2288365.067,87.782,Relatively Low,4,0.114,3440.17,1934852212,11765,136000000000,138000000000,Relatively Low,233.255,2168.734,2627.32,6.607,Very Low,3128.847,4.582,Very Low,3440.17,Very Low,Relatively Low,Relatively Low,0.015,3440.17,1934852212,11765,136000000000,138000000000,Relatively High,6255.709,2125.919,8381.629,19.354,Very Low,9984.101,18.588,Very Low,Relatively Moderate,Relatively High,Relatively High,232,10.512,3440.17,1934852212,11765,136000000000,138000000000,Very High,167.122,104391.37,104558.492,55.051,Relatively Low,124467.874,54.794,Relatively Low,Very Low,Very Low,Very Low,20,0.575,3440.17,1934852212,11765,136000000000,138000000000,Relatively High,33193.27,102018.307,136632.403,28.722,Relatively Low,162548.334,26.472,Relatively Low,0.159,3440.17,1934852212,11765,136000000000,138000000000,Very Low,13087.092,26837.621,40112.764,10.546,Very Low,47735.372,8.559,Very Low,28.002,417512048.5,2403.829,27884413638,28325977782,Relatively Low,2098394.642,16122.66,2114546.928,92.332,Relatively Moderate,2566284.637,92.459,Relatively Moderate,113.118,7.004,3440.17,1934852212,11765,136000000000,138000000000,Relatively Moderate,27008.503,131098.473,158207.588,77.84,Relatively Moderate,188446.974,78.428,Relatively Moderate
252,Utah,UT,Kane,7644,3000616003,4149.632,2753263.648,21.158,Very Low,19.901,Very Low,2257552.344,1218612.401,0.088,1017142.603,31.09,Relatively Low,39.69,Relatively Low,2.557,1.22,Relatively Moderate,Very Low,Very Low,4149.632,Relatively Low,Very Low,Very Low,4149.632,Very Low,Very Low,Very Low,4149.632,3000590000,7667,88937200000,91937790000,0.016,Relatively Low,56233.4,4807.895,61041.295,37.574,Very Low,75667.034,38.912,Very Low,3,0.069,4149.632,3000616003,7644,88670400000,91678205094,Relatively Low,382.241,39.888,422.365,2.481,Very Low,521.928,1.304,Very Low,4149.632,Relatively Low,Relatively Moderate,Relatively Moderate,0.015,4149.632,3000616003,7644,88670400000,91671016003,Relatively High,45.538,4154.851,4200.389,11.059,Very Low,5257.104,11.592,Very Low,Very Low,Relatively Moderate,Relatively Moderate,450,20.437,4149.632,3000616003,7644,88670400000,91671016003,Very High,3191.285,70940.667,74131.953,44.949,Relatively Low,92674.254,45.946,Relatively Low,Very Low,Relatively Low,Relatively Low,3,0.085,4149.632,3000616003,7644,88670400000,91678205094,Relatively High,7047.229,10467.157,17560.022,8.375,Very Low,21871.264,6.204,Very Low,0.064,4149.632,3000616003,7644,88670400000,91678205094,Very Low,190.645,1217.853,1480.14,1.613,Very Low,1843.291,1.559,Very Low,5.685,1184664010,2561.544,29713906380,30901955408,Relatively High,955314.75,143.831,955459.664,86.51,Relatively Moderate,1144143.067,86.701,Relatively Moderate,71.918,4.453,4149.632,3000616003,7644,88670400000,91678205094,Relatively Moderate,37378.638,58181.158,95570.62,67.44,Relatively Moderate,117320.803,67.738,Relatively Moderate
253,Utah,UT,Millard,12968,3927103996,6905.993,3266768.626,26.694,Very Low,23.894,Very Low,2579767.267,1896678.201,0.054,627720.76,39.69,Relatively Low,51.46,Relatively Moderate,2.604,1.266,Relatively Low,Relatively Low,Relatively Low,6905.993,Relatively Moderate,Very Low,Very Low,6905.993,Very Low,Relatively Low,Relatively Low,6905.993,3927068000,12975,151000000000,154000000000,0.07,Relatively High,481329.7,104166.576,585496.276,73.445,Relatively Low,770522.463,76.487,Relatively Low,2,0.032,6905.993,3927103996,12968,150000000000,155000000000,Relatively Low,264.563,476.055,921.303,4.404,Very Low,1138.741,2.259,Very Low,6905.993,Very Low,Relatively Low,Relatively Low,0.015,6905.993,3927103996,12968,150000000000,154000000000,Relatively High,12697.002,2343.3,15040.301,26.249,Very Low,18676.117,27.249,Very Low,Relatively Moderate,Relatively Low,Relatively Low,250,11.355,6905.993,3927103996,12968,150000000000,154000000000,Very High,280.742,95193.883,95474.625,52.188,Relatively Low,119506.131,53.636,Relatively Low,Relatively Low,Very Low,Very Low,7,0.205,6905.993,3927103996,12968,150000000000,155000000000,Relatively High,19951.568,27970.142,48394.22,15.354,Very Low,60683.295,13.236,Very Low,0.12,6905.993,3927103996,12968,150000000000,155000000000,Very Low,15693.899,20101.026,36165.326,9.957,Very Low,45321.753,8.272,Very Low,40.358,863561920.4,2027.492,23518905064,24426966784,Relatively High,1290289.339,4374.635,1294675.349,88.928,Relatively Moderate,1626053.94,89.596,Relatively Moderate,112.101,6.941,6905.993,3927103996,12968,150000000000,155000000000,Relatively Moderate,55665.18,145851.524,201664.23,82.358,Relatively Moderate,252821.241,83.36,Relatively Moderate
254,Utah,UT,Morgan,12295,1557773548,617.049,1521972.805,9.227,Very Low,20.799,Very Low,2316626.457,1367600.497,0.082,945438.258,0.03,Very Low,95.86,Very High,2.813,0.657,Relatively Low,Relatively Low,Relatively Low,617.049,Very Low,Relatively Low,Very Low,617.049,Very Low,Very Low,Very Low,617.049,1557752000,12295,143000000000,144000000000,0.016,Very Low,77408.1,16446.021,93854.121,43.671,Very Low,65240.224,36.303,Very Low,11,0.307,617.049,1557773548,12295,143000000000,144000000000,Relatively Low,261.032,2878.703,3275.314,7.444,Very Low,2191.339,3.436,Very Low,617.049,No Rating,No Expected Annual Losses,No Rating,0.015,617.049,1557773548,12295,143000000000,144000000000,Relatively High,5036.549,2221.689,7258.239,17.288,Very Low,4868.948,10.826,Very Low,Relatively Low,Relatively Low,Relatively Low,295,13.389,617.049,1557773548,12295,143000000000,144000000000,Very High,337.046,84412.032,84749.078,48.456,Relatively Low,56085.566,29.44,Relatively Low,Very Low,Very Low,Very Low,31,0.889,617.049,1557773548,12295,143000000000,144000000000,Relatively High,72087.991,159881.23,232300.147,41.16,Relatively Low,155445.917,25.835,Relatively Low,0.046,617.049,1557773548,12295,143000000000,144000000000,Relatively Low,11571.855,29112.811,40926.919,10.732,Very Low,27384.964,6.3,Very Low,8.312,713979611.1,5956.51,69095515871,69816462930,Very Low,1151490.104,3538.392,1155453.332,88.005,Relatively Moderate,741079.433,83.837,Relatively Low,271.029,16.782,617.049,1557773548,12295,143000000000,144000000000,Relatively Moderate,40287.688,358978.603,399340.68,90.932,Relatively High,268500.974,84.696,Relatively Moderate
255,Utah,UT,Piute,1429,421931241,774.006,504975.635,1.909,Very Low,1.826,Very Low,440925.448,198350.999,0.02,237271.962,29.98,Relatively Low,3.95,Very Low,2.354,1.145,Relatively Moderate,Very Low,Very Low,774.006,No Rating,No Expected Annual Losses,No Rating,774.006,Very Low,Very Low,Very Low,774.006,421921000,1438,16680800000,17102721000,0.04,Relatively Moderate,59122.5,6959.074,66081.574,38.502,Very Low,75680.787,38.976,Very Low,3,0.074,774.006,421931241,1429,16576400000,17044904281,Relatively Low,77.271,6.698,85.362,1.117,Very Low,97.762,0.955,Very Low,774.006,No Rating,No Expected Annual Losses,No Rating,0.015,774.006,421931241,1429,16576400000,16998331241,Relatively High,6.403,659.372,665.775,2.398,Very Low,762.488,2.199,Very Low,Relatively High,Relatively Low,Relatively Low,385,17.472,774.006,421931241,1429,16576400000,16998331241,Relatively High,216.796,6871.05,7087.847,3.893,Very Low,8117.449,3.99,Very Low,Relatively Low,Very Low,Very Low,4,0.113,774.006,421931241,1429,16576400000,17044904281,Relatively High,1741.814,2592.08,4617.496,4.684,Very Low,5288.248,2.195,Very Low,0.014,774.006,421931241,1429,16576400000,17044904281,Relatively Low,722.997,446.71,1224.061,1.489,Very Low,1401.872,1.495,Very Low,6.968,142587263.4,525.359,6094158733,6250451797,Relatively Moderate,72125.619,427.185,72555.322,60.356,Very Low,83094.931,60.484,Very Low,225.615,13.97,774.006,421931241,1429,16576400000,17044904281,Relatively High,49684.203,82508.761,132421.483,74.28,Relatively Moderate,151657.435,73.847,Relatively Moderate
256,Utah,UT,Rich,2507,1310359420,1097.385,1079273.906,5.822,Very Low,6.685,Very Low,1015297.72,625055.102,0.033,379665.404,13.62,Very Low,46.94,Relatively Moderate,2.587,1.063,Relatively Low,Relatively Low,Relatively Low,1097.385,Very Low,Relatively Low,Relatively Low,1097.385,Very Low,Very Low,Very Low,1097.385,1310351000,2510,29116000000,30426351000,0.039,Relatively Moderate,193612.7,19803.819,213416.519,58.124,Very Low,226864.372,57.175,Very Low,8,0.214,1097.385,1310359420,2507,29081200000,30416868930,Relatively Low,143.348,367.581,617.986,3.35,Very Low,656.927,1.559,Very Low,1097.385,No Rating,No Expected Annual Losses,No Rating,0.015,1097.385,1310359420,2507,29081200000,30391559420,Very High,4236.617,453.011,4689.628,12.092,Very Low,4985.132,11.126,Very Low,Relatively Moderate,Relatively Low,Relatively Low,244,11.072,1097.385,1310359420,2507,29081200000,30391559420,Very High,212.517,14305.096,14517.613,9.234,Very Low,15432.401,8.044,Very Low,Relatively Moderate,Very Low,Very Low,18,0.52,1097.385,1310359420,2507,29081200000,30416868930,Relatively High,23245.397,11950.764,35242.874,12.314,Very Low,37463.606,9.195,Very Low,0.064,1097.385,1310359420,2507,29081200000,30416868930,Relatively Low,4839.154,2804.705,7722.807,4.249,Very Low,8209.438,3.245,Very Low,64.448,575927999.5,1288.082,14941746012,15536288203,Relatively Moderate,339810.047,309.664,340655.182,77.824,Relatively Low,362120.628,76.36,Relatively Low,293.214,18.156,1097.385,1310359420,2507,29081200000,30416868930,Relatively Moderate,47099.335,80464.404,127719.727,73.661,Relatively Moderate,135767.633,71.142,Relatively Moderate
257,Utah,UT,Salt Lake,1185141,172000000000,813.871,348054915.7,98.95,Relatively High,99.071,Relatively High,316213381.8,197119063.2,10.265,119079492.9,43.63,Relatively Moderate,77.34,Relatively High,2.702,1.101,Relatively Moderate,Very High,Relatively High,805.419,Relatively Low,Very Low,Very Low,805.419,Very Low,Very Low,Very Low,805.419,172000000000,1185238,13700000000000,13900000000000,0.24,Very High,170614789.8,106942797.8,277557587.6,99.629,Relatively High,312818826.5,99.618,Relatively High,11,0.302,805.419,172000000000,1185141,13700000000000,13900000000000,Very Low,752.633,6887.855,7786.261,11.818,Very Low,8003.15,8.654,Very Low,805.419,Very Low,Relatively High,Relatively Moderate,0.015,805.419,172000000000,1185141,13700000000000,13900000000000,Very Low,12408.325,2046.075,14454.4,25.849,Very Low,14987.391,23.984,Very Low,Very Low,Relatively High,Relatively High,295,13.523,805.419,172000000000,1185141,13700000000000,13900000000000,Relatively Low,34867.976,641031.425,675899.401,92.021,Relatively High,682253.374,90.347,Relatively High,Very Low,Relatively Moderate,Relatively Moderate,38,1.11,805.419,172000000000,1185141,13700000000000,13900000000000,Very Low,278031.868,459870.905,741162.044,76.644,Relatively Moderate,773435.858,72.638,Relatively Moderate,0.049,813.871,172000000000,1185141,13700000000000,13900000000000,Relatively Low,1096479.055,2287416.12,3384064.221,81.359,Relatively Moderate,3486401.366,78.524,Relatively Moderate,24.831,10883295553,59968.572,696000000000,707000000000,Relatively Low,23694365.56,40775.685,23736209.32,99.395,Relatively High,19713380.66,99.236,Relatively High,176.877,11.067,805.419,172000000000,1185141,13700000000000,13900000000000,Very Low,55913.093,1044656.409,1100639.9,97.864,Very High,1117713.488,97.423,Very High
258,Utah,UT,San Juan,14449,4581761312,8013.327,1083892.351,5.854,Very Low,4.116,Very Low,720407.13,278047.561,0.037,432939.305,93.28,Very High,2.96,Very Low,2.335,1.505,Very High,Relatively Low,Relatively Low,8013.327,Relatively Low,Very Low,Very Low,8013.327,Very Low,Very Low,Very Low,8013.327,4581712000,14518,168000000000,173000000000,0.007,Very Low,17120.6,2151.519,19272.119,24.079,Very Low,29560.424,27.362,Very Low,3,0.067,8013.327,4581761312,14449,168000000000,172000000000,Very Low,440.875,71.462,512.963,2.73,Very Low,790.763,1.75,Very Low,8013.327,Relatively Low,Relatively Low,Relatively Low,0.015,8013.327,4581761312,14449,168000000000,172000000000,Relatively High,69.534,7853.668,7923.202,18.554,Very Low,12954.161,22.085,Very Low,Very Low,Relatively Low,Relatively Moderate,486,22.075,8013.327,4581761312,14449,168000000000,172000000000,Relatively High,6300.918,98316.068,104616.985,55.084,Relatively Low,166085.542,64.414,Relatively Low,No Rating,No Expected Annual Losses,No Rating,4,0.095,8013.327,4581761312,14449,168000000000,172000000000,Relatively Moderate,5498.336,8736.076,14298.794,7.63,Very Low,21728.505,6.141,Very Low,0.128,8013.327,4581761312,14449,168000000000,172000000000,Very Low,6579.389,4767.618,11404.904,5.49,Very Low,17710.857,4.868,Very Low,28.738,1452637392,3860.538,44782242807,46239012667,Relatively Low,211182.969,58.996,211242.233,72.892,Relatively Low,284243.627,74.324,Relatively Low,69.392,4.297,8013.327,4581761312,14449,168000000000,172000000000,Relatively Low,18090.119,21249.655,39344.307,45.497,Relatively Low,54072.407,47.534,Relatively Low
259,Utah,UT,Sanpete,28408,4684454670,1618.481,6210539.674,49.507,Relatively Low,48.716,Very Low,5214956.591,2207345.955,0.255,2953173.782,45.7,Relatively Moderate,62,Relatively High,2.645,1.191,Relatively Moderate,Very High,Relatively High,1618.481,No Rating,No Expected Annual Losses,No Rating,1618.481,Very Low,Very Low,Very Low,1618.481,4684360000,28437,330000000000,335000000000,0.053,Relatively Moderate,691533.4,215600.572,907133.972,77.933,Relatively Low,1155899.63,80.624,Relatively Low,5,0.14,1618.481,4684454670,28408,330000000000,334000000000,Relatively Low,838.802,2673.396,4046.884,8.127,Very Low,4816.901,5.95,Very Low,1618.481,Relatively Low,Relatively Low,Relatively Low,0.015,1618.481,4684454670,28408,330000000000,334000000000,Relatively High,15145.646,5133.286,20278.933,30.946,Relatively Low,24384.137,31.512,Relatively Low,Relatively Moderate,Relatively High,Relatively High,350,15.882,1618.481,4684454670,28408,330000000000,334000000000,Relatively Moderate,385.244,34156.046,34541.29,22.973,Very Low,41135.358,22.555,Very Low,Very Low,Relatively Low,Relatively Low,9,0.245,1618.481,4684454670,28408,330000000000,334000000000,Relatively Low,13713.86,25620.708,39828.092,13.679,Very Low,47495.286,11.231,Very Low,0.04,1618.481,4684454670,28408,330000000000,334000000000,Relatively Low,23373.305,51827.728,75499.837,14.361,Very Low,90137.933,12.186,Very Low,44.955,1242124095,7315.213,84856472962,86171526619,Relatively Low,1230023.558,2451.21,1232491.603,88.387,Relatively Moderate,1437572.093,88.419,Relatively Moderate,161.33,9.99,1618.481,4684454670,28408,330000000000,334000000000,Relatively Low,20793.636,60810.242,81662.155,63.2,Relatively Moderate,97275.371,62.838,Relatively Moderate
260,Utah,UT,Sevier,21466,4225243408,1937.622,3379743.146,27.84,Very Low,26.37,Very Low,2755928.589,1103322.391,0.141,1635816.128,44.49,Relatively Moderate,60.41,Relatively High,2.639,1.226,Relatively Low,Relatively Low,Relatively Low,1937.622,No Rating,No Expected Annual Losses,No Rating,1937.622,Very Low,Very Low,Very Low,1937.622,4225183000,21522,250000000000,254000000000,0.038,Relatively Low,541471.4,179973.263,721444.663,75.611,Relatively Low,969236.564,79.001,Relatively Low,3,0.082,1937.622,4225243408,21466,249000000000,253000000000,Very Low,408.304,86.254,497.296,2.699,Very Low,598.525,1.464,Very Low,1937.622,Relatively Moderate,Relatively Moderate,Relatively Moderate,0.015,1937.622,4225243408,21466,249000000000,253000000000,Relatively High,64.123,9904.883,9969.006,21.319,Very Low,12365.97,21.486,Very Low,Very Low,Relatively Low,Relatively Low,444,20.149,1937.622,4225243408,21466,249000000000,253000000000,Relatively Moderate,389.509,60428.82,60818.329,38.674,Relatively Low,75946.276,39.961,Relatively Low,Very Low,Relatively Low,Relatively Low,4,0.102,1937.622,4225243408,21466,249000000000,253000000000,Relatively Moderate,7885.127,16977.04,25221.176,10.391,Very Low,31374.711,8.081,Very Low,0.043,1937.622,4225243408,21466,249000000000,253000000000,Very Low,12010.838,12783.694,24972.507,8.499,Very Low,30889.584,6.65,Very Low,13.734,655527039.1,2632.056,30531844403,31215395031,Relatively Low,416213.861,2678.865,418906.062,79.892,Relatively Low,479979.581,79.51,Relatively Low,194.954,12.071,1937.622,4225243408,21466,249000000000,253000000000,Relatively Low,43740.82,99739.95,143628.003,75.952,Relatively Moderate,176090.005,76.869,Relatively Moderate
261,Utah,UT,Summit,42322,11803918842,1899.843,11682934.23,69.36,Relatively Low,76.602,Relatively Low,15287776.35,11292681.43,0.344,3991076.651,7.96,Very Low,85.07,Very High,2.74,0.764,Relatively Moderate,Very High,Relatively High,1899.843,Relatively Low,Relatively Low,Relatively Low,1899.843,Very Low,Very Low,Very Low,1899.843,11803816000,42357,491000000000,503000000000,0.021,Relatively Low,441933.6,46460.843,488394.443,71.278,Relatively Low,384043.251,66.274,Very Low,9,0.26,1899.843,11803918842,42322,491000000000,503000000000,Relatively Low,1887.093,9436.259,11342.033,14.981,Very Low,9021.938,9.481,Very Low,1899.843,No Rating,No Expected Annual Losses,No Rating,0.015,1899.843,11803918842,42322,491000000000,503000000000,Relatively High,38164.097,7647.527,45811.623,45.936,Relatively Low,35863.728,38.075,Relatively Low,Relatively Low,Relatively Moderate,Relatively Moderate,412,18.71,1899.843,11803918842,42322,491000000000,503000000000,Very High,3412.438,608026.889,611439.327,90.83,Relatively High,490610.661,86.068,Relatively Moderate,Very Low,Very Low,Very Low,21,0.603,1899.843,11803918842,42322,491000000000,503000000000,Relatively High,140072.914,577162.13,717696.887,75.868,Relatively Moderate,570131.819,63.22,Relatively Moderate,0.13,1899.843,11803918842,42322,491000000000,503000000000,Very Low,85955.942,100466.567,186577.117,22.053,Very Low,147285.608,15.527,Very Low,28.247,5960305204,20373.896,236000000000,242000000000,Relatively Moderate,10356589.12,17363.21,10374556.24,97.964,Relatively High,7765656.339,97.168,Relatively High,343.842,21.29,1899.843,11803918842,42322,491000000000,503000000000,Relatively Low,68592.413,262600.265,331307.886,89.322,Relatively High,264023.207,84.346,Relatively Moderate
262,Utah,UT,Tooele,72600,10463408500,7359.546,17663329.01,77.696,Relatively Low,80.78,Relatively Low,19133806.81,15843205.25,0.283,3278935.457,25.91,Relatively Low,96.85,Very High,2.829,0.923,Not Applicable,Not Applicable,Not Applicable,7192.61,Relatively High,Very Low,Very Low,7192.61,Very Low,Very Low,Very Low,7192.61,10463281000,72698,843000000000,854000000000,0.129,Relatively High,3009592.4,1098843.149,4108435.549,91.024,Relatively Moderate,4056182.156,91.282,Relatively Low,5,0.137,7192.61,10463408500,72600,842000000000,853000000000,Relatively Low,154.305,15170.465,15447.956,18.579,Very Low,14795.865,13.745,Very Low,7192.61,Very Low,Relatively Low,Relatively Low,0.015,7192.61,10463408500,72600,842000000000,853000000000,Relatively High,33829.996,13118.719,46948.716,46.469,Relatively Low,47472.751,44.004,Relatively Low,Very Low,Relatively Low,Relatively Low,196,9.072,7192.61,10463408500,72600,842000000000,853000000000,Very High,1173.094,670622.338,671795.432,91.988,Relatively High,647665.302,89.865,Relatively Moderate,Very Low,Very Low,Very Low,33,0.976,7192.61,10463408500,72600,842000000000,853000000000,Relatively Moderate,188364.779,249550.834,439823.422,60.701,Relatively Moderate,433542.439,53.929,Relatively Low,0.441,7359.546,10463408500,72600,842000000000,853000000000,Very Low,39683.351,133890.326,173879.931,21.185,Very Low,167813.913,16.831,Very Low,28.239,2502024397,15321.874,178000000000,180000000000,Very Low,12469579.75,48806.032,12518416.4,98.505,Relatively High,11149190.16,98.027,Relatively High,63.083,3.997,7192.61,10433869368,72522.323,841000000000,852000000000,Relatively Moderate,83155.078,767669.439,850931.636,96.843,Very High,821303.16,95.896,Relatively High
263,Utah,UT,Uintah,35592,4652116661,4549.52,1560878.658,9.831,Very Low,9.564,Very Low,1287225.91,403001.876,0.074,856891.21,63.08,Relatively High,32.97,Relatively Low,2.529,1.213,Not Applicable,Not Applicable,Not Applicable,4549.52,Very Low,Relatively Low,Relatively Low,4549.52,Very Low,Very Low,Very Low,4549.52,4652033000,35620,413000000000,418000000000,0.035,Relatively Low,130356.7,16192.736,146549.436,51.284,Very Low,187577.616,53.707,Very Low,5,0.134,4549.52,4652116661,35592,413000000000,418000000000,Relatively Low,5838.257,3228.747,9503.785,13.431,Very Low,11933.154,11.772,Very Low,4549.52,Relatively Low,Relatively Moderate,Relatively Moderate,0.015,4549.52,4652116661,35592,413000000000,418000000000,Relatively High,15041.092,6431.425,21472.517,32.045,Relatively Low,26883.642,32.878,Relatively Low,Relatively Low,Relatively Moderate,Relatively Moderate,393,17.862,4549.52,4652116661,35592,413000000000,418000000000,Relatively High,713.093,143207.567,143920.66,65.154,Relatively Moderate,177563.517,66.152,Relatively Low,Very Low,Relatively Low,Relatively Low,6,0.173,4549.52,4652116661,35592,413000000000,418000000000,Relatively Low,4472.507,25132.566,29613.131,11.352,Very Low,36752.459,9.036,Very Low,0.164,4549.52,4652116661,35592,413000000000,418000000000,Very Low,19119.086,31697.067,51000.027,11.942,Very Low,63209.523,9.959,Very Low,21.44,603339386.8,5051.316,58595261811,59204790492,Very Low,191424.993,8605.139,200030.149,72.129,Relatively Low,242466.393,72.733,Relatively Low,73.779,4.568,4549.52,4652116661,35592,413000000000,418000000000,Very Low,7981.325,13653.857,21642.345,32.064,Relatively Low,26724.014,30.608,Relatively Low
264,Utah,UT,Utah,659138,91160148867,2165.87,152410711.2,96.818,Relatively High,97.679,Relatively High,163956329.5,108957824.5,4.735,54925816.16,28.39,Relatively Low,87.14,Very High,2.749,0.93,Relatively Moderate,Very High,Relatively High,2165.87,No Rating,No Expected Annual Losses,No Rating,2165.87,Very Low,Relatively Low,Relatively Low,2165.87,91159007000,659399,7650000000000,7740000000000,0.232,Relatively High,73103108.8,36143536.37,109246645.2,99.071,Relatively High,107007704.6,98.855,Relatively High,10,0.289,2165.87,91160148867,659138,7650000000000,7740000000000,Relatively Low,15724.586,144565.533,161978.537,63.151,Relatively Low,148160.725,56.793,Relatively Low,2165.87,Relatively Low,Relatively High,Relatively High,0.015,2165.87,91160148867,659138,7650000000000,7740000000000,Relatively High,294736.415,119105.324,413841.739,86.243,Relatively High,375836.741,83.811,Relatively Moderate,Very Low,Relatively High,Relatively High,322,14.624,2165.87,91160148867,659138,7650000000000,7740000000000,Relatively Low,11981.258,553146.666,565127.923,89.607,Relatively High,508744.647,86.583,Relatively Moderate,Very Low,Relatively Moderate,Relatively Moderate,28,0.797,2165.87,91160148867,659138,7650000000000,7740000000000,Relatively Low,461313.76,918478.509,1381622.024,88.306,Relatively High,1236534.809,84.41,Relatively Moderate,0.122,2165.87,91160148867,659138,7650000000000,7740000000000,Very Low,384565.063,1182208.337,1567497.018,64.671,Relatively Low,1440438.766,55.966,Relatively Low,91.383,10415005662,71181.214,826000000000,836000000000,Very Low,33391966.97,18604.754,33410575.06,99.65,Relatively High,26139188.27,99.586,Relatively High,272.212,16.855,2165.87,91160148867,659138,7650000000000,7740000000000,Very Low,30969.509,341605.678,372694.328,90.22,Relatively High,337758.56,87.655,Relatively High
265,Utah,UT,Wasatch,34769,5777142634,1219.757,5362786.543,44.384,Very Low,56.02,Relatively Low,6618919.271,4051200.857,0.221,2566047.196,6.52,Very Low,80.11,Very High,2.713,0.81,Relatively Moderate,Very High,Relatively High,1219.757,No Rating,No Expected Annual Losses,No Rating,1219.757,Very Low,Very Low,Very Low,1219.757,5777070000,34788,404000000000,409000000000,0.036,Relatively Low,435348.5,91328.355,526676.855,72.3,Relatively Low,476981.956,69.456,Relatively Low,10,0.289,1219.757,5777142634,34769,403000000000,409000000000,Relatively Low,938.81,7912.035,8912.77,12.903,Very Low,7595.372,8.177,Very Low,1219.757,No Rating,No Expected Annual Losses,No Rating,0.015,1219.757,5777142634,34769,403000000000,409000000000,Relatively High,18678.494,6282.71,24961.204,35.077,Relatively Low,20858.82,28.748,Very Low,Very Low,Relatively Low,Relatively Low,434,19.7,1219.757,5777142634,34769,403000000000,409000000000,Very High,793.679,321871.617,322665.296,82.304,Relatively Moderate,277806.118,76.705,Relatively Moderate,Very Low,Very Low,Very Low,21,0.602,1219.757,5777142634,34769,403000000000,409000000000,Relatively Moderate,17746.334,228515.995,246501.546,43.114,Relatively Low,210627.706,32.135,Relatively Low,0.077,1219.757,5777142634,34769,403000000000,409000000000,Relatively Low,35635.056,66751.165,102424.251,15.881,Very Low,86814.707,12.027,Very Low,15.3,2647960334,13330.849,155000000000,157000000000,Relatively Low,3483958.932,8676.047,3492635.02,94.941,Relatively Moderate,2776117.442,92.969,Relatively Moderate,324.356,20.084,1219.757,5777142634,34769,403000000000,409000000000,Relatively Low,46074.676,171922.517,218028.123,83.504,Relatively High,187885.602,78.333,Relatively Moderate
266,Utah,UT,Washington,180117,30275265959,2454.979,113799446.8,95.705,Relatively High,95.946,Relatively High,108927468.2,97098705.39,1.018,11809775.95,46.34,Relatively Moderate,49.65,Relatively Moderate,2.596,1.045,Relatively Moderate,Very Low,Very Low,2454.979,Relatively Low,Very Low,Very Low,2454.979,Very Low,Very Low,Very Low,2454.979,30274901000,180279,2090000000000,2120000000000,0.032,Relatively Low,1702508.6,313626.538,2016135.138,86.134,Relatively Low,2157609.289,87.464,Relatively Low,4,0.094,2454.979,30275265959,180117,2090000000000,2120000000000,Relatively Low,62.65,12303.28,12376.279,15.974,Very Low,13662.822,12.759,Very Low,2454.979,Relatively Low,Relatively High,Relatively High,0.015,2454.979,30275265959,180117,2090000000000,2120000000000,Relatively High,97885.134,32546.892,130432.026,66.922,Relatively Moderate,144833.901,66.256,Relatively Moderate,Very Low,Relatively High,Relatively High,401,18.183,2454.979,30275265959,180117,2090000000000,2120000000000,Relatively Low,21439.766,87776.207,109215.973,56.982,Relatively Low,121161.178,54.022,Relatively Low,Relatively Low,Relatively High,Relatively High,7,0.178,2454.979,30275265959,180117,2090000000000,2120000000000,Very Low,29794.1,33658.765,63904.508,17.928,Very Low,70613.78,14.858,Very Low,0.033,2454.979,30275265959,180117,2090000000000,2120000000000,Very Low,1643.116,26474.287,28151.737,8.871,Very Low,31173.69,6.682,Very Low,26.988,9752175219,53002.768,615000000000,625000000000,Relatively Low,72249646.6,49842.913,72301984.72,99.873,Very High,72670473.77,99.873,Relatively High,132.705,8.217,2454.979,30275256118,180116.921,2090000000000,2120000000000,Very Low,24344.626,68956.558,93341.021,66.821,Relatively Moderate,100226.681,63.506,Relatively Moderate
267,Utah,UT,Wayne,2466,1050083213,2491.734,619884.129,2.482,Very Low,2.321,Very Low,503337.193,325552.367,0.015,174926.514,35.87,Relatively Low,46.85,Relatively Moderate,2.586,1.232,Relatively Moderate,Very Low,Very Low,2491.734,No Rating,No Expected Annual Losses,No Rating,2491.734,Very Low,Very Low,Very Low,2491.734,1050071000,2486,28837600000,29887671000,0.018,Relatively Low,25621,2041.728,27662.728,27.886,Very Low,34067.989,28.731,Very Low,3,0.068,2491.734,1050083213,2466,28605600000,29670462371,Relatively Low,280.839,10.596,291.8,1.83,Very Low,359.366,1.209,Very Low,2491.734,Relatively Low,Relatively Low,Relatively Low,0.015,2491.734,1050083213,2466,28605600000,29655683213,Relatively High,15.936,1137.867,1153.803,3.764,Very Low,1420.964,3.897,Very Low,Relatively Moderate,Relatively Low,Relatively Low,408,18.528,2491.734,1050083213,2466,28605600000,29655683213,Relatively High,868.34,17248.334,18116.675,11.937,Very Low,22311.563,12.773,Very Low,Relatively Moderate,Relatively Low,Relatively Low,4,0.09,2491.734,1050083213,2466,28605600000,29670462371,Relatively High,2599.575,2481.48,5173.22,4.932,Very Low,6371.071,2.418,Very Low,0.042,2491.734,1050083213,2466,28605600000,29670462371,Very Low,2085.562,1141.953,3240.959,2.233,Very Low,3991.397,2.195,Very Low,5.302,291488741.4,555.297,6441444602,6736581378,Relatively High,50988.057,39.17,51027.406,54.82,Very Low,62842.722,56.538,Very Low,87.258,5.403,2491.734,1050083213,2466,28605600000,29670462371,Relatively High,24777.208,37044.942,61863.794,56.298,Relatively Moderate,76188.259,56.443,Relatively Low
268,Utah,UT,Weber,262158,42643343203,666.502,80820766.94,94.209,Relatively Moderate,94.274,Relatively Moderate,75219773.45,49109089.21,2.249,26089828.93,32.75,Relatively Low,88.77,Very High,2.759,1.074,Relatively Moderate,Relatively High,Relatively Moderate,591.606,Relatively Low,Relatively Low,Relatively Low,591.606,Very Low,Very Low,Very Low,591.606,42642877000,262223,3040000000000,3080000000000,0.196,Relatively High,42732970.6,20296743.36,63029713.96,98.514,Relatively High,69370244.89,98.473,Relatively High,11,0.358,591.606,42643343203,262158,3040000000000,3080000000000,Relatively Low,770.211,60922.716,61717.754,42.742,Relatively Low,62556.401,37.735,Very Low,591.606,Relatively Low,Relatively High,Relatively High,0.017,591.606,42643343203,262158,3040000000000,3080000000000,Relatively High,137873.251,47371.588,185244.839,74.717,Relatively Moderate,190973.522,72.152,Relatively Moderate,Very Low,Relatively High,Relatively High,238,12.163,591.606,42643343203,262158,3040000000000,3080000000000,Relatively Low,4911.586,103162.619,108074.205,56.403,Relatively Low,109036.968,50.257,Relatively Low,Very Low,Relatively Low,Relatively Low,34,1.102,591.606,42643343203,262158,3040000000000,3080000000000,Relatively Moderate,1746158.278,186279.243,1937092.921,92.308,Relatively High,2001217.156,91.823,Relatively High,0.045,666.502,42643343203,262158,3040000000000,3080000000000,Relatively Low,240963.128,568927.86,810154.888,45.782,Relatively Low,832302.85,40.471,Relatively Low,22.552,4390816951,18447.302,214000000000,218000000000,Relatively Low,3743847.868,4888.631,3749358.982,95.291,Relatively Moderate,2938112.431,93.382,Relatively Moderate,195.159,13.614,591.606,42643343203,262158,3040000000000,3080000000000,Very Low,106520.473,652241.145,758985.92,96.038,Very High,769014.176,95.577,Relatively High
269,Wyoming,WY,Albany,37019,8782983615,4352.251,5103121.037,42.825,Very Low,49.923,Very Low,5359484.718,1083474.481,0.327,3796590.771,25.72,Relatively Low,75.11,Relatively High,2.694,0.952,Relatively Moderate,Very Low,Very Low,4352.251,Very Low,Very High,Very High,4352.251,No Rating,No Expected Annual Losses,No Rating,4352.251,8782853000,37066,430000000000,439000000000,0.026,Relatively Low,157560.1,21847.947,179408.047,54.875,Very Low,181539.285,53.007,Very Low,73,2.138,4352.251,8782983615,37019,429000000000,438000000000,Very Low,11513.409,9066.639,26192.04,26.458,Very Low,24917.633,20.776,Very Low,4352.251,No Rating,No Expected Annual Losses,No Rating,0.028,4352.251,8782100695,37011.715,429000000000,438000000000,Relatively High,1437.116,37273.723,38710.838,43.138,Relatively Low,38143.957,39.54,Relatively Low,Relatively Low,Relatively Low,Relatively Low,488,22.174,4352.251,8782983615,37019,429000000000,438000000000,Very High,15764.856,475686.445,491451.301,87.677,Relatively High,484205.438,85.811,Relatively Moderate,Relatively Low,Relatively Low,Relatively Low,16,0.456,4352.251,8782983615,37019,429000000000,438000000000,Relatively Moderate,18694.141,123731.107,142481.181,29.622,Relatively Low,140368.376,24.053,Relatively Low,0.899,4352.251,8782983615,37019,429000000000,438000000000,Very Low,255132.431,513651.626,769994.366,44.386,Relatively Low,758371.6,38.212,Relatively Low,38.457,1320154453,4954.394,57470974964,58829757334,Relatively Low,602366.827,2467.305,605463.165,83.36,Relatively Low,519300.742,80.433,Relatively Low,142.69,8.835,4352.251,8782983615,37019,429000000000,438000000000,Relatively Low,10004.339,169680.457,179689.84,80.749,Relatively Moderate,174670.635,76.774,Relatively Moderate
270,Wyoming,WY,Big Horn,11503,3124602174,3190.165,1173852.955,6.395,Very Low,5.509,Very Low,898025.333,319521.831,0.037,430967.313,47.77,Relatively Moderate,21.51,Relatively Low,2.481,1.307,Not Applicable,Not Applicable,Not Applicable,3190.165,Very Low,Relatively Moderate,Relatively Moderate,3190.165,Very Low,Relatively Low,Relatively Low,3190.165,3124559000,11521,134000000000,137000000000,0.028,Relatively Low,66939.7,9070.808,76010.508,40.669,Very Low,100037.383,42.634,Very Low,26,0.738,3190.165,3124602174,11503,133000000000,137000000000,Relatively Moderate,12972.555,5105.524,32286.414,29.994,Very Low,42380.179,29.908,Very Low,3190.165,Very High,Very Low,Very Low,0.015,3190.165,3124602174,11503,133000000000,137000000000,Relatively High,10102.375,2078.576,12180.952,23.584,Very Low,15996.644,24.584,Very Low,Relatively Low,Relatively Moderate,Relatively Moderate,197,8.918,3190.165,3124602174,11503,133000000000,137000000000,Very High,374.762,48581.905,48956.667,30.631,Relatively Low,64638.587,33.752,Relatively Low,Relatively Low,Relatively Low,Relatively Low,15,0.432,3190.165,3124602174,11503,133000000000,137000000000,Relatively Moderate,12264.245,39350.006,51639.992,15.974,Very Low,67685.87,14.222,Very Low,0.245,3190.165,3124602174,11503,133000000000,137000000000,Relatively Low,64885.609,73576.871,139024.69,18.61,Very Low,182491.049,17.786,Very Low,25.358,446121741,1166.899,13536023654,13994235828,Relatively Moderate,61194.415,1507.479,62770.52,58.002,Very Low,80536.911,60.165,Very Low,39.539,2.448,3190.165,3124602174,11503,133000000000,137000000000,Relatively Low,420.098,17495.777,17929.937,27.793,Relatively Low,23533.942,28.126,Relatively Low
271,Wyoming,WY,Campbell,47000,9700671397,4854.838,7129332.25,54.852,Relatively Low,56.144,Relatively Low,6627865.17,3447791.834,0.249,2883238.429,32.27,Relatively Low,21.83,Relatively Low,2.482,1.076,Not Applicable,Not Applicable,Not Applicable,4854.838,Very Low,Relatively High,Relatively High,4854.838,Very Low,Very Low,Very Low,4854.838,9700544000,47026,546000000000,555000000000,0.02,Relatively Low,89471.4,13012.024,102483.424,44.816,Very Low,115435.886,44.862,Very Low,78,2.278,4854.838,9700671397,47000,545000000000,555000000000,Relatively High,1146119.257,83874.485,1230383.959,91.78,Relatively Moderate,1387531.85,92.046,Relatively Moderate,4854.838,Relatively High,Very Low,Very Low,0.015,4854.838,9700671397,47000,545000000000,555000000000,Relatively High,31363.936,8492.835,39856.771,43.771,Relatively Low,44554.813,42.638,Relatively Low,Very Low,Relatively Low,Relatively Low,563,25.566,4854.838,9700671397,47000,545000000000,555000000000,Relatively Low,23633.374,57926.441,81559.815,47.458,Relatively Low,91066.869,45.238,Relatively Low,Relatively Low,Relatively Low,Relatively Low,40,1.15,4854.838,9700671397,47000,545000000000,555000000000,Relatively Low,31596.379,107753.276,139429.541,29.094,Relatively Low,156401.141,25.962,Relatively Low,0.862,4854.838,9700671397,47000,545000000000,555000000000,Very Low,368148.067,907143.179,1278966.071,58.561,Relatively Low,1428551.625,55.775,Relatively Low,93.062,2044187033,8840.056,103000000000,105000000000,Relatively Low,1687769.325,113779.127,1803494.495,91.346,Relatively Moderate,1729314.341,90.169,Relatively Moderate,71.204,4.409,4854.838,9700671397,47000,545000000000,555000000000,Relatively Moderate,22144.884,253641.99,275802.121,87.218,Relatively High,306940.987,86.446,Relatively High
272,Wyoming,WY,Carbon,14494,3804300853,8044.374,1705188.345,10.881,Very Low,11.142,Very Low,1466204.668,725431.2,0.049,573525.858,52.07,Relatively Moderate,29.98,Relatively Low,2.517,1.163,Relatively Moderate,Very Low,Very Low,8044.374,Very Low,Relatively Moderate,Relatively Moderate,8044.374,Very Low,Very Low,Very Low,8044.374,3804235000,14537,169000000000,172000000000,0.028,Relatively Low,97624.9,11778.775,109403.675,46.332,Very Low,130943.145,47.089,Very Low,9,0.247,8044.374,3804300853,14494,168000000000,172000000000,Very Low,1100.714,148.579,1998.764,5.707,Very Low,2341.39,3.595,Very Low,8044.374,No Rating,No Expected Annual Losses,No Rating,0.015,8044.374,3804300853,14494,168000000000,172000000000,Very High,710.736,22848.643,23559.379,33.911,Relatively Low,29119.39,34.344,Relatively Low,Relatively Low,Relatively Low,Relatively Low,342,15.5,8044.374,3804300853,14494,168000000000,172000000000,Very High,4243.649,118847.184,123090.833,60.875,Relatively Low,151173.247,61.165,Relatively Low,Relatively Moderate,Relatively Low,Relatively Low,8,0.231,8044.374,3804300853,14494,168000000000,172000000000,Relatively Moderate,6840.582,26466.083,33336.242,12.066,Very Low,40758.856,10.086,Very Low,0.32,8044.374,3804300853,14494,168000000000,172000000000,Very Low,17994.095,24101.209,42330.639,10.794,Very Low,51292.581,8.877,Very Low,75.293,660914864.6,1601.349,18575646524,19277124731,Relatively Moderate,250447.433,664.244,251660.04,74.642,Relatively Low,281961.374,74.228,Relatively Low,150.23,9.302,8044.374,3804300846,14494,168000000000,172000000000,Relatively Low,4732.002,61300.267,66039.797,57.846,Relatively Moderate,81729.996,58.288,Relatively Low
273,Wyoming,WY,Converse,13728,3726157223,4308.117,2549533.981,18.931,Very Low,25.874,Very Low,2716359.865,1490673.111,0.092,1069058.207,16.01,Very Low,31.99,Relatively Low,2.526,0.939,Not Applicable,Not Applicable,Not Applicable,4308.117,Very Low,Relatively High,Relatively High,4308.117,Very Low,Very Low,Very Low,4308.117,3726105000,13751,160000000000,163000000000,0.021,Relatively Low,56525.6,5423.315,61948.915,37.79,Very Low,61139.048,35.444,Very Low,48,1.385,4308.117,3726157223,13728,159000000000,163000000000,Relatively Low,5976.759,14070.64,20284.152,22.27,Very Low,20458.805,18.136,Very Low,4308.117,No Rating,No Expected Annual Losses,No Rating,0.015,4308.117,3726157223,13728,159000000000,163000000000,Relatively High,947.575,5150.039,6097.614,15.223,Very Low,6274.65,13.025,Very Low,Relatively Low,Relatively Low,Relatively Low,540,24.521,4308.117,3726157223,13728,159000000000,163000000000,Relatively Moderate,5213.064,27494.552,32707.616,21.847,Very Low,33659.87,19.048,Very Low,Relatively Low,Very Low,Very Low,15,0.43,4308.117,3726157223,13728,159000000000,163000000000,Very Low,4984.05,4201.775,9218.723,5.986,Very Low,9082.291,3.118,Very Low,0.702,4308.117,3726157223,13728,159000000000,163000000000,Very Low,101451.086,170748.229,274192.08,26.241,Very Low,274940.082,22.304,Very Low,25.101,1128771622,2946.55,34179978955,35342616691,Relatively Moderate,1275839.539,51290.73,1328758.349,89.15,Relatively Moderate,1160636.041,86.796,Relatively Moderate,101.463,6.283,4308.117,3726157223,13728,159000000000,163000000000,Relatively Moderate,32363.089,118524.072,150906.829,76.88,Relatively Moderate,154694.237,74.26,Relatively Moderate
274,Wyoming,WY,Crook,7143,2178875946,2894.289,2017623.77,13.904,Very Low,17.889,Very Low,2108880.595,1273700.513,0.066,765954.843,4.65,Very Low,6.87,Very Low,2.39,0.957,Not Applicable,Not Applicable,Not Applicable,2894.289,Relatively Low,Relatively Moderate,Relatively Moderate,2894.289,Very Low,Very Low,Very Low,2894.289,2178852000,7181,83299600000,85478452000,0.013,Relatively Low,5718.3,714.446,6432.746,13.34,Very Low,5955.568,12.09,Very Low,156,4.58,2894.289,2178875946,7143,82858800000,85098410161,Relatively High,350199.776,36489.114,387436.984,78.939,Relatively Low,370277.106,75.374,Relatively Low,2894.289,No Rating,No Expected Annual Losses,No Rating,0.016,2894.289,2178875946,7143,82858800000,85037675946,Relatively Moderate,601.193,1730.588,2331.782,7.095,Very Low,2189.21,5.63,Very Low,Relatively Low,Relatively Moderate,Relatively Moderate,658,29.876,2894.289,2178875946,7143,82858800000,85037675946,Relatively Moderate,7736.094,26756.892,34492.985,22.941,Very Low,32325.475,18.694,Very Low,Relatively Low,Very Low,Very Low,68,1.984,2894.289,2178875946,7143,82858800000,85098410161,Relatively Moderate,33503.426,56468.682,90079.015,22.084,Relatively Low,85470.48,16.99,Very Low,0.647,2894.289,2178875946,7143,82858800000,85098410161,Relatively Low,122636.854,136183.005,260454.169,25.589,Very Low,247377.954,21.063,Very Low,67.109,649839387.4,2389.342,27716372803,28385780410,Relatively Moderate,658933.943,55155.879,714392.271,84.633,Relatively Low,685797.071,83.233,Relatively Low,103.465,6.406,2894.289,2178875946,7143,82858800000,85098410161,Relatively Moderate,50578.848,61054.812,111652.308,70.783,Relatively Moderate,107648.365,65.479,Relatively Moderate
275,Wyoming,WY,Fremont,39175,8643212130,9359.281,6874912.298,53.484,Relatively Low,51.934,Relatively Low,5738097.596,2616594.527,0.261,3032981.72,72.69,Relatively High,22.09,Relatively Low,2.484,1.198,Relatively Low,Very High,Very High,9359.281,Very Low,Relatively Moderate,Relatively Moderate,9359.281,Very Low,Relatively Low,Relatively Low,9359.281,8643064000,39234,455000000000,464000000000,0.028,Relatively Low,300323.1,48563.256,348886.356,65.8,Relatively Low,439668.854,68.056,Relatively Low,9,0.258,9359.281,8643212130,39175,454000000000,463000000000,Very Low,456.724,753.017,2351.62,6.172,Very Low,2990.345,4.327,Very Low,9359.281,No Rating,No Expected Annual Losses,No Rating,0.015,9359.281,8643212130,39175,454000000000,463000000000,Very High,1138.114,59750.779,60888.893,51.732,Relatively Low,79211.411,53.364,Relatively Low,Relatively Low,Relatively Moderate,Relatively Moderate,265,12.019,9359.281,8643212130,39175,454000000000,463000000000,Relatively Moderate,9509.255,46046.898,55556.153,35.296,Relatively Low,72514.067,38.16,Relatively Low,Relatively Low,Relatively Low,Relatively Low,10,0.292,9359.281,8643212130,39175,454000000000,463000000000,Relatively Low,15916.813,48050.078,63990.229,17.959,Very Low,82617.009,16.29,Very Low,0.343,9359.281,8643212130,39175,454000000000,463000000000,Very Low,68705.86,106876.106,175958.306,21.34,Very Low,224042.264,20.045,Very Low,87.902,2035093981,9547.808,111000000000,113000000000,Relatively Low,1661201.931,9785.348,1670997.31,90.869,Relatively Moderate,2010863.5,91.282,Relatively Moderate,101.428,6.28,9359.281,8643209289,39174.976,454000000000,463000000000,Very Low,2436.052,51122.607,53558.659,52.677,Relatively Low,67715.156,53.038,Relatively Low
276,Wyoming,WY,Goshen,12475,3101144095,2254.699,3235201.254,26.249,Very Low,26.648,Very Low,2771414.323,803091.015,0.128,1490258.936,41.28,Relatively Moderate,42.81,Relatively Moderate,2.568,1.167,Not Applicable,Not Applicable,Not Applicable,2254.699,Relatively Low,Relatively High,Relatively High,2254.699,Very Low,Relatively Low,Relatively Low,2254.699,3101090000,12498,145000000000,148000000000,0.022,Relatively Low,21353.2,3423.579,24776.779,26.37,Very Low,28662.822,27.14,Very Low,152,4.446,2254.699,3101144095,12475,145000000000,148000000000,Relatively High,344720.366,62741.915,467465.209,81.079,Relatively Moderate,543888.124,81.26,Relatively Moderate,2254.699,No Rating,No Expected Annual Losses,No Rating,0.031,2254.699,3098216405,12443.89,144000000000,147000000000,Relatively High,1616.505,9631.034,11247.539,22.452,Very Low,13532.45,22.385,Very Low,Relatively Moderate,Relatively Low,Relatively Low,539,24.477,2254.699,3101144095,12475,145000000000,148000000000,Relatively High,159.69,110911.511,111071.201,57.69,Relatively Low,134969.298,57.819,Relatively Low,No Rating,No Expected Annual Losses,No Rating,30,0.856,2254.699,3101144095,12475,145000000000,148000000000,Relatively Moderate,5604.979,70899.895,76574.617,20.037,Relatively Low,93432.197,18.104,Very Low,1.301,2254.699,3101144095,12475,145000000000,148000000000,Relatively Low,298847.541,660212.437,970403.995,50.341,Relatively Low,1169117.198,49.57,Relatively Low,29.176,221272421,905.044,10498513107,10757511359,Relatively Low,83707.005,4651.954,89288.319,62.87,Relatively Low,87233.303,61.279,Very Low,88.049,5.452,2254.699,3101144095,12475,145000000000,148000000000,Relatively Moderate,41507.816,72389.185,113936.282,71.557,Relatively Moderate,136328.992,71.333,Relatively Moderate
277,Wyoming,WY,Hot Springs,4609,1304194951,2026.656,935659.414,4.582,Very Low,4.612,Very Low,782760.161,344686.077,0.037,430298.274,24.86,Relatively Low,24.44,Relatively Low,2.495,1.195,Relatively Low,Very Low,Very Low,2026.656,Very Low,Relatively Low,Relatively Low,2026.656,Very Low,Very Low,Very Low,2026.656,1304170000,4621,53603600000,54907770000,0.045,Relatively Moderate,50138.1,6830.443,56968.543,36.738,Very Low,65622.273,36.462,Very Low,14,0.402,2026.656,1304194951,4609,53464400000,54786060370,Relatively Moderate,11389.101,161.508,12158.653,15.819,Very Low,14037.286,13.14,Very Low,2026.656,No Rating,No Expected Annual Losses,No Rating,0.015,2026.656,1304194951,4609,53464400000,54768594951,Very High,365.86,7029.773,7395.632,17.555,Very Low,8382.294,16.689,Very Low,Very Low,Relatively High,Relatively High,295,13.37,2026.656,1304194951,4609,53464400000,54768594951,Relatively High,183.76,22221.138,22404.898,15.283,Very Low,25521.675,14.736,Very Low,Relatively Moderate,Very Low,Very Low,12,0.349,2026.656,1304194951,4609,53464400000,54786060370,Relatively Moderate,190.249,10308.273,11562.83,6.762,Very Low,13208.598,4.136,Very Low,0.153,2026.656,1304194951,4609,53464400000,54786060370,Relatively Low,26326.851,29787.509,56263.212,12.407,Very Low,64158.296,10.118,Very Low,11.024,233897857.4,709.606,8231430275,8473102738,Relatively Moderate,65276.14,1705.115,67053.611,59.052,Very Low,82469.988,60.356,Very Low,53.997,3.343,2026.656,1304194951,4609,53464400000,54786060370,Relatively Low,572.164,9443.817,10016.398,18.942,Relatively Low,11360.561,15.463,Very Low
278,Wyoming,WY,Johnson,8436,2354113494,4216.741,1193907.034,6.65,Very Low,8.14,Very Low,1164518.302,815216.062,0.025,294178.508,12.7,Very Low,13.56,Very Low,2.44,1.025,Not Applicable,Not Applicable,Not Applicable,4216.741,Very Low,Relatively Low,Relatively Low,4216.741,Very Low,Very Low,Very Low,4216.741,2354072000,8447,97985200000,100000000000,0.015,Very Low,27728.8,2365.395,30094.195,28.969,Very Low,31955.581,28.062,Very Low,39,1.142,4216.741,2354113494,8436,97857600000,100000000000,Very Low,3008.386,745.657,3953.894,8.065,Very Low,4223.837,5.282,Very Low,4216.741,Relatively Moderate,Very Low,Very Low,0.015,4216.741,2354113494,8436,97857600000,100000000000,Very High,660.388,12866.817,13527.206,24.85,Very Low,14733.402,23.751,Very Low,Relatively Low,Relatively Low,Relatively Low,411,18.652,4216.741,2354113494,8436,97857600000,100000000000,Relatively Moderate,631.821,12010.935,12642.756,7.658,Very Low,13724.992,7.046,Very Low,Relatively Low,Relatively Low,Relatively Low,23,0.649,4216.741,2354113494,8436,97857600000,100000000000,Relatively Moderate,10563.278,36188.984,46795.865,14.981,Very Low,50951.277,11.74,Very Low,0.456,4216.741,2354113494,8436,97857600000,100000000000,Very Low,51953.398,76448.372,129470.157,17.835,Very Low,139519.757,15.049,Very Low,24.594,541550839.6,1595.352,18506079426,19068167787,Relatively Moderate,509294.166,11536.493,521538.048,82.151,Relatively Low,517403.654,80.401,Relatively Low,70.495,4.365,4216.741,2354113494,8436,97857600000,100000000000,Relatively Moderate,2053.828,44931.626,46987.404,49.954,Relatively Low,51160.769,46.357,Relatively Low
279,Wyoming,WY,Laramie,100483,18263730127,2714.674,20672782.3,80.592,Relatively Low,81.151,Relatively Low,19725761.92,6342751.597,1.052,12199438.99,27.15,Relatively Low,60.57,Relatively High,2.639,1.048,Not Applicable,Not Applicable,Not Applicable,2714.674,Very Low,Very High,Very High,2714.674,Very Low,Very Low,Very Low,2714.674,18263430000,100512,1170000000000,1180000000000,0.028,Relatively Low,146446.2,29945.067,176391.267,54.565,Very Low,191201.281,54.025,Very Low,176,5.161,2714.674,18263730127,100483,1170000000000,1180000000000,Relatively High,3813756.744,544534.249,4385243.918,98.015,Relatively High,4622179.97,97.868,Relatively High,2714.674,No Rating,No Expected Annual Losses,No Rating,0.032,2714.674,18226754829,100039.53,1160000000000,1180000000000,Relatively High,1469.401,170106.4,171575.801,73.284,Relatively Moderate,181173.553,70.686,Relatively Moderate,Very Low,Relatively Low,Relatively Low,590,26.8,2714.674,18263730127,100483,1170000000000,1180000000000,Relatively High,28768.814,1071580.866,1100349.681,95.721,Relatively High,1167217.074,95.495,Relatively High,Relatively Low,Relatively Moderate,Relatively Moderate,34,1,2714.674,18263730127,100483,1170000000000,1180000000000,Relatively Low,22303.188,465041.622,487396.428,64.392,Relatively Moderate,518339.415,60.038,Relatively Moderate,1.951,2714.674,18263730127,100483,1170000000000,1180000000000,Very Low,1664404.027,4679932.612,6358816.58,90.261,Relatively Moderate,6755063.15,89.373,Relatively Moderate,30.635,1487033580,7758.132,89994333907,91513121398,Relatively Low,609636.901,54225.954,664329.844,84.06,Relatively Low,598159.344,81.833,Relatively Low,114.844,7.111,2714.674,18263730127,100483,1170000000000,1180000000000,Relatively Low,36266.082,512218.785,548506.351,93.686,Relatively High,577382.718,93.255,Relatively High
280,Wyoming,WY,Lincoln,19576,5648705263,4135.958,11558909.99,69.074,Relatively Low,69.452,Relatively Low,10929221.56,4973186.702,0.511,5922621.009,14.54,Very Low,30.01,Relatively Low,2.517,1.058,Relatively Moderate,Very High,Very High,4135.958,Very Low,Relatively Low,Relatively Low,4135.958,Very Low,Very Low,Very Low,4135.958,5648646000,19581,227000000000,233000000000,0.207,Very High,4280071.4,1445467.676,5725539.076,93.067,Relatively Moderate,6456365.093,93.668,Relatively Moderate,6,0.164,4135.958,5648705263,19576,227000000000,233000000000,Relatively Low,2865.966,3179.287,7440.445,11.6,Very Low,7959.592,8.622,Very Low,4135.958,No Rating,No Expected Annual Losses,No Rating,0.015,4135.958,5648705263,19576,227000000000,233000000000,Relatively High,18263.234,3537.356,21800.59,32.445,Relatively Low,23563.046,30.946,Relatively Low,Very Low,Relatively Moderate,Relatively Moderate,286,12.967,4135.958,5648705263,19576,227000000000,233000000000,Very High,6429.016,159182.99,165612.006,68.919,Relatively Moderate,180862.908,66.538,Relatively Low,Relatively Low,Relatively Low,Relatively Low,9,0.25,4135.958,5648705263,19576,227000000000,233000000000,Relatively High,57007.255,43678.223,100960.088,24.132,Relatively Low,108836.241,20.299,Very Low,0.169,4135.958,5648705263,19576,227000000000,233000000000,Very Low,35283.105,54234.036,89674.157,15.199,Very Low,94276.337,12.44,Very Low,51.665,1104453940,3561.531,41313758211,42442414200,Relatively Low,431304.713,2131.449,433441.771,80.274,Relatively Low,461432.556,79.033,Relatively Low,138.106,8.551,4135.958,5648705263,19576,227000000000,233000000000,Relatively Low,700.404,48018.665,48719.07,50.604,Relatively Low,53264.164,47.248,Relatively Low
281,Wyoming,WY,Natrona,79870,16577644337,5429.93,4818386.151,40.662,Very Low,42.526,Very Low,4443203.512,2819568.891,0.134,1551719.35,46.05,Relatively Moderate,63.21,Relatively High,2.65,1.084,Relatively Low,Very Low,Very Low,5429.93,Very Low,Relatively High,Relatively High,5429.93,Very Low,Very Low,Very Low,5429.93,16577396000,79955,927000000000,944000000000,0.021,Relatively Low,331806.3,37121.054,368927.354,66.76,Relatively Low,429090.666,67.801,Relatively Low,19,0.531,5429.93,16577644337,79870,926000000000,943000000000,Very Low,4715.977,5182.995,9959.652,13.865,Very Low,11131.994,11.104,Very Low,5429.93,No Rating,No Expected Annual Losses,No Rating,0.015,5429.93,16577644337,79870,926000000000,943000000000,Very High,2182.898,121819.903,124002.8,65.889,Relatively Moderate,138438.534,65.456,Relatively Moderate,Very Low,Relatively Low,Relatively Low,412,18.711,5429.93,16577644337,79870,926000000000,943000000000,Relatively Moderate,26410.224,127979.01,154389.234,67.117,Relatively Moderate,173382.646,65.476,Relatively Low,Very Low,Relatively Low,Relatively Low,11,0.321,5429.93,16577644337,79870,926000000000,943000000000,Very Low,16826.121,1668.11,18509.088,8.654,Very Low,21230.618,6.045,Very Low,0.446,5429.93,16577644337,79870,926000000000,943000000000,Very Low,227142.188,535946.163,763384.804,44.231,Relatively Low,854719.225,41.266,Relatively Low,21.977,2548033799,10318.223,120000000000,122000000000,Relatively Low,1719451.799,9369.542,1729405.568,91.059,Relatively Moderate,1730311.846,90.2,Relatively Moderate,102.429,6.342,5429.93,16577644337,79870,926000000000,943000000000,Very Low,21157.489,6755.348,27917.288,38.007,Relatively Low,31763.89,34.489,Relatively Low
282,Wyoming,WY,Niobrara,2432,736729060,2654.477,858941.263,4.009,Very Low,3.683,Very Low,674641.931,350919.908,0.019,217763.694,38.8,Relatively Low,12.41,Very Low,2.434,1.273,Not Applicable,Not Applicable,Not Applicable,2654.477,Relatively Low,Relatively Moderate,Relatively Moderate,2654.477,Very Low,Very Low,Very Low,2654.477,736714000,2467,28617200000,29353914000,0.016,Relatively Low,5546.6,648.84,6195.44,13.03,Very Low,7887.916,14.381,Very Low,106,3.094,2654.477,736729060,2432,28211200000,29004917031,Relatively Low,4464.299,4647.305,9506.121,13.462,Very Low,12103.012,11.899,Very Low,2654.477,No Rating,No Expected Annual Losses,No Rating,0.015,2654.477,736729060,2432,28211200000,28947929060,Relatively High,184.385,909.046,1093.431,3.531,Very Low,1392.135,3.731,Very Low,Relatively Moderate,Relatively Low,Relatively Low,618,28.06,2654.477,736729060,2432,28211200000,28947929060,Relatively Moderate,795.976,5074.647,5870.623,3.25,Very Low,7474.365,3.507,Very Low,Relatively Low,Very Low,Very Low,30,0.876,2654.477,736729060,2432,28211200000,29004917031,Relatively Low,5028.756,5732.25,10825.037,6.452,Very Low,13782.23,4.423,Very Low,0.645,2654.477,736729060,2432,28211200000,29004917031,Relatively Low,30170.985,37683.082,69931.698,13.772,Very Low,89035.707,12.154,Very Low,31.949,223746772.9,531.462,6164956378,6414613162,Relatively High,248824.828,13087.778,262311.138,75.119,Relatively Low,333969.547,75.724,Relatively Low,102.006,6.316,2654.477,736729060,2432,28211200000,29004917031,Relatively High,41755.75,23836.477,65618.665,57.536,Relatively Moderate,83544.435,58.925,Relatively Low
283,Wyoming,WY,Park,29572,6999574188,7035.47,3255887.516,26.44,Very Low,33.179,Very Low,3468556.37,1127164.517,0.182,2107962.984,7.03,Very Low,65.25,Relatively High,2.657,0.939,Relatively Moderate,Relatively Low,Relatively Low,7035.47,Relatively Low,Relatively High,Relatively High,7035.47,Very Low,Relatively Low,Relatively Low,7035.47,6999478000,29624,344000000000,351000000000,0.021,Relatively Low,394102.9,60611.401,454714.301,70.133,Relatively Low,443147.096,68.215,Relatively Low,14,0.407,7035.47,6999574188,29572,343000000000,350000000000,Relatively Moderate,37186.063,1098.415,44752.699,36.538,Very Low,42784.267,30.067,Very Low,7035.47,Relatively High,Very Low,Very Low,0.015,7035.47,6999574188,29572,343000000000,350000000000,Very High,1963.557,45104.021,47067.578,46.536,Relatively Low,46047.81,43.271,Relatively Low,Very Low,Relatively High,Relatively High,283,12.825,7035.47,6999574188,29572,343000000000,350000000000,Very High,1932.715,369957.433,371890.148,84.331,Relatively Moderate,357585.972,81.306,Relatively Moderate,Relatively Low,Relatively Low,Relatively Low,9,0.258,7035.47,6999574188,29572,343000000000,350000000000,Relatively Moderate,14116.84,40479.225,55061.404,16.47,Very Low,53812.727,12.122,Very Low,0.39,7035.47,6999574188,29572,343000000000,350000000000,Very Low,132455.81,210205.865,343647.862,29.032,Relatively Low,332838.81,24.563,Very Low,27.86,1007236003,3939.933,45703227130,46725597478,Relatively Moderate,280947.241,1379.148,282327.79,76.01,Relatively Low,252142.424,73.115,Relatively Low,101.007,6.254,7035.47,6999574188,29572,343000000000,350000000000,Very Low,863.375,18448.702,19312.077,29.434,Relatively Low,18318.167,22.558,Very Low
284,Wyoming,WY,Platte,8567,2198584995,2132.152,1545243.629,9.672,Very Low,11.575,Very Low,1500231.433,545628.398,0.064,743343.009,14.61,Very Low,25.84,Relatively Low,2.5,1.03,Not Applicable,Not Applicable,Not Applicable,2132.152,Relatively Low,Relatively High,Relatively High,2132.152,Very Low,Very Low,Very Low,2132.152,2198551000,8605,99818000000,102000000000,0.018,Relatively Low,20764.5,2563.052,23327.552,25.751,Very Low,24859.142,25.581,Very Low,104,3.041,2132.152,2198584995,8567,99377200000,102000000000,Relatively Low,23806.051,21604.786,46345.298,37.314,Very Low,47610.033,32.389,Very Low,2132.152,No Rating,No Expected Annual Losses,No Rating,0.028,2132.152,2198584995,8567,99377200000,102000000000,Relatively High,1084.411,6352.613,7437.024,17.655,Very Low,7826.889,15.989,Very Low,Relatively Moderate,Relatively Low,Relatively Low,592,26.883,2132.152,2198584995,8567,99377200000,102000000000,Relatively Moderate,3152.256,17481.403,20633.66,14.028,Very Low,21720.4,12.516,Very Low,Relatively Low,Very Low,Very Low,19,0.54,2132.152,2198584995,8567,99377200000,102000000000,Relatively Moderate,14930.403,30405.975,45401.319,14.795,Very Low,46857.142,11.168,Very Low,0.7,2132.152,2198584995,8567,99377200000,102000000000,Relatively Low,125453.579,236433.037,365382.72,29.963,Relatively Low,375588.154,26.472,Very Low,37.258,310947121.1,865.435,10039051056,10384724044,Relatively Moderate,307049.916,14887.74,323149.602,77.378,Relatively Low,338154.965,75.819,Relatively Low,99.142,6.139,2132.152,2198584995,8567,99377200000,102000000000,Relatively Moderate,32650.544,51707.28,84385.453,64.376,Relatively Moderate,88594.213,60.515,Relatively Low
285,Wyoming,WY,Sheridan,30921,6765130493,2551.95,3202873.321,25.994,Very Low,31.383,Very Low,3257295.694,1484347.708,0.146,1691726.585,19.83,Very Low,55.54,Relatively Moderate,2.619,0.983,Relatively Moderate,Very Low,Very Low,2551.95,Very Low,Relatively Low,Relatively Low,2551.95,Very Low,Very Low,Very Low,2551.95,6765041000,30921,359000000000,365000000000,0.023,Relatively Low,79625.1,10620.407,90245.507,42.897,Very Low,98031.377,42.348,Very Low,46,1.351,2551.95,6765130493,30921,359000000000,366000000000,Relatively Moderate,114737.335,13371.037,128288.903,58.344,Relatively Low,133020.104,54.852,Relatively Low,2551.95,Relatively Low,Relatively Moderate,Relatively Moderate,0.015,2551.95,6765130493,30921,359000000000,365000000000,Relatively High,21872.829,5587.382,27460.21,36.676,Relatively Low,28650.457,34.077,Relatively Low,Very Low,Relatively Moderate,Relatively Moderate,365,16.586,2551.95,6765130493,30921,359000000000,365000000000,Very High,1608.689,335087.841,336696.53,82.851,Relatively Moderate,358198.991,81.338,Relatively Moderate,Very Low,Relatively Low,Relatively Low,25,0.731,2551.95,6765130493,30921,359000000000,366000000000,Relatively Moderate,617.511,162497.578,163158.987,32.258,Relatively Low,172953.773,27.808,Relatively Low,0.176,2551.95,6765130493,30921,359000000000,366000000000,Relatively Low,98598.437,170316.337,269695.932,26.024,Very Low,282024.446,22.59,Very Low,30.013,875892052.5,2848.41,33041559024,33938016174,Relatively Moderate,1098797.012,38724.618,1138629.08,87.846,Relatively Moderate,1002694.989,86.001,Relatively Low,130.475,8.079,2551.95,6765130493,30921,359000000000,366000000000,Relatively Low,5562.214,136476.636,142110.103,75.735,Relatively Moderate,150800.49,73.688,Relatively Moderate
286,Wyoming,WY,Sublette,8723,3417096880,4985.48,5456759.104,44.989,Very Low,47.539,Very Low,5072446.423,1770929.555,0.273,3162945.56,9.77,Very Low,5.73,Very Low,2.378,1.076,Relatively Low,Very High,Very High,4985.48,Very Low,Relatively Low,Relatively Low,4985.48,Very Low,Very Low,Very Low,4985.48,3417059000,8728,101000000000,105000000000,0.083,Relatively High,663510.6,121616.925,785127.525,76.509,Relatively Low,882676.209,77.887,Relatively Low,6,0.154,4985.48,3417096880,8723,101000000000,105000000000,Relatively Moderate,7381.107,108.907,8244.196,12.252,Very Low,8873.345,9.29,Very Low,4985.48,No Rating,No Expected Annual Losses,No Rating,0.015,4985.48,3417096880,8723,101000000000,105000000000,Very High,958.582,13304.558,14263.14,25.583,Very Low,15214.898,24.117,Very Low,Relatively Low,Relatively Moderate,Relatively Moderate,266,12.046,4985.48,3417096880,8723,101000000000,105000000000,Very High,345.109,85580.836,85925.945,48.906,Relatively Low,91443.311,45.399,Relatively Low,Relatively Low,Very Low,Very Low,8,0.216,4985.48,3417096880,8723,101000000000,105000000000,Relatively Moderate,8098.981,12162.817,20451.744,9.274,Very Low,21755.258,6.172,Very Low,0.155,4985.48,3417096880,8723,101000000000,105000000000,Very Low,8692.26,11994.187,20905.385,7.878,Very Low,21223.459,5.313,Very Low,142.571,1559829619,3926.773,45550569178,47152149399,Relatively High,1028563.472,2234.239,1030807.342,87.082,Relatively Moderate,1087089.669,86.478,Relatively Moderate,107.845,6.678,4985.48,3417096880,8723,101000000000,105000000000,Very Low,30.172,12931.136,12961.308,22.284,Relatively Low,13354.082,17.658,Very Low
287,Wyoming,WY,Sweetwater,42238,9543847850,10597.074,1189081.028,6.618,Very Low,6.809,Very Low,1029640.852,353833.317,0.056,651657.338,37.4,Relatively Low,30.71,Relatively Low,2.52,1.155,Not Applicable,Not Applicable,Not Applicable,10597.074,Very Low,Relatively Moderate,Relatively Moderate,10597.074,Very Low,Very Low,Very Low,10597.074,9543693000,42272,490000000000,500000000000,0.016,Very Low,182306.6,21208.589,203515.189,57.351,Very Low,235624.595,57.843,Very Low,3,0.072,10597.074,9543847850,42238,490000000000,500000000000,Relatively Low,1570.735,230.104,1865.739,5.521,Very Low,2120.127,3.341,Very Low,10597.074,No Rating,No Expected Annual Losses,No Rating,0.015,10597.074,9543847850,42238,490000000000,500000000000,Relatively High,1256.707,21442.399,22699.106,33.344,Relatively Low,25508.367,32.345,Relatively Low,Very Low,Relatively Low,Relatively Low,290,13.178,10597.074,9543847850,42238,490000000000,500000000000,Relatively Moderate,10444.754,46424.767,56869.521,36.358,Relatively Low,64218.289,33.526,Relatively Low,Very Low,Relatively Low,Relatively Low,7,0.183,10597.074,9543847850,42238,490000000000,500000000000,Relatively Low,1496.001,42821.532,44363.712,14.516,Very Low,49803.869,11.549,Very Low,0.452,10597.074,9543847850,42238,490000000000,500000000000,Very Low,27537.758,32205.68,59779.547,12.903,Very Low,67735.913,10.531,Very Low,11.108,700731359.6,2387.75,27697895992,28404433345,Very Low,89858.008,239.991,90098.727,62.902,Relatively Low,94503.597,62.361,Very Low,58.295,3.61,10597.074,9543847850,42238,490000000000,500000000000,Very Low,347.876,34370.848,34718.724,42.618,Relatively Low,38979.495,39.58,Relatively Low
288,Wyoming,WY,Teton,23250,7659725780,4259.833,11411559.66,68.501,Relatively Low,71.154,Relatively Low,11781258.5,5056527.279,0.579,6716914.904,19.19,Very Low,39.53,Relatively Low,2.556,0.969,Relatively High,Very High,Very High,4259.833,Very Low,Relatively Low,Relatively Low,4259.833,Very Low,Very Low,Very Low,4259.833,7659639000,23331,271000000000,278000000000,0.085,Relatively High,3280442.7,793191.87,4073634.57,90.808,Relatively Moderate,3928883.301,91.059,Relatively Low,7,0.205,4259.833,7659725780,23250,270000000000,277000000000,Relatively High,59071.524,9012.201,68761.03,45.13,Relatively Low,66342.792,39.103,Very Low,4259.833,No Rating,No Expected Annual Losses,No Rating,0.015,4259.833,7659725780,23250,270000000000,277000000000,Very High,24765.209,4201.243,28966.452,37.508,Relatively Low,27978.091,33.844,Relatively Low,Very Low,Relatively Moderate,Relatively Moderate,249,11.288,4259.833,7659725780,23250,270000000000,277000000000,Very High,6470.715,315069.194,321539.909,82.207,Relatively Moderate,318297.377,79.344,Relatively Moderate,Very Low,Very Low,Very Low,7,0.198,4259.833,7659725780,23250,270000000000,277000000000,Relatively Moderate,13790.891,44254.854,58153.819,17.06,Very Low,56928.974,12.472,Very Low,0.183,4259.833,7659725780,23250,270000000000,277000000000,Relatively Low,105150.778,151083.594,256538.13,25.248,Very Low,250182.568,21.19,Very Low,8.274,1828379062,4610,53476003811,55311421045,Relatively Moderate,1502522.25,2730.934,1505255.6,90.169,Relatively Moderate,1436476.026,88.355,Relatively Moderate,199.808,12.372,4259.833,7659725780,23250,270000000000,277000000000,Very Low,4903.736,11423.308,16327.045,26.06,Relatively Low,15952.793,20.108,Very Low
289,Wyoming,WY,Uinta,20412,4599362896,2109.22,2821381.461,21.699,Very Low,20.149,Very Low,2271779.864,1588671.991,0.057,661954.237,40.64,Relatively Moderate,27.82,Relatively Low,2.509,1.242,Not Applicable,Not Applicable,Not Applicable,2109.22,Very Low,Relatively Moderate,Relatively Moderate,2109.22,Very Low,Very Low,Very Low,2109.22,4599282000,20450,237000000000,242000000000,0.075,Relatively Moderate,606666.5,138405.748,745072.248,76.045,Relatively Low,883933.121,77.919,Relatively Low,5,0.134,2109.22,4599362896,20412,237000000000,241000000000,Relatively Moderate,12893.104,3066.064,16371.467,19.386,Very Low,20153.574,17.817,Very Low,2109.22,No Rating,No Expected Annual Losses,No Rating,0.015,2109.22,4599362896,20412,237000000000,241000000000,Relatively High,14870.53,3688.42,18558.95,29.414,Relatively Low,21385.025,29.214,Very Low,Relatively Low,Relatively Low,Relatively Low,340,15.418,2109.22,4599362896,20412,237000000000,241000000000,Relatively High,6312.521,54795.04,61107.561,38.9,Relatively Low,69969.097,36.905,Relatively Low,Relatively Moderate,Very Low,Very Low,10,0.277,2109.22,4599362896,20412,237000000000,241000000000,Relatively High,61138.131,83788.002,145078.583,30.087,Relatively Low,177640.371,28.54,Relatively Low,0.116,2109.22,4599362896,20412,237000000000,241000000000,Very Low,31096.065,47092.949,78253.922,14.64,Very Low,95171.257,12.568,Very Low,85.559,1228867320,4887.224,56691803061,57940695423,Relatively Moderate,720746.999,15079.813,736185.917,84.696,Relatively Low,999568.955,85.969,Relatively Low,77.873,4.822,2109.22,4599362896,20412,237000000000,241000000000,Relatively Low,141.439,111861.405,112033.572,70.969,Relatively Moderate,127181.476,69.647,Relatively Moderate
290,Wyoming,WY,Washakie,7662,2089952112,2265.342,621196.274,2.514,Very Low,2.6,Very Low,557283.28,267804.403,0.016,187745.832,26.61,Relatively Low,62.03,Relatively High,2.645,1.115,Not Applicable,Not Applicable,Not Applicable,2265.342,Very Low,Relatively Low,Relatively Low,2265.342,Very Low,Very Low,Very Low,2265.342,2089912000,7685,89146000000,91235912000,0.041,Relatively Moderate,81059.2,11106.106,92165.306,43.485,Very Low,103697.233,43.175,Very Low,19,0.556,2265.342,2089952112,7662,88879200000,91018493128,Relatively Low,2194.772,287.766,3540.622,7.692,Very Low,3930.811,5.059,Very Low,2265.342,No Rating,No Expected Annual Losses,No Rating,0.015,2265.342,2089952112,7662,88879200000,90969152112,Very High,586.284,11686.291,12272.576,23.751,Very Low,13736.807,22.818,Very Low,Relatively Moderate,Relatively Low,Relatively Low,238,10.798,2265.342,2089952112,7662,88879200000,90969152112,Relatively High,246.788,31593.021,31839.809,21.203,Very Low,35571.453,19.981,Very Low,Relatively Low,Very Low,Very Low,13,0.374,2265.342,2089952112,7662,88879200000,91018493128,Relatively Moderate,5892.822,17293.855,28180.985,10.98,Very Low,31407.51,8.113,Very Low,0.174,2265.342,2089952112,7662,88879200000,91018493128,Relatively Low,43495.136,50881.483,94808.85,15.54,Very Low,106050.226,13.013,Very Low,11.381,261724135.2,797.592,9252065966,9526480060,Relatively Moderate,56807.39,1109.361,58050.975,56.697,Very Low,63633.224,56.761,Very Low,36.94,2.287,2265.342,2089952112,7662,88879200000,91018493128,Relatively Low,302.452,7956.929,8260.015,16.465,Relatively Low,9235.734,13.077,Very Low
291,Wyoming,WY,Weston,6822,2020557918,2424.252,2323180.802,16.64,Very Low,16.435,Very Low,1959677.956,1350384.092,0.049,566224.341,23.2,Relatively Low,9.74,Very Low,2.415,1.185,Not Applicable,Not Applicable,Not Applicable,2424.252,Very Low,Relatively Moderate,Relatively Moderate,2424.252,Very Low,Very Low,Very Low,2424.252,2020533000,6838,79320800000,81341333000,0.017,Relatively Low,10344.9,1159.339,11504.239,19.096,Very Low,13504.848,19.376,Very Low,158,4.624,2424.252,2020557918,6822,79135200000,81195065515,Relatively High,306185.346,28791.684,335522.463,76.892,Relatively Low,387196.905,76.074,Relatively Low,2424.252,No Rating,No Expected Annual Losses,No Rating,0.015,2424.252,2020557918,6822,79135200000,81155757918,Relatively High,2566.453,1645.518,4211.971,11.126,Very Low,4910.132,10.926,Very Low,Relatively Low,Relatively Low,Relatively Low,700,31.777,2424.252,2020557918,6822,79135200000,81155757918,Relatively Moderate,5721.66,18288.554,24010.215,16.152,Very Low,27932.583,15.959,Very Low,Relatively Low,Very Low,Very Low,59,1.73,2424.252,2020557918,6822,79135200000,81195065515,Relatively Moderate,70609.632,51638.478,122320.919,27.047,Relatively Low,142758.999,24.276,Relatively Low,0.596,2424.252,2020557918,6822,79135200000,81195065515,Relatively Low,123415.561,161754.633,286638.362,26.799,Very Low,333011.762,24.658,Very Low,15.543,464373338,1901.28,22054842279,22529517054,Relatively Moderate,709495.182,66900.146,776567.331,85.11,Relatively Low,951162.414,85.555,Relatively Low,79.649,4.932,2424.252,2020557918,6822,79135200000,81195065515,Relatively Moderate,32193.592,40723.221,72930.315,60.662,Relatively Moderate,85979.377,59.72,Relatively Low
