state,abbrev,county,ColdWaveExposureImpactedAreasqmi,ColdWaveHistoricLossRatioTotalRating,ColdWaveExpectedAnnualLossRating,ColdWaveHazardTypeRiskIndexRating,DroughtExposureImpactedAreasqmi,DroughtHistoricLossRatioTotalRating,DroughtExpectedAnnualLossRating,DroughtHazardTypeRiskIndexRating,HailNumberofEvents,HailAnnualizedFrequency,HailExposureImpactedAreasqmi,HailExposureBuildingValue,HailExposurePopulation,HailExposureTotal,HailHistoricLossRatioTotalRating,HailExpectedAnnualLossBuildingValue,HailExpectedAnnualLossTotal,HailExpectedAnnualLossScore,HailExpectedAnnualLossRating,HailHazardTypeRiskIndexValue,HailHazardTypeRiskIndexScore,HailHazardTypeRiskIndexRating,HeatWaveExposureImpactedAreasqmi,HeatWaveHistoricLossRatioTotalRating,HeatWaveExpectedAnnualLossRating,HeatWaveHazardTypeRiskIndexRating,IceStormAnnualizedFrequency,IceStormExposureImpactedAreasqmi,IceStormExposureBuildingValue,IceStormExposurePopulation,IceStormExposureTotal,IceStormHistoricLossRatioTotalRating,IceStormExpectedAnnualLossBuildingValue,IceStormExpectedAnnualLossTotal,IceStormExpectedAnnualLossScore,IceStormExpectedAnnualLossRating,IceStormHazardTypeRiskIndexValue,IceStormHazardTypeRiskIndexScore,IceStormHazardTypeRiskIndexRating,LandslideHistoricLossRatioTotalRating,LandslideExpectedAnnualLossRating,LandslideHazardTypeRiskIndexRating,LightningNumberofEvents,LightningAnnualizedFrequency,LightningExposureImpactedAreasqmi,LightningExposureBuildingValue,LightningExposurePopulation,LightningExposureTotal,LightningHistoricLossRatioTotalRating,LightningExpectedAnnualLossBuildingValue,LightningExpectedAnnualLossTotal,LightningExpectedAnnualLossScore,LightningExpectedAnnualLossRating,LightningHazardTypeRiskIndexValue,LightningHazardTypeRiskIndexScore,LightningHazardTypeRiskIndexRating,RiverineFloodingHistoricLossRatioTotalRating,RiverineFloodingExpectedAnnualLossRating,RiverineFloodingHazardTypeRiskIndexRating,StrongWindNumberofEvents,StrongWindAnnualizedFrequency,StrongWindExposureImpactedAreasqmi,StrongWindExposureBuildingValue,StrongWindExposurePopulation,StrongWindExposureTotal,StrongWindHistoricLossRatioTotalRating,StrongWindExpectedAnnualLossBuildingValue,StrongWindExpectedAnnualLossTotal,StrongWindExpectedAnnualLossScore,StrongWindExpectedAnnualLossRating,StrongWindHazardTypeRiskIndexValue,StrongWindHazardTypeRiskIndexScore,StrongWindHazardTypeRiskIndexRating,TornadoAnnualizedFrequency,TornadoExposureImpactedAreasqmi,TornadoExposureBuildingValue,TornadoExposurePopulation,TornadoExposureTotal,TornadoHistoricLossRatioTotalRating,TornadoExpectedAnnualLossBuildingValue,TornadoExpectedAnnualLossTotal,TornadoExpectedAnnualLossScore,TornadoExpectedAnnualLossRating,TornadoHazardTypeRiskIndexValue,TornadoHazardTypeRiskIndexScore,TornadoHazardTypeRiskIndexRating,WinterWeatherNumberofEvents,WinterWeatherAnnualizedFrequency,WinterWeatherExposureImpactedAreasqmi,WinterWeatherExposureBuildingValue,WinterWeatherExposurePopulation,WinterWeatherExposureTotal,WinterWeatherHistoricLossRatioTotalRating,WinterWeatherExpectedAnnualLossBuildingValue,WinterWeatherExpectedAnnualLossTotal,WinterWeatherExpectedAnnualLossScore,WinterWeatherExpectedAnnualLossRating,WinterWeatherHazardTypeRiskIndexValue,WinterWeatherHazardTypeRiskIndexScore,WinterWeatherHazardTypeRiskIndexRating
Colorado,CO,Adams,1195.558,Very Low,Relatively High,Relatively High,1195.558,Very Low,Relatively Low,Very Low,285,8.379,1195.558,80465089100,519291,6100000000000,Relatively High,51419680.49,52492096.1,99.845,Very High,61400468.4,99.873,Very High,1195.558,No Rating,No Expected Annual Losses,No Rating,0.026,1195.558,80465089100,519291,6100000000000,Relatively Moderate,70814.861,333219.673,83.811,Relatively Moderate,388106.75,84.211,Relatively Moderate,Relatively Low,Relatively Moderate,Relatively Moderate,698,31.712,1195.558,80465089100,519291,6100000000000,Relatively Moderate,45046.249,1254806.805,96.364,Relatively High,1512782.413,96.718,Relatively High,Very Low,Relatively Low,Relatively Low,52,1.509,1195.558,80465089100,519291,6100000000000,Very Low,234482.044,440827.345,60.794,Relatively Moderate,510732.168,59.561,Relatively Moderate,1.515,1195.558,80465089100,519291,6100000000000,Very Low,5615339.116,11365150.51,95.347,Relatively High,13291359.98,95.673,Relatively High,72.991,4.52,1195.558,80465089100,519291,6100000000000,Very Low,157967.684,176733.771,80.409,Relatively Moderate,203898.727,79.669,Relatively Moderate
Colorado,CO,Alamosa,730.592,Very Low,Relatively Low,Relatively Moderate,730.592,Very Low,Relatively Low,Relatively Low,30,0.853,730.592,7863466114,16357,198000000000,Relatively High,116208.653,134998.345,59.553,Relatively Low,199530.181,62.965,Relatively Low,730.592,No Rating,No Expected Annual Losses,No Rating,0.015,730.592,7863466114,16357,198000000000,Relatively Moderate,51.758,3007.445,8.561,Very Low,4562.647,10.426,Very Low,Very High,Very Low,Very Low,225,10.191,730.592,7863466114,16357,198000000000,Relatively High,2717.52,40439.163,25.997,Relatively Low,60928.22,31.821,Relatively Low,Relatively Moderate,Very Low,Very Low,2,0.053,730.592,7863466114,16357,198000000000,Relatively Low,1563.476,2468.538,4.001,Very Low,3663.568,1.623,Very Low,0.053,730.592,7863466114,16357,198000000000,Relatively Low,83926.209,100280.232,15.788,Very Low,151142.086,15.717,Very Low,18.036,1.117,730.592,7863466114,16357,198000000000,Very Low,1619.196,4167.164,10.399,Very Low,6220.575,9.386,Very Low
Colorado,CO,Arapahoe,813.634,Very Low,Relatively High,Relatively High,813.634,Very Low,Very Low,Very Low,301,8.83,813.634,107000000000,654201,7700000000000,Relatively High,76822615.91,78848463.23,99.907,Very High,77135135.7,99.905,Very High,813.634,No Rating,No Expected Annual Losses,No Rating,0.026,813.634,107000000000,654201,7700000000000,Relatively Moderate,91721.786,417926.185,86.476,Relatively High,430653.848,85.443,Relatively High,Very Low,Relatively Low,Relatively Low,835,37.909,813.634,107000000000,654201,7700000000000,Very Low,94753.51,510004.21,88.417,Relatively High,521048.033,87.033,Relatively Moderate,Very Low,Relatively Low,Relatively Low,51,1.499,813.634,107000000000,654201,7700000000000,Very Low,178208.581,643763.491,72.643,Relatively Moderate,661415.522,68.247,Relatively Moderate,0.848,813.638,107000000000,654201,7700000000000,Relatively Low,15942286.44,20455809.36,97.612,Relatively High,20288638.92,97.391,Relatively High,75.248,4.659,813.634,107000000000,654201,7700000000000,Very Low,239499.036,254030.303,86.289,Relatively High,246796.537,82.914,Relatively Moderate
Colorado,CO,Archuleta,1369.076,Relatively Low,Very Low,Very Low,1369.076,Very Low,Very Low,Very Low,6,0.154,1369.076,3378025901,13356,158000000000,Relatively Low,991.178,2115.005,5.831,Very Low,2426.412,3.723,Very Low,1369.076,No Rating,No Expected Annual Losses,No Rating,0.015,1369.076,3378025901,13356,158000000000,Relatively Moderate,22.234,2435.645,7.295,Very Low,2748.285,6.596,Very Low,Very Low,Relatively Low,Relatively Moderate,760,34.538,1369.076,3378025901,13356,158000000000,Relatively High,5747.897,157766.378,67.761,Relatively Moderate,177263.087,66.055,Relatively Low,Very Low,Very Low,Very Low,3,0.07,1369.076,3378025901,13356,158000000000,Relatively High,3898.529,14634.732,7.816,Very Low,16616.466,5.027,Very Low,0.061,1369.076,3378025901,13356,158000000000,Relatively Low,20535.243,40229.41,10.577,Very Low,45906.244,8.304,Very Low,296.514,18.36,1369.076,3378025901,13356,158000000000,Very Low,5889.029,34805.1,42.742,Relatively Low,38710.918,39.453,Relatively Low
Colorado,CO,Baca,2583.182,Relatively Low,Relatively Low,Relatively Low,2583.182,Very Low,Relatively Low,Relatively Low,155,4.541,2583.182,833220714,3490,41448060129,Relatively Moderate,33460.637,81629.322,49.007,Relatively Low,107045.682,49.793,Relatively Low,2583.182,No Rating,No Expected Annual Losses,No Rating,0.084,2583.182,833220714,3490,41317220714,Relatively High,13971.078,19008.019,29.747,Relatively Low,25264.687,32.045,Relatively Low,Relatively High,Very Low,Very Low,694,31.503,2583.182,833220714,3490,41317220714,Relatively High,131.149,28358.444,19.048,Very Low,37725.163,20.978,Very Low,Very High,Very Low,Very Low,58,1.68,2583.182,833220714,3490,41448060129,Relatively High,140172.799,211668.905,38.431,Relatively Low,281627.146,39.93,Relatively Low,1.324,2583.182,833220714,3490,41448060129,Relatively Low,99530.36,207825.564,23.139,Very Low,276327.599,22.367,Very Low,36.001,2.229,2583.182,833220714,3490,41448060129,Relatively High,12618.765,55696.141,53.637,Relatively Moderate,74041.2,55.616,Relatively Low
Colorado,CO,Bent,1556.645,Very Low,Relatively Low,Relatively Low,1556.645,Very Low,Very Low,Very Low,119,3.476,1556.645,1108958577,5639,66591100286,Relatively High,197531.22,228506.514,69.727,Relatively Low,346506.48,73.974,Relatively Low,1556.645,No Rating,No Expected Annual Losses,No Rating,0.015,1556.645,1108958577,5639,66521358577,Relatively Moderate,663.251,1682.211,5.33,Very Low,2484.448,6.129,Very Low,Relatively High,Very Low,Very Low,646,29.345,1556.645,1108958577,5639,66521358577,Relatively High,524.98,50435.414,31.757,Relatively Low,73465.514,38.674,Relatively Low,Relatively Moderate,Very Low,Relatively Low,34,0.985,1556.645,1108958577,5639,66591100286,Relatively High,46791.242,113486.698,25.775,Relatively Low,168013.039,27.044,Relatively Low,1.172,1556.645,1108958577,5639,66591100286,Relatively Low,104107.854,250530.086,25,Very Low,371996.016,26.122,Very Low,26.003,1.61,1556.645,1108958577,5639,66591100286,Relatively Moderate,3776.249,17333.792,27.143,Relatively Low,25436.846,29.399,Relatively Low
Colorado,CO,Boulder,747.946,Very Low,Relatively High,Relatively High,747.946,Very Low,Very Low,Very Low,192,5.636,747.946,62233133388,330652,3900000000000,Relatively Low,293897.304,1175748.509,91.377,Relatively Moderate,1125190.97,89.819,Relatively Moderate,747.946,No Rating,No Expected Annual Losses,No Rating,0.015,747.946,62233133388,330652,3900000000000,Relatively High,52810.795,215618.257,77.582,Relatively Moderate,206436.051,73.751,Relatively Moderate,Very Low,Relatively High,Relatively High,546,24.79,747.946,62233133388,330652,3900000000000,Relatively Moderate,8101.986,1334825.58,96.622,Relatively High,1265733.23,96.01,Relatively High,Relatively Low,Relatively High,Relatively High,35,1.027,747.946,62233133388,330652,3900000000000,Relatively Low,549524.841,1564908.49,89.857,Relatively High,1500049.299,88.037,Relatively High,0.671,747.946,62233133388,330652,3900000000000,Relatively Low,7987429.65,11345672.93,95.316,Relatively High,10836432.26,94.018,Relatively High,125.566,7.775,747.946,62233133388,330652,3900000000000,Very Low,140364.766,175454.931,80.192,Relatively Moderate,166384.252,75.978,Relatively Moderate
Colorado,CO,Broomfield,33.887,Relatively Low,Very High,Very High,33.887,Very Low,Very Low,Very Low,220,6.463,33.887,14509079514,74051,874000000000,Relatively High,4678997.014,4859059.903,98.263,Relatively High,3883340.386,97.486,Relatively High,33.887,No Rating,No Expected Annual Losses,No Rating,0.015,33.887,14509079514,74051,874000000000,Relatively High,12312.348,48773.81,47.402,Relatively Low,39685.081,40.373,Relatively Low,Relatively Moderate,Relatively Low,Relatively Low,477,21.64,33.887,14509079514,74051,874000000000,Relatively High,85.2,526294.318,88.803,Relatively High,429291.68,84.138,Relatively Moderate,Relatively Low,Very Low,Very Low,42,1.216,33.887,14509079514,74051,874000000000,Relatively Moderate,852439.045,1044926.425,83.685,Relatively Moderate,838276.004,75.056,Relatively Moderate,0.031,33.887,14509079514,74051,874000000000,Relatively High,1913899.647,2685655.748,77.016,Relatively Moderate,2159957.125,67.547,Relatively Low,77.73,4.813,33.887,14509079514,74051,874000000000,Relatively Low,212163.878,288550.404,87.806,Relatively High,233044.79,81.801,Relatively Moderate
Colorado,CO,Chaffee,1025.199,Very Low,Relatively Low,Relatively Low,1025.199,Very Low,Very Low,Very Low,39,1.122,1025.199,4941813952,19470,231000000000,Relatively Moderate,143133.424,150240.18,61.756,Relatively Low,181996.579,61.47,Relatively Low,1025.199,No Rating,No Expected Annual Losses,No Rating,0.015,1025.199,4941813952,19470,231000000000,Relatively High,15977.733,19495.935,30.147,Relatively Low,23561.41,30.879,Relatively Low,Very Low,Relatively Moderate,Relatively Moderate,416,18.87,1025.199,4941813952,19470,231000000000,Very High,6856.067,254333.077,77.864,Relatively Moderate,305812.283,78.636,Relatively Moderate,Relatively Low,Relatively Low,Relatively Low,5,0.132,1025.199,4941813952,19470,231000000000,Relatively Moderate,12840.683,37212.183,13.089,Very Low,44828.351,10.722,Very Low,0.081,1025.199,4941813952,19470,231000000000,Relatively Low,69982.507,111743.483,16.47,Very Low,135274.212,14.858,Very Low,112.535,6.968,1025.199,4941813952,19470,231000000000,Very Low,837.734,1289.357,5.911,Very Low,1506.453,3.245,Very Low
Colorado,CO,Cheyenne,1799.413,Relatively Low,Relatively Moderate,Relatively Moderate,1799.413,Very Low,Relatively Low,Relatively Low,226,6.63,1799.413,635761536,1748,21014817283,Relatively High,157707.72,301524.332,74.938,Relatively Low,315536.936,72.097,Relatively Low,1799.413,No Rating,No Expected Annual Losses,No Rating,0.022,1799.413,635761536,1748,20912561536,Relatively High,674.381,1244.664,4.231,Very Low,1302.506,3.531,Very Low,No Rating,No Expected Annual Losses,No Rating,673,30.554,1799.413,635761536,1748,20912561536,Relatively High,1443.843,18482.157,12.291,Very Low,19341.07,10.714,Very Low,Relatively Low,Very Low,Very Low,87,2.55,1799.413,635761536,1748,21014817283,Relatively High,65521.12,125263.466,27.481,Relatively Low,131084.778,22.781,Relatively Low,2.175,1799.413,635761536,1748,21014817283,Relatively Low,90309.431,155104.515,19.82,Very Low,162312.618,16.449,Very Low,55.003,3.406,1799.413,635758558.2,1747.991,21014710775,Very High,53465.571,72462.069,60.569,Relatively Moderate,75829.566,56.252,Relatively Low
Colorado,CO,Clear Creek,400.338,Very Low,Relatively Low,Relatively Low,400.338,No Rating,No Expected Annual Losses,No Rating,203,5.954,400.338,2362602784,9391,111000000000,Relatively High,742242.256,765021.943,87.252,Relatively Moderate,762908.515,85.81,Relatively Moderate,400.338,No Rating,No Expected Annual Losses,No Rating,0.015,400.338,2362602784,9391,111000000000,Relatively High,2004.896,6628.865,16.289,Very Low,6580.73,13.724,Very Low,Very Low,Relatively Moderate,Relatively Moderate,899,40.855,400.338,2362602784,9391,111000000000,Very High,2987.679,226234.082,75.644,Relatively Moderate,213778.246,70.624,Relatively Moderate,Very Low,Very Low,Very Low,29,0.844,400.338,2362602784,9391,111000000000,Very High,249035.633,385137.146,56.483,Relatively Moderate,383185.2,49.857,Relatively Low,0.235,400.338,2362602784,9391,111000000000,Relatively Moderate,212042.765,273941.611,26.21,Very Low,272640.326,22.272,Very Low,194.974,12.073,400.338,2362602784,9391,111000000000,Relatively Low,51553.533,71329.204,59.889,Relatively Moderate,71867.42,54.884,Relatively Low
Colorado,CO,Conejos,1304.027,Very Low,Relatively Low,Relatively Low,1304.027,Very Low,Relatively Low,Relatively Low,11,0.322,1304.027,1839089192,7453,88355741080,Relatively High,11775.518,20022.195,22.115,Very Low,33725.465,25.803,Very Low,1304.027,No Rating,No Expected Annual Losses,No Rating,0.015,1304.027,1839089192,7453,88293889192,Relatively Moderate,12.105,1358.852,4.53,Very Low,2314.74,5.796,Very Low,Relatively High,Relatively Low,Relatively Low,436,19.813,1304.027,1839089192,7453,88293889192,Relatively Moderate,848.851,14991.015,9.685,Very Low,25750.99,14.801,Very Low,Relatively Low,Very Low,Very Low,2,0.044,1304.027,1839089192,7453,88355741080,Relatively Moderate,967.486,3515.388,4.218,Very Low,6027.985,2.386,Very Low,0.083,1304.027,1839089192,7453,88355741080,Relatively Low,17111.905,33856.774,9.584,Very Low,57224.353,9.354,Very Low,109.491,6.78,1304.027,1839089192,7453,88355741080,Very Low,697.422,2587.277,7.521,Very Low,4297.672,6.777,Very Low
Colorado,CO,Costilla,1243.43,Very Low,Relatively Low,Relatively Low,1243.43,Very Low,Very Low,Relatively Low,37,1.079,1243.43,1034056438,3420,40731362094,Relatively Moderate,22428.733,30401.184,28.939,Very Low,53507.579,34.553,Very Low,1243.43,No Rating,No Expected Annual Losses,No Rating,0.015,1243.43,1034056438,3420,40706056438,Relatively Moderate,6.806,624.796,2.232,Very Low,1083.27,2.898,Very Low,Relatively Low,Relatively Moderate,Relatively Moderate,416,18.873,1243.43,1034056438,3420,40706056438,Relatively High,521.763,26829.198,17.728,Very Low,46486.525,24.743,Very Low,Relatively Low,Very Low,Very Low,4,0.116,1243.43,1034056438,3420,40731362094,Relatively Moderate,3727.97,5473.909,5.025,Very Low,9677.125,3.309,Very Low,0.13,1243.43,1034056438,3420,40731362094,Relatively Low,14076.601,18146.411,7.258,Very Low,31642.026,6.745,Very Low,64.835,4.015,1243.43,1034056438,3420,40731362094,Very Low,469.377,2528.769,7.459,Very Low,4432.661,6.841,Very Low
Colorado,CO,Crowley,808.412,Very Low,Relatively Low,Relatively Low,808.412,Very Low,Very Low,Very Low,167,4.884,808.412,603832603,5922,69409459863,Relatively Moderate,104134.84,210327.159,68.114,Relatively Low,316473.505,72.256,Relatively Low,808.412,No Rating,No Expected Annual Losses,No Rating,0.015,808.412,603832603,5922,69299032603,Relatively High,1952.294,3022.392,8.628,Very Low,4483.477,10.26,Very Low,Relatively High,Very Low,Very Low,609,27.681,808.412,603832603,5922,69299032603,Relatively High,119.801,49718.009,30.985,Relatively Low,73000.861,38.353,Relatively Low,Relatively Low,Very Low,Very Low,32,0.935,808.412,603832603,5922,69409459863,Relatively High,51763.585,127139.773,27.699,Relatively Low,189072.119,30.003,Relatively Low,0.37,808.412,603832603,5922,69409459863,Relatively Low,39411.518,99202.108,15.664,Very Low,148006.702,15.622,Very Low,27.005,1.672,808.412,603832603,5922,69409459863,Relatively Moderate,2173.429,33301.615,41.69,Relatively Low,49023.19,45.275,Relatively Low
Colorado,CO,Custer,747.394,Very Low,Very Low,Very Low,747.394,Very Low,Very Low,Very Low,91,2.651,747.394,1422300189,4686,55791007495,Relatively High,198265.379,210575.361,68.145,Relatively Low,190611.239,62.17,Relatively Low,747.394,No Rating,No Expected Annual Losses,No Rating,0.015,747.394,1422300189,4686,55779900189,Relatively High,4598.541,5445.294,14.024,Very Low,4928.095,11.026,Very Low,Relatively Moderate,Relatively Low,Relatively Low,754,34.245,747.394,1422300189,4686,55779900189,Very High,2613.257,70030.955,43.308,Relatively Low,64282.291,33.559,Relatively Low,Relatively Moderate,Relatively Low,Relatively Low,9,0.262,747.394,1422300189,4686,55791007495,Very High,33829.486,62141.461,17.711,Very Low,56491.733,12.409,Very Low,0.122,747.394,1422300189,4686,55791007495,Relatively Low,34235.082,53289.41,12.097,Very Low,48374.975,8.622,Very Low,109.065,6.753,747.394,1422300189,4686,55791007495,Relatively Low,3577.468,36883.345,44.166,Relatively Low,33777.269,36.144,Relatively Low
Colorado,CO,Delta,1160.202,Relatively Moderate,Very Low,Very Low,1160.202,Very Low,Relatively Low,Relatively Low,6,0.149,1160.202,5813568607,31182,368000000000,Relatively Moderate,12200.208,16970.186,20.006,Very Low,22193.957,19.504,Very Low,1160.202,Relatively Moderate,Very Low,Very Low,0.015,1160.202,5813568607,31182,368000000000,Relatively High,18796.266,24430.81,34.544,Relatively Low,32304.644,36.409,Relatively Low,Very Low,Relatively Moderate,Relatively Moderate,401,18.2,1160.202,5813568607,31182,368000000000,Relatively High,3256.594,169006.912,69.466,Relatively Moderate,221026.086,71.879,Relatively Moderate,Relatively Low,Relatively Low,Relatively Low,11,0.301,1160.202,5813568607,31182,368000000000,Relatively Moderate,30953.49,97481.953,23.573,Relatively Low,127918.696,22.272,Relatively Low,0.032,1160.202,5813568607,31182,368000000000,Relatively Low,16048.979,39612.023,10.515,Very Low,52782.454,9.004,Very Low,194.966,12.072,1160.202,5813568607,31182,368000000000,Very Low,420.216,1917.059,6.561,Very Low,2406.765,4.136,Very Low
Colorado,CO,Denver,156.287,Relatively Low,Very High,Very High,156.287,Very Low,Very Low,Very Low,288,8.458,156.287,121000000000,715210,8420000000000,Relatively Moderate,35356396.84,35476946.42,99.721,Very High,38393846.42,99.714,Very High,156.287,No Rating,No Expected Annual Losses,No Rating,0.016,156.287,121000000000,715210,8420000000000,Very Low,8748.328,9983.095,21.419,Very Low,10859.555,19.654,Very Low,Very Low,Relatively Moderate,Relatively Moderate,777,35.287,156.287,121000000000,715210,8420000000000,Relatively Low,80601.209,986591.855,95.142,Relatively High,1105773.329,95.045,Relatively High,Very Low,Relatively Low,Relatively Low,42,1.233,156.287,121000000000,715210,8420000000000,Very Low,185882.941,505522.443,65.819,Relatively Moderate,561608.587,62.711,Relatively Moderate,0.158,156.287,121000000000,715210,8420000000000,Relatively Moderate,17466849.72,25552470.08,98.418,Relatively High,28019300.41,98.314,Relatively High,73.014,4.521,156.287,121000000000,715210,8420000000000,Very Low,80966.48,157424.952,77.809,Relatively Moderate,173831.013,76.647,Relatively Moderate
Colorado,CO,Dolores,1079.003,No Rating,No Expected Annual Losses,No Rating,1079.003,Very Low,Very Low,Very Low,5,0.129,1079.003,1193517034,2322,28138495854,Relatively High,2081.95,2546.637,6.514,Very Low,2350.829,3.627,Very Low,1079.003,Relatively Moderate,Very Low,Very Low,0.015,1079.003,1193517034,2322,28128717034,Very High,3858.846,4278.428,11.359,Very Low,3949.464,8.961,Very Low,Relatively Moderate,Relatively Low,Relatively Low,707,32.1,1079.003,1193517034,2322,28128717034,Relatively High,299.046,19976.211,13.674,Very Low,18440.259,10.006,Very Low,Relatively Moderate,Very Low,Very Low,4,0.108,1079.003,1193517034,2322,28138495854,Relatively High,3482.727,5506.24,5.118,Very Low,5082.871,2.068,Very Low,0.047,1079.003,1193517034,2322,28138495854,Relatively Low,2953.373,4756.044,3.04,Very Low,4390.357,2.291,Very Low,266.526,16.503,1079.003,1193517034,2322,28138495854,Very Low,1406.311,5323.767,12.318,Very Low,4914.428,7.572,Very Low
Colorado,CO,Douglas,851.299,Relatively Low,Very High,Very High,851.299,Very Low,Very Low,Very Low,257,7.531,851.299,65157194587,357700,4210000000000,Very Low,627015.902,977083.586,89.423,Relatively Moderate,731646.594,85.142,Relatively Moderate,851.299,No Rating,No Expected Annual Losses,No Rating,0.015,851.299,65157194587,357700,4210000000000,Relatively High,55292.142,231417.582,78.514,Relatively Moderate,173965.017,69.92,Relatively Moderate,Very Low,Relatively Moderate,Relatively Moderate,1238,56.274,851.299,65157194587,357700,4210000000000,Relatively Low,117361.919,1082656.162,95.624,Relatively High,818715.238,92.535,Relatively High,Relatively Low,Relatively Low,Relatively Low,37,1.059,851.299,65157194587,357700,4210000000000,Relatively Low,344520.366,1849379.289,91.935,Relatively High,1387603.643,86.573,Relatively Moderate,0.842,851.378,65157194587,357700,4210000000000,Relatively Low,9288352.978,13222178.62,96.061,Relatively High,9933903.312,93.541,Relatively High,115.405,7.146,851.299,65157194587,357700,4210000000000,Very Low,232168.744,243184.092,85.577,Relatively High,182538.741,77.951,Relatively Moderate
Colorado,CO,Eagle,1708.873,Relatively Low,Very Low,Very Low,1708.873,Very Low,Very Low,Very Low,14,0.401,1708.873,15224538286,55552,660000000000,Relatively High,290237.477,299045.126,74.783,Relatively Low,273600.977,69.01,Relatively Low,1708.873,No Rating,No Expected Annual Losses,No Rating,0.015,1708.873,15224538286,55552,660000000000,Relatively High,49223.547,59261.716,51.166,Relatively Low,62133.736,49.3,Relatively Low,Very Low,Relatively High,Relatively Moderate,412,18.698,1708.873,15224538286,55552,660000000000,Relatively High,12695.667,375196.686,84.524,Relatively Moderate,404112.443,83.462,Relatively Moderate,Very Low,Relatively Low,Relatively Low,8,0.225,1708.873,15224538286,55552,660000000000,Very Low,4816.291,10928.872,6.545,Very Low,11388.862,3.563,Very Low,0.049,1708.873,15224538286,55552,660000000000,Relatively Low,89301.703,160474.493,20.285,Very Low,157753.15,16.036,Very Low,315.813,19.555,1708.873,15224538286,55552,660000000000,Very Low,518.399,2252.924,7.211,Very Low,2305.674,3.977,Very Low
Colorado,CO,Elbert,1869.694,Very Low,Relatively Low,Relatively Low,1869.694,Very Low,Very Low,Very Low,278,8.154,1869.694,7517007244,26043,310000000000,Very Low,1086.667,114536.949,55.955,Relatively Low,105297.266,49.507,Relatively Low,1869.694,No Rating,No Expected Annual Losses,No Rating,0.028,1869.694,7517007244,26043,310000000000,Relatively High,10937.704,32712.995,39.674,Relatively Low,24893.491,31.879,Relatively Low,Relatively Low,Relatively Low,Relatively Low,996,45.253,1869.694,7517007244,26043,310000000000,Relatively High,758.782,336118.295,82.786,Relatively Moderate,246753.441,74.163,Relatively Moderate,Very Low,Very Low,Very Low,44,1.284,1869.694,7517007244,26043,310000000000,Relatively High,337230.463,620551.555,71.402,Relatively Moderate,470851.791,56.825,Relatively Low,2.163,1869.694,7517007244,26043,310000000000,Very Low,1210620.843,1548279.947,64.299,Relatively Low,1181237.419,49.952,Relatively Low,90.555,5.607,1869.694,7517007244,26043,310000000000,Relatively Low,48406.952,109080.287,70.226,Relatively Moderate,81374.342,58.225,Relatively Low
Colorado,CO,El Paso,2150.639,Very Low,Very High,Very High,2150.639,Very Low,Very Low,Very Low,229,6.732,2150.639,107000000000,729693,8570000000000,Relatively Moderate,17668610.5,18081103.82,99.504,Very High,17918118.34,99.491,Relatively High,2150.639,No Rating,No Expected Annual Losses,No Rating,0.016,2150.639,107000000000,729693,8570000000000,Relatively High,345862.071,478170.497,88.141,Relatively High,478408.825,86.775,Relatively High,Very Low,Relatively High,Relatively High,1200,54.523,2150.639,107000000000,729693,8570000000000,Relatively High,113931.516,8477130.922,99.807,Very High,8610950.508,99.775,Very High,Very Low,Relatively Moderate,Relatively Moderate,31,0.894,2150.639,107000000000,729693,8570000000000,Relatively Low,772503.982,1450295.281,89.144,Relatively High,1444980.748,87.528,Relatively Moderate,1.355,2150.64,107000000000,729693,8570000000000,Very Low,9250971.025,22633249.56,98.015,Relatively High,22576025.17,97.741,Relatively High,55.145,3.415,2150.639,107000000000,729693,8570000000000,Very Low,44476.422,70196.554,59.517,Relatively Moderate,65950.777,52.211,Relatively Low
Colorado,CO,Fremont,1550.192,Very Low,Relatively Low,Relatively Low,1550.192,Very Low,Very Low,Very Low,121,3.532,1550.192,6841089174,48877,574000000000,Relatively Moderate,482602.146,513773.573,82.103,Relatively Moderate,601780.931,82.628,Relatively Moderate,1550.192,No Rating,No Expected Annual Losses,No Rating,0.015,1550.192,6841089174,48877,574000000000,Relatively High,22118.416,30950.422,38.708,Relatively Low,36555.593,38.708,Relatively Low,Very Low,Relatively Moderate,Relatively Moderate,903,41.032,1550.192,6841089174,48877,574000000000,Relatively Low,16059.278,68296.505,42.407,Relatively Low,82245.472,42.246,Relatively Low,Very Low,Relatively Moderate,Relatively Moderate,12,0.334,1550.192,6841089174,48877,574000000000,Relatively Low,28240.337,66076.946,18.207,Very Low,78486.055,15.813,Very Low,0.303,1550.227,6841089174,48877,574000000000,Very Low,190007.913,391493.027,31.141,Relatively Low,461656.883,28.921,Relatively Low,51.65,3.198,1550.192,6841089037,48876.998,574000000000,Very Low,1044.717,12815.373,22.037,Relatively Low,15255.974,19.249,Very Low
Colorado,CO,Garfield,2985.647,Relatively Low,Relatively Moderate,Relatively Moderate,2985.647,Very Low,Very Low,Very Low,5,0.141,2985.647,12537441503,61566,727000000000,Relatively Moderate,43833.631,49837.344,38.772,Very Low,64808.791,38.562,Very Low,2985.647,Relatively Low,Very Low,Very Low,0.015,2985.647,12537441503,61566,727000000000,Relatively High,40535.701,51660.592,48.401,Relatively Low,66469.375,50.266,Relatively Low,Very Low,Very High,Very High,479,21.734,2985.647,12537441503,61566,727000000000,Very High,10714.948,645397.91,91.441,Relatively High,826279.769,92.696,Relatively High,Very Low,Relatively Low,Relatively Low,11,0.304,2985.647,12537441503,61566,727000000000,Very Low,5069.896,19652.462,8.871,Very Low,25522.353,7.127,Very Low,0.081,2985.647,12537441503,61566,727000000000,Very Low,31833.622,61413.71,12.965,Very Low,79405.191,11.518,Very Low,226.504,14.025,2985.647,12537441311,61565.998,727000000000,Very Low,182.892,893.104,5.416,Very Low,1127.813,2.832,Very Low
Colorado,CO,Gilpin,151.905,Very Low,Relatively Low,Relatively Low,151.905,No Rating,No Expected Annual Losses,No Rating,193,5.66,151.905,1602825670,5803,68917885784,Relatively High,473792.241,486789.144,81.607,Relatively Moderate,461121.104,78.556,Relatively Low,151.905,No Rating,No Expected Annual Losses,No Rating,0.015,151.905,1602825670,5803,68917625670,Relatively High,1360.152,4217.451,11.159,Very Low,3877.591,8.827,Very Low,Relatively Low,Relatively Low,Relatively Low,1082,49.153,151.905,1602825670,5803,68917625670,Relatively High,2410.192,102732.822,54.537,Relatively Low,93653.083,46.171,Relatively Low,Relatively Moderate,Very Low,Very Low,31,0.901,151.905,1602825670,5803,68917885784,Very High,155833.201,274910.936,46.65,Relatively Low,254534.752,36.907,Relatively Low,0.09,151.905,1602825670,5803,68917885784,Relatively High,147189.454,185942.262,21.991,Very Low,173344.076,17.149,Very Low,181.419,11.233,151.905,1602825670,5803,68917625670,Relatively Low,33633.836,49611.147,51.099,Relatively Low,45706.25,43.462,Relatively Low
Colorado,CO,Grand,1888.444,Very Low,Relatively Low,Relatively Low,1888.444,Very Low,Very Low,Very Low,89,2.612,1888.444,7063262111,15695,189000000000,Very High,1237713.604,1263896.524,91.967,Relatively Moderate,1284800.047,91.123,Relatively Moderate,1888.444,No Rating,No Expected Annual Losses,No Rating,0.015,1888.444,7063262111,15695,189000000000,Relatively High,5993.857,13721.81,25.15,Very Low,14117.697,23.218,Very Low,Relatively Low,Relatively Moderate,Relatively Moderate,485,22.014,1888.444,7063262111,15695,189000000000,Relatively High,4264.336,146689.068,65.766,Relatively Moderate,151530.904,61.358,Relatively Low,Very Low,Very Low,Very Low,19,0.536,1888.444,7063262111,15695,189000000000,Relatively High,78842.591,317155.291,50.962,Relatively Low,325737.42,44.639,Relatively Low,0.653,1888.444,7063262111,15695,189000000000,Relatively Low,396607.413,450112.523,33.468,Relatively Low,457406.077,28.826,Relatively Low,136.012,8.422,1888.444,7063262111,15695,189000000000,Very Low,1291.197,3337.173,9.192,Very Low,3577.504,5.791,Very Low
Colorado,CO,Gunnison,3292.538,Relatively Low,Relatively Low,Relatively Low,3292.538,Very Low,Very Low,Very Low,5,0.129,3292.538,5910982235,16897,202000000000,Relatively Moderate,12149.821,13948.385,17.37,Very Low,13390.165,12.599,Very Low,3292.538,No Rating,No Expected Annual Losses,No Rating,0.015,3292.538,5910982235,16897,202000000000,Very High,19111.221,22164.485,32.845,Relatively Low,20814.155,28.714,Very Low,Very Low,Relatively Moderate,Relatively Moderate,407,18.497,3292.538,5910982235,16897,202000000000,Very High,4984.492,212564.774,74.485,Relatively Moderate,195038.104,68.565,Relatively Low,Relatively Low,Relatively Low,Relatively Low,5,0.122,3292.538,5910982235,16897,202000000000,Relatively Moderate,1500.697,20347.684,9.212,Very Low,18414.473,5.568,Very Low,0.066,3292.538,5910982235,16897,202000000000,Very Low,19152.366,37148.043,10.143,Very Low,35688.363,7.159,Very Low,316.14,19.575,3292.538,5910982235,16897,202000000000,Very Low,995.147,3668.967,9.687,Very Low,3248.501,5.313,Very Low
Colorado,CO,Hinsdale,1134.486,Relatively Low,Very Low,Very Low,1134.486,No Rating,No Expected Annual Losses,No Rating,5,0.13,1134.486,468736530,788,9610593463,Relatively High,1126.271,1189.459,4.746,Very Low,1247.398,2.418,Very Low,1134.486,No Rating,No Expected Annual Losses,No Rating,0.015,1134.486,468736530,788,9609536530,Relatively Moderate,3.085,145.476,0.5,Very Low,152.562,0.4,Very Low,Relatively Moderate,Relatively Low,Relatively Low,543,24.649,1134.486,468736530,788,9609536530,Relatively High,12.71,4348.579,1.995,Very Low,4560.4,1.931,Very Low,Relatively Low,Very Low,Very Low,3,0.087,1134.486,468736530,788,9610593463,Relatively High,963.734,1544.496,3.784,Very Low,1619.729,1.241,Very Low,0.028,1134.486,468736530,788,9610593463,Relatively Low,1599.122,2075.087,1.892,Very Low,2176.166,1.718,Very Low,368.572,22.822,1134.486,468736530,788,9610593463,Relatively Low,2498.807,5912.026,13.03,Very Low,6200.005,9.259,Very Low
Colorado,CO,Huerfano,1609.354,Very Low,Relatively Low,Relatively Low,1609.354,Very Low,Very Low,Very Low,73,2.122,1609.354,1709680026,6808,80697604695,Relatively Low,3502.322,10714.675,14.454,Very Low,11628.496,11.581,Very Low,1609.354,No Rating,No Expected Annual Losses,No Rating,0.015,1609.354,1709680026,6808,80682480026,Relatively High,5527.689,6757.885,16.656,Very Low,7980.941,16.123,Very Low,Relatively Moderate,Relatively Low,Relatively Low,704,31.956,1609.354,1709680026,6808,80682480026,Very High,2720.166,156471.011,67.439,Relatively Moderate,192848.757,68.404,Relatively Low,Relatively Low,Relatively Low,Relatively Low,10,0.283,1609.354,1709680026,6808,80697604695,Relatively High,19665.081,47665.231,15.23,Very Low,58424.597,12.727,Very Low,0.204,1609.354,1709680026,6808,80697604695,Relatively Low,29352.925,53585.99,12.19,Very Low,63936.234,10.086,Very Low,99.81,6.18,1609.354,1709680026,6808,80697604695,Relatively Low,3523.182,25583.754,35.686,Relatively Low,30841.944,33.885,Relatively Low
Colorado,CO,Jackson,1637.329,Relatively Low,Relatively Low,Relatively Low,1637.329,No Rating,No Expected Annual Losses,No Rating,38,1.105,1637.329,512383916,1355,16258483263,Relatively Low,1121.095,2700.81,6.7,Very Low,3077.774,4.518,Very Low,1637.329,No Rating,No Expected Annual Losses,No Rating,0.015,1637.329,512383916,1355,16230383916,Relatively High,67.469,755.344,2.598,Very Low,860.771,2.398,Very Low,Relatively Moderate,Relatively Moderate,Relatively Moderate,406,18.416,1637.329,512383916,1355,16230383916,Relatively High,274.134,10303.376,6.21,Very Low,11741.464,5.92,Very Low,Relatively Moderate,Very Low,Very Low,12,0.344,1637.329,512383916,1355,16258483263,Relatively Moderate,1033.62,3956.949,4.467,Very Low,4509.238,1.814,Very Low,0.107,1637.329,512383916,1355,16258483263,Relatively Low,6513.894,7838.843,4.373,Very Low,8932.945,3.404,Very Low,113.768,7.044,1637.329,512383916,1355,16258483263,Very Low,189.511,418.407,5.014,Very Low,476.806,2.354,Very Low
Colorado,CO,Jefferson,781.875,Very Low,Relatively High,Relatively Moderate,781.875,Very Low,Very Low,Very Low,237,6.968,781.875,99942694214,582825,6860000000000,Relatively High,43219759.45,43623053.49,99.783,Very High,39085409.1,99.745,Very High,781.875,No Rating,No Expected Annual Losses,No Rating,0.015,781.875,99942694214,582825,6860000000000,Relatively High,84810.981,371784.17,85.243,Relatively High,339824.532,82.612,Relatively Moderate,Very Low,Relatively High,Relatively Moderate,954,43.36,781.875,99942694214,582825,6860000000000,Relatively Moderate,97809.393,1900752.831,98.005,Very High,1734982.241,97.458,Relatively High,Relatively Low,Relatively High,Relatively Moderate,34,0.98,781.875,99942694214,582825,6860000000000,Relatively Low,634999.167,1853466.684,91.967,Relatively High,1697295.188,89.341,Relatively High,0.759,781.875,99942694214,582825,6860000000000,Relatively Low,13655178.62,20015376.66,97.55,Relatively High,18190213.78,96.914,Relatively High,118.493,7.337,781.875,99942694214,582825,6860000000000,Very Low,170037.369,181107.282,80.935,Relatively Moderate,158505.756,74.833,Relatively Moderate
Colorado,CO,Kiowa,1803.998,Relatively Low,Relatively Low,Relatively Low,1803.998,Very Low,Relatively Low,Relatively Low,196,5.746,1803.998,1002107837,1446,17850892097,Relatively High,8685.276,104199.639,54.001,Relatively Low,104457.063,49.316,Relatively Low,1803.998,No Rating,No Expected Annual Losses,No Rating,0.017,1803.998,1002107837,1446,17775707837,Relatively High,644.744,932.393,3.165,Very Low,934.697,2.532,Very Low,Relatively High,Very Low,Very Low,641,29.118,1803.998,1002107837,1446,17775707837,Relatively High,2135.18,16178.764,10.618,Very Low,16218.734,8.623,Very Low,No Rating,No Expected Annual Losses,No Rating,67,1.96,1803.998,1002107837,1446,17850892097,Very High,252801.351,294467.247,49.132,Relatively Low,295194.726,41.171,Relatively Low,1.803,1803.998,1002107837,1446,17850892097,Relatively Low,130431.871,164324.589,20.471,Very Low,164730.552,16.608,Very Low,30.993,1.919,1803.998,1002107837,1446,17850892097,Relatively Moderate,2864.323,7218.325,15.073,Very Low,7236.158,10.754,Very Low
Colorado,CO,Kit Carson,2183.514,Relatively Low,Relatively High,Relatively High,2183.514,Very Low,Relatively Low,Relatively Low,248,7.281,2183.514,5241935575,7070,87797771934,Relatively High,369060.138,1134152.752,90.974,Relatively Moderate,1627286.402,93.255,Relatively Moderate,2183.514,No Rating,No Expected Annual Losses,No Rating,0.026,2183.514,5241736038,7067.584,87225711015,Relatively High,3844.335,8344.557,19.32,Very Low,12046.299,21.186,Very Low,Relatively High,Very Low,Very Low,676,30.723,2183.514,5241935575,7070,87253935575,Relatively High,12439.567,46351.263,29.247,Relatively Low,67600.908,35.779,Relatively Low,No Rating,No Expected Annual Losses,No Rating,100,2.932,2183.514,5241935575,7070,87797771934,Relatively High,391437.956,663413.894,73.573,Relatively Moderate,972998.744,79.16,Relatively Moderate,2.853,2183.514,5241935575,7070,87797771934,Relatively Low,1109223.296,1388617.837,61.321,Relatively Low,2021709.325,65.861,Relatively Low,72.003,4.458,2183.514,5241933474,7069.977,87797497386,Relatively High,30118.579,139588.635,75.24,Relatively Moderate,204000.276,79.733,Relatively Moderate
Colorado,CO,Lake,387.788,Very Low,Relatively Low,Relatively Low,387.788,No Rating,No Expected Annual Losses,No Rating,38,1.091,387.788,1334554239,7405,87232554239,Relatively Moderate,47204.853,57750.254,41.47,Very Low,65163.269,38.657,Very Low,387.788,No Rating,No Expected Annual Losses,No Rating,0.015,387.788,1334554239,7405,87232554239,Relatively High,4314.843,5652.916,14.59,Very Low,6564.234,13.624,Very Low,Very Low,Relatively Low,Relatively Low,324,14.702,387.788,1334554239,7405,87232554239,Very High,1314.443,107267.672,56.081,Relatively Low,119466.26,53.539,Relatively Low,Relatively Moderate,Very Low,Very Low,8,0.231,387.788,1334554239,7405,87232554239,Relatively Moderate,5352.189,20202.941,9.181,Very Low,22664.102,6.554,Very Low,0.033,387.788,1334554239,7405,87232554239,Relatively Moderate,19545.287,57474.048,12.562,Very Low,64225.909,10.15,Very Low,148.388,9.188,387.788,1334554239,7405,87232554239,Very Low,258.651,1554.958,6.128,Very Low,1779.176,3.404,Very Low
Colorado,CO,La Plata,1716.74,No Rating,No Expected Annual Losses,No Rating,1716.74,Very Low,Very Low,Very Low,5,0.136,1716.74,16531577408,55533,661000000000,Relatively Low,4180.407,6772.576,11.042,Very Low,7355.139,8.05,Very Low,1716.74,Relatively Moderate,Very Low,Very Low,0.015,1716.74,16531577408,55533,661000000000,Relatively Moderate,108.812,10143.548,21.619,Very Low,10934.028,19.82,Very Low,Very Low,Very High,Very High,760,34.545,1716.74,16531577408,55533,661000000000,Relatively High,12471.731,584078.588,90.187,Relatively High,627867.716,89.221,Relatively Moderate,Very Low,Relatively Low,Relatively Low,4,0.102,1716.74,16531577408,55533,661000000000,Relatively Moderate,18358.971,55096.531,16.501,Very Low,59468.337,12.981,Very Low,0.049,1716.74,16531577408,55533,661000000000,Relatively Low,82645.285,162973.398,20.44,Very Low,176905.327,17.34,Very Low,236.764,14.66,1716.74,16531577277,55532.992,661000000000,Very Low,4183.885,69545.905,59.208,Relatively Moderate,73671.065,55.425,Relatively Low
Colorado,CO,Larimer,2660.579,Relatively Low,Very High,Very High,2660.579,Very Low,Very Low,Very Low,158,4.636,2660.579,64104917711,358792,4230000000000,Relatively High,18707130.68,19637784.17,99.535,Very High,18592719.17,99.523,Relatively High,2660.579,No Rating,No Expected Annual Losses,No Rating,0.019,2660.579,64104917711,358792,4230000000000,Relatively High,55232.435,190473.317,75.55,Relatively Moderate,180283.714,70.486,Relatively Moderate,Very Low,Relatively High,Relatively High,518,23.501,2660.579,64104917711,358792,4230000000000,Very High,17151.151,5176255.82,99.646,Very High,4904521.376,99.517,Very High,Relatively Moderate,Relatively High,Relatively High,32,0.913,2660.579,64104917711,358792,4230000000000,Relatively Low,252301.895,1961528.461,92.494,Relatively High,1863419.446,90.932,Relatively High,2.16,2660.579,64104917711,358792,4230000000000,Very Low,6851874.921,10156804.94,94.665,Relatively High,9632024.898,93.191,Relatively High,136.692,8.464,2660.579,64104917711,358792,4230000000000,Very Low,143230.561,169141.762,79.171,Relatively Moderate,159435.182,74.928,Relatively Moderate
Colorado,CO,Las Animas,4823.825,Very Low,Relatively Low,Relatively Low,4823.825,Very Low,Very Low,Very Low,69,2.027,4823.825,2718173391,14491,171000000000,Very Low,260.117,4839.902,9.119,Very Low,6160.066,7.286,Very Low,4823.825,No Rating,No Expected Annual Losses,No Rating,0.015,4823.825,2718173391,14491,171000000000,Relatively High,5802.238,8420.741,19.454,Very Low,11593.839,20.919,Very Low,Very Low,Relatively Low,Relatively Low,891,40.456,4823.825,2718173391,14491,171000000000,Very High,2030.337,303524.638,81.242,Relatively Moderate,423808.586,83.88,Relatively Moderate,Relatively Low,Relatively Low,Relatively Low,15,0.439,4823.825,2718173391,14491,171000000000,Very Low,7384.348,8128.839,5.707,Very Low,11088.383,3.5,Very Low,0.748,4823.825,2718173391,14491,171000000000,Very Low,44647.558,93091.285,15.354,Very Low,126189.82,14.158,Very Low,71.86,4.45,4823.825,2718173391,14491,171000000000,Relatively Low,8001.997,51200.653,51.563,Relatively Low,71532.203,54.757,Relatively Low
Colorado,CO,Lincoln,2612.586,Very Low,Relatively Low,Relatively Low,2612.586,Very Low,Relatively Low,Relatively Low,222,6.524,2612.586,1410264128,5675,67318068468,Relatively High,425263.583,526207.365,82.444,Relatively Moderate,642057.652,83.423,Relatively Moderate,2612.586,No Rating,No Expected Annual Losses,No Rating,0.026,2612.586,1410264128,5675,67240264128,Relatively High,2280.265,7217.706,17.189,Very Low,8834.244,17.288,Very Low,Relatively High,Very Low,Very Low,782,35.53,2612.586,1410264128,5675,67240264128,Relatively High,1498.792,45953.498,28.99,Relatively Low,56310.405,29.537,Relatively Low,Very Low,Very Low,Very Low,48,1.389,2612.586,1410264128,5675,67318068468,Relatively High,129077.745,249374.168,43.641,Relatively Low,304891.556,42.221,Relatively Low,3.317,2612.586,1410264128,5675,67318068468,Very Low,293767.914,379405.835,30.614,Relatively Low,463672.298,28.985,Relatively Low,51.187,3.169,2612.586,1410264128,5675,67318068468,Relatively Low,4077.328,15390.217,25.317,Relatively Low,18853.904,23.131,Very Low
Colorado,CO,Logan,1863.541,Relatively Low,Relatively High,Relatively High,1863.541,Very Low,Relatively Low,Relatively Low,227,6.659,1863.541,4761879574,21526,255000000000,Relatively Low,3051.88,114025.709,55.862,Relatively Low,141439.733,55.743,Relatively Low,1863.541,No Rating,No Expected Annual Losses,No Rating,0.149,1863.541,4761602108,21525.794,254000000000,Relatively High,23395.791,119316.957,65.223,Relatively Moderate,153106.849,67.322,Relatively Moderate,Relatively High,Very Low,Very Low,666,30.233,1863.541,4761879574,21526,254000000000,Relatively Moderate,11087.518,57093.897,36.486,Relatively Low,73142.984,38.449,Relatively Low,Relatively Low,Relatively Moderate,Relatively Moderate,66,1.915,1863.541,4761879574,21526,255000000000,Relatively High,265693.489,816480.817,78.846,Relatively Moderate,1036277.955,80.655,Relatively Moderate,3.061,1863.541,4761879574,21526,255000000000,Very Low,976869.724,2136983.897,71.743,Relatively Moderate,2699653.359,73.051,Relatively Moderate,65.003,4.025,1863.541,4761879574,21526,255000000000,Relatively Moderate,133199.048,179362.983,80.687,Relatively Moderate,225184.403,81.164,Relatively Moderate
Colorado,CO,Mesa,3374.803,Relatively Moderate,Relatively Low,Relatively Low,3374.803,Very Low,Relatively Low,Relatively Low,6,0.149,3374.803,28043980366,155647,1830000000000,Relatively Low,23367.616,41370.404,35.174,Very Low,49963.405,33.376,Very Low,3374.803,Relatively Low,Relatively Moderate,Relatively Moderate,0.015,3374.803,28043980366,155647,1830000000000,Relatively High,90671.004,118796.201,65.057,Relatively Moderate,143197.98,65.989,Relatively Moderate,Very Low,Relatively Moderate,Relatively Moderate,447,20.3,3374.803,28043980366,155647,1830000000000,Very Low,7380.674,82938.072,48.005,Relatively Low,101173.386,48.198,Relatively Low,Very Low,Relatively Moderate,Relatively Moderate,11,0.309,3374.803,28043980366,155647,1830000000000,Very Low,6272.659,11949.302,6.855,Very Low,14432.579,4.518,Very Low,0.104,3374.803,28043980366,155647,1830000000000,Very Low,88487.499,179126.988,21.619,Very Low,211965.373,19.376,Very Low,167.764,10.388,3374.803,28043972798,155646.907,1830000000000,Very Low,87.329,588.428,5.2,Very Low,671.125,2.45,Very Low
Colorado,CO,Mineral,886.638,Very Low,Very Low,Very Low,886.638,No Rating,No Expected Annual Losses,No Rating,6,0.164,886.638,670627630,863,10681519380,Relatively High,2088.54,2138.722,5.862,Very Low,1976.574,2.991,Very Low,886.638,No Rating,No Expected Annual Losses,No Rating,0.015,886.638,670627630,863,10681427630,Relatively Moderate,4.414,160.357,0.633,Very Low,148.2,0.333,Very Low,Relatively Moderate,Relatively Low,Relatively Low,580,26.328,886.638,670627630,863,10681427630,Relatively Moderate,458.571,3404.639,1.577,Very Low,3146.515,1.255,Very Low,Relatively Moderate,Very Low,Very Low,3,0.072,886.638,670627630,863,10681519380,Relatively High,701.41,1275.678,3.691,Very Low,1178.962,1.082,Very Low,0.037,886.638,670627630,863,10681519380,Relatively Moderate,3972.971,5260.811,3.288,Very Low,4861.961,2.482,Very Low,233.896,14.483,886.638,670627630,863,10681519380,Very Low,595.805,1313.291,5.942,Very Low,1213.723,2.959,Very Low
Colorado,CO,Moffat,4798.851,Very Low,Relatively Low,Relatively Low,4798.851,Very Low,Very Low,Very Low,3,0.088,4798.851,4182754729,13270,158000000000,Relatively Low,1142.843,1526.158,5.118,Very Low,2024.11,3.086,Very Low,4798.851,Relatively High,Very Low,Very Low,0.015,4798.851,4182754729,13270,158000000000,Relatively High,550.773,7287.376,17.388,Very Low,10832.366,19.62,Very Low,Relatively Low,Relatively Low,Relatively Low,344,15.605,4798.851,4182754729,13270,158000000000,Very High,4215.808,106894.511,55.985,Relatively Low,159658.783,63.353,Relatively Low,Relatively Low,Very Low,Very Low,6,0.155,4798.851,4182754729,13270,158000000000,Relatively Moderate,5950.986,22327.276,9.739,Very Low,32932.679,8.336,Very Low,0.099,4798.851,4182754729,13270,158000000000,Very Low,6000.145,6731.527,3.846,Very Low,8643.449,3.341,Very Low,104.093,6.445,4798.851,4182752298,13269.981,158000000000,Very Low,707.993,2198.102,7.026,Very Low,3184.165,5.218,Very Low
Colorado,CO,Montezuma,2060.447,No Rating,No Expected Annual Losses,No Rating,2060.447,Very Low,Relatively Low,Relatively Low,5,0.127,2060.447,5935803280,25806,305000000000,Relatively Moderate,16182.102,19743.51,21.898,Very Low,23776.043,20.299,Very Low,2060.447,Relatively High,Very Low,Very Low,0.015,2060.447,5935803280,25806,305000000000,Relatively High,19191.471,23854.58,34.177,Relatively Low,28990.121,34.211,Relatively Low,Very Low,Relatively Low,Relatively Low,657,29.855,2060.447,5935803280,25806,305000000000,Relatively High,11493.013,183138.561,71.557,Relatively Moderate,225196.803,72.329,Relatively Moderate,Very Low,Very Low,Very Low,4,0.099,2060.447,5935803280,25806,305000000000,Relatively Moderate,4873.336,24701.151,10.236,Very Low,30314.526,7.859,Very Low,0.053,2060.447,5935803280,25806,305000000000,Very Low,19812.431,47682.637,11.569,Very Low,59381.169,9.545,Very Low,140.542,8.702,2060.447,5935802809,25805.997,305000000000,Very Low,1272.72,13437.071,22.903,Relatively Low,16369.029,20.649,Very Low
Colorado,CO,Montrose,2265.489,Relatively Low,Very Low,Very Low,2265.489,Very Low,Very Low,Very Low,5,0.136,2265.489,8760733616,42636,503000000000,Relatively Moderate,16350.119,22010.703,23.356,Very Low,27335.71,22.049,Very Low,2265.489,Relatively Low,Relatively Low,Very Low,0.015,2265.489,8760733616,42636,503000000000,Relatively High,28324.956,36029.222,41.173,Relatively Low,45245.115,43.005,Relatively Low,Very Low,Relatively Low,Relatively Low,493,22.39,2265.489,8760733616,42636,503000000000,Very High,64.367,404852.868,85.328,Relatively Moderate,495247.491,86.261,Relatively Moderate,Very Low,Relatively Low,Relatively Low,8,0.222,2265.489,8760733616,42636,503000000000,Relatively Moderate,3022.704,69753.659,18.89,Relatively Low,86470.817,17.117,Very Low,0.048,2265.489,8760733616,42636,503000000000,Very Low,13498.233,46916.722,11.445,Very Low,58228.544,9.45,Very Low,106.669,6.605,2265.489,8760733616,42636,503000000000,Very Low,147.288,642.557,5.231,Very Low,793.794,2.577,Very Low
Colorado,CO,Morgan,1306.931,Relatively Low,Relatively High,Relatively High,1306.931,Very Low,Very Low,Very Low,243,7.132,1306.931,6554146331,29096,345000000000,Relatively Moderate,679763.219,1031755.462,90.012,Relatively Moderate,1383618.547,91.95,Relatively Moderate,1306.931,No Rating,No Expected Annual Losses,No Rating,0.046,1306.931,6523987533,29024.496,343000000000,Relatively High,12514.737,41035.946,44.57,Relatively Low,56415.109,47.435,Relatively Low,Relatively High,Very Low,Very Low,649,29.459,1306.931,6554146331,29096,344000000000,Relatively Moderate,3618.259,135262.351,63.61,Relatively Low,194304.367,68.501,Relatively Low,Relatively Low,Relatively Moderate,Relatively Moderate,57,1.668,1306.931,6554146331,29096,345000000000,Relatively High,325372.496,989730.133,82.599,Relatively Moderate,1404757.758,86.796,Relatively Moderate,2.239,1306.931,6554146331,29096,345000000000,Relatively Low,1841211.577,2372030.185,74.504,Relatively Moderate,3308704.682,76.997,Relatively Moderate,62.01,3.84,1306.931,6554146331,29096,345000000000,Relatively Low,39459.52,55756.101,53.729,Relatively Moderate,78240.903,57.206,Relatively Low
Colorado,CO,Otero,1282.522,Very Low,Relatively Moderate,Relatively Moderate,1282.522,Very Low,Relatively Low,Relatively Low,99,2.908,1282.522,3385626292,18678,220000000000,Relatively Low,8529.614,41277.472,35.143,Very Low,60177.036,36.78,Very Low,1282.522,No Rating,No Expected Annual Losses,No Rating,0.015,1282.522,3385626292,18678,220000000000,Relatively Moderate,2024.891,5399.98,13.857,Very Low,7825.164,15.956,Very Low,Relatively Low,Relatively Low,Relatively Low,622,28.243,1282.522,3385626292,18678,220000000000,Very High,1632.506,295243.569,80.759,Relatively Moderate,428985.025,84.106,Relatively Moderate,Very Low,Relatively Low,Relatively Low,23,0.67,1282.522,3385626292,18678,220000000000,Relatively High,34257.992,199211.06,37.159,Relatively Low,291186.532,40.757,Relatively Low,0.53,1282.522,3385626292,18678,220000000000,Relatively Low,221684.523,400420.04,31.421,Relatively Low,583462.264,32.994,Relatively Low,25.002,1.548,1282.522,3385626292,18678,220000000000,Relatively Moderate,13038.3,73938.229,60.941,Relatively Moderate,107486.304,65.352,Relatively Moderate
Colorado,CO,Ouray,547.684,Relatively Low,Very Low,Very Low,547.684,Very Low,Very Low,Very Low,4,0.107,547.684,1492164743,4859,57861386423,Relatively Moderate,2977.156,3455.423,7.63,Very Low,3061.751,4.454,Very Low,547.684,No Rating,No Expected Annual Losses,No Rating,0.015,547.684,1492164743,4859,57856564743,Relatively High,4824.425,5702.439,14.69,Very Low,5052.481,11.326,Very Low,Relatively Low,Relatively Moderate,Relatively Moderate,539,24.495,547.684,1492164743,4859,57856564743,Relatively High,116.952,35582.326,23.649,Very Low,31338.103,17.954,Very Low,Relatively Low,Relatively Low,Very Low,4,0.094,547.684,1492164743,4859,57861386423,Relatively Moderate,1476.128,5496.782,5.087,Very Low,4840.835,1.941,Very Low,0.009,547.684,1492164743,4859,57861386423,Relatively Moderate,3135.581,6185.128,3.722,Very Low,5465.734,2.768,Very Low,275.215,17.041,547.684,1492164736,4859,57861385279,Very Low,1442.099,7531.134,15.506,Very Low,6795.341,10.245,Very Low
Colorado,CO,Park,2232.627,Very Low,Relatively Low,Relatively Low,2232.627,No Rating,No Expected Annual Losses,No Rating,142,4.163,2232.627,3962724908,17300,205000000000,Relatively Moderate,336838.139,348335.77,77.543,Relatively Low,268218.623,68.724,Relatively Low,2232.627,No Rating,No Expected Annual Losses,No Rating,0.015,2232.627,3962724908,17300,205000000000,Relatively High,3362.753,11880.981,23.151,Very Low,9289.175,17.788,Very Low,Relatively Low,Relatively Low,Relatively Low,837,38.008,2232.627,3962724908,17300,205000000000,Very High,858.132,415951.128,85.714,Relatively Moderate,315562.511,79.151,Relatively Moderate,Very Low,Very Low,Very Low,18,0.52,2232.627,3962724908,17300,205000000000,Relatively High,82382.527,190602.63,35.918,Relatively Low,144165.158,24.531,Relatively Low,0.902,2232.627,3962724908,17300,205000000000,Very Low,202631.702,281539.801,26.427,Very Low,211575.123,19.313,Very Low,101.277,6.271,2232.627,3962724908,17300,205000000000,Very Low,3244.586,16988.291,26.772,Relatively Low,13361.709,17.722,Very Low
Colorado,CO,Phillips,694.99,Relatively Low,Relatively Moderate,Relatively Moderate,694.99,Very Low,Relatively Low,Relatively Low,264,7.747,694.99,2348169517,4523,55014750372,Relatively High,12899.455,737848.647,86.942,Relatively Moderate,837625.664,86.701,Relatively Moderate,694.99,No Rating,No Expected Annual Losses,No Rating,0.131,694.99,2334995573,4520.009,54767105451,Relatively High,9999.71,27380.332,36.642,Relatively Low,33419.921,36.942,Relatively Low,Relatively High,Very Low,Very Low,757,34.37,694.99,2348169517,4523,54814969517,Relatively Moderate,6209.084,28194.986,18.919,Very Low,35466.258,19.949,Very Low,Relatively Low,Very Low,Very Low,87,2.558,694.99,2348169517,4523,55014750372,Very High,785144.927,953805.91,81.731,Relatively Moderate,1186244.806,83.551,Relatively Moderate,0.627,694.99,2348169517,4523,55014750372,Relatively Moderate,473020.079,693743,41.749,Relatively Low,853378.216,41.234,Relatively Low,60,3.715,694.99,2348168733,4522.985,55014575105,Relatively High,60630.037,109780.298,70.381,Relatively Moderate,135812.503,71.174,Relatively Moderate
Colorado,CO,Pitkin,983.025,Relatively Low,Very Low,Very Low,983.025,Very Low,Very Low,Very Low,4,0.114,983.025,6757242524,17292,207000000000,Relatively High,15017.547,16527.264,19.634,Very Low,16355.142,14.858,Very Low,983.025,No Rating,No Expected Annual Losses,No Rating,0.015,983.025,6757242524,17292,207000000000,Very High,21847.325,24971.966,35.11,Relatively Low,24787.478,31.746,Relatively Low,Relatively Low,Very High,Very High,399,18.119,983.025,6757242524,17292,207000000000,Very High,181.43,205563.482,74.067,Relatively Moderate,202441.102,69.53,Relatively Moderate,Relatively Low,Relatively Low,Relatively Low,7,0.183,983.025,6757242524,17292,207000000000,Relatively Low,1253.48,9223.571,6.017,Very Low,9171.843,3.182,Very Low,0.018,983.025,6757242524,17292,207000000000,Relatively Moderate,24124.263,44555.181,11.042,Very Low,43378.834,8.113,Very Low,365.285,22.618,983.025,6757242524,17292,207000000000,Very Low,1083.319,5689.672,12.968,Very Low,5603.69,8.368,Very Low
Colorado,CO,Prowers,1660.922,Relatively Low,Relatively Moderate,Relatively Moderate,1660.922,Very Low,Relatively Low,Relatively Low,207,6.071,1660.922,2332563241,11979,142000000000,Relatively High,622561.685,796659.89,87.81,Relatively Moderate,1285520.519,91.155,Relatively Moderate,1660.922,No Rating,No Expected Annual Losses,No Rating,0.05,1660.922,2332563241,11979,141000000000,Relatively Moderate,3319.843,7951.27,18.621,Very Low,13034.158,22.119,Very Low,Relatively High,Very Low,Very Low,612,27.813,1660.922,2332563241,11979,141000000000,Very High,1130.365,156727.494,67.535,Relatively Moderate,253540.101,74.71,Relatively Moderate,Relatively Low,Very Low,Relatively Low,75,2.179,1660.922,2332563241,11979,142000000000,Relatively Moderate,318064.572,322331.113,51.365,Relatively Low,516237.22,59.847,Relatively Moderate,1.314,1660.922,2332563241,11979,142000000000,Very Low,180067.747,432165.133,32.754,Relatively Low,698425.427,36.271,Relatively Low,33.002,2.043,1660.922,2332562495,11978.989,142000000000,Relatively Moderate,8664.911,55278.704,53.358,Relatively Moderate,89457.22,60.675,Relatively Moderate
Colorado,CO,Pueblo,2421.972,Very Low,Relatively Moderate,Relatively High,2421.972,Very Low,Very Low,Very Low,139,4.081,2421.972,24996485111,168034,1970000000000,Relatively High,6152076.179,6341220.68,98.604,Relatively High,7761206.362,98.727,Relatively High,2421.972,No Rating,No Expected Annual Losses,No Rating,0.015,2421.972,24996485111,168034,1970000000000,Relatively High,80817.929,111181.44,63.458,Relatively Moderate,135803.584,64.957,Relatively Moderate,Very Low,Relatively Low,Relatively Low,752,34.176,2421.972,24996485111,168034,1970000000000,Relatively Low,44786.101,203939.315,73.81,Relatively Moderate,247610.007,74.228,Relatively Moderate,Relatively Low,Relatively Moderate,Relatively Moderate,19,0.552,2421.972,24996485111,168034,1970000000000,Relatively Low,142878.657,218118.264,39.268,Relatively Low,267275.789,38.403,Relatively Low,0.816,2421.972,24996485111,168034,1970000000000,Very Low,1070638.212,2403249.833,74.721,Relatively Moderate,2954903.053,74.642,Relatively Moderate,31.649,1.96,2421.972,24996485111,168034,1970000000000,Very Low,850.785,13150.781,22.501,Relatively Low,15958.41,20.14,Very Low
Colorado,CO,Rio Blanco,3255.386,Relatively Low,Relatively Low,Relatively Low,3255.386,Very Low,Very Low,Very Low,5,0.139,3255.386,2390961512,6520,78044463829,Relatively High,15595.851,16446.902,19.51,Very Low,21629.797,19.122,Very Low,3255.386,Relatively High,Very Low,Very Low,0.015,3255.386,2390961512,6520,78022961512,Very High,7730.389,8908.544,20.32,Very Low,11461.906,20.686,Very Low,Relatively Low,Relatively Low,Relatively Low,501,22.738,3255.386,2390961512,6520,78022961512,Very High,31.779,79653.001,46.686,Relatively Low,102991.534,48.777,Relatively Low,Very Low,Relatively Low,Relatively Low,10,0.279,3255.386,2390961512,6520,78044463829,Relatively Moderate,9271.078,20349.55,9.243,Very Low,27015.734,7.509,Very Low,0.112,3255.386,2390961512,6520,78044463829,Very Low,6757.393,9538.919,4.994,Very Low,12241.069,4.136,Very Low,176.779,10.946,3255.386,2390961512,6520,78044463829,Very Low,458.358,2192.584,6.995,Very Low,2914.503,4.55,Very Low
Colorado,CO,Rio Grande,921.547,Relatively Low,Relatively Low,Relatively Moderate,921.547,Very Low,Relatively Low,Relatively Low,10,0.294,921.547,4081830835,11498,138000000000,Relatively High,29718.368,42067.427,35.546,Very Low,61251.801,37.289,Very Low,921.547,No Rating,No Expected Annual Losses,No Rating,0.015,921.547,4081830835,11498,137000000000,Relatively Moderate,26.867,2104.54,6.496,Very Low,3339.713,7.695,Very Low,Relatively Low,Relatively Low,Relatively Low,357,16.226,921.547,4081830835,11498,137000000000,Relatively Moderate,1205.441,16119.606,10.553,Very Low,23723.16,13.707,Very Low,Relatively Moderate,Relatively Low,Relatively Low,2,0.046,921.547,4081830835,11498,138000000000,Relatively Moderate,330.534,4828.79,4.715,Very Low,7536.865,2.8,Very Low,0.057,921.547,4081830835,11498,138000000000,Relatively Low,37912.402,66232.035,13.462,Very Low,101584.07,12.854,Very Low,106.586,6.6,921.547,4081830835,11498,138000000000,Very Low,1135.654,2981.941,8.295,Very Low,3966.727,6.332,Very Low
Colorado,CO,Routt,2392.039,Relatively Low,Relatively Low,Relatively Low,2392.039,Very Low,Very Low,Very Low,3,0.084,2392.039,6288873377,24767,294000000000,Relatively Low,1606.075,2033.146,5.738,Very Low,1830.697,2.927,Very Low,2392.039,No Rating,No Expected Annual Losses,No Rating,0.015,2392.039,6288873377,24767,294000000000,Relatively High,828.101,13401.232,24.75,Very Low,12363.269,21.452,Very Low,Very Low,Relatively Moderate,Relatively Moderate,527,23.943,2392.039,6288873377,24767,294000000000,Relatively High,3747.426,250474.864,77.606,Relatively Moderate,232330.955,72.844,Relatively Moderate,Very Low,Relatively Low,Relatively Low,7,0.185,2392.039,6288873377,24767,294000000000,Relatively Moderate,7731.547,37681.455,13.182,Very Low,34696.026,8.622,Very Low,0.048,2392.039,6288873377,24767,294000000000,Very Low,10189.497,19632.388,7.568,Very Low,17622.213,4.804,Very Low,299.564,18.549,2392.039,6288873351,24766.999,294000000000,Very Low,323.17,1674.778,6.19,Very Low,1495.06,3.213,Very Low
Colorado,CO,Saguache,3202.291,Relatively Low,Relatively Low,Relatively Moderate,3202.291,Very Low,Relatively Low,Relatively Low,21,0.599,3202.291,1841417769,6323,75309107322,Relatively High,29852.029,49430.823,38.586,Very Low,72050.707,41.075,Very Low,3202.291,No Rating,No Expected Annual Losses,No Rating,0.015,3202.291,1841417769,6323,75188217769,Relatively High,5953.62,7096.177,17.022,Very Low,10263.238,18.921,Very Low,Relatively High,Relatively Low,Relatively Low,403,18.279,3202.291,1841417769,6323,75188217769,Relatively High,1110.604,34395.528,22.812,Very Low,48403.859,25.837,Very Low,Relatively Moderate,Very Low,Very Low,3,0.064,3202.291,1841417769,6323,75309107322,Relatively Moderate,4511.619,5483.698,5.056,Very Low,7851.604,2.895,Very Low,0.253,3202.291,1841417769,6323,75309107322,Very Low,21803.855,33487.231,9.46,Very Low,48086.074,8.591,Very Low,66.631,4.126,3202.291,1841417769,6323,75309107322,Very Low,531.38,2007.599,6.654,Very Low,2814.274,4.423,Very Low
Colorado,CO,San Juan,392.222,No Rating,No Expected Annual Losses,No Rating,392.222,No Rating,No Expected Annual Losses,No Rating,5,0.119,392.222,353411005,699,8461811005,Relatively High,793.23,853.619,4.187,Very Low,936.631,2.004,Very Low,392.222,No Rating,No Expected Annual Losses,No Rating,0.015,392.222,353411005,699,8461811005,Very High,1142.638,1268.947,4.297,Very Low,1392.348,3.764,Very Low,Relatively Moderate,Relatively High,Relatively High,512,23.228,392.222,353411005,699,8461811005,Relatively High,324.699,3292.237,1.544,Very Low,3612.397,1.544,Very Low,Relatively Low,Very Low,Very Low,4,0.103,392.222,353411005,699,8461811005,Relatively Moderate,349.75,1027.675,3.598,Very Low,1127.613,1.05,Very Low,0.008,392.222,353411005,699,8461811005,Relatively High,1202.269,1996.077,1.861,Very Low,2190.19,1.75,Very Low,381.979,23.652,392.222,353411005,699,8461811005,Very Low,1867.321,4098.854,10.275,Very Low,4497.455,6.936,Very Low
Colorado,CO,San Miguel,1301.746,No Rating,No Expected Annual Losses,No Rating,1301.746,Very Low,Very Low,Very Low,5,0.121,1301.746,2902061320,8002,95732572273,Relatively Moderate,4641.559,5408.333,9.615,Very Low,4849.722,6.013,Very Low,1301.746,Relatively Low,Very Low,Very Low,0.015,1301.746,2902061320,8002,95725261320,Very High,9382.863,10828.813,22.052,Very Low,9754.556,18.421,Very Low,Relatively Low,Very High,Very High,672,30.532,1301.746,2902061320,8002,95725261320,Relatively High,520.152,51273.204,32.4,Relatively Low,45027.58,24.099,Very Low,Very Low,Relatively Low,Relatively Low,4,0.112,1301.746,2902061320,8002,95732572273,Relatively Low,1630.731,3867.304,4.404,Very Low,3425.772,1.559,Very Low,0.023,1301.746,2902061320,8002,95732572273,Relatively Low,6321.73,11734.899,5.614,Very Low,10414.6,3.786,Very Low,146.037,9.043,1301.746,2902061320,8002,95732572273,Relatively Low,1405.291,21983.495,32.343,Relatively Low,19530.297,23.863,Very Low
Colorado,CO,Sedgwick,554.95,Relatively Low,Relatively Low,Relatively Low,554.95,Very Low,Relatively Low,Relatively Low,255,7.486,554.95,995219326,2395,28884832501,Very High,285763.767,567790.319,83.437,Relatively Moderate,851297.503,86.892,Relatively Moderate,554.95,No Rating,No Expected Annual Losses,No Rating,0.113,554.95,995219326,2395,28777219326,Relatively Moderate,2502.044,6352.238,15.823,Very Low,9524.016,18.055,Very Low,Very High,Very Low,Very Low,757,34.4,554.95,995219326,2395,28777219326,Relatively Moderate,2622.028,14447.369,9.17,Very Low,21661.182,12.42,Very Low,Relatively High,Relatively Low,Relatively Low,81,2.38,554.95,995219326,2395,28884832501,Very High,307818.07,411254.112,58.685,Relatively Moderate,616600.155,65.702,Relatively Moderate,0.532,554.95,995219326,2395,28884832501,Relatively Moderate,179922.83,292712.887,27.047,Very Low,438869.318,28.094,Relatively Low,60,3.715,554.95,995219326,2395,28884832501,Relatively High,25696.699,64401.374,57.258,Relatively Moderate,96558.055,62.615,Relatively Moderate
Colorado,CO,Summit,625.511,Very Low,Relatively Moderate,Relatively Moderate,625.511,No Rating,No Expected Annual Losses,No Rating,81,2.359,625.511,10888428043,31040,371000000000,Relatively High,1169576.543,1196915.869,91.532,Relatively Moderate,1123566.758,89.787,Relatively Moderate,625.511,No Rating,No Expected Annual Losses,No Rating,0.015,625.511,10888428043,31040,371000000000,Relatively High,9239.878,24523.45,34.71,Relatively Low,23247.127,30.646,Relatively Low,Very Low,Relatively High,Relatively High,446,20.23,625.511,10888428043,31040,371000000000,Very High,1867.689,352331.885,83.494,Relatively Moderate,335471.262,80.148,Relatively Moderate,Relatively Moderate,Very Low,Very Low,16,0.442,625.511,10888428043,31040,371000000000,Relatively Moderate,65546.282,156851.236,31.7,Relatively Low,148576.458,24.976,Relatively Low,0.079,625.511,10888428043,31040,371000000000,Relatively Moderate,302962.987,349362.112,29.404,Relatively Low,329041.059,24.435,Very Low,189.043,11.705,625.511,10888428043,31040,371000000000,Very Low,8124.068,19657.709,29.712,Relatively Low,18071.241,22.304,Very Low
Colorado,CO,Teller,564.633,Very Low,Relatively Low,Relatively Low,564.633,No Rating,No Expected Annual Losses,No Rating,204,5.994,564.633,4096878357,24661,290000000000,Relatively Moderate,1128176.65,1142537.509,91.036,Relatively Moderate,1114097.351,89.564,Relatively Moderate,564.633,No Rating,No Expected Annual Losses,No Rating,0.015,564.633,4096878357,24661,290000000000,Relatively High,13245.911,17702.12,28.548,Relatively Low,17175.835,25.849,Very Low,Very Low,Relatively Low,Relatively Low,1505,68.379,564.633,4096878357,24661,290000000000,Very High,15599.652,910640.205,94.53,Relatively High,877746.427,93.34,Relatively High,Relatively Low,Very Low,Very Low,24,0.688,564.633,4096878357,24661,290000000000,Relatively Moderate,54024.809,152301.213,30.924,Relatively Low,147501.12,24.913,Relatively Low,0.283,564.633,4096878357,24661,290000000000,Relatively Low,278777.15,557466.47,37.624,Relatively Low,542051.025,31.467,Relatively Low,89.32,5.531,564.633,4096878357,24661,290000000000,Relatively Low,4364.489,89040.022,65.955,Relatively Moderate,85479.359,59.529,Relatively Low
Colorado,CO,Washington,2549.436,Relatively Low,Relatively Moderate,Relatively Moderate,2549.436,Very Low,Relatively Low,Relatively Low,234,6.879,2549.436,1525217888,4806,57486353223,Relatively Moderate,7821.124,146924.177,61.383,Relatively Low,157837.414,58.479,Relatively Low,2549.436,No Rating,No Expected Annual Losses,No Rating,0.09,2549.436,1525217888,4806,57274817888,Relatively High,8561.144,26956.248,36.342,Relatively Low,29224.958,34.444,Relatively Low,Relatively High,Very Low,Very Low,669,30.395,2549.436,1525217888,4806,57274817888,Relatively Moderate,1711.087,23417.617,15.734,Very Low,25339.243,14.575,Very Low,Relatively Moderate,Relatively Low,Relatively Low,66,1.928,2549.436,1525217888,4806,57486353223,Relatively High,175423.891,276367.527,46.867,Relatively Low,298015.68,41.457,Relatively Low,4.212,2549.436,1525217888,4806,57486353223,Very Low,340962.116,419556.551,32.382,Relatively Low,452557.611,28.699,Relatively Low,76.001,4.706,2549.436,1525217888,4806,57486353223,Relatively Low,11256.03,22336.89,32.776,Relatively Low,24131.816,28.444,Relatively Low
Colorado,CO,Weld,4057.296,Very Low,Very High,Very High,4057.296,Very Low,Relatively Low,Relatively Low,239,7.012,4057.296,51427069727,328800,3870000000000,Relatively Low,1088997.539,2204414.495,95.689,Relatively High,2418401.222,95.577,Relatively Moderate,4057.296,No Rating,No Expected Annual Losses,No Rating,0.025,4057.296,51426761049,328800,3870000000000,Relatively Moderate,45820.077,173395.624,73.351,Relatively Moderate,190071.548,72.019,Relatively Moderate,Relatively Low,Relatively Low,Relatively Low,531,24.115,4057.296,51427069727,328800,3870000000000,Relatively Moderate,49813.125,662589.759,91.795,Relatively High,725117.224,91.184,Relatively High,Relatively Low,Relatively High,Relatively High,50,1.449,4057.296,51427069727,328800,3870000000000,Very Low,253255.577,775440.297,77.636,Relatively Moderate,854726.818,75.692,Relatively Moderate,6.192,4057.296,51427069727,328800,3870000000000,Very Low,9260796.501,14498643.85,96.402,Relatively High,15880835.68,96.277,Relatively High,55.432,3.432,4057.296,51427069536,328800,3870000000000,Very Low,178354.438,189127.54,81.523,Relatively Moderate,201284.244,79.415,Relatively Moderate
Colorado,CO,Yuma,2392.61,Relatively Low,Very High,Very High,2392.61,Very Low,Relatively Low,Relatively Low,269,7.883,2392.61,2898753789,9960,119000000000,Relatively High,363008.741,2210335.116,95.72,Relatively High,3206443.489,96.818,Relatively High,2392.61,No Rating,No Expected Annual Losses,No Rating,0.13,2392.61,2898753789,9960,118000000000,Relatively High,12797.829,52799.596,48.834,Relatively Low,76572.2,52.798,Relatively Low,Relatively Low,Relatively Low,Relatively Low,664,30.168,2392.61,2898753789,9960,118000000000,Relatively Moderate,904.349,48083.234,30.148,Relatively Low,69648.297,36.615,Relatively Low,Relatively Low,Very Low,Very Low,106,3.098,2392.61,2898753789,9960,119000000000,Relatively High,520922.656,986380.853,82.537,Relatively Moderate,1427237.095,87.241,Relatively Moderate,3.332,2392.61,2898753789,9960,119000000000,Relatively Low,668397.199,1225250.179,57.289,Relatively Low,1774477.039,62.17,Relatively Low,75,4.644,2392.61,2898753789,9960,119000000000,Relatively Moderate,6018.569,122355.206,73.011,Relatively Moderate,177201.115,77.06,Relatively Moderate
Montana,MT,Beaverhead,5629.197,Relatively Moderate,Very Low,Very Low,5629.197,Very Low,Relatively Low,Relatively Low,11,0.305,5629.197,3037193689,9351,112000000000,Relatively Moderate,10520.876,13157.823,16.594,Very Low,14175.9,13.331,Very Low,5629.197,No Rating,No Expected Annual Losses,No Rating,0.015,5629.197,3037193689,9351,112000000000,Relatively High,32.913,3850.802,10.293,Very Low,4325.948,9.927,Very Low,Relatively Low,Relatively Low,Relatively Low,189,8.584,5629.197,3037193689,9351,112000000000,Very High,558.177,50220.329,31.499,Relatively Low,56424.229,29.73,Relatively Low,Relatively Moderate,Relatively Low,Relatively Low,9,0.259,5629.197,3037193689,9351,112000000000,Relatively Moderate,17091.425,26785.51,10.763,Very Low,29167.442,7.668,Very Low,0.15,5629.197,3037193689,9351,112000000000,Very Low,11874.124,21480.149,8.033,Very Low,23421.246,5.727,Very Low,145.549,9.012,5629.197,3037193689,9351,112000000000,Relatively Low,549.608,65613.686,57.505,Relatively Moderate,73706.975,55.457,Relatively Low
Montana,MT,Big Horn,5066.754,Very Low,Relatively Low,Relatively Low,5066.754,Very Low,Relatively Low,Relatively Low,58,1.686,5066.754,3082749179,13034,154000000000,Relatively Low,15224.553,24336.069,25.186,Very Low,36303.383,27.14,Very Low,5066.754,Relatively Low,Relatively Low,Relatively Low,0.015,5066.754,3082749179,13034,154000000000,Relatively High,9967.057,12322.283,23.784,Very Low,18248.523,27.049,Very Low,Relatively Low,Relatively Low,Relatively Low,377,17.119,5066.754,3082749179,13034,154000000000,Very High,817.131,149298.162,66.345,Relatively Moderate,224096.135,72.201,Relatively Moderate,Relatively Moderate,Relatively Moderate,Relatively Moderate,30,0.863,5066.754,3082749179,13034,154000000000,Relatively Moderate,2878.002,116854.316,26.179,Relatively Low,176039.803,28.381,Relatively Low,0.361,5066.754,3082749179,13034,154000000000,Very Low,38974.106,49614.854,11.88,Very Low,73382.101,11.136,Very Low,107.853,6.678,5066.754,3082748898,13033.988,154000000000,Relatively Low,2015.88,82799.499,63.788,Relatively Moderate,122822.225,68.979,Relatively Moderate
Montana,MT,Blaine,4281.529,Relatively Low,Relatively High,Relatively High,4281.529,Very Low,Very Low,Very Low,22,0.645,4281.529,2004093673,7013,83458065299,Relatively Low,662.409,5279.865,9.491,Very Low,7753.386,8.4,Very Low,4281.529,Relatively Low,Relatively Low,Relatively Low,0.015,4281.529,2004093673,7013,83354893673,Relatively High,6479.579,7746.818,18.188,Very Low,10400.73,19.087,Very Low,Relatively Moderate,Relatively Low,Relatively Low,267,12.12,4281.529,2004093673,7013,83354893673,Relatively Moderate,1376.891,13450.792,8.237,Very Low,19618.3,10.94,Very Low,Relatively Low,Relatively Low,Relatively Low,21,0.599,4281.529,2004093673,7013,83458065299,Relatively Moderate,12197.641,26498.495,10.67,Very Low,35878.006,8.877,Very Low,0.166,4281.536,2004093673,7013,83458065299,Very Low,13856.849,17053.232,6.948,Very Low,23190.094,5.6,Very Low,100.017,6.193,4281.529,2004092870,7012.996,83458018281,Relatively Moderate,35071.287,116623.039,71.99,Relatively Moderate,165811.584,75.883,Relatively Moderate
Montana,MT,Broadwater,1250.606,Very Low,Relatively Low,Relatively Low,1250.606,Very Low,Very Low,Very Low,28,0.818,1250.606,1676851012,6753,80057169968,Relatively Moderate,44216.973,45068.629,36.725,Very Low,43920.633,30.703,Very Low,1250.606,No Rating,No Expected Annual Losses,No Rating,0.015,1250.606,1676851012,6753,80011651012,Relatively High,5421.547,6641.805,16.322,Very Low,6508.03,13.524,Very Low,Relatively Moderate,Relatively Low,Relatively Low,216,9.791,1250.606,1676851012,6753,80011651012,Very High,43.449,34294.554,22.78,Very Low,33888.677,19.176,Very Low,Relatively Moderate,Very Low,Very Low,18,0.504,1250.606,1676851012,6753,80057169968,Relatively Moderate,11978.592,30590.832,11.6,Very Low,30135.782,7.763,Very Low,0.035,1250.606,1676851012,6753,80057169968,Relatively Low,7433.937,16772.756,6.886,Very Low,16408.87,4.645,Very Low,133.43,8.262,1250.606,1676851012,6753,80057169968,Relatively Moderate,465.132,78682.063,62.086,Relatively Moderate,78092.01,57.079,Relatively Low
Montana,MT,Carbon,2082.187,Very Low,Relatively Low,Relatively Low,2082.187,Very Low,Relatively Low,Relatively Low,48,1.403,2082.187,3365746144,10455,125000000000,Relatively Moderate,68600.764,94917.054,52.109,Relatively Low,93017.788,46.58,Relatively Low,2082.187,Relatively Low,Relatively Moderate,Relatively Moderate,0.015,2082.187,3365746144,10455,125000000000,Relatively High,10882.035,12771.239,24.217,Very Low,12594.725,21.652,Very Low,Relatively Low,Relatively Low,Relatively Low,238,10.778,2082.187,3365746144,10455,125000000000,Very High,535.113,86288.729,49.035,Relatively Low,85772.892,43.597,Relatively Low,Relatively Low,Relatively Low,Relatively Low,24,0.697,2082.187,3365746144,10455,125000000000,Relatively Low,569,35803.909,12.438,Very Low,35359.329,8.75,Very Low,0.104,2082.187,3365746144,10455,125000000000,Relatively Low,58151.66,125988.143,17.525,Very Low,125232.561,13.968,Very Low,143.54,8.888,2082.187,3365746144,10455,125000000000,Relatively Low,2548.408,98226.142,67.874,Relatively Moderate,97161.246,62.743,Relatively Moderate
Montana,MT,Carter,3381.807,Relatively Low,Relatively Moderate,Relatively Moderate,3381.807,Very Low,Very Low,Very Low,92,2.695,3381.807,842698370,1400,17163721657,Relatively High,32441.574,36117.976,32.475,Very Low,41998.187,29.749,Very Low,3381.807,Relatively Low,Relatively Low,Relatively Low,0.052,3381.807,842698370,1400,17082698370,Relatively Moderate,672.604,1434.457,4.73,Very Low,1667.995,4.664,Very Low,Relatively High,Relatively Low,Relatively Low,621,28.207,3381.807,842698370,1400,17082698370,Relatively High,1841.283,9649.737,5.824,Very Low,11220.769,5.695,Very Low,Relatively Low,Very Low,Very Low,49,1.434,3381.807,842698370,1400,17163721657,Relatively Moderate,1374.15,14543.602,7.785,Very Low,16911.383,5.154,Very Low,0.418,3381.807,842698370,1400,17163721657,Relatively Low,31107.633,48298.309,11.694,Very Low,56161.548,9.29,Very Low,83.003,5.14,3381.807,842698370,1400,17163721657,Relatively High,64908.875,76525.857,61.622,Relatively Moderate,88984.701,60.579,Relatively Low
Montana,MT,Cascade,2738.828,Very Low,Very High,Very High,2738.828,Very Low,Relatively Low,Very Low,37,1.073,2738.828,18475746848,84327,997000000000,Very Low,450.507,5505.997,9.77,Very Low,6199.068,7.318,Very Low,2738.828,No Rating,No Expected Annual Losses,No Rating,0.015,2738.828,18475746848,84327,997000000000,Relatively High,59735.262,74973.034,55.13,Relatively Low,84801.731,54.63,Relatively Low,Very Low,Relatively Low,Relatively Low,186,8.453,2738.828,18475746848,84327,997000000000,Relatively Moderate,722.888,54972.97,34.846,Relatively Low,62108.659,32.4,Relatively Low,Very Low,Relatively Low,Relatively Low,24,0.698,2738.828,18475746848,84327,997000000000,Relatively Moderate,11503.564,370054.697,55.521,Relatively Moderate,416723.425,52.561,Relatively Low,0.129,2738.828,18475746848,84327,997000000000,Very Low,212942.52,252789.396,25.031,Very Low,285577.883,22.781,Very Low,223.258,13.824,2738.828,18475746848,84327,997000000000,Relatively Low,8571.399,1273863.302,98.483,Very High,1434202.879,98.568,Very High
Montana,MT,Chouteau,4037.042,Relatively Low,Relatively High,Relatively High,4037.042,Very Low,Relatively Low,Relatively Low,36,1.038,4037.042,3878871813,5879,72271017697,Relatively Low,2129.213,10642.891,14.392,Very Low,12996.869,12.377,Very Low,4037.042,Relatively Low,Relatively Low,Relatively Low,0.015,4037.042,3878871813,5879,72075271813,Very High,12541.059,13603.386,25.017,Very Low,16741.281,25.383,Very Low,Relatively Low,Relatively Low,Relatively Low,217,9.828,4037.042,3878871813,5879,72075271813,Very High,169.402,28752.993,19.273,Very Low,35293.212,19.884,Very Low,No Rating,No Expected Annual Losses,No Rating,28,0.801,4037.042,3878871813,5879,72271017697,Relatively Moderate,24475.456,32545.68,11.973,Very Low,39608.094,9.64,Very Low,0.252,4037.042,3878871813,5879,72271017697,Relatively Low,62080.112,66543.299,13.524,Very Low,84603.467,11.899,Very Low,131,8.111,4037.042,3878871813,5879,72271017697,Relatively Moderate,12136.004,64130.607,57.072,Relatively Moderate,78579.73,57.556,Relatively Low
Montana,MT,Custer,3831.491,Relatively Low,Relatively Moderate,Relatively Moderate,3831.491,Very Low,Very Low,Very Low,66,1.933,3831.491,3118157668,11841,141000000000,Relatively Low,21.722,19911.566,22.053,Very Low,21098.1,18.613,Very Low,3831.491,Relatively Low,Relatively Low,Relatively Low,0.015,3831.491,3118157668,11841,140000000000,Relatively High,10081.539,12221.191,23.684,Very Low,12725.331,21.952,Very Low,Relatively Low,Relatively Low,Relatively Low,503,22.849,3831.491,3118157668,11841,140000000000,Very High,5978.825,184052.968,71.622,Relatively Moderate,196671.316,68.79,Relatively Low,Very Low,Relatively Moderate,Relatively Moderate,35,1.022,3831.491,3118157668,11841,141000000000,Relatively Moderate,12876.521,114517.742,25.837,Relatively Low,120282.226,21.54,Very Low,0.226,3831.491,3118157668,11841,141000000000,Relatively Low,49487.705,113164.731,16.532,Very Low,114214.214,13.268,Very Low,53.005,3.282,3831.491,3118157668,11841,141000000000,Relatively High,105954.446,168417.28,79.109,Relatively Moderate,176349.723,76.965,Relatively Moderate
Montana,MT,Daniels,1441.062,Relatively Low,Relatively Moderate,Relatively Moderate,1441.062,Very Low,Very Low,Very Low,49,1.441,1441.062,1764898474,1661,21080855211,Very High,66988.815,89364.057,50.9,Relatively Low,88184.602,45.275,Relatively Low,1441.062,Relatively Low,Relatively Low,Relatively Low,0.015,1441.062,1764898474,1661,21032498474,Very High,5706.22,6006.36,15.09,Very Low,5927.086,12.592,Very Low,Relatively High,Relatively Low,Very Low,324,14.697,1441.062,1764898474,1661,21032498474,Relatively High,990.867,7298.329,4.118,Very Low,7202.004,3.346,Very Low,No Rating,No Expected Annual Losses,No Rating,40,1.169,1441.062,1764898474,1661,21080855211,Relatively High,61974.399,86551.326,21.588,Relatively Low,85408.994,16.958,Very Low,0.117,1441.067,1764898474,1661,21080855211,Relatively Moderate,36135.346,47224.487,11.476,Very Low,46601.203,8.431,Very Low,60.012,3.716,1441.062,1764898474,1661,21080855211,Relatively High,35464.623,47985.395,50.418,Relatively Low,47352.068,44.384,Relatively Low
Montana,MT,Dawson,2407.526,Very Low,Relatively Moderate,Relatively Moderate,2407.526,Very Low,Very Low,Very Low,76,2.213,2407.526,3032846399,8924,107000000000,Relatively Low,10482.917,38821.026,33.964,Very Low,37010.695,27.458,Very Low,2407.526,Relatively Low,Relatively Moderate,Relatively Low,0.021,2407.526,3032846399,8924,107000000000,Relatively High,11328.379,12963.592,24.417,Very Low,11945.292,21.119,Very Low,Relatively Low,Relatively Low,Relatively Low,455,20.642,2407.526,3032846399,8924,107000000000,Relatively High,1823.627,53955.393,34.234,Relatively Low,55067.074,28.636,Relatively Low,Very Low,Relatively Low,Relatively Low,57,1.658,2407.526,3032846399,8924,107000000000,Relatively High,458088.885,579728.897,69.758,Relatively Moderate,537148.981,61.47,Relatively Moderate,0.318,2407.526,3032846399,8924,107000000000,Relatively Low,133828.685,299261.961,27.419,Very Low,294166.148,23.099,Very Low,69,4.272,2407.526,3032846399,8924,107000000000,Relatively Moderate,7314.168,113545.241,71.495,Relatively Moderate,115396.854,67.261,Relatively Moderate
Montana,MT,Deer Lodge,748.878,Very Low,Relatively High,Relatively High,748.878,Very Low,Very Low,Very Low,23,0.656,748.878,2098175922,9414,111000000000,Relatively Moderate,15963.532,16443.932,19.479,Very Low,19773.607,17.499,Very Low,748.878,No Rating,No Expected Annual Losses,No Rating,0.018,748.878,2098175922,9414,111000000000,Relatively High,42.707,4699.309,12.125,Very Low,5545.847,12.025,Very Low,Relatively Low,Relatively Low,Relatively Low,206,9.323,748.878,2098175922,9414,111000000000,Very High,64.595,74880.738,45.142,Relatively Low,90435.438,45.109,Relatively Low,Relatively Low,Very Low,Very Low,11,0.31,748.878,2098175922,9414,111000000000,Relatively Moderate,9973.145,38285.956,13.337,Very Low,46461.301,11.009,Very Low,0.021,748.878,2098175922,9414,111000000000,Relatively Low,7961.065,18996.343,7.413,Very Low,23268.249,5.663,Very Low,148.945,9.223,748.878,2098175922,9414,111000000000,Relatively Low,434.891,79212.804,62.396,Relatively Moderate,96408.192,62.552,Relatively Moderate
Montana,MT,Fallon,1639.262,Relatively Low,Relatively Moderate,Relatively Moderate,1639.262,Very Low,Very Low,Very Low,81,2.353,1639.262,1341816580,3048,36750585850,Relatively High,61680.636,105059.049,54.125,Relatively Low,111893.279,50.716,Relatively Low,1639.262,Relatively Low,Relatively Low,Relatively Low,0.159,1639.262,1341816580,3048,36698616580,Relatively Moderate,3373.597,7564.681,17.855,Very Low,8056.774,16.256,Very Low,Relatively High,Relatively Low,Relatively Low,483,21.932,1639.262,1341816580,3048,36698616580,Relatively High,2175.187,14644.726,9.363,Very Low,15597.385,8.14,Very Low,Relatively Low,Very Low,Very Low,48,1.387,1639.262,1341816580,3048,36750585850,Relatively Moderate,815.561,51705.201,16.036,Very Low,55068.692,12.313,Very Low,0.209,1639.262,1341816580,3048,36750585850,Relatively Moderate,51700.762,88163.748,15.105,Very Low,93898.915,12.409,Very Low,65,4.025,1639.262,1341816580,3048,36750585850,Relatively High,69087.4,98578.972,67.998,Relatively Moderate,104991.664,64.811,Relatively Moderate
Montana,MT,Fergus,4393.939,Relatively Low,Relatively High,Relatively High,4393.939,Very Low,Very Low,Very Low,47,1.38,4393.939,5109286165,11438,138000000000,Relatively Low,835.63,9843.319,13.803,Very Low,9763.345,9.959,Very Low,4393.939,Relatively Low,Relatively Low,Relatively Low,0.015,4393.939,5109286165,11438,138000000000,Very High,16519.2,18586.03,29.447,Relatively Low,19638.848,27.682,Very Low,Very Low,Relatively Moderate,Relatively Moderate,332,15.065,4393.939,5109286165,11438,138000000000,Very High,330.694,79974.992,46.943,Relatively Low,89141.319,44.723,Relatively Low,Very Low,Very Low,Very Low,22,0.627,4393.939,5109286165,11438,138000000000,Relatively Low,10556.722,16119.064,8.002,Very Low,16667.701,5.059,Very Low,0.591,4393.939,5109286165,11438,138000000000,Very Low,121412.4,135711.581,18.393,Very Low,143553.082,15.304,Very Low,185.015,11.456,4393.939,5109286165,11438,138000000000,Relatively Moderate,22575.622,165066.604,78.582,Relatively Moderate,181966.65,77.665,Relatively Moderate
Montana,MT,Flathead,5309.073,Very Low,Very High,Very High,5309.073,Very Low,Very Low,Very Low,12,0.332,5309.073,21135609776,104238,1230000000000,Very Low,3449.321,4508.599,8.778,Very Low,4708.134,5.791,Very Low,5309.073,Relatively Low,Relatively Low,Relatively Low,0.015,5309.073,21135609776,104238,1230000000000,Relatively Moderate,225.661,16845.426,27.881,Very Low,17593.096,26.282,Very Low,Very Low,Relatively High,Relatively High,112,5.053,5309.073,21135609776,104238,1230000000000,Very High,45.083,266108.759,78.958,Relatively Moderate,280966.703,76.834,Relatively Moderate,Very Low,Relatively Moderate,Relatively Moderate,7,0.179,5309.073,21135609776,104238,1230000000000,Relatively Low,8395.423,80127.258,20.471,Relatively Low,84290.326,16.608,Very Low,0.063,5309.073,21135609776,104238,1230000000000,Very Low,2136.358,15940.106,6.7,Very Low,16692.481,4.709,Very Low,224.03,13.872,5309.073,21135604934,104237.922,1230000000000,Very Low,42439.696,143189.054,75.89,Relatively Moderate,148830.421,73.592,Relatively Moderate
Montana,MT,Gallatin,2660.364,Very Low,Relatively Low,Relatively Low,2660.364,Very Low,Relatively Low,Relatively Low,19,0.55,2660.364,25191534591,118825,1400000000000,Relatively High,797166.081,803054.267,87.903,Relatively Moderate,728537.475,85.014,Relatively Moderate,2660.364,Very High,Very Low,Very Low,0.015,2660.364,25191534591,118825,1400000000000,Relatively High,81448.557,102920.07,61.726,Relatively Moderate,93402.759,56.895,Relatively Low,Very Low,Relatively Low,Relatively Low,215,9.737,2660.364,25191534591,118825,1400000000000,Very High,605.091,569515.8,89.736,Relatively High,518029.13,86.937,Relatively Moderate,Very Low,Relatively Low,Relatively Low,15,0.423,2660.364,25191534591,118825,1400000000000,Relatively Low,4550.926,277080.695,46.929,Relatively Low,250936.55,36.621,Relatively Low,0.054,2660.364,25191534591,118825,1400000000000,Relatively Low,82900.285,230713.671,24.194,Very Low,208823.116,19.185,Very Low,225.042,13.934,2660.364,25191534591,118825,1400000000000,Very Low,2901.864,135505.862,74.559,Relatively Moderate,122791.311,68.947,Relatively Moderate
Montana,MT,Garfield,4898.048,Relatively Low,Relatively Moderate,Relatively Moderate,4898.048,Very Low,Very Low,Very Low,53,1.544,4898.048,895016161,1171,14541127744,Relatively High,24395.288,33091.245,30.645,Very Low,27933.959,22.367,Very Low,4898.048,Relatively Low,Relatively Low,Relatively Low,0.015,4898.048,895016161,1171,14478616161,Very High,2893.741,3105.339,8.827,Very Low,2621.37,6.362,Very Low,Relatively High,Relatively Low,Relatively Low,386,17.532,4898.048,895016161,1171,14478616161,Relatively High,177.088,6593.814,3.668,Very Low,5566.165,2.413,Very Low,Relatively Low,Very Low,Very Low,43,1.246,4898.048,895016161,1171,14541127744,Very High,50605.419,80646.475,20.533,Relatively Low,68077.684,14.318,Very Low,0.362,4898.048,895016161,1171,14541127744,Very Low,12660.897,14604.873,6.266,Very Low,12328.697,4.168,Very Low,74.031,4.584,4898.048,895016161,1171,14541127744,Relatively Moderate,4619.784,13267.634,22.686,Relatively Low,11199.867,15.367,Very Low
Montana,MT,Glacier,3066.605,Very Low,Relatively High,Relatively High,3066.605,Very Low,Very Low,Relatively Low,13,0.377,3066.605,3019229099,13712,162000000000,Very Low,854.695,1060.228,4.56,Very Low,1557.123,2.736,Very Low,3066.605,No Rating,No Expected Annual Losses,No Rating,0.015,3066.605,3019229099,13712,162000000000,Relatively Moderate,32.236,2218.503,6.795,Very Low,3397.404,7.861,Very Low,Relatively Low,Relatively Low,Relatively Low,110,4.972,3066.605,3019229099,13712,162000000000,Very High,4.468,49914.664,31.21,Relatively Low,75929.567,39.929,Relatively Low,Very Low,Very Low,Very Low,7,0.187,3066.605,3019229099,13712,162000000000,Relatively Moderate,15525.364,35871.729,12.469,Very Low,53563.037,12.059,Very Low,0.043,3066.605,3019229099,13712,162000000000,Very Low,3676.856,5783.355,3.505,Very Low,8586.788,3.309,Very Low,227.618,14.094,3066.605,3019229099,13712,162000000000,Relatively Low,5123.056,58484.351,54.906,Relatively Moderate,92135.882,61.311,Relatively Moderate
Montana,MT,Golden Valley,1187.301,Relatively Low,Relatively Low,Relatively Low,1187.301,Very Low,Very Low,Very Low,78,2.274,1187.301,529124103,813,9981244489,Relatively High,38780.313,45334.243,36.911,Very Low,44106.932,30.894,Very Low,1187.301,Relatively Low,Very Low,Very Low,0.015,1187.301,529124103,813,9959924103,Very High,1710.749,1857.657,5.863,Very Low,1807.366,4.83,Very Low,Relatively High,Relatively Low,Relatively Low,336,15.252,1187.301,529124103,813,9959924103,Relatively Moderate,83.586,1566.699,0.515,Very Low,1524.285,0.515,Very Low,Relatively Low,Very Low,Very Low,29,0.838,1187.301,529124103,813,9981244489,Relatively High,14466.129,23706.843,10.019,Very Low,23065.039,6.65,Very Low,0.103,1187.301,529124103,813,9981244489,Relatively Low,9396.586,10331.173,5.335,Very Low,10051.482,3.754,Very Low,82.094,5.083,1187.301,529124103,813,9981244489,Relatively Moderate,1733.262,9201.733,17.765,Relatively Low,8952.619,12.79,Very Low
Montana,MT,Granite,1750.271,Relatively Low,Relatively Moderate,Relatively Moderate,1750.271,Very Low,Very Low,Very Low,22,0.63,1750.271,1314077808,3291,39510200670,Relatively Moderate,2349.97,8812.415,12.779,Very Low,8882.628,9.322,Very Low,1750.271,No Rating,No Expected Annual Losses,No Rating,0.142,1750.271,1314077808,3291,39489677808,Relatively High,132.817,12853.531,24.25,Very Low,13581.745,22.452,Very Low,Relatively Low,Relatively Low,Relatively Low,195,8.827,1750.271,1314077808,3291,39489677808,Very High,1308.352,16279.466,10.746,Very Low,16833.249,9.073,Very Low,Very Low,Very Low,Very Low,11,0.3,1750.271,1314077808,3291,39510200670,Relatively High,11759.158,18225.819,8.499,Very Low,18589.99,5.663,Very Low,0.03,1750.271,1314077808,3291,39510200670,Relatively Low,2748.101,4769.829,3.071,Very Low,4936.028,2.577,Very Low,194.057,12.016,1750.271,1314077780,3291,39510198397,Relatively Low,377.684,36392.437,43.764,Relatively Low,37317.064,38.562,Relatively Low
Montana,MT,Hill,2945.904,Very Low,Relatively High,Relatively High,2945.904,Very Low,Relatively Low,Relatively Low,17,0.5,2945.904,4698338873,16298,194000000000,Very Low,1593.302,1914.502,5.614,Very Low,2070.131,3.277,Very Low,2945.904,Relatively Low,Relatively Low,Relatively Low,0.015,2945.904,4698338873,16298,194000000000,Relatively High,15190.536,18135.562,28.981,Relatively Low,19539.521,27.648,Very Low,Very Low,Relatively Low,Relatively Low,194,8.791,2945.904,4698338873,16298,194000000000,Very High,185.994,69841.677,43.179,Relatively Low,82070.143,42.117,Relatively Low,Relatively Moderate,Very Low,Very Low,19,0.535,2945.904,4698338873,16298,194000000000,Relatively Low,17692.276,24576.879,10.174,Very Low,25922.582,7.191,Very Low,0.096,2945.904,4698338873,16298,194000000000,Very Low,29077.117,34867.253,9.708,Very Low,38325.885,7.413,Very Low,97,6.006,2945.904,4698338873,16298,194000000000,Relatively Low,3648.267,110044.731,70.443,Relatively Moderate,128000.024,69.742,Relatively Moderate
Montana,MT,Jefferson,1676.165,Very Low,Relatively Low,Relatively Low,1676.165,Very Low,Very Low,Very Low,25,0.726,1676.165,2953620197,12032,143000000000,Relatively High,75179.98,75974.6,47.208,Relatively Low,78978.901,43.048,Very Low,1676.165,No Rating,No Expected Annual Losses,No Rating,0.015,1676.165,2953620197,12032,143000000000,Relatively High,9549.561,11723.727,23.051,Very Low,12241.416,21.386,Very Low,Relatively Low,Relatively Low,Relatively Low,250,11.342,1676.165,2953620197,12032,143000000000,Relatively High,87.434,46123.415,29.086,Relatively Low,46711.364,24.903,Very Low,Relatively Low,Very Low,Very Low,13,0.378,1676.165,2953620197,12032,143000000000,Relatively Moderate,11709.518,53935.036,16.315,Very Low,53935.004,12.154,Very Low,0.05,1676.165,2953620197,12032,143000000000,Relatively Low,11220.008,24682.718,8.468,Very Low,24439.869,5.854,Very Low,145.259,8.994,1676.165,2953620197,12032,143000000000,Relatively Moderate,912.923,156395.076,77.53,Relatively Moderate,158587.767,74.897,Relatively Moderate
Montana,MT,Judith Basin,1889.368,Relatively Low,Relatively Moderate,Relatively Moderate,1889.368,Very Low,Very Low,Very Low,45,1.315,1889.368,1605513248,2023,25174294154,Relatively Low,1155.334,3332.047,7.506,Very Low,2892.844,4.232,Very Low,1889.368,Relatively Moderate,Very Low,Very Low,0.015,1889.368,1605513248,2023,25072313248,Very High,5190.9,5556.453,14.29,Very Low,4824.048,10.726,Very Low,Relatively High,Relatively Low,Relatively Low,271,12.297,1889.368,1605513248,2023,25072313248,Very High,54.066,11676.427,7.014,Very Low,10137.337,5.051,Very Low,No Rating,No Expected Annual Losses,No Rating,22,0.622,1889.368,1605513248,2023,25174294154,Relatively Moderate,12783.086,13202.935,7.134,Very Low,11462.633,3.595,Very Low,0.169,1889.368,1605513248,2023,25174294154,Relatively Low,34487.457,37099.783,10.112,Very Low,32209.596,6.809,Very Low,232.011,14.366,1889.368,1605513248,2023,25174294154,Relatively Moderate,774.205,41378.212,47.044,Relatively Low,35924.078,37.639,Relatively Low
Montana,MT,Lake,1670.697,Very Low,Very High,Very High,1670.697,Very Low,Very Low,Very Low,14,0.386,1670.697,7096610805,31051,367000000000,Relatively Low,652.891,18295.314,20.689,Very Low,25165.199,20.904,Very Low,1670.697,Relatively High,Very Low,Very Low,0.09,1670.697,7090052719,31035.432,367000000000,Relatively Low,238.335,20621.248,31.379,Relatively Low,29033.817,34.277,Relatively Low,Very Low,Relatively Low,Relatively Low,111,5.008,1670.697,7096610805,31051,367000000000,Very High,2997.37,77587.912,45.946,Relatively Low,102560.537,48.713,Relatively Low,Relatively Low,Very Low,Very Low,9,0.258,1670.697,7096610805,31051,367000000000,Relatively Low,5659.3,48705.16,15.478,Very Low,65117.134,13.904,Very Low,0.022,1670.697,7096610805,31051,367000000000,Very Low,809.66,5779.146,3.474,Very Low,7675.009,3.118,Very Low,163.012,10.094,1670.697,7051583998,30855.447,365000000000,Relatively Low,33882.597,186159.354,81.306,Relatively Moderate,241932.636,82.501,Relatively Moderate
Montana,MT,Lewis and Clark,3532.878,Very Low,Relatively High,Relatively High,3532.878,Very Low,Very Low,Very Low,28,0.797,3532.878,13843613255,70922,837000000000,Very Low,99.536,2451.738,6.359,Very Low,2415.335,3.691,Very Low,3532.878,No Rating,No Expected Annual Losses,No Rating,0.015,3532.878,13843613255,70922,837000000000,Relatively Moderate,147.806,11455.745,22.685,Very Low,11184.813,20.286,Very Low,Very Low,Relatively Moderate,Relatively Moderate,180,8.152,3532.878,13843613255,70922,837000000000,Very High,411.851,378938.047,84.62,Relatively Moderate,369603.146,81.918,Relatively Moderate,Very Low,Relatively Low,Relatively Low,18,0.507,3532.878,13843613255,70922,837000000000,Relatively Low,6286.156,156952.807,31.731,Relatively Low,153880.339,25.581,Relatively Low,0.091,3532.878,13843613255,70922,837000000000,Very Low,36580.302,56621.645,12.5,Very Low,55540.375,9.227,Very Low,224.493,13.9,3532.878,13832774685,70892,836000000000,Very Low,8638.428,121120.343,72.857,Relatively Moderate,118313.912,67.961,Relatively Moderate
Montana,MT,Liberty,1461.745,Relatively Low,Relatively Moderate,Relatively Moderate,1461.745,Very Low,Relatively Low,Relatively Low,22,0.643,1461.745,1090811660,1955,23870194601,Very Low,476.589,578.899,3.133,Very Low,730.069,1.654,Very Low,1461.745,No Rating,No Expected Annual Losses,No Rating,0.015,1461.745,1090811660,1955,23768811660,Very High,3526.781,3880.047,10.36,Very Low,4893.254,10.893,Very Low,Relatively High,Very Low,Very Low,164,7.449,1461.745,1090811660,1955,23768811660,Very High,35.777,6741.5,3.764,Very Low,8501.926,4.086,Very Low,Relatively Low,Very Low,Very Low,21,0.596,1461.745,1090811660,1955,23870194601,Relatively High,10858.3,20162.58,9.15,Very Low,25427.689,7.063,Very Low,0.054,1461.745,1090811660,1955,23870194601,Relatively Low,6558.684,7450.566,4.156,Very Low,9396.153,3.532,Very Low,73,4.52,1461.745,1090811660,1955,23870194601,Relatively Low,637.446,10295.719,19.499,Relatively Low,12984.268,17.34,Very Low
Montana,MT,Lincoln,3712.036,Very Low,Relatively Moderate,Relatively Moderate,3712.036,Very Low,Very Low,Very Low,7,0.187,3712.036,4970816982,19614,232000000000,Relatively Low,1019.748,3868.844,7.94,Very Low,4746.493,5.822,Very Low,3712.036,Relatively Low,Relatively Low,Relatively Low,0.034,3712.036,4970816982,19614,232000000000,Relatively Low,78.937,4010.421,10.693,Very Low,4844.831,10.793,Very Low,Very Low,Relatively Low,Relatively Low,107,4.832,3712.036,4970816982,19614,232000000000,Very High,6.818,47460.604,29.698,Relatively Low,59123.935,30.92,Relatively Low,Very Low,Relatively Low,Very Low,5,0.144,3712.036,4970816982,19614,232000000000,Relatively High,22185.825,48447.172,15.385,Very Low,58899.119,12.822,Very Low,0.041,3712.036,4970816982,19614,232000000000,Very Low,5028.665,15787.84,6.638,Very Low,18500.539,4.963,Very Low,141.897,8.786,3712.036,4970816982,19614,232000000000,Relatively Low,28745.817,81385,63.076,Relatively Moderate,100576.125,63.665,Relatively Moderate
Montana,MT,McCone,2709.079,Relatively Low,Relatively Moderate,Relatively Moderate,2709.079,Very Low,Very Low,Very Low,71,2.078,2709.079,1501691976,1721,21535545501,Very High,76335.036,127511.383,58.251,Relatively Low,121368.624,52.466,Relatively Low,2709.079,Relatively Low,Relatively Low,Relatively Low,0.015,2709.079,1501691976,1721,21465291976,Very High,4855.228,5166.21,13.324,Very Low,4917.332,10.959,Very Low,Relatively High,Relatively Low,Relatively Low,396,17.975,2709.079,1501691976,1721,21465291976,Relatively High,762.16,10049.621,6.017,Very Low,9565.489,4.698,Very Low,Relatively Low,Very Low,Very Low,62,1.822,2709.079,1501691976,1721,21535545501,Very High,246529.033,293775.52,49.038,Relatively Low,279623.118,39.739,Relatively Low,0.318,2709.079,1501691976,1721,21535545501,Relatively Moderate,52412.611,75706.587,14.392,Very Low,72059.482,11.04,Very Low,66.009,4.087,2709.079,1501691976,1721,21535545501,Relatively Moderate,313.086,16053.95,25.874,Relatively Low,15280.564,19.376,Very Low
Montana,MT,Madison,3639.921,Relatively Moderate,Very Low,Very Low,3639.921,Very Low,Very Low,Very Low,14,0.409,3639.921,3816112565,8605,104000000000,Relatively Moderate,18387.241,19065.838,21.557,Very Low,17692.544,16.067,Very Low,3639.921,No Rating,No Expected Annual Losses,No Rating,0.015,3639.921,3816112565,8605,104000000000,Relatively High,41.354,3554.661,9.76,Very Low,3342.515,7.728,Very Low,Relatively Low,Relatively Low,Relatively Low,220,9.961,3639.921,3816112565,8605,104000000000,Very High,98.843,47339.391,29.633,Relatively Low,44751.538,23.938,Very Low,Relatively Moderate,Very Low,Very Low,11,0.321,3639.921,3816112565,8605,104000000000,Relatively Moderate,2018.371,21323.575,9.522,Very Low,19984.466,5.854,Very Low,0.082,3639.921,3816112565,8605,104000000000,Very Low,9378.317,13952.588,6.11,Very Low,13022.372,4.295,Very Low,176.066,10.902,3639.921,3808644058,8565,103000000000,Relatively Low,838.906,73236.493,60.755,Relatively Moderate,69012.871,53.675,Relatively Low
Montana,MT,Meagher,2418.931,Relatively Low,Relatively Low,Relatively Low,2418.931,Very Low,Very Low,Very Low,39,1.129,2418.931,868394717,1926,23252175422,Relatively High,32754.924,33593.785,30.924,Very Low,30687.038,23.831,Very Low,2418.931,Relatively High,Very Low,Very Low,0.015,2418.931,868394717,1926,23209994717,Very High,2807.669,3155.695,8.861,Very Low,2882.644,6.895,Very Low,Relatively High,Relatively Low,Relatively Low,220,9.956,2418.931,868394717,1926,23209994717,Relatively High,20.949,5640.969,3.153,Very Low,5152.877,2.188,Very Low,Relatively Moderate,Very Low,Very Low,21,0.591,2418.931,868394717,1926,23252175422,Relatively High,13604.248,20013.167,9.026,Very Low,18281.501,5.504,Very Low,0.151,2418.931,868394717,1926,23252175422,Relatively Low,9751.003,17433.509,7.072,Very Low,15925.052,4.55,Very Low,216.98,13.435,2418.931,868394717,1926,23252175422,Relatively Moderate,390.843,36600.877,43.949,Relatively Low,33433.938,35.857,Relatively Low
Montana,MT,Mineral,1235.792,Very Low,Relatively Low,Relatively Low,1235.792,Very Low,Very Low,Very Low,12,0.338,1235.792,1045916888,4516,53432210046,Relatively Low,951.787,2161.69,5.893,Very Low,2681.076,3.945,Very Low,1235.792,Relatively Low,Relatively Low,Relatively Low,0.21,1235.792,1045916888,4516,53431516888,Relatively Moderate,167.299,10959.293,22.152,Very Low,13596.411,22.485,Very Low,Relatively Low,Relatively Moderate,Relatively Moderate,110,4.965,1235.792,1045916888,4516,53431516888,Very High,305.61,13448.279,8.205,Very Low,16783.272,9.041,Very Low,Relatively Moderate,Relatively Low,Relatively Low,9,0.264,1235.792,1045916888,4516,53432210046,Relatively Moderate,9039.361,17445.269,8.313,Very Low,21568.587,6.077,Very Low,0.016,1235.792,1045916888,4516,53432210046,Very Low,164.616,853.512,1.365,Very Low,1053.738,1.304,Very Low,253.008,15.666,1235.792,1045916888,4516,53432210046,Relatively Low,446.159,46455.873,49.489,Relatively Low,57640.381,48.934,Relatively Low
Montana,MT,Missoula,2644.374,Very Low,Very High,Very High,2644.374,Very Low,Very Low,Very Low,16,0.46,2644.374,22171310876,117719,1390000000000,Relatively Low,657.505,42539.218,35.67,Very Low,43528.084,30.417,Very Low,2644.374,Relatively Low,Relatively Low,Relatively Low,0.191,2644.374,22168631277,117705.097,1390000000000,Relatively Moderate,3478.598,423136.496,86.642,Relatively High,431749.355,85.476,Relatively High,Very Low,Relatively High,Relatively High,131,5.951,2644.374,22171310876,117719,1390000000000,Very High,7056.645,470538.323,87.066,Relatively High,480975.717,85.553,Relatively Moderate,Very Low,Relatively Low,Relatively Low,10,0.291,2644.374,22171310876,117719,1390000000000,Relatively Low,46827.376,153569.981,31.079,Relatively Low,157541.753,26.026,Relatively Low,0.033,2644.374,22171310876,117719,1390000000000,Very Low,22771.276,87344.205,15.012,Very Low,90433.933,12.218,Very Low,199.073,12.327,2644.374,22171308482,117718.989,1390000000000,Very Low,1104.806,29760.36,39.338,Relatively Low,29974.93,33.408,Relatively Low
Montana,MT,Musselshell,1890.602,Very Low,Relatively Low,Relatively Low,1890.602,Very Low,Very Low,Very Low,75,2.199,1890.602,1717573741,4705,56338337572,Relatively High,122662.248,142201.041,60.732,Relatively Low,156813.54,58.256,Relatively Low,1890.602,Relatively Low,Relatively Low,Relatively Low,0.015,1890.602,1717573741,4705,56295573741,Very High,5553.211,6403.398,15.923,Very Low,7103.401,14.724,Very Low,Relatively Low,Relatively Low,Relatively Low,397,18.043,1890.602,1717573741,4705,56295573741,Relatively Moderate,325.658,10979.917,6.532,Very Low,12523.961,6.499,Very Low,Relatively Moderate,Relatively Low,Relatively Low,33,0.948,1890.602,1717573741,4705,56338337572,Relatively Moderate,3763.998,43419.983,14.423,Very Low,48045.681,11.327,Very Low,0.159,1890.602,1717573741,4705,56338337572,Relatively Low,26594.017,31270.448,9.305,Very Low,34737.016,7.063,Very Low,76.067,4.71,1890.602,1717573741,4705,56338337572,Relatively Moderate,5397.442,47040.219,50.015,Relatively Low,53293.907,47.28,Relatively Low
Montana,MT,Park,2841.638,Very Low,Relatively Low,Relatively Low,2841.638,Very Low,Very Low,Very Low,26,0.743,2841.638,5181397410,17153,204000000000,Relatively High,123964.727,125165.587,57.723,Relatively Low,124425.597,53.134,Relatively Low,2841.638,Relatively Moderate,Relatively Low,Relatively Low,0.015,2841.638,5181397410,17153,204000000000,Relatively High,16752.348,19851.871,30.48,Relatively Low,19971.867,28.081,Very Low,Very Low,Relatively Low,Relatively Low,246,11.158,2841.638,5181397410,17153,204000000000,Very High,134.613,114316.476,58.623,Relatively Low,118713.713,53.185,Relatively Low,Relatively Low,Very Low,Very Low,14,0.411,2841.638,5181397410,17153,204000000000,Very Low,574.615,11059.024,6.576,Very Low,11632.39,3.659,Very Low,0.053,2841.638,5181397410,17153,204000000000,Relatively Low,20594.827,45952.842,11.321,Very Low,46081.291,8.368,Very Low,228.577,14.153,2841.638,5181397410,17153,204000000000,Relatively Low,1113.992,135994.956,74.652,Relatively Moderate,140625.286,72.224,Relatively Moderate
Montana,MT,Petroleum,1691.42,Relatively Low,Relatively Low,Relatively Low,1691.42,Very Low,Very Low,Very Low,50,1.45,1691.42,315260700,496,6089247676,Very High,20624.765,22704.029,23.79,Very Low,16453.962,14.986,Very Low,1691.42,Relatively Low,Very Low,Very Low,0.015,1691.42,315260700,496,6068860700,Very High,1019.292,1108.918,3.598,Very Low,803.65,2.298,Very Low,Relatively High,Relatively Low,Very Low,363,16.471,1691.42,315260700,496,6068860700,Relatively Moderate,58.257,1303.804,0.45,Very Low,944.887,0.225,Very Low,Relatively Moderate,Very Low,Very Low,25,0.72,1691.42,315260700,496,6089247676,Relatively High,9883.259,13212.161,7.196,Very Low,9575.058,3.213,Very Low,0.168,1691.42,315260700,496,6089247676,Relatively Low,3932.514,4645.215,2.947,Very Low,3366.46,2.036,Very Low,73.008,4.521,1691.42,315260700,496,6089247676,Relatively Moderate,2064.078,6290.3,13.587,Very Low,4558.678,7.095,Very Low
Montana,MT,Phillips,5264.657,Relatively Low,Relatively High,Relatively High,5264.657,Very Low,Very Low,Very Low,34,0.996,5264.657,2277106153,4210,51198777248,Relatively Moderate,17400.597,23710.416,24.721,Very Low,30144.354,23.513,Very Low,5264.657,Relatively Low,Relatively Low,Relatively Low,0.015,5264.657,2277106153,4210,51113106153,Very High,7362.275,8123.016,18.921,Very Low,10327.237,18.954,Very Low,Relatively High,Relatively Low,Relatively Low,295,13.383,5264.657,2277106153,4210,51113106153,Relatively High,857.294,19428.852,13.127,Very Low,24700.966,14.189,Very Low,Very Low,Relatively Low,Relatively Low,32,0.933,5264.657,2277106153,4210,51198777248,Relatively High,41134.991,66739.632,18.238,Very Low,84849.759,16.767,Very Low,0.327,5264.658,2277106153,4210,51198777248,Very Low,22053.609,25119.04,8.53,Very Low,31935.216,6.777,Very Low,62.338,3.86,5264.657,2277105960,4210,51198772084,Relatively Moderate,12334.697,38161.504,45.002,Relatively Low,48516.816,44.989,Relatively Low
Montana,MT,Pondera,1658.12,Relatively Low,Relatively High,Relatively High,1658.12,Very Low,Relatively Low,Relatively Low,24,0.688,1658.12,2580138310,5844,70498507377,Relatively Low,138.296,6939.95,11.166,Very Low,8985.057,9.418,Very Low,1658.12,No Rating,No Expected Annual Losses,No Rating,0.015,1658.12,2580138310,5844,70370538310,Relatively Moderate,27.548,959.326,3.198,Very Low,1276.191,3.431,Very Low,Relatively High,Relatively Low,Relatively Low,135,6.098,1658.12,2580138310,5844,70370538310,Very High,70.037,18120.499,11.969,Very Low,24165.737,13.835,Very Low,Relatively Low,Very Low,Very Low,17,0.49,1658.12,2580138310,5844,70498507377,Relatively High,26434.324,49774.184,15.819,Very Low,63946.843,13.745,Very Low,0.045,1658.12,2580138310,5844,70498507377,Very Low,7198.267,8905.877,4.777,Very Low,11588.148,4.009,Very Low,157.611,9.759,1658.12,2580138310,5844,70498503344,Relatively Low,2660.145,33624.993,41.937,Relatively Low,47956.763,44.703,Relatively Low
Montana,MT,Powder River,3332.103,Relatively Low,Relatively Low,Relatively Low,3332.103,Very Low,Very Low,Very Low,74,2.164,3332.103,1086027708,1687,20726457807,Very High,109391.342,113111.247,55.49,Relatively Low,107157.352,49.857,Relatively Low,3332.103,Relatively Low,Relatively Low,Relatively Low,0.015,3332.103,1086027708,1687,20655227708,Very High,3511.314,3816.153,10.16,Very Low,3615.28,8.294,Very Low,Relatively Moderate,Relatively Low,Relatively Low,603,27.407,3332.103,1086027708,1687,20655227708,Very High,2772.277,24095.905,16.248,Very Low,22827.557,13.192,Very Low,Relatively Low,Very Low,Very Low,33,0.957,3332.103,1086027708,1687,20726457807,Relatively Moderate,8835.449,21359.935,9.553,Very Low,20235.601,5.918,Very Low,0.297,3332.103,1086027708,1687,20726457807,Relatively Low,24873.794,40815.654,10.701,Very Low,38667.219,7.572,Very Low,76.201,4.718,3332.103,1086027708,1687,20726457807,Relatively High,52968.929,65778.603,57.66,Relatively Moderate,62316.181,50.78,Relatively Low
Montana,MT,Powell,2355.861,Very Low,Relatively High,Relatively High,2355.861,Very Low,Very Low,Very Low,25,0.715,2355.861,1977039210,6924,82331963593,Very Low,1258.264,2164.577,5.924,Very Low,2525.28,3.786,Very Low,2355.861,No Rating,No Expected Annual Losses,No Rating,0.015,2355.861,1977039210,6924,82295439210,Relatively Moderate,21.111,1124.868,3.631,Very Low,1369.178,3.664,Very Low,Relatively Low,Relatively Moderate,Relatively Moderate,183,8.276,2355.861,1977039210,6924,82295439210,Very High,48.228,33090.737,22.169,Very Low,40278.515,21.976,Very Low,Relatively Low,Very Low,Very Low,13,0.375,2355.861,1977039210,6924,82331963593,Relatively Moderate,11252.428,18589.422,8.685,Very Low,22083.678,6.268,Very Low,0.048,2355.861,1977039210,6924,82331963593,Very Low,1234.185,2809.437,2.14,Very Low,3264.649,2.004,Very Low,159.982,9.906,2355.861,1977039210,6924,82331963593,Relatively Low,389.045,55818.061,53.76,Relatively Moderate,67962.4,53.261,Relatively Low
Montana,MT,Prairie,1760.021,Relatively Low,Relatively Moderate,Relatively Low,1760.021,Very Low,Very Low,Very Low,70,2.045,1760.021,587894264,1081,13177160109,Relatively Moderate,4328.223,12049.118,15.633,Very Low,12249.662,12.027,Very Low,1760.021,Relatively Low,Relatively Low,Relatively Low,0.015,1760.021,587894264,1081,13127494264,Very High,1900.763,2096.098,6.462,Very Low,2130.986,5.496,Very Low,Relatively High,Very Low,Very Low,445,20.183,1760.021,587894264,1081,13127494264,Very High,996.495,11532.993,6.885,Very Low,11724.947,5.888,Very Low,Relatively Moderate,Very Low,Very Low,50,1.45,1760.021,587894264,1081,13177160109,Very High,91962.474,124678.79,27.357,Relatively Low,126753.929,22.176,Relatively Low,0.161,1760.021,587894264,1081,13177160109,Relatively Moderate,19221.508,34643.878,9.677,Very Low,35220.487,7.127,Very Low,69,4.272,1760.021,587894264,1081,13177160109,Very High,32132.214,64157.522,57.103,Relatively Moderate,65225.352,51.861,Relatively Low
Montana,MT,Ravalli,2424.577,Very Low,Very High,Very High,2424.577,Very Low,Very Low,Very Low,13,0.379,2424.577,9092443368,44109,521000000000,Relatively Moderate,51922.93,67370.086,44.789,Relatively Low,75668.462,41.903,Very Low,2424.577,Relatively Low,Very Low,Very Low,0.121,2424.577,9076987319,44041.654,520000000000,Relatively High,1338.667,256004.137,80.147,Relatively Moderate,285354.029,80.08,Relatively Moderate,Very Low,Relatively Low,Relatively Low,148,6.72,2424.577,9092443368,44109,521000000000,Relatively Moderate,8686.779,49528.446,30.92,Relatively Low,55479.983,29.022,Relatively Low,Very Low,Relatively Low,Relatively Low,7,0.205,2424.577,9092443368,44109,521000000000,Relatively Moderate,7280.124,76536.701,20.006,Relatively Low,85405.93,16.927,Very Low,0.032,2424.577,9092443368,44109,521000000000,Very Low,17818.696,45483.368,11.259,Very Low,51101.141,8.813,Very Low,197.423,12.224,2424.577,9092443211,44108.994,521000000000,Very Low,1428.881,34175.293,42.247,Relatively Low,38073.918,39.071,Relatively Low
Montana,MT,Richland,2124.711,Very Low,Relatively High,Relatively High,2124.711,Very Low,Very Low,Very Low,76,2.217,2124.711,4091044982,11489,137000000000,Relatively Moderate,25269.198,114671.658,56.017,Relatively Low,115148.655,51.32,Relatively Low,2124.711,Relatively Low,Relatively Moderate,Relatively Moderate,0.124,2124.711,4091044982,11489,137000000000,Very High,159561.625,187570.299,74.983,Relatively Moderate,193690.337,72.485,Relatively Moderate,Relatively Moderate,Relatively Low,Relatively Low,447,20.313,2124.711,4091044982,11489,137000000000,Relatively High,2243.3,53812.907,34.106,Relatively Low,55269.24,28.829,Relatively Low,Relatively Low,Relatively Low,Relatively Low,59,1.722,2124.711,4091044982,11489,137000000000,Relatively Moderate,213233.262,280813.425,47.333,Relatively Low,285598.627,40.375,Relatively Low,0.259,2124.711,4091044982,11489,137000000000,Relatively Moderate,263878.337,502886.006,35.112,Relatively Low,514752.735,30.385,Relatively Low,63.022,3.902,2124.711,4091044982,11489,137000000000,Relatively Moderate,32825.1,58029.253,54.689,Relatively Moderate,59348.318,49.602,Relatively Low
Montana,MT,Roosevelt,2393.42,Relatively Low,Very High,Very High,2393.42,Very Low,Very Low,Very Low,68,1.975,2393.42,3092138506,10754,128000000000,Relatively Low,12018.405,38485.902,33.654,Very Low,62375.935,37.639,Very Low,2393.42,Relatively Low,Relatively Low,Relatively Low,0.092,2393.42,3092138506,10754,128000000000,Relatively High,61205.263,67682.125,53.364,Relatively Low,75599.061,52.598,Relatively Low,Relatively High,Relatively Low,Relatively Low,437,19.826,2393.42,3092138506,10754,128000000000,Relatively High,1667.122,40264.721,25.933,Very Low,65109.377,34.041,Relatively Low,Relatively Low,Relatively Low,Relatively Low,54,1.568,2393.42,3092138506,10754,128000000000,Relatively High,426546.009,568171.119,69.324,Relatively Moderate,903927.319,77.283,Relatively Moderate,0.293,2393.42,3092138506,10754,128000000000,Relatively Low,142423.05,279109.318,26.303,Very Low,432575.038,28.031,Relatively Low,60.413,3.741,2393.42,3092138506,10754,128000000000,Relatively Moderate,33776.482,63663.199,56.855,Relatively Moderate,99694.553,63.411,Relatively Moderate
Montana,MT,Rosebud,5075.945,Relatively Low,Relatively Moderate,Relatively Moderate,5075.945,Very Low,Very Low,Very Low,59,1.714,5075.945,2285362758,8302,98687931886,Relatively Low,458.28,14649.432,17.897,Very Low,18180.153,16.513,Very Low,5075.945,Relatively Low,Relatively Low,Relatively Low,0.015,5075.945,2285362758,8302,98588562758,Relatively High,7388.97,8889.13,20.286,Very Low,10568.309,19.32,Very Low,Relatively Low,Relatively Low,Relatively Low,480,21.809,5075.945,2285362758,8302,98588562758,Very High,850.657,110006.842,57.304,Relatively Low,134384.503,57.625,Relatively Low,Relatively Moderate,Very Low,Very Low,31,0.911,5075.945,2285362758,8302,98687931886,Relatively Moderate,2103.397,54464.918,16.377,Very Low,67523.998,14.158,Very Low,0.479,5075.945,2285362758,8302,98687931886,Very Low,24203.585,32905.505,9.429,Very Low,39238.709,7.668,Very Low,67.292,4.167,5075.945,2285362758,8302,98687931886,Relatively Moderate,6525.485,78436.89,61.962,Relatively Moderate,100492.96,63.602,Relatively Moderate
Montana,MT,Sanders,2818.062,Very Low,Relatively Moderate,Relatively Moderate,2818.062,Very Low,Very Low,Very Low,11,0.302,2818.062,3059154320,12399,147000000000,Relatively Low,1235.813,4387.921,8.654,Very Low,5867.34,6.936,Very Low,2818.062,Relatively Low,Relatively Low,Relatively Low,0.198,2818.062,3050083163,12338.026,146000000000,Relatively Moderate,607.742,21951.674,32.612,Relatively Low,27082.292,33.045,Relatively Low,Relatively Low,Relatively Low,Relatively Low,100,4.52,2818.062,3059154320,12399,147000000000,Relatively Moderate,1268.531,8192.981,4.73,Very Low,10159.564,5.084,Very Low,Very Low,Relatively Low,Relatively Low,9,0.24,2818.062,3059154320,12399,147000000000,Relatively Moderate,9597.788,25587.406,10.453,Very Low,31651.425,8.177,Very Low,0.037,2818.062,3059154320,12399,147000000000,Very Low,3013.149,8718.005,4.715,Very Low,10462.595,3.818,Very Low,178.604,11.059,2818.062,3059154320,12399,147000000000,Relatively Moderate,34422.405,164226.455,78.397,Relatively Moderate,198949.485,79.319,Relatively Moderate
Montana,MT,Sheridan,1723.163,Relatively Low,Relatively High,Relatively High,1723.163,Very Low,Very Low,Very Low,49,1.432,1723.163,3006746514,3537,44116893299,Relatively Low,4278.3,10102.03,14.051,Very Low,10571.449,10.595,Very Low,1723.163,Relatively Low,Relatively Low,Relatively Low,0.187,1723.163,3003060583,3536.605,44027677702,Very High,134628.895,143818.384,69.121,Relatively Moderate,144779.25,66.223,Relatively Moderate,Relatively Moderate,Relatively Low,Relatively Low,388,17.598,1723.163,3006746514,3537,44035946514,Relatively Moderate,2092.615,11496.479,6.853,Very Low,12351.64,6.371,Very Low,Relatively Moderate,Very Low,Very Low,36,1.051,1723.163,3006746514,3537,44116893299,Relatively High,42500.999,72268.873,19.417,Relatively Low,75295.439,15.527,Very Low,0.151,1723.164,3006746514,3537,44116893299,Relatively Moderate,94207.078,120882,17.308,Very Low,124782.283,13.936,Very Low,70.007,4.335,1723.163,3006746514,3537,44116893299,Relatively High,100860.109,128483.245,73.816,Relatively Moderate,134846.433,70.792,Relatively Moderate
Montana,MT,Silver Bow,725.824,Very Low,Very High,Very High,725.824,Very Low,Very Low,Very Low,23,0.656,725.824,7240711725,35110,415000000000,Very Low,5669.902,7202.262,11.352,Very Low,8139.119,8.75,Very Low,725.824,No Rating,No Expected Annual Losses,No Rating,0.015,725.824,7240711725,35110,415000000000,Relatively High,78.466,14413.41,25.75,Very Low,16272.852,24.983,Very Low,Relatively Low,Relatively Low,Relatively Low,230,10.409,725.824,7240711725,35110,415000000000,Very High,225.66,204332.878,73.906,Relatively Moderate,229078.37,72.619,Relatively Moderate,Very Low,Very Low,Very Low,11,0.32,725.824,7240711725,35110,415000000000,Very Low,13658.807,21688.26,9.646,Very Low,24481.871,6.904,Very Low,0.022,725.824,7240711725,35110,415000000000,Relatively Low,28633.687,66912.388,13.555,Very Low,76155.593,11.327,Very Low,148.833,9.216,725.824,7240711725,35110,415000000000,Relatively High,18181.797,1767119.58,99.257,Very High,1995164.853,99.173,Very High
Montana,MT,Stillwater,1824.141,Very Low,Relatively Low,Relatively Low,1824.141,Very Low,Very Low,Very Low,59,1.721,1824.141,2932830813,8936,107000000000,Relatively Moderate,69411.402,84834.989,49.659,Relatively Low,83856.782,44.289,Very Low,1824.141,Relatively Moderate,Relatively Moderate,Relatively Moderate,0.015,1824.141,2932830813,8936,107000000000,Very High,9482.346,11097.068,22.285,Very Low,10936.704,19.853,Very Low,Relatively Low,Relatively Moderate,Relatively Moderate,275,12.47,1824.141,2932830813,8936,107000000000,Very High,487.07,50499.401,31.821,Relatively Low,50186.098,26.448,Very Low,Relatively Low,Relatively Low,Relatively Low,25,0.715,1824.141,2932830813,8936,107000000000,Relatively Moderate,7551.347,40172.411,13.741,Very Low,39849.737,9.672,Very Low,0.079,1824.141,2932830813,8936,107000000000,Relatively Low,34122.963,40791.746,10.639,Very Low,40363.534,7.795,Very Low,141.252,8.746,1824.141,2932830813,8936,107000000000,Relatively Low,1768.201,68672.716,58.898,Relatively Moderate,67728.331,53.07,Relatively Low
Montana,MT,Sweet Grass,1881.076,Very Low,Relatively Low,Relatively Low,1881.076,Very Low,Very Low,Very Low,49,1.422,1881.076,2036018679,3674,44683898755,Relatively Moderate,38691.733,39684.117,34.398,Very Low,39949.979,28.921,Very Low,1881.076,Relatively Moderate,Relatively Low,Relatively Low,0.015,1881.076,2036018679,3674,44654418679,Very High,6582.798,7246.685,17.255,Very Low,7295.233,15.123,Very Low,Relatively Moderate,Relatively Low,Relatively Low,278,12.596,1881.076,2036018679,3674,44654418679,Very High,67.603,21952.483,14.897,Very Low,22099.553,12.709,Very Low,Relatively Moderate,Relatively Low,Relatively Low,21,0.601,1881.076,2036018679,3674,44683898755,Relatively Moderate,5936.408,14531.937,7.754,Very Low,14629.293,4.613,Very Low,0.059,1881.076,2036018679,3674,44683898755,Relatively Low,13065.032,15147.29,6.452,Very Low,15248.768,4.486,Very Low,166.889,10.334,1881.076,2036018679,3674,44683898755,Relatively Low,670.051,39249.717,45.435,Relatively Low,39512.668,39.962,Relatively Low
Montana,MT,Teton,2315.072,Relatively Low,Relatively Moderate,Relatively Moderate,2315.072,Very Low,Relatively Low,Relatively Low,27,0.794,2315.072,3730493388,6157,75274621789,Relatively Low,2059.293,9668.476,13.617,Very Low,10031.06,10.181,Very Low,2315.072,No Rating,No Expected Annual Losses,No Rating,0.015,2315.072,3730493388,6157,75151693388,Very High,12061.326,13173.887,24.517,Very Low,14014.376,23.118,Very Low,Relatively Moderate,Relatively Low,Relatively Low,136,6.172,2315.072,3730493388,6157,75151693388,Relatively High,94.842,16201.001,10.682,Very Low,17359.871,9.363,Very Low,Relatively Low,Very Low,Very Low,20,0.582,2315.072,3730493388,6157,75274621789,Relatively High,42754.336,69984.542,18.952,Relatively Low,74244.011,15.399,Very Low,0.099,2315.072,3730493388,6157,75274621789,Very Low,18322.067,20649.49,7.847,Very Low,21886.786,5.441,Very Low,232.485,14.395,2315.072,3730493388,6157,75274619822,Relatively Low,23379.706,106025.997,69.545,Relatively Moderate,117609.324,67.801,Relatively Moderate
Montana,MT,Toole,1964.625,Relatively Low,Relatively High,Relatively High,1964.625,Very Low,Relatively Low,Relatively Low,20,0.563,1964.625,2157041752,4971,59917226615,Very Low,667.963,798.48,3.97,Very Low,969.773,2.068,Very Low,1964.625,No Rating,No Expected Annual Losses,No Rating,0.015,1964.625,2157041752,4971,59820641752,Very High,6974.086,7872.339,18.488,Very Low,9606.017,18.188,Very Low,Relatively Moderate,Relatively Low,Relatively Low,136,6.166,1964.625,2157041752,4971,59820641752,Very High,60.091,14776.288,9.427,Very Low,17927.156,9.685,Very Low,Relatively High,Very Low,Very Low,16,0.443,1964.625,2157041752,4971,59917226615,Relatively Moderate,13712.885,31821.745,11.787,Very Low,38546.841,9.354,Very Low,0.048,1964.625,2157041752,4971,59917226615,Relatively Low,7494.998,8868.297,4.746,Very Low,10771.436,3.882,Very Low,76.093,4.712,1964.625,2157041752,4971,59917226615,Relatively Low,1312.843,26777.585,36.707,Relatively Low,32496.091,35.03,Relatively Low
Montana,MT,Treasure,994.36,Relatively Low,Relatively Low,Relatively Low,994.36,Very Low,Very Low,Very Low,59,1.71,994.36,332669110,754,9130717325,Relatively High,8108.917,17181.297,20.192,Very Low,15379.132,14.318,Very Low,994.36,Relatively Low,Relatively Low,Very Low,0.015,994.36,332669110,754,9079069110,Very High,1075.576,1211.823,4.031,Very Low,1084.714,2.931,Very Low,Relatively High,Relatively Low,Relatively Low,476,21.604,994.36,332669110,754,9079069110,Very High,78.592,7276.654,4.054,Very Low,6513.397,2.831,Very Low,Relatively Moderate,Relatively Low,Relatively Low,31,0.9,994.36,332669110,754,9130717325,Relatively High,9083.857,27267.414,10.825,Very Low,24407.304,6.872,Very Low,0.054,994.36,332669110,754,9130717325,Relatively Low,3019.974,4001.013,2.636,Very Low,3581.342,2.068,Very Low,66.047,4.09,994.36,332669110,754,9130717325,Relatively Moderate,905.29,6725.322,14.608,Very Low,6019.896,9.131,Very Low
Montana,MT,Valley,5112.883,Very Low,Relatively High,Relatively High,5112.883,Very Low,Very Low,Very Low,52,1.514,5112.883,3519507308,7561,91337985963,Very High,275013.401,359402.444,78.071,Relatively Low,374349.141,75.565,Relatively Low,5112.883,Relatively Low,Relatively Low,Relatively Low,0.015,5112.883,3519507308,7561,91227107308,Very High,11379.171,12745.434,24.151,Very Low,13410.239,22.352,Very Low,Relatively Moderate,Relatively Low,Relatively Low,342,15.538,5112.883,3519507308,7561,91227107308,Relatively High,379.982,45924.351,28.958,Relatively Low,50996.347,26.77,Very Low,Relatively Low,Relatively Moderate,Relatively Moderate,47,1.38,5112.883,3519507308,7561,91337985963,Relatively Moderate,60728.12,154551.042,31.359,Relatively Low,163725.598,26.631,Relatively Low,0.459,5112.885,3519507308,7561,91337985963,Very Low,70533.169,110838.021,16.315,Very Low,118453.135,13.522,Very Low,59.593,3.69,5112.883,3519507308,7561,91337985963,Relatively High,69981.383,120138.453,72.609,Relatively Moderate,128597.734,69.87,Relatively Moderate
Montana,MT,Wheatland,1441.916,Relatively Low,Relatively Low,Relatively Low,1441.916,Very Low,Very Low,Very Low,61,1.771,1441.916,941085455,2067,24967705363,Relatively High,55108.947,56700.733,40.912,Very Low,65916.233,38.976,Very Low,1441.916,Relatively Low,Very Low,Very Low,0.015,1441.916,941085455,2067,24918285455,Very High,3042.691,3416.195,9.394,Very Low,3971.425,9.027,Very Low,Relatively High,Relatively Low,Relatively Low,315,14.315,1441.916,941085455,2067,24918285455,Relatively High,38.172,10805.32,6.403,Very Low,12561.495,6.532,Very Low,Relatively Moderate,Relatively Low,Relatively Low,24,0.681,1441.916,941085455,2067,24967705363,Relatively Moderate,10688.063,19371.954,8.84,Very Low,22520.453,6.459,Very Low,0.112,1441.916,941085455,2067,24967705363,Relatively Low,16430.433,18552.786,7.32,Very Low,21568.147,5.377,Very Low,96.247,5.96,1441.916,941085455,2067,24967705363,Relatively Moderate,181.582,16639.077,26.308,Relatively Low,19343.406,23.64,Very Low
Montana,MT,Wibaux,899.237,Relatively Low,Relatively Low,Relatively Low,899.237,Very Low,Very Low,Very Low,82,2.402,899.237,632165767,937,11522034435,Relatively High,31616.877,34481.775,31.514,Very Low,37593.752,27.871,Very Low,899.237,Relatively Low,Relatively Low,Relatively Low,0.33,899.237,632165767,937,11501365767,Very High,56854.895,61658.341,51.965,Relatively Low,67223,50.566,Relatively Low,Relatively High,Relatively Low,Very Low,470,21.331,899.237,632165767,937,11501365767,Relatively High,1595.592,5592.349,3.121,Very Low,6097.058,2.606,Very Low,Very Low,Very Low,Very Low,52,1.501,899.237,632165767,937,11522034435,Very High,63442.006,83740.383,21.154,Relatively Low,91297.944,17.754,Very Low,0.144,899.237,632165767,937,11522034435,Relatively High,37821.85,61048.581,12.934,Very Low,66558.21,10.34,Very Low,76,4.706,899.237,632165767,937,11522034435,Relatively High,11004.531,21134.892,31.631,Relatively Low,23042.314,27.426,Relatively Low
Montana,MT,Yellowstone,2675.632,Very Low,Relatively Moderate,Relatively Moderate,2675.632,Very Low,Relatively Low,Relatively Low,73,2.143,2675.632,34956202067,164624,1940000000000,Relatively Moderate,1176248.607,1350070.5,92.618,Relatively Moderate,1417290.216,92.205,Relatively Moderate,2675.632,Relatively Low,Relatively Moderate,Relatively Moderate,0.015,2675.632,34956202067,164624,1940000000000,Relatively High,113019.404,142766.733,68.921,Relatively Moderate,150398.595,66.789,Relatively Moderate,Very Low,Relatively Low,Relatively Low,393,17.83,2675.632,34956202067,164624,1940000000000,Relatively High,1512.881,647598.319,91.506,Relatively High,682433.11,90.38,Relatively High,Very Low,Relatively Low,Relatively Low,30,0.882,2675.632,34956202067,164624,1940000000000,Very Low,106593.883,145898.861,30.242,Relatively Low,153160.656,25.453,Relatively Low,0.145,2675.632,34956202067,164624,1940000000000,Very Low,418585.875,513711.403,35.577,Relatively Low,546296.406,31.626,Relatively Low,70.83,4.386,2675.632,34956198711,164623.983,1940000000000,Very Low,17102.743,111981.517,70.907,Relatively Moderate,117508.58,67.77,Relatively Moderate
North Dakota,ND,Adams,998.645,Relatively Low,Relatively Moderate,Relatively Moderate,998.645,Very Low,Very Low,Very Low,94,2.75,998.645,612779706,2189,26074488762,Very High,106280.178,185811.312,65.695,Relatively Low,213467.282,64.111,Relatively Low,998.645,Relatively Low,Very Low,Very Low,0.509,998.645,612779706,2189,26005179706,Relatively Moderate,5069.011,17231.464,28.148,Very Low,19796.178,27.848,Very Low,Relatively High,Relatively Low,Relatively Low,574,26.069,998.645,612779706,2189,26005179706,Relatively High,1506.467,13557.536,8.333,Very Low,15575.426,8.108,Very Low,Very High,Very Low,Very Low,63,1.846,998.645,612779706,2189,26074488762,Relatively High,101759.75,157999.849,31.948,Relatively Low,181516.388,29.144,Relatively Low,0.178,998.645,612779706,2189,26074488762,Relatively Moderate,28984.031,64869.475,13.275,Very Low,74524.583,11.263,Very Low,71,4.396,998.645,612779706,2189,26074488762,Very High,142104.507,220173.044,83.751,Relatively High,252943.379,83.392,Relatively Moderate
North Dakota,ND,Barnes,1528.683,Relatively Low,Very High,Relatively High,1528.683,Very Low,Very Low,Very Low,133,3.89,1528.683,3190512275,10821,129000000000,Relatively High,583805.49,1072956.807,90.385,Relatively Moderate,863750.863,87.114,Relatively Moderate,1528.683,Relatively Low,Relatively Low,Relatively Low,0.7,1528.683,3177912164,10721.032,128000000000,Very High,633019.885,724932.42,92.472,Relatively High,635887.733,89.973,Relatively High,Relatively Low,Relatively Low,Relatively Low,559,25.402,1528.683,3190512275,10821,129000000000,Relatively Low,15812.676,19234.985,12.999,Very Low,16758.185,8.977,Very Low,Very Low,Very Low,Very Low,72,2.089,1528.683,3190512275,10821,129000000000,Very High,673868.922,1151348.624,85.36,Relatively Moderate,939048.517,78.301,Relatively Moderate,0.912,1528.683,3190512275,10821,129000000000,Relatively Low,634046.142,728865.624,43.052,Relatively Low,636185.54,34.808,Relatively Low,138,8.545,1528.683,3190512275,10821,129000000000,Relatively High,733125.281,764130.096,96.1,Very High,666050.62,94.4,Relatively High
North Dakota,ND,Benson,1453.928,Very Low,Relatively Low,Relatively Moderate,1453.928,Very Low,Very Low,Very Low,98,2.866,1453.928,1362172932,5945,70512604893,Relatively Moderate,12614.513,89293.243,50.837,Relatively Low,113577.327,51.129,Relatively Low,1453.928,No Rating,No Expected Annual Losses,No Rating,0.589,1453.928,1362172932,5945,70324172932,Very High,336252.728,382063.377,85.41,Relatively High,541855.784,88.508,Relatively High,Relatively High,Relatively Low,Relatively Low,426,19.335,1453.928,1362172932,5945,70324172932,Relatively High,3294.891,23794.311,16.055,Very Low,35024.196,19.691,Very Low,Relatively Low,Relatively Low,Relatively Low,42,1.229,1453.928,1362172932,5945,70512604893,Relatively High,222605.766,285440.497,47.705,Relatively Low,401218.32,51.257,Relatively Low,0.685,1453.928,1362172932,5945,70512604893,Very Low,123774.878,142681.712,18.89,Very Low,209465.46,19.217,Very Low,104,6.44,1453.928,1362172932,5945,70512604893,Relatively High,215277.999,242265.554,85.422,Relatively High,337446.309,87.623,Relatively High
North Dakota,ND,Billings,1164.758,Relatively Low,Relatively Moderate,Relatively Moderate,1164.758,Very Low,Very Low,Very Low,81,2.361,1164.758,683009665,945,11677998403,Very High,121732.241,153332.705,62.066,Relatively Low,146834.697,56.666,Relatively Low,1164.758,No Rating,No Expected Annual Losses,No Rating,0.44,1164.758,683009665,945,11645009665,Very High,65065.497,70093.812,53.964,Relatively Low,67123.343,50.533,Relatively Low,Relatively High,Relatively Low,Relatively Low,463,21.014,1164.758,683009665,945,11645009665,Relatively High,2423.433,6613.074,3.7,Very Low,6332.822,2.671,Very Low,Relatively Low,Very Low,Very Low,47,1.369,1164.758,683009665,945,11677998403,Very High,168789.427,207542.604,38.12,Relatively Low,198747.263,30.735,Relatively Low,0.202,1164.758,683009665,945,11677998403,Relatively High,41428.436,66083.862,13.431,Very Low,63283.328,9.99,Very Low,64,3.963,1164.758,683009665,945,11677998403,Very High,117586.192,150919.609,76.911,Relatively Moderate,144523.865,73.051,Relatively Moderate
North Dakota,ND,Bottineau,1714.835,Very Low,Relatively Moderate,Relatively Moderate,1714.835,Very Low,Relatively Low,Relatively Low,52,1.516,1714.835,6521796977,6379,80765310513,Relatively Moderate,39644.964,52747.415,39.64,Very Low,45737.727,31.562,Very Low,1714.835,Relatively Low,Relatively Low,Very Low,0.535,1714.835,6521796977,6379,80518196977,Very High,1032378.287,1073288.633,94.803,Relatively High,917531.444,93.304,Relatively High,Relatively High,Relatively Low,Relatively Low,431,19.551,1714.835,6521796977,6379,80518196977,Relatively Moderate,7081.519,20240.904,13.867,Very Low,18076.807,9.813,Very Low,Relatively Low,Very Low,Very Low,20,0.571,1714.835,6521796977,6379,80765310513,Very High,630574.23,701154.453,75,Relatively Moderate,602353.719,64.843,Relatively Moderate,0.431,1714.835,6521796977,6379,80765310513,Relatively Moderate,280738.702,373544.271,30.397,Relatively Low,325776.581,24.149,Very Low,105,6.502,1714.835,6521796977,6379,80765310513,Very High,1155246.309,1269645.789,98.452,Very High,1088685.589,97.296,Very High
North Dakota,ND,Bowman,1178.835,Relatively Low,Relatively High,Relatively Moderate,1178.835,Very Low,Very Low,Very Low,87,2.558,1178.835,1270043702,2993,36073864998,Relatively High,155932.067,197717.404,66.935,Relatively Low,182526.462,61.565,Relatively Low,1178.835,No Rating,No Expected Annual Losses,No Rating,0.571,1178.835,1269779405,2992.737,35985527808,Relatively Moderate,11631.448,29232.237,37.742,Relatively Low,27710.369,33.611,Relatively Low,Relatively High,Relatively Low,Relatively Low,543,24.663,1178.835,1270043702,2993,35988843702,Relatively High,3880.323,18881.021,12.709,Very Low,18637.282,10.264,Very Low,Relatively Low,Very Low,Very Low,54,1.575,1178.835,1270043702,2993,36073864998,Very High,208107.923,285573.041,47.767,Relatively Low,264809.486,37.989,Relatively Low,0.205,1178.835,1270043702,2993,36073864998,Relatively Moderate,58890.881,100006.442,15.726,Very Low,94535.644,12.472,Very Low,72,4.458,1178.835,1270043702,2993,36073864998,Very High,361441.454,408592.333,91.024,Relatively High,394116.38,89.437,Relatively High
North Dakota,ND,Burke,1140.397,Very Low,Relatively Moderate,Relatively Moderate,1140.397,Very Low,Very Low,Very Low,44,1.273,1140.397,1020943806,2201,26634571155,Relatively High,33977.342,40651.846,34.895,Very Low,35969.925,26.853,Very Low,1140.397,Relatively Low,Very Low,Very Low,0.518,1140.397,1020943806,2201,26552543806,Very High,156597.625,170375.168,73.085,Relatively Moderate,150752.856,66.822,Relatively Moderate,Relatively High,Very Low,Very Low,481,21.838,1140.397,1020943806,2201,26552543806,Relatively High,3424.342,10301.567,6.178,Very Low,9115.124,4.376,Very Low,Relatively Moderate,Very Low,Very Low,20,0.573,1140.397,1020943806,2201,26634571155,Very High,65834.443,84610.818,21.278,Relatively Low,74866.089,15.431,Very Low,0.203,1140.397,1020943806,2201,26634571155,Relatively Moderate,39722.798,73568.021,14.144,Very Low,65095.104,10.213,Very Low,77,4.768,1140.397,1020943806,2201,26634571155,Very High,167664.16,205702.778,82.606,Relatively High,182011.744,77.696,Relatively Moderate
North Dakota,ND,Burleigh,1678.92,Very Low,Relatively High,Relatively High,1678.92,Very Low,Very Low,Very Low,90,2.64,1678.92,17604065475,98437,1160000000000,Relatively High,3479913.188,3806146.725,97.519,Relatively High,3798547.937,97.423,Relatively High,1678.92,Relatively Low,Relatively Moderate,Relatively Moderate,0.987,1678.92,17604065475,98437,1160000000000,Relatively Moderate,2395.541,1159513.308,95.27,Relatively High,1149064.744,94.337,Relatively High,Very Low,Relatively Low,Relatively Low,580,26.446,1678.92,17604065475,98437,1160000000000,Relatively Moderate,20032.111,332742.168,82.69,Relatively Moderate,326724.372,79.73,Relatively Moderate,Very Low,Relatively Moderate,Relatively Moderate,53,1.558,1678.92,17604065475,98437,1160000000000,Relatively Moderate,743007.742,1270279.623,86.942,Relatively High,1264838.204,84.855,Relatively Moderate,0.567,1685.327,17604065475,98437,1160000000000,Relatively Low,1849128.76,5214697.523,88.058,Relatively Moderate,5183537.563,85.364,Relatively Moderate,83,5.159,1678.92,17604065475,98437,1160000000000,Relatively Moderate,570090.952,1315251.892,98.545,Very High,1308551.585,98.155,Very High
North Dakota,ND,Cass,1785.657,Very Low,Very High,Very High,1785.657,Very Low,Very Low,Very Low,154,4.527,1785.657,40439923739,184441,2180000000000,Relatively High,5180810.342,6996452.849,98.821,Relatively High,6412964.435,98.409,Relatively High,1785.657,Relatively Low,Relatively Moderate,Relatively Moderate,0.43,1785.657,40439923739,184441,2180000000000,Relatively Moderate,543860.706,1402427.613,96.103,Very High,1322366.114,95.436,Relatively High,Relatively High,Very Low,Very Low,621,28.205,1785.657,40439923739,184441,2180000000000,Very Low,3718.98,128005.172,61.937,Relatively Low,117108.72,52.574,Relatively Low,Very Low,Relatively High,Relatively High,90,2.629,1785.657,40439923739,184441,2180000000000,Relatively High,12616822.83,14828515.21,99.876,Very High,13931617.81,99.65,Very High,1.347,1785.657,40439923739,184441,2180000000000,Relatively Low,9056461.028,10518640.07,94.789,Relatively High,9961440.592,93.637,Relatively High,141,8.731,1785.657,40439923739,184441,2180000000000,Relatively Low,1103488.405,1142753.098,98.143,Very High,1081747.455,97.105,Very High
North Dakota,ND,Cavalier,1525.075,Relatively Low,Very High,Relatively High,1525.075,Very Low,Relatively Low,Very Low,81,2.374,1525.075,1975382680,3703,45252009965,Relatively High,19431.609,179088.116,65.043,Relatively Low,155936.351,58.002,Relatively Low,1525.075,No Rating,No Expected Annual Losses,No Rating,0.429,1525.075,1975382680,3703,44930182680,Very High,358984.518,377243.386,85.31,Relatively High,370342.734,83.511,Relatively Moderate,Relatively High,Very Low,Very Low,390,17.685,1525.075,1975382680,3703,44930182680,Relatively High,6435.381,18075.839,11.873,Very Low,18449.206,10.039,Very Low,Relatively Moderate,Very Low,Very Low,36,1.034,1525.075,1975382680,3703,45252009965,Very High,299987.118,362548.74,54.994,Relatively Low,353830.008,47.057,Relatively Low,0.613,1525.078,1975382680,3703,45252009965,Relatively Low,131687.665,143347.562,18.952,Very Low,142066.953,15.177,Very Low,102.001,6.316,1525.075,1975382680,3703,45252009965,Very High,317581.3,343877.078,89.632,Relatively High,341929.349,87.751,Relatively High
North Dakota,ND,Dickey,1153.688,Relatively Low,Relatively High,Relatively High,1153.688,Very Low,Very Low,Very Low,132,3.857,1153.688,1862747725,4995,60062951361,Relatively High,199107.522,427928.02,80.18,Relatively Moderate,359029.375,74.578,Relatively Low,1153.688,Relatively Low,Relatively Low,Relatively Low,0.479,1153.688,1862747725,4995,59804747725,Relatively High,70570.575,100804.838,61.292,Relatively Moderate,90946.151,56.129,Relatively Low,Relatively High,Very Low,Very Low,673,30.569,1153.688,1862747725,4995,59804747725,Relatively Low,5184.193,7261.629,4.022,Very Low,6616.969,2.896,Very Low,Very High,Very Low,Very Low,79,2.313,1153.688,1862747725,4995,60062951361,Very High,281168.505,505546.478,65.881,Relatively Moderate,434278.091,54.025,Relatively Low,0.559,1153.688,1862747725,4995,60062951361,Relatively Low,290015.112,324710.232,28.257,Relatively Low,292437.39,23.035,Very Low,134,8.297,1153.688,1862747725,4995,60062951361,Very High,554239.743,781227.641,96.255,Very High,710039.012,95.068,Relatively High
North Dakota,ND,Divide,1307.665,Relatively Low,Relatively High,Relatively High,1307.665,Very Low,Very Low,Very Low,44,1.284,1307.665,3673673790,2195,29217624119,Very High,88551.565,130162.674,58.561,Relatively Low,142285.592,55.838,Relatively Low,1307.665,Relatively Low,Very Low,Very Low,0.447,1307.665,3673673790,2195,29135673790,Very High,352804.483,364062.847,84.977,Relatively High,397970.448,84.51,Relatively Moderate,Relatively High,Very Low,Very Low,441,20.015,1307.665,3673673790,2195,29135673790,Relatively High,8018.601,14643.442,9.331,Very Low,16007.284,8.462,Very Low,No Rating,No Expected Annual Losses,No Rating,27,0.774,1307.665,3673673790,2195,29217624119,Very High,321262.398,347922.052,53.691,Relatively Low,380326.353,49.602,Relatively Low,0.161,1307.665,3673673790,2195,29217624119,Relatively High,150133.863,173790.045,21.154,Very Low,189976.271,18.295,Very Low,71,4.396,1307.665,3673673790,2195,29217624119,Very High,561410.683,596705.027,94.553,Relatively High,652280.145,94.273,Relatively High
North Dakota,ND,Dunn,2043.469,Relatively Low,Relatively High,Relatively High,2043.469,Very Low,Very Low,Very Low,79,2.387,2043.469,2063418312,4088,49573177052,Very High,260501.352,349778.079,77.636,Relatively Low,448318.408,78.142,Relatively Low,2043.469,Relatively Low,Relatively Low,Relatively Low,0.621,2043.469,2063418272,4088,49484218272,Very High,266857.563,297217.356,82.478,Relatively Moderate,380950.151,84.011,Relatively Moderate,Relatively Moderate,Relatively Moderate,Relatively Moderate,459,21.457,2043.469,2063418312,4088,49484218312,Relatively High,5469.2,17627.024,11.583,Very Low,22592.952,13.031,Very Low,Relatively Moderate,Very Low,Very Low,45,1.348,2043.469,2063418312,4088,49573177052,Very High,254226.816,320725.218,51.241,Relatively Low,411080.704,52.084,Relatively Low,0.717,2103.074,2063418312,4088,49573177052,Relatively Low,186691.49,292824.518,27.078,Very Low,375319.752,26.408,Very Low,70,4.461,2043.469,2063418272,4088,49573177012,Very High,397711.426,478090.051,92.386,Relatively High,612778.741,93.859,Relatively High
North Dakota,ND,Eddy,650.646,Very Low,Relatively Low,Relatively Low,650.646,Very Low,Very Low,Very Low,116,3.403,650.646,1076942125,2347,28396497753,Relatively High,86566.506,137809.515,60.019,Relatively Low,170029.831,60.134,Relatively Low,650.646,Relatively Low,Relatively Low,Very Low,0.689,650.646,1076942125,2347,28302142125,Very High,270016.313,289286.95,82.045,Relatively Moderate,356923.185,82.945,Relatively Moderate,Relatively High,Very Low,Very Low,488,22.142,650.646,1076942125,2347,28302142125,Relatively Low,2731.937,3467.187,1.609,Very Low,4277.827,1.737,Very Low,Relatively Low,Very Low,Very Low,53,1.544,650.646,1076942125,2347,28396497753,Very High,245492.339,279023.257,47.115,Relatively Low,344259.807,46.293,Relatively Low,0.341,650.646,1076942125,2347,28396497753,Relatively Moderate,148488.582,157637.575,19.975,Very Low,194493.756,18.517,Very Low,105,6.502,650.646,1076942125,2347,28396497753,Very High,150100.472,175500.988,80.285,Relatively Moderate,216533.693,80.528,Relatively Moderate
North Dakota,ND,Emmons,1522.37,Relatively Low,Relatively High,Relatively High,1522.37,Very Low,Very Low,Very Low,103,3.1,1522.37,4891300845,3301,43368775592,Very High,1277579.696,1446006.714,93.238,Relatively Moderate,1512327.38,92.682,Relatively Moderate,1522.37,Relatively Low,Relatively Low,Relatively Low,1.04,1522.37,4891300845,3301,43182900845,Relatively High,224866.073,264598.342,80.746,Relatively Moderate,276734.066,79.314,Relatively Moderate,Relatively High,Relatively Low,Relatively Low,518,24.253,1522.37,4891300845,3301,43182900845,Relatively High,14438.452,24148.617,16.281,Very Low,25256.186,14.479,Very Low,Relatively Low,Very Low,Very Low,64,1.916,1522.37,4891300845,3301,43368775592,Very High,1637172.695,1709096.952,91.098,Relatively High,1787484.173,90.391,Relatively High,0.494,1571.013,4891300845,3301,43368775592,Relatively High,547246.424,679902.222,41.191,Relatively Low,711085.734,36.717,Relatively Low,90,5.751,1522.37,4891300845,3301,43368775592,Very High,1359275.983,1464865.657,98.855,Very High,1532051.283,98.632,Very High
North Dakota,ND,Foster,653.391,Relatively Low,Relatively High,Relatively High,653.391,Very Low,Very Low,Very Low,117,3.419,653.391,1085928024,3391,40557681120,Relatively High,55352.394,161394.787,63.12,Relatively Low,157168.341,58.416,Relatively Low,653.391,Relatively Low,Relatively Low,Relatively Low,0.725,653.391,1085928024,3391,40421528024,Very High,230541.193,260505.586,80.446,Relatively Moderate,253683.726,77.748,Relatively Moderate,Relatively High,Very Low,Very Low,521,23.659,653.391,1085928024,3391,40421528024,Relatively Low,2782.14,3844.458,1.77,Very Low,3743.784,1.577,Very Low,Relatively Moderate,Very Low,Very Low,54,1.58,653.391,1085928024,3391,40557681120,Very High,197254.312,260305.733,44.758,Relatively Low,253489.106,36.78,Relatively Low,0.339,653.391,1085928024,3391,40557681120,Relatively Moderate,171607.305,193576.895,22.27,Very Low,188507.696,18.231,Very Low,118,7.307,653.391,1085928024,3391,40557681120,Very High,405844.025,531446.784,93.531,Relatively High,517529.785,92.141,Relatively High
North Dakota,ND,Golden Valley,1012.607,Relatively Low,Relatively Moderate,Relatively Moderate,1012.607,Very Low,Very Low,Very Low,84,2.449,1012.607,759441830,1732,20902468958,Relatively High,11915.771,64282.319,43.672,Relatively Low,68924.403,40.216,Very Low,1012.607,No Rating,No Expected Annual Losses,No Rating,0.432,1012.607,751176960.1,1723.599,20744921070,Very High,70430.965,79462.958,56.262,Relatively Low,85201.296,54.697,Relatively Low,Relatively High,Relatively Low,Relatively Low,467,21.193,1012.607,759441830,1732,20850641830,Relatively High,466.642,8674.735,5.051,Very Low,9301.173,4.569,Very Low,Relatively Moderate,Very Low,Very Low,51,1.471,1012.607,759441830,1732,20902468958,Very High,122426.987,177460.981,34.088,Relatively Low,190276.149,30.194,Relatively Low,0.134,1012.607,759441830,1732,20902468958,Relatively High,42388.948,84811.505,14.919,Very Low,90936.084,12.249,Very Low,63,3.901,1012.607,759441830,1732,20902468958,Very High,147484.667,218676.15,83.596,Relatively High,234467.631,81.96,Relatively Moderate
North Dakota,ND,Grand Forks,1453.949,Very Low,Very High,Very High,1453.949,Very Low,Very Low,Very Low,143,4.193,1453.949,15976890088,73042,864000000000,Relatively High,3356266.76,3378632.008,97.146,Relatively High,3388874.666,97.009,Relatively High,1453.949,Relatively Low,Relatively Moderate,Relatively Moderate,0.392,1453.949,15976890088,73042,863000000000,Relatively High,924813.049,1268630.845,95.636,Relatively High,1280855.756,95.237,Relatively High,Relatively Moderate,Relatively Low,Relatively Low,391,17.742,1453.949,15976890088,73042,863000000000,Relatively Low,12271.412,49955.715,31.306,Relatively Low,51107.987,26.802,Very Low,Relatively Moderate,Relatively High,Relatively High,77,2.243,1453.949,15976890088,73042,864000000000,Relatively High,2878021.959,3301346.224,97.022,Relatively High,3322942.39,96.468,Relatively High,1.039,1453.949,15976890088,73042,864000000000,Very Low,1819474.925,2066221.672,71.03,Relatively Moderate,2075933.572,66.656,Relatively Low,126.046,7.805,1453.949,15976890088,73042,864000000000,Relatively Low,531080.513,548458.372,93.655,Relatively High,550858.061,92.905,Relatively High
North Dakota,ND,Grant,1682.833,Relatively Low,Relatively High,Relatively High,1682.833,Very Low,Very Low,Very Low,103,3.005,1682.833,1161847905,2299,27925426110,Very High,329398.62,417962.227,79.901,Relatively Moderate,440458.804,78.046,Relatively Low,1682.833,Relatively Low,Relatively Low,Relatively Low,0.891,1682.833,1161846502,2298.993,27830163537,Relatively Moderate,19275.772,44180.116,45.503,Relatively Low,46558.085,43.604,Relatively Low,Relatively High,Relatively Low,Relatively Low,532,24.163,1682.833,1161847905,2299,27830247905,Relatively High,4707.46,15783.851,10.264,Very Low,16633.408,8.816,Very Low,Very High,Very Low,Very Low,67,1.97,1682.833,1161847905,2299,27925426110,Very High,253472.468,302068.001,49.566,Relatively Low,318326.637,43.875,Relatively Low,0.431,1682.833,1161847905,2299,27925426110,Relatively Moderate,79450.703,128206.206,17.68,Very Low,135106.832,14.795,Very Low,81,5.015,1682.833,1161846502,2298.993,27925341742,Very High,160166.808,246071.173,85.794,Relatively High,259315.812,84.06,Relatively Moderate
North Dakota,ND,Griggs,723.814,Relatively Low,Relatively High,Relatively High,723.814,Very Low,Very Low,Very Low,139,4.086,723.814,710338670,2300,27521800192,Very High,173974.803,442705.095,80.614,Relatively Moderate,417557.859,77.219,Relatively Low,723.814,Relatively Low,Relatively Low,Very Low,0.715,723.814,710325465.1,2299.917,27389361488,Very High,181043.7,200992.205,76.549,Relatively Moderate,189575.128,71.952,Relatively Moderate,Relatively High,Relatively Low,Relatively Low,510,23.162,723.814,710338670,2300,27390338670,Relatively Low,1826.506,2551.679,1.062,Very Low,2406.735,0.869,Very Low,Relatively Moderate,Very Low,Very Low,71,2.063,723.814,710338670,2300,27521800192,Very High,157931.863,333206.499,52.14,Relatively Low,314279.176,43.493,Relatively Low,0.478,723.814,710338670,2300,27521800192,Relatively Moderate,127703.544,151146.157,19.51,Very Low,142560.514,15.24,Very Low,117,7.245,723.814,710338670,2300,27521800192,Relatively High,130980.696,161021.372,78.149,Relatively Moderate,151874.781,73.878,Relatively Moderate
North Dakota,ND,Hettinger,1145.233,Relatively Low,Relatively Moderate,Relatively Moderate,1145.233,Very Low,Very Low,Very Low,98,2.857,1145.233,3470700064,2487,32396286873,Very High,809599.015,894488.05,88.865,Relatively Moderate,869190.191,87.178,Relatively Moderate,1145.233,Relatively Low,Very Low,Very Low,0.604,1145.233,3470700064,2487,32319900064,Very High,447176.057,465448.768,87.875,Relatively High,453553.609,85.943,Relatively High,Relatively High,Relatively Low,Very Low,545,24.738,1145.233,3470700064,2487,32319900064,Relatively High,13576.044,25947.985,17.181,Very Low,25220.094,14.447,Very Low,Relatively Low,Very Low,Very Low,59,1.733,1145.233,3470700064,2487,32396286873,Very High,731034.959,819405.034,78.877,Relatively Moderate,796295.735,73.56,Relatively Moderate,0.241,1145.233,3470700064,2487,32396286873,Relatively High,225795.3,290877.001,27.016,Very Low,282650.306,22.622,Very Low,74,4.582,1145.233,3470700064,2487,32396286873,Very High,847709.312,882030.462,96.998,Very High,856485.41,96.341,Relatively High
North Dakota,ND,Kidder,1447.279,Relatively Low,Relatively High,Relatively High,1447.279,Very Low,Very Low,Very Low,89,2.604,1447.279,939873394,2383,28713004801,Relatively High,51585.871,84015.793,49.473,Relatively Low,77566.521,42.666,Very Low,1447.279,Relatively Low,Relatively Low,Very Low,0.921,1447.279,939873394,2383,28582673394,Very High,239504.971,267627.165,80.946,Relatively Moderate,247083.403,77.382,Relatively Moderate,Relatively High,Very Low,Very Low,594,26.969,1447.279,939873394,2383,28582673394,Relatively Moderate,3313.082,11174.675,6.692,Very Low,10316.878,5.18,Very Low,No Rating,No Expected Annual Losses,No Rating,50,1.452,1447.279,939873394,2383,28713004801,Very High,165231.528,224418.269,40.136,Relatively Low,207191.335,31.689,Relatively Low,0.484,1447.279,939873394,2383,28713004801,Relatively Moderate,114619.897,219575.947,23.604,Very Low,202720.723,18.804,Very Low,108,6.687,1447.279,939873394,2383,28713004801,Very High,337599.885,483638.364,92.572,Relatively High,446513.018,90.55,Relatively High
North Dakota,ND,LaMoure,1162.576,Relatively Low,Relatively High,Relatively High,1162.576,Very Low,Very Low,Very Low,117,3.415,1162.576,1336272214,4083,48958344138,Very High,96451.343,616293.319,84.646,Relatively Moderate,579664.034,82.055,Relatively Moderate,1162.576,Relatively Low,Relatively Low,Relatively Low,0.84,1162.576,1336272214,4083,48699072214,Relatively High,52403.947,93248.408,59.827,Relatively Moderate,87302.641,55.53,Relatively Low,Relatively High,Very Low,Very Low,704,31.981,1162.576,1336272214,4083,48699072214,Very Low,592.121,2284.528,0.901,Very Low,2138.335,0.74,Very Low,Relatively Moderate,Very Low,Very Low,63,1.826,1162.576,1336272214,4083,48958344138,Very High,449161.659,524155.553,66.935,Relatively Moderate,493182.73,58.416,Relatively Low,0.529,1162.576,1336272214,4083,48958344138,Relatively Low,210409.544,242029.167,24.69,Very Low,226752.658,20.172,Very Low,134,8.297,1162.576,1336272214,4083,48958344138,Very High,530078.206,752071.842,95.946,Very High,707961.804,95.005,Relatively High
North Dakota,ND,Logan,1021.226,Relatively Low,Relatively High,Relatively High,1021.226,Very Low,Very Low,Very Low,95,2.787,1021.226,914480623,1876,22854289620,Very High,217374.874,364982.039,78.257,Relatively Low,325515.69,72.701,Relatively Low,1021.226,Relatively Low,Relatively Low,Very Low,0.896,1021.226,914480623,1876,22676080623,Very High,244506.044,264879.055,80.779,Relatively Moderate,236237.073,76.649,Relatively Moderate,Relatively High,Very Low,Very Low,602,27.325,1021.226,914480623,1876,22676080623,Relatively Moderate,3822.76,4489.615,2.091,Very Low,4004.143,1.609,Very Low,Relatively Moderate,Very Low,Very Low,58,1.686,1021.226,914480623,1876,22854289620,Very High,315964.51,352144.95,54.187,Relatively Low,314066.705,43.398,Relatively Low,0.405,1021.226,914480623,1876,22854289620,Relatively Moderate,130769.95,146856.805,19.293,Very Low,130976.84,14.508,Very Low,112,6.935,1021.226,914480623,1876,22854289620,Very High,297203.087,336412.147,89.477,Relatively High,300035.127,86.096,Relatively High
North Dakota,ND,McHenry,1930.816,Very Low,Relatively Moderate,Relatively Moderate,1930.816,Very Low,Very Low,Very Low,74,2.171,1930.816,6546783463,5344,68705019486,Relatively High,90466.34,116900.979,56.483,Relatively Low,120313.906,52.211,Relatively Low,1930.816,Relatively Low,Relatively Low,Relatively Low,0.542,1930.816,6546783463,5344,68537183463,Very High,1083874.647,1117877.028,95.103,Relatively High,1150915.976,94.37,Relatively High,Relatively High,Relatively Low,Relatively Low,435,19.731,1930.816,6546783463,5344,68537183463,Relatively Moderate,7473.523,19394.783,13.095,Very Low,19947.18,11.229,Very Low,Relatively Moderate,Relatively Low,Relatively Low,32,0.937,1930.816,6546783463,5344,68705019486,Very High,468853.057,532205.859,67.401,Relatively Moderate,548019.307,62.106,Relatively Moderate,0.629,1930.816,6546783463,5344,68705019486,Relatively Moderate,417434.374,542449.595,37.004,Relatively Low,558384.18,32.071,Relatively Low,109,6.749,1930.816,6546783463,5344,68705019486,Very High,1616222.747,1734740.39,99.195,Very High,1783163.664,99.077,Very High
North Dakota,ND,McIntosh,1004.602,Relatively Low,Relatively High,Relatively High,1004.602,Very Low,Very Low,Very Low,117,3.433,1004.602,1406494393,2530,30863168594,Relatively High,87830.967,183634.309,65.385,Relatively Low,199580.177,62.997,Relatively Low,1004.602,Relatively Low,Relatively Low,Relatively Low,0.754,1004.602,1405910916,2526.625,30714766482,Relatively High,64936.371,92723.205,59.627,Relatively Moderate,100774.815,58.394,Relatively Low,Relatively High,Very Low,Very Low,569,25.826,1004.602,1406494393,2530,30754494393,Relatively Low,3175.721,4029.856,1.802,Very Low,4379.789,1.834,Very Low,Relatively Moderate,Very Low,Very Low,74,2.173,1004.602,1406494393,2530,30863168594,Very High,246438.5,292976.603,48.852,Relatively Low,318417.199,43.907,Relatively Low,0.426,1004.602,1406494393,2530,30863168594,Relatively Moderate,225175.864,240395.292,24.566,Very Low,261269.994,21.604,Very Low,112,6.935,1004.602,1406494393,2530,30863168594,Very High,289798.541,428956.641,91.489,Relatively High,466205.052,90.869,Relatively High
North Dakota,ND,McKenzie,2813.111,Very Low,Relatively High,Relatively High,2813.111,Very Low,Very Low,Very Low,73,2.181,2813.111,4879579357,14685,175000000000,Relatively High,169032.192,277683.305,73.356,Relatively Low,328308.393,72.956,Relatively Low,2813.111,Relatively Low,Relatively Low,Relatively Low,0.527,2813.111,4879579357,14683.953,175000000000,Very High,604132.274,708517.171,92.272,Relatively High,846489.31,92.605,Relatively High,Relatively Low,Relatively Moderate,Relatively Moderate,468,21.844,2813.111,4879579357,14685,175000000000,Relatively High,13344.646,59092.22,37.548,Relatively Low,72533.179,38.192,Relatively Low,Relatively Low,Relatively Low,Relatively Low,47,1.408,2813.111,4879579357,14685,175000000000,Relatively High,280602.17,519558.597,66.78,Relatively Moderate,624708.708,66.147,Relatively Moderate,0.495,2889.445,4879579357,14685,175000000000,Relatively Low,339660.138,757545.609,44.076,Relatively Low,919022.305,42.889,Relatively Low,70,4.452,2813.111,4879579357,14685,175000000000,Very High,873808.607,1103196.055,97.926,Very High,1319824.222,98.186,Very High
North Dakota,ND,McLean,2163.606,Very Low,Relatively High,Relatively High,2163.606,Very Low,Relatively Low,Relatively Low,85,2.704,2163.606,9016637478,9755,122000000000,Relatively Moderate,95026.214,158057.335,62.841,Relatively Low,161215.909,58.925,Relatively Low,2163.606,Relatively Low,Relatively Low,Relatively Low,0.633,2163.606,9016637478,9755,122000000000,Very High,1437412.367,1510640.267,96.536,Very High,1518754.586,95.903,Relatively High,Relatively Moderate,Relatively Low,Relatively Low,518,25.549,2163.606,9016637478,9755,122000000000,Relatively High,41609.748,76777.482,45.656,Relatively Low,77374.316,40.669,Relatively Low,Relatively Moderate,Very Low,Very Low,46,1.446,2163.606,9016637478,9755,122000000000,Very High,1055714.806,1224252.128,86.476,Relatively High,1243116.329,84.569,Relatively Moderate,0.722,2351.462,9016637478,9755,122000000000,Relatively Moderate,878184.229,1159935.181,55.831,Relatively Low,1175657.486,49.857,Relatively Low,90,6.057,2163.606,9016637478,9755,122000000000,Very High,1440505.468,1587677.888,99.041,Very High,1624552.221,98.886,Very High
North Dakota,ND,Mercer,1063.852,Relatively Low,Relatively High,Relatively High,1063.852,Very Low,Very Low,Very Low,92,2.836,1063.852,3201622481,8350,100000000000,Relatively High,173232.28,212682.97,68.455,Relatively Low,231929.825,65.956,Relatively Low,1063.852,Relatively Low,Relatively Low,Relatively Low,0.674,1063.852,3201620559,8349.987,100000000000,Very High,538439.128,603308.895,90.806,Relatively High,657133.586,90.34,Relatively High,Relatively Moderate,Relatively Low,Relatively Low,505,24.242,1063.852,3201622481,8350,100000000000,Relatively Moderate,868.467,25489.288,16.924,Very Low,27531.419,15.637,Very Low,Very Low,Very Low,Very Low,53,1.636,1063.852,3201622481,8350,100000000000,Relatively High,234974.968,374270.291,55.924,Relatively Moderate,407151.805,51.829,Relatively Low,0.335,1123.829,3201622481,8350,100000000000,Relatively Moderate,283150.188,550603.166,37.376,Relatively Low,596965.419,33.471,Relatively Low,73,4.775,1063.852,3201620559,8349.987,100000000000,Very High,523275.174,646166.434,95.079,Relatively High,703180.912,94.941,Relatively High
North Dakota,ND,Morton,1950.206,Very Low,Relatively High,Relatively High,1950.206,Very Low,Very Low,Very Low,97,2.856,1950.206,8505133566,33242,394000000000,Relatively High,1342149.457,1489118.11,93.455,Relatively Moderate,1387400.292,92.014,Relatively Moderate,1950.206,Relatively Low,Relatively Moderate,Relatively Moderate,0.887,1950.206,8505130800,33241.996,394000000000,Very High,2069962.921,2449717.91,98.634,Very High,2281765.692,97.502,Very High,Very Low,Relatively Low,Relatively Low,551,25.188,1950.206,8505133566,33242,394000000000,Relatively Moderate,9919.476,76498.611,45.528,Relatively Low,72068.842,37.806,Relatively Low,Very Low,Relatively Moderate,Relatively Low,61,1.785,1950.206,8505133566,33242,394000000000,Relatively High,743237.303,1135861.596,85.05,Relatively Moderate,1059719.381,81.196,Relatively Moderate,0.612,1964.803,8505133566,33242,394000000000,Relatively Low,867502.95,2225436.862,72.922,Relatively Moderate,2080570.903,66.688,Relatively Low,87,5.427,1950.206,8505130800,33241.996,394000000000,Relatively High,1644342.658,1802210.279,99.288,Very High,1683606.813,99.014,Very High
North Dakota,ND,Mountrail,1884.599,Very Low,Relatively High,Relatively High,1884.599,Very Low,Relatively Low,Relatively Low,67,2.03,1884.599,3754260380,9797,118000000000,Relatively Moderate,102463.63,139645.119,60.453,Relatively Low,189909.229,62.074,Relatively Low,1884.599,Relatively Low,Relatively Low,Relatively Low,0.538,1884.599,3754260380,9797,117000000000,Very High,558393.543,618233.972,91.039,Relatively High,835047.55,92.438,Relatively High,Relatively Moderate,Relatively Low,Relatively Low,467,22.074,1884.599,3754260380,9797,117000000000,Relatively Moderate,2756.513,33334.804,22.458,Very Low,45641.11,24.292,Very Low,Relatively Low,Very Low,Very Low,34,1.014,1884.599,3754260380,9797,118000000000,Relatively High,151461.671,260229.76,44.727,Relatively Low,355305.667,47.152,Relatively Low,0.492,1961.019,3754260380,9797,118000000000,Relatively Low,296426.595,508380.24,35.36,Relatively Low,691901.847,36.112,Relatively Low,82,5.283,1884.599,3754260380,9797,118000000000,Very High,657642.195,795560.791,96.441,Very High,1079340.613,97.073,Very High
North Dakota,ND,Nelson,1019.056,Relatively Low,Relatively High,Relatively High,1019.056,Very Low,Very Low,Very Low,138,4.048,1019.056,1095891383,3007,36115766014,Relatively High,230822.921,311034.27,75.558,Relatively Low,321607.186,72.447,Relatively Low,1019.056,Relatively Low,Relatively Low,Relatively Low,0.669,1019.056,1095891383,3007,35977091383,Very High,299348.914,325262.565,83.444,Relatively Moderate,336319.14,82.478,Relatively Moderate,Relatively High,Very Low,Very Low,443,20.109,1019.056,1095891383,3007,35977091383,Relatively Low,2348.616,3134.146,1.416,Very Low,3240.684,1.384,Very Low,Relatively Moderate,Very Low,Very Low,72,2.106,1019.056,1095891383,3007,36115766014,Relatively Moderate,25462.846,73947.911,19.696,Relatively Low,76461.605,15.717,Very Low,0.703,1019.056,1095891383,3007,36115766014,Relatively Low,161320.724,176088.241,21.371,Very Low,182073.968,17.69,Very Low,114.01,7.059,1019.056,1095891383,3007,36115766014,Relatively High,181754.087,217321.045,83.349,Relatively High,224708.389,81.133,Relatively Moderate
North Dakota,ND,Oliver,738.462,Relatively Low,Relatively Moderate,Relatively Moderate,738.462,Very Low,Very Low,Very Low,93,2.734,738.462,599420257,1874,22392102385,Relatively High,75912.645,105174.902,54.156,Relatively Low,109999.708,50.398,Relatively Low,738.462,Relatively Low,Relatively Low,Very Low,0.801,738.462,599420257,1874,22337820257,Very High,127428.196,146041.371,69.753,Relatively Moderate,152740.89,67.189,Relatively Moderate,Relatively Moderate,Relatively Low,Relatively Low,572,25.982,738.462,599420257,1874,22337820257,Relatively Moderate,1935.766,7646.994,4.472,Very Low,7997.793,3.893,Very Low,Relatively Low,Very Low,Very Low,56,1.647,738.462,599420257,1874,22392102385,Very High,144623.801,192895.594,36.29,Relatively Low,201744.509,30.958,Relatively Low,0.232,738.462,599420257,1874,22392102385,Relatively Moderate,54027.605,117752.012,16.998,Very Low,123153.782,13.745,Very Low,73,4.52,738.462,599420257,1874,22392102385,Very High,130352.727,213007.93,83.101,Relatively High,222779.481,81.005,Relatively Moderate
North Dakota,ND,Pembina,1132.559,Relatively Low,Very High,Very High,1132.559,Very Low,Very Low,Very Low,86,2.501,1132.559,2587826104,6825,82082083215,Relatively Moderate,19646.409,116947.837,56.545,Relatively Low,112946.229,50.97,Relatively Low,1132.559,Relatively Low,Very Low,Very Low,0.376,1132.559,2587826104,6825,81757826104,Very High,458133.025,489245.795,88.608,Relatively High,491974.286,87.175,Relatively High,Relatively Moderate,Relatively Low,Relatively Low,340,15.41,1132.559,2587826104,6825,81757826104,Relatively High,3746.792,36150.137,24.035,Very Low,36859.959,20.656,Very Low,Relatively Low,Relatively Moderate,Relatively Moderate,45,1.319,1132.559,2587826104,6825,82082083215,Very High,480544.595,523981.911,66.904,Relatively Moderate,522692.021,60.261,Relatively Moderate,0.492,1132.561,2587826104,6825,82082083215,Relatively Low,188424.155,207026.666,23.108,Very Low,204738.038,18.995,Very Low,111.005,6.873,1132.559,2587826104,6825,82082083215,Relatively High,469879.721,497769.968,92.851,Relatively High,501524.585,91.855,Relatively High
North Dakota,ND,Pierce,1093.393,Very Low,Relatively Moderate,Relatively Moderate,1093.393,Very Low,Very Low,Very Low,85,2.487,1093.393,1600333128,3976,47835277594,Relatively High,84050.209,116678.16,56.421,Relatively Low,119822.047,52.084,Relatively Low,1093.393,Relatively Low,Relatively Low,Relatively Low,0.575,1093.393,1600333128,3976,47721933128,Very High,260787.375,287107.784,81.845,Relatively Moderate,294665.401,80.613,Relatively Moderate,Relatively High,Very Low,Very Low,417,18.942,1093.393,1600333128,3976,47721933128,Relatively Moderate,2311.762,10799.421,6.371,Very Low,11073.19,5.502,Very Low,Relatively Low,Very Low,Very Low,36,1.047,1093.393,1600333128,3976,47835277594,Very High,286706.058,351868.354,54.156,Relatively Low,361332.006,47.821,Relatively Low,0.384,1093.393,1600333128,3976,47835277594,Relatively Low,102253.378,181711.984,21.836,Very Low,186430.931,17.976,Very Low,117,7.245,1093.393,1600333128,3976,47835277594,Very High,420084.741,527110.09,93.439,Relatively High,541399.783,92.778,Relatively High
North Dakota,ND,Ramsey,1314.14,Very Low,Relatively Moderate,Relatively Moderate,1314.14,Very Low,Very Low,Very Low,117,3.419,1314.14,4831464819,11577,139000000000,Very Low,1902.821,12757.733,16.222,Very Low,11287.935,11.263,Very Low,1314.14,No Rating,No Expected Annual Losses,No Rating,0.507,1314.14,4831464819,11577,139000000000,Very High,930671.098,1004279.137,94.537,Relatively High,1082885.572,93.971,Relatively High,Very High,Very Low,Very Low,466,21.168,1314.14,4831464819,11577,139000000000,Relatively High,13058.651,58552.745,37.162,Relatively Low,66618.942,35.232,Relatively Low,Relatively Moderate,Relatively Moderate,Relatively Moderate,54,1.564,1314.14,4831464819,11577,139000000000,Very High,944481.309,996616.668,82.785,Relatively Moderate,1064724.404,81.483,Relatively Moderate,0.667,1314.14,4831464819,11577,139000000000,Relatively Low,451786.817,483507.818,34.708,Relatively Low,515268.546,30.512,Relatively Low,104.011,6.44,1314.14,4831464819,11577,139000000000,Relatively High,626551.292,642708.688,95.017,Relatively High,690430.756,94.75,Relatively High
North Dakota,ND,Ransom,872.576,Relatively Low,Relatively High,Relatively High,872.576,Very Low,Very Low,Very Low,137,4.008,872.576,1422621949,5692,67648965619,Relatively Moderate,20845.604,139641.352,60.422,Relatively Low,118332.716,51.798,Relatively Low,872.576,Relatively Low,Relatively Low,Relatively Low,0.326,872.576,1422621949,5692,67449821949,Very High,171038.748,187718.531,75.05,Relatively Moderate,165393.058,68.987,Relatively Moderate,Relatively Moderate,Relatively Low,Relatively Low,683,31.042,872.576,1422621949,5692,67449821949,Very Low,2428.078,4695.902,2.317,Very Low,4309.393,1.77,Very Low,Very Low,Very Low,Very Low,83,2.422,872.576,1422621949,5692,67648965619,Very High,323043.701,629988.167,71.898,Relatively Moderate,551409.204,62.234,Relatively Moderate,0.515,872.576,1422621949,5692,67648965619,Relatively Low,307711.849,358332.497,29.746,Relatively Low,327083.641,24.213,Very Low,138,8.545,872.576,1422621949,5692,67648965619,Relatively High,345328.395,379388.569,90.529,Relatively High,346823.729,88.005,Relatively High
North Dakota,ND,Renville,901.955,Very Low,Relatively Moderate,Relatively Moderate,901.955,Very Low,Relatively Low,Relatively Low,50,1.469,901.955,1176641529,2282,27791722995,Relatively High,42923.571,80559.014,48.573,Relatively Low,82132.509,43.78,Very Low,901.955,Relatively Low,Very Low,Very Low,0.526,901.955,1176641529,2282,27647841529,Very High,185670.788,200320.558,76.482,Relatively Moderate,204233.26,73.551,Relatively Moderate,Relatively High,Very Low,Very Low,479,21.728,901.955,1176641529,2282,27647841529,Relatively Moderate,2733.669,8054.769,4.633,Very Low,8212.097,4.022,Very Low,Relatively Moderate,Very Low,Very Low,21,0.589,901.955,1176641529,2282,27791722995,Very High,148973.12,176216.145,33.778,Relatively Low,179658.034,28.794,Relatively Low,0.204,901.956,1176641529,2282,27791722995,Relatively Moderate,53289.207,94161.878,15.478,Very Low,96001.067,12.631,Very Low,93,5.759,901.955,1176641529,2282,27791722995,Very High,304743.843,379099.091,90.498,Relatively High,386503.731,89.246,Relatively High
North Dakota,ND,Richland,1459.932,Relatively Low,Very High,Very High,1459.932,Very Low,Very Low,Very Low,145,4.241,1459.932,5591008975,16521,198000000000,Relatively Low,5393.523,110308.665,55.087,Relatively Low,108457.127,50.27,Relatively Low,1459.932,Relatively Low,Relatively Low,Relatively Low,0.18,1459.932,5591008890,16520.999,197000000000,Relatively High,189170.782,232648.997,78.714,Relatively Moderate,238781.412,76.716,Relatively Moderate,Relatively High,Very Low,Very Low,646,29.363,1459.932,5591008975,16521,197000000000,Very Low,7469.341,13423.498,8.108,Very Low,13735.573,7.079,Very Low,Relatively Moderate,Relatively High,Relatively High,92,2.706,1459.932,5591008975,16521,198000000000,Relatively High,575967.611,862755.513,79.87,Relatively Moderate,861942.08,76.042,Relatively Moderate,0.95,1459.932,5591008975,16521,198000000000,Relatively Low,1069843.165,1204726.473,56.762,Relatively Low,1231449.213,51.161,Relatively Low,143,8.854,1459.932,5591008890,16520.999,198000000000,Relatively High,1090221.571,1123035.266,98.019,Very High,1137913.692,97.486,Very High
North Dakota,ND,Rolette,948.983,Very Low,Relatively High,Relatively High,948.983,Very Low,Very Low,Very Low,62,1.807,948.983,6365062338,12180,148000000000,Relatively Moderate,124458.804,171473.991,64.268,Relatively Low,293277.738,70.538,Relatively Low,948.983,Relatively Low,Relatively Low,Relatively Low,0.505,948.983,6362942774,12171.141,148000000000,Relatively Moderate,14176.252,88133.134,58.528,Relatively Low,153552.451,67.355,Relatively Moderate,Relatively Moderate,Relatively Low,Relatively Low,389,17.666,948.983,6365062338,12180,148000000000,Relatively Moderate,3590.408,26496.448,17.568,Very Low,46091.168,24.485,Very Low,Relatively Low,Very Low,Very Low,24,0.697,948.983,6365062338,12180,148000000000,Relatively High,109087.363,235078.662,41.594,Relatively Low,405632.555,51.67,Relatively Low,0.239,948.983,6365062338,12180,148000000000,Relatively Low,265497.046,308775.345,27.854,Very Low,532342.271,31.18,Relatively Low,107,6.625,948.983,6365062338,12180,148000000000,Very High,1176504.094,1579555.245,99.01,Very High,2730697.895,99.555,Very High
North Dakota,ND,Sargent,875.625,Relatively Low,Relatively High,Relatively High,875.625,Very Low,Very Low,Very Low,141,4.122,875.625,1196985161,3851,46114283031,Very High,14382.398,540717.359,82.847,Relatively Moderate,480431.54,79.351,Relatively Low,875.625,Relatively Low,Relatively Low,Relatively Low,0.399,875.625,1196985161,3851,45868585161,Very High,114522.37,136275.511,68.021,Relatively Moderate,121684.603,62.425,Relatively Moderate,Relatively High,Very Low,Very Low,761,34.557,875.625,1196985161,3851,45868585161,Very Low,547.693,2265.303,0.869,Very Low,2025.74,0.644,Very Low,Very High,Very Low,Very Low,94,2.762,875.625,1196985161,3851,46114283031,Very High,241607.724,511553.863,66.346,Relatively Moderate,455531.606,55.584,Relatively Low,0.519,875.625,1196985161,3851,46114283031,Relatively Low,193101.826,229636.283,24.1,Very Low,204863.777,19.026,Very Low,141,8.731,875.625,1196985161,3851,46114283031,Relatively High,215440.804,249451.349,86.011,Relatively High,222696.491,80.974,Relatively Moderate
North Dakota,ND,Sheridan,1015.658,Very Low,Relatively Low,Relatively Low,1015.658,Very Low,Very Low,Very Low,91,2.662,1015.658,3411726523,1265,18191329858,Very High,277615.65,290977.633,74.318,Relatively Low,255028.041,67.801,Relatively Low,1015.658,Relatively Low,Very Low,Very Low,0.802,1015.658,3411726523,1265,18085726523,Very High,720801.365,733296.547,92.572,Relatively High,642699.509,90.14,Relatively High,Relatively High,Very Low,Very Low,482,21.904,1015.658,3411726523,1265,18085726523,Relatively High,9441.027,12742.051,7.722,Very Low,11167.801,5.631,Very Low,No Rating,No Expected Annual Losses,No Rating,47,1.356,1015.658,3411726523,1265,18191329858,Very High,623326.974,671751.547,74.038,Relatively Moderate,588758.246,64.079,Relatively Moderate,0.361,1015.658,3411726523,1265,18191329858,Relatively High,314990.428,360794.333,29.777,Relatively Low,316219.054,23.831,Very Low,100,6.192,1015.658,3411726523,1265,18191329858,Very High,871481.579,918812.978,97.214,Very High,805295.827,95.8,Relatively High
North Dakota,ND,Sioux,1106.74,Relatively Low,Relatively High,Relatively High,1106.74,Very Low,Very Low,Very Low,105,3.158,1106.74,783299759,3885,45920298116,Relatively High,214233.824,298780.737,74.721,Relatively Low,540859.501,81.196,Relatively Moderate,1106.74,Relatively Low,Relatively Low,Relatively Low,0.968,1106.74,783299759,3885,45849299759,Relatively Moderate,13813.231,59264.168,51.199,Relatively Low,108361.314,59.66,Relatively Low,Relatively Moderate,Relatively Low,Relatively Low,562,26.288,1106.74,783299759,3885,45849299759,Relatively Moderate,2422.939,13632.898,8.398,Very Low,24876.544,14.254,Very Low,Relatively Low,Very Low,Very Low,70,2.103,1106.74,783299759,3885,45920298116,Relatively High,163793.858,241951.4,42.401,Relatively Low,441949.734,54.757,Relatively Low,0.312,1139.592,783299759,3885,45920298116,Relatively Moderate,68503.548,179169.345,21.65,Very Low,327637.204,24.34,Very Low,89,5.674,1106.74,783299759,3885,45920298116,Relatively High,107157.836,221748.874,83.813,Relatively High,404912.513,89.66,Relatively High
North Dakota,ND,Slope,1231.815,Relatively Low,Relatively Moderate,Relatively Moderate,1231.815,Very Low,Very Low,Very Low,90,2.622,1231.815,218957775,699,8382344075,Very High,46013.346,80751.41,48.728,Relatively Low,63098.191,37.894,Very Low,1231.815,No Rating,No Expected Annual Losses,No Rating,0.433,1231.815,218957775,699,8327357775,Relatively High,20617.241,24294.132,34.51,Relatively Low,18983.146,27.482,Very Low,Relatively High,Relatively Low,Very Low,465,21.1,1231.815,218957775,699,8327357775,Relatively High,535.83,3630.274,1.705,Very Low,2836.653,0.997,Very Low,Relatively Low,Very Low,Very Low,54,1.566,1231.815,218957775,699,8382344075,Very High,43307.91,107191.265,25.124,Relatively Low,83757.979,16.513,Very Low,0.193,1231.815,218957775,699,8382344075,Relatively Moderate,9713.231,25992.087,8.685,Very Low,20309.908,5.25,Very Low,66,4.087,1231.815,218957775,699,8382344075,Very High,36151.216,60551.346,55.927,Relatively Moderate,47314.101,44.353,Relatively Low
North Dakota,ND,Stark,1353.859,Very Low,Very High,Very High,1353.859,Very Low,Very Low,Very Low,89,2.61,1353.859,6611217119,33613,397000000000,Relatively Moderate,462516.426,579224.049,83.685,Relatively Moderate,587512.5,82.374,Relatively Moderate,1353.859,Relatively Low,Relatively Low,Relatively Low,0.499,1353.859,6611217111,33613,397000000000,Relatively High,654167.95,838911.27,93.538,Relatively High,856804.638,92.738,Relatively High,Relatively Low,Relatively Low,Relatively Low,463,21.018,1353.859,6611217119,33613,397000000000,Relatively High,25603.953,243321.685,76.963,Relatively Moderate,253575.066,74.743,Relatively Moderate,Very Low,Very Low,Very Low,50,1.452,1353.859,6611217119,33613,397000000000,Relatively High,502721.621,943574.762,81.39,Relatively Moderate,968917.263,78.969,Relatively Moderate,0.295,1353.859,6611217119,33613,397000000000,Relatively Moderate,424032.465,1260691.558,58.189,Relatively Low,1307722.279,53.134,Relatively Low,66,4.087,1353.859,6611217111,33613,397000000000,Relatively High,538654.031,715698.117,95.729,Relatively High,733061.701,95.164,Relatively High
North Dakota,ND,Steele,722.622,Relatively Low,Relatively High,Relatively High,722.622,Very Low,Very Low,Very Low,154,4.519,722.622,912781829,1798,21941489229,Very High,66749.436,555510.66,83.189,Relatively Moderate,451940.066,78.237,Relatively Low,722.622,Relatively Low,Relatively Low,Very Low,0.619,722.622,909134169,1792.27,21699463279,Very High,195834.675,209239.976,77.215,Relatively Moderate,170228.828,69.454,Relatively Moderate,Relatively High,Very Low,Very Low,487,22.116,722.622,912781829,1798,21769581829,Relatively Low,2035.379,2554.052,1.094,Very Low,2077.869,0.676,Very Low,Very High,Very Low,Very Low,83,2.435,722.622,912781829,1798,21941489229,Very High,253154.044,412467.977,58.84,Relatively Moderate,335566.566,45.657,Relatively Low,0.539,722.622,912781829,1798,21941489229,Relatively Moderate,175524.055,196883.51,22.643,Very Low,160176.127,16.258,Very Low,121,7.492,722.622,912781829,1798,21941489229,Very High,169600.481,200309.374,82.327,Relatively Moderate,162963.266,75.31,Relatively Moderate
North Dakota,ND,Stutsman,2321.27,Very Low,Very High,Very High,2321.27,Very Low,Very Low,Very Low,104,3.057,2321.27,6316212160,21575,257000000000,Relatively High,1275265.668,1365817.926,92.742,Relatively Moderate,1406817.322,92.173,Relatively Moderate,2321.27,Relatively Low,Relatively Low,Relatively Low,0.785,2321.27,6316212160,21575,257000000000,Very High,1383554.085,1577372.155,96.736,Very High,1635998.418,96.236,Very High,Very Low,Relatively Low,Relatively Low,663,30.114,2321.27,6316212160,21575,257000000000,Very Low,684.169,9603.861,5.759,Very Low,10587.743,5.309,Very Low,Very Low,Very Low,Very Low,53,1.533,2321.27,6316212160,21575,257000000000,Relatively High,1186001.908,1314347.048,87.655,Relatively High,1356962.387,86.351,Relatively Moderate,1.059,2321.27,6316212160,21575,257000000000,Relatively Low,995163.2,1131233.979,55.118,Relatively Low,1166726.375,49.411,Relatively Low,130,8.05,2321.27,6316212160,21575,257000000000,Relatively High,896190.827,1172319.501,98.236,Very High,1229546.101,97.932,Very High
North Dakota,ND,Towner,1052.151,Very Low,Relatively Low,Relatively Low,1052.151,Very Low,Very Low,Very Low,79,2.306,1052.151,726990929,2161,25985100123,Relatively High,11023.07,63423.016,43.269,Relatively Low,73637.283,41.457,Very Low,1052.151,No Rating,No Expected Annual Losses,No Rating,0.489,1052.151,726990929,2161,25794590929,Very High,137378.99,149631.723,70.253,Relatively Moderate,173729.888,69.82,Relatively Moderate,No Rating,No Expected Annual Losses,No Rating,401,18.202,1052.151,726990929,2161,25794590929,Relatively High,1669.42,8831.575,5.18,Very Low,10253.899,5.148,Very Low,Relatively High,Very Low,Very Low,32,0.936,1052.151,726990929,2161,25985100123,Very High,84418.205,117806.745,26.334,Relatively Low,136779.502,23.576,Relatively Low,0.42,1052.152,726990929,2161,25985100123,Relatively Low,45588.242,51720.964,12.066,Very Low,60050.617,9.609,Very Low,100,6.192,1052.151,726990929,2161,25985100123,Relatively High,103200.342,123420.566,73.197,Relatively Moderate,143297.429,72.733,Relatively Moderate
North Dakota,ND,Traill,871.142,Relatively Low,Very High,Relatively High,871.142,Very Low,Very Low,Very Low,158,4.646,871.142,3926826620,7997,96951141317,Relatively High,93366.165,659002.459,85.639,Relatively Moderate,481120.698,79.383,Relatively Low,871.142,Relatively Low,Relatively Low,Relatively Low,0.609,871.142,3921330979,7980.646,96496826203,Very High,932119.101,991208.143,94.404,Relatively High,828354.825,92.372,Relatively High,Relatively High,Very Low,Very Low,434,19.716,871.142,3926826620,7997,96692026620,Very Low,2542.311,4660.685,2.252,Very Low,4093.874,1.673,Very Low,Relatively Low,Relatively Low,Relatively Low,86,2.529,871.142,3926826620,7997,96951141317,Very High,781466.761,924823.303,81.017,Relatively Moderate,765232.806,72.288,Relatively Moderate,0.66,871.142,3926826620,7997,96951141317,Relatively Moderate,682905.917,753914.177,43.952,Relatively Low,629346.327,34.553,Relatively Low,124.04,7.68,871.142,3926826620,7997,96951141317,Very High,691276.982,707365.35,95.636,Relatively High,587975.547,93.35,Relatively High
North Dakota,ND,Walsh,1307.096,Relatively Low,Very High,Very High,1307.096,Very Low,Relatively Low,Very Low,127,3.722,1307.096,7624612502,10553,130000000000,Very High,1246181.15,1414682.759,93.083,Relatively Moderate,1364676.985,91.664,Relatively Moderate,1307.096,Relatively Low,Very Low,Very Low,0.422,1307.096,7624515289,10552.42,130000000000,Very High,1373438.222,1423848.928,96.236,Very High,1374445.374,95.636,Relatively High,Relatively High,Relatively Low,Very Low,378,17.162,1307.096,7624612502,10553,130000000000,Relatively High,2531.227,39424.79,25.579,Very Low,42673.772,23.037,Very Low,Very Low,Relatively Low,Relatively Low,66,1.937,1307.096,7624612502,10553,130000000000,Relatively High,760633.208,848311.546,79.622,Relatively Moderate,831264.498,74.833,Relatively Moderate,0.869,1307.096,7624612502,10553,130000000000,Relatively Low,966119.561,1017505.694,51.489,Relatively Low,995087.939,44.957,Relatively Low,110.421,6.837,1307.096,7624612502,10553,130000000000,Very High,996641.524,1102866.367,97.895,Very High,1094725.27,97.391,Very High
North Dakota,ND,Ward,2076.736,Very Low,Very High,Very High,2076.736,Very Low,Relatively Low,Relatively Low,68,1.998,2076.736,18498801095,69879,829000000000,Relatively Low,34119.193,197268.999,66.842,Relatively Low,199754.825,63.029,Relatively Low,2076.736,Relatively Low,Relatively Moderate,Relatively Moderate,0.453,2076.736,18498800915,69878.998,829000000000,Very High,2325170.768,2681481.582,98.801,Very High,2731450.504,98.401,Very High,Very Low,Relatively Low,Relatively Low,448,20.354,2076.736,18498801095,69879,829000000000,Relatively Moderate,36584.636,247042.102,77.188,Relatively Moderate,253128.634,74.614,Relatively Moderate,Relatively Low,Relatively Moderate,Relatively Moderate,32,0.913,2076.736,18498801095,69879,829000000000,Relatively Moderate,39743.503,564722.944,69.045,Relatively Moderate,575117.359,63.474,Relatively Moderate,0.606,2076.736,18498801095,69879,829000000000,Relatively Low,1452389.305,2928597.029,78.66,Relatively Moderate,2983917.62,74.865,Relatively Moderate,102,6.316,2076.736,18498800915,69878.998,829000000000,Relatively High,561856.739,1985913.739,99.474,Very High,2027197.913,99.268,Very High
North Dakota,ND,Wells,1303.314,Very Low,Relatively Moderate,Relatively Moderate,1303.314,Very Low,Relatively Low,Very Low,92,2.68,1303.314,1275290092,3976,47635760997,Relatively High,88289.222,193301.718,66.253,Relatively Low,155455.898,57.811,Relatively Low,1303.314,Relatively Low,Relatively Low,Relatively Low,0.701,1303.314,1275290092,3976,47396890092,Very High,241906.199,277092.759,81.279,Relatively Moderate,245551.284,77.249,Relatively Moderate,Relatively High,Relatively Low,Relatively Low,498,22.626,1303.314,1275290092,3976,47396890092,Relatively Moderate,3504.612,13643.197,8.43,Very Low,12035.198,6.178,Very Low,Relatively Moderate,Very Low,Very Low,44,1.266,1303.314,1275290092,3976,47635760997,Relatively High,137935.443,182565.238,34.895,Relatively Low,158802.475,26.09,Relatively Low,0.533,1303.314,1275290092,3976,47635760997,Relatively Low,124533.423,260638.904,25.62,Very Low,222749.572,19.981,Very Low,109,6.749,1303.314,1275290092,3976,47635760997,Very High,408672.732,553858.955,93.779,Relatively High,487875.529,91.6,Relatively High
North Dakota,ND,Williams,2112.949,Very Low,Very High,Very High,2112.949,Very Low,Relatively Low,Relatively Low,60,1.8,2112.949,16911067216,40917,492000000000,Relatively Moderate,262685.057,354177.575,77.916,Relatively Low,392145.464,76.392,Relatively Low,2112.949,Relatively Low,Relatively Low,Relatively Low,0.502,2112.949,16911067216,40917,492000000000,Very High,1836764.188,2087291.312,97.835,Very High,2293674.016,97.635,Very High,Relatively Low,Relatively Low,Relatively Low,470,21.915,2112.949,16911067216,40917,492000000000,Relatively Moderate,14918.657,135030.301,63.546,Relatively Low,156518.109,62.741,Relatively Low,Very Low,Very Low,Very Low,38,1.141,2112.949,16911067216,40917,492000000000,Relatively High,430100.6,927530.931,81.048,Relatively Moderate,1047371.106,80.91,Relatively Moderate,0.317,2169.49,16911067216,40917,492000000000,Relatively Moderate,978159.005,1737784.371,67.215,Relatively Low,1947877.6,64.556,Relatively Low,70.001,4.45,2112.949,16911067216,40917,492000000000,Relatively Moderate,460689.277,637727.359,94.955,Relatively High,708164.322,95.037,Relatively High
South Dakota,SD,Aurora,719.981,Relatively Low,Relatively Moderate,Relatively Moderate,719.981,Very Low,Very Low,Very Low,171,5.016,719.981,2013717579,2747,34037431575,Relatively High,91853.325,162933.262,63.275,Relatively Low,175979.681,60.706,Relatively Low,719.981,Very Low,Relatively Low,Very Low,0.462,719.981,2013717579,2747,33878917579,Very High,165982.634,198328.188,76.349,Relatively Moderate,214208.756,74.85,Relatively Moderate,Relatively High,Very Low,Very Low,637,28.922,719.981,2013717579,2747,33878917579,Relatively Moderate,374.728,8055.341,4.665,Very Low,8700.349,4.183,Very Low,Relatively Low,Very Low,Very Low,96,2.811,719.981,2013717579,2747,34037431575,Very High,531757.725,594500.458,70.223,Relatively Moderate,642103.396,67.038,Relatively Moderate,0.373,719.981,2013717579,2747,34037431575,Relatively High,396214.017,598294.968,38.896,Relatively Low,646201.741,34.935,Relatively Low,86,5.325,719.981,2013717579,2747,34037431575,Relatively High,83984.644,126316.343,73.414,Relatively Moderate,136430.766,71.429,Relatively Moderate
South Dakota,SD,Beadle,1277.58,Relatively Low,Very High,Very High,1277.58,Very Low,Very Low,Very Low,165,4.829,1277.58,5742769350,19129,228000000000,Relatively Low,5940.564,58896.968,41.873,Very Low,67177.401,39.612,Very Low,1277.58,Very Low,Relatively Low,Relatively Low,0.476,1277.58,5742769350,19129,228000000000,Relatively High,184462.793,286221.178,81.779,Relatively Moderate,325288.539,82.079,Relatively Moderate,Relatively High,Very Low,Very Low,751,34.112,1277.58,5742769350,19129,228000000000,Relatively Moderate,4905.926,68373.376,42.568,Relatively Low,82323.364,42.278,Relatively Low,Relatively Low,Relatively Low,Relatively Low,101,2.948,1277.58,5742769350,19129,228000000000,Relatively High,528637.299,1003476.713,82.909,Relatively Moderate,1156045.903,82.946,Relatively Moderate,0.688,1277.58,5742769350,19129,228000000000,Relatively Moderate,1208524.583,2029035.144,70.658,Relatively Moderate,2326995.05,69.36,Relatively Low,94,5.82,1277.58,5742769350,19129,228000000000,Relatively Low,52826.452,95776.601,67.564,Relatively Moderate,109731.104,65.956,Relatively Moderate
South Dakota,SD,Bennett,1202.469,Relatively Low,Relatively Moderate,Relatively Moderate,1202.469,Very Low,Very Low,Very Low,128,3.752,1202.469,526447035,3380,39810085853,Relatively High,59915.283,116674.041,56.39,Relatively Low,181425.369,61.343,Relatively Low,1202.469,Relatively Low,Relatively Low,Relatively Low,0.156,1202.469,526447035,3380,39734447035,Relatively High,8417.967,19102.05,29.813,Relatively Low,29538.581,34.644,Relatively Low,Relatively High,Relatively Low,Relatively Low,756,34.361,1202.469,526447035,3380,39734447035,Relatively High,1500.699,37884.111,24.646,Very Low,58682.953,30.792,Relatively Low,No Rating,No Expected Annual Losses,No Rating,81,2.362,1202.469,526447035,3380,39810085853,Relatively Moderate,20445.383,72101.519,19.324,Relatively Low,111690.54,20.585,Very Low,0.441,1202.469,526447035,3380,39810085853,Relatively Low,30127.427,103285.232,15.943,Very Low,160061.51,16.195,Very Low,88.006,5.449,1202.469,526447035,3380,39810085853,Relatively High,64669.725,91193.534,66.264,Relatively Moderate,141252.731,72.415,Relatively Moderate
South Dakota,SD,Bon Homme,587.49,Very Low,Relatively Low,Relatively Low,587.49,Very Low,Very Low,Very Low,208,6.109,587.49,2156272460,6996,83485198609,Relatively Moderate,106043.057,143312.211,60.918,Relatively Low,161851.065,59.052,Relatively Low,587.49,Very Low,Relatively Low,Relatively Low,0.821,587.49,2156272460,6996,83309872460,Relatively High,190748.612,221031.847,77.948,Relatively Moderate,249629.278,77.548,Relatively Moderate,Relatively High,Relatively Low,Relatively Low,640,29.076,587.49,2156272460,6996,83309872460,Relatively Moderate,6467.954,26084.876,17.278,Very Low,29454.671,16.86,Very Low,Very High,Very Low,Very Low,100,2.917,587.49,2156272460,6996,83485198609,Relatively High,554162.172,665362.293,73.666,Relatively Moderate,751518.326,71.938,Relatively Moderate,0.393,587.49,2156272460,6996,83485198609,Relatively Moderate,412505.303,787758.765,45.068,Relatively Low,889698.228,42.221,Relatively Low,77,4.768,587.49,2156272460,6996,83485198609,Relatively Moderate,53239.6,93175.321,66.667,Relatively Moderate,105219.834,64.874,Relatively Moderate
South Dakota,SD,Brookings,813.062,Relatively Low,Very High,Very High,813.062,Very Low,Very Low,Very Low,184,5.407,813.062,10108198257,34375,409000000000,Relatively High,1323717.001,2294533.526,95.844,Relatively High,2190628.251,95.196,Relatively Moderate,813.062,Very Low,Relatively Low,Relatively Low,0.583,813.062,10108198257,34375,409000000000,Relatively Moderate,175260.369,309260.128,83.011,Relatively Moderate,303038.396,80.913,Relatively Moderate,Relatively High,Relatively Low,Relatively Low,694,31.504,813.062,10108198257,34375,409000000000,Relatively Moderate,19935.561,116598.106,59.17,Relatively Low,114772.949,51.673,Relatively Low,Relatively Low,Relatively Moderate,Relatively Moderate,114,3.335,813.062,10108198257,34375,409000000000,Relatively High,1727639.124,2081758.173,93.269,Relatively High,2034154.592,92.141,Relatively High,0.499,813.062,10108198257,34375,409000000000,Relatively Moderate,2340259.354,5114431.549,87.686,Relatively Moderate,5016923.064,84.792,Relatively Moderate,114,7.059,813.062,10108198257,34375,409000000000,Relatively Moderate,31955.657,609576.005,94.677,Relatively High,600476.415,93.637,Relatively High
South Dakota,SD,Brown,1748.426,Very Low,Very High,Very High,1748.426,Very Low,Very Low,Very Low,143,4.189,1748.426,11298783181,38265,456000000000,Relatively High,988525.085,1812273.497,94.51,Relatively Moderate,1748857.048,93.605,Relatively Moderate,1748.426,Relatively Low,Relatively Moderate,Relatively Moderate,0.367,1748.426,11298783181,38265,455000000000,Relatively High,750837.347,948489.826,94.171,Relatively High,962146.019,93.504,Relatively High,Relatively High,Very Low,Very Low,663,30.094,1748.426,11298783181,38265,455000000000,Relatively Moderate,227.839,114544.202,58.687,Relatively Low,118312.337,53.024,Relatively Low,Relatively Low,Relatively Moderate,Relatively Moderate,92,2.684,1748.426,11298783181,38265,456000000000,Relatively High,1476660.307,2607871.756,95.627,Relatively High,2623301.257,94.209,Relatively High,0.803,1748.426,11298783181,38265,456000000000,Relatively Low,1465029.719,2558446.276,76.117,Relatively Moderate,2608235.644,71.906,Relatively Moderate,107,6.625,1748.426,11298783181,38265,456000000000,Relatively High,1240507.743,1985532.55,99.443,Very High,2022500.267,99.236,Very High
South Dakota,SD,Brule,855.022,Relatively Low,Relatively High,Relatively High,855.022,Very Low,Very Low,Very Low,157,4.59,855.022,2485355483,5033,61044327625,Relatively High,70045.614,269803.938,72.767,Relatively Low,278329.134,69.233,Relatively Low,855.022,Very Low,Relatively Low,Very Low,0.319,855.022,2485355483,5033,60868155483,Very High,162500.5,223036.729,78.015,Relatively Moderate,236282.145,76.682,Relatively Moderate,Relatively Moderate,Relatively Low,Relatively Low,653,29.661,855.022,2485355483,5033,60868155483,Relatively Moderate,7757.261,21432.757,14.607,Very Low,23223.023,13.385,Very Low,Very High,Very Low,Very Low,91,2.651,855.022,2485355483,5033,61044327625,Very High,511414.539,620104.401,71.34,Relatively Moderate,661754.517,68.311,Relatively Moderate,0.35,855.022,2485355483,5033,61044327625,Relatively High,348666.1,573234.605,38.12,Relatively Low,609396.326,33.98,Relatively Low,86,5.325,855.022,2485355483,5033,61044327625,Relatively Moderate,47786.639,87985.623,65.707,Relatively Moderate,94659.953,62.138,Relatively Moderate
South Dakota,SD,Buffalo,492.686,Relatively Low,Relatively Moderate,Relatively Moderate,492.686,Very Low,Very Low,Very Low,147,4.317,492.686,701316209,1948,23343437566,Relatively High,84111.159,123504.285,57.32,Relatively Low,244857.914,67.07,Relatively Low,492.686,Very Low,Very Low,Very Low,0.374,492.686,701316209,1948,23298116209,Relatively High,37882.754,47545.047,46.835,Relatively Low,94262.164,57.162,Relatively Low,Relatively Moderate,Relatively Low,Relatively Low,704,31.975,492.686,701316209,1948,23298116209,Relatively Moderate,1574.788,7375.443,4.247,Very Low,14622.454,7.529,Very Low,No Rating,No Expected Annual Losses,No Rating,93,2.727,492.686,701316209,1948,23343437566,Relatively High,122793.916,170165.297,33.002,Relatively Low,337367.401,45.848,Relatively Low,0.19,492.686,701316209,1948,23343437566,Relatively High,85039.865,160269.024,20.223,Very Low,317747.184,23.926,Very Low,95,5.882,492.686,701316209,1948,23343437566,Relatively High,80711.223,111194.611,70.659,Relatively Moderate,220452.922,80.815,Relatively Moderate
South Dakota,SD,Butte,2289.397,Relatively Low,Relatively High,Relatively High,2289.397,Very Low,Very Low,Very Low,164,4.796,2289.397,2367889460,10241,121000000000,Relatively High,936197.282,1223973.346,91.749,Relatively Moderate,1510521.418,92.619,Relatively Moderate,2289.397,Relatively Moderate,Very Low,Very Low,0.181,2289.397,2267660825,10216.992,121000000000,Relatively Low,3187.879,8519.683,19.687,Very Low,10467.249,19.254,Very Low,Relatively Low,Relatively Low,Relatively Low,608,27.629,2289.397,2367889460,10241,121000000000,Relatively High,6688.538,108065.372,56.371,Relatively Low,132181.074,57.046,Relatively Low,Relatively Low,Relatively Low,Relatively Low,86,2.527,2289.397,2367889460,10241,121000000000,Relatively High,105516.044,391519.076,57.01,Relatively Moderate,481040.947,57.397,Relatively Low,0.481,2289.397,2367889460,10241,121000000000,Relatively Low,133939.919,284289.023,26.644,Very Low,350287.464,25.103,Very Low,78.02,4.831,2289.397,2367889460,10241,121000000000,Relatively High,367358.666,375138.903,90.344,Relatively High,463985.246,90.837,Relatively High
South Dakota,SD,Campbell,745.398,Relatively Low,Relatively High,Relatively Moderate,745.398,Very Low,Very Low,Very Low,112,3.423,745.398,1429395191,1375,17489749081,Very High,321764.609,441418.742,80.583,Relatively Moderate,412255.723,77.028,Relatively Low,745.398,Relatively Low,Relatively Low,Relatively Low,0.695,745.398,1429395191,1375,17379395191,Relatively High,43851.421,55046.854,49.767,Relatively Low,51410.098,45.67,Relatively Low,Relatively High,Very Low,Very Low,467,22.127,745.398,1429395191,1375,17379395191,Relatively High,3821.577,12972.098,7.883,Very Low,12115.076,6.242,Very Low,Relatively Moderate,Very Low,Very Low,71,2.154,745.398,1429395191,1375,17489749081,Very High,276009.777,327878.929,51.644,Relatively Low,306217.095,42.444,Relatively Low,0.245,778.619,1429395191,1375,17489749081,Relatively High,124500.34,174285.776,21.216,Very Low,162771.314,16.513,Very Low,83,5.368,745.398,1429395191,1375,17489749081,Very High,123225.262,146861.632,76.323,Relatively Moderate,137158.988,71.651,Relatively Moderate
South Dakota,SD,Charles Mix,1161.848,Very Low,Relatively Low,Relatively Low,1161.848,Very Low,Very Low,Relatively Low,184,5.385,1161.848,3990390274,9373,113000000000,Relatively High,593367.258,961942.137,89.361,Relatively Moderate,1277820.65,90.996,Relatively Moderate,1161.848,Very Low,Relatively Low,Relatively Low,0.596,1161.848,3990201465,9372.421,113000000000,Relatively High,193298.749,226247.308,78.314,Relatively Moderate,315052.151,81.579,Relatively Moderate,Relatively Moderate,Relatively Low,Relatively Low,646,29.363,1161.848,3990390274,9373,113000000000,Relatively Moderate,250.547,25241.626,16.763,Very Low,34444.895,19.369,Very Low,Relatively Low,Relatively Low,Relatively Low,87,2.548,1161.848,3990390274,9373,113000000000,Relatively High,284404.299,438225.815,60.639,Relatively Moderate,581531.486,63.793,Relatively Moderate,0.606,1161.848,3990390274,9373,113000000000,Relatively Moderate,750460.535,1135557.596,55.211,Relatively Low,1532496.915,57.811,Relatively Low,87,5.387,1161.848,3990390274,9373,113000000000,Relatively Moderate,57151.588,101713.549,68.4,Relatively Moderate,135921.879,71.206,Relatively Moderate
South Dakota,SD,Clark,977.266,Relatively Low,Relatively High,Relatively High,977.266,No Rating,No Expected Annual Losses,No Rating,157,4.598,977.266,1199813522,3828,45911592378,Very High,114056.762,643511.713,85.36,Relatively Moderate,735387.678,85.205,Relatively Moderate,977.266,Relatively Low,Relatively Low,Relatively Low,0.495,977.266,1199813522,3828,45604613522,Relatively High,10555.749,51091.337,48.268,Relatively Low,58385.79,48.168,Relatively Low,Relatively High,Very Low,Very Low,666,30.253,977.266,1199813522,3828,45604613522,Relatively Moderate,3179.991,16201.483,10.714,Very Low,18514.614,10.071,Very Low,Relatively Low,Very Low,Very Low,105,3.082,977.266,1199813522,3828,45911592378,Relatively High,7969.627,317435.906,51.024,Relatively Low,362757.117,48.011,Relatively Low,0.513,977.266,1199813522,3828,45911592378,Relatively Moderate,193646.14,377089.56,30.552,Relatively Low,430927.69,27.967,Relatively Low,134,8.297,977.266,1199813522,3828,45911592378,Relatively Low,5686.516,23354.908,34.014,Relatively Low,26689.354,30.576,Relatively Low
South Dakota,SD,Clay,421.633,Very Low,Relatively Low,Relatively Low,421.633,Very Low,Very Low,Very Low,236,6.926,421.633,4232543984,14967,178000000000,Relatively Moderate,143099.597,393408.791,79.094,Relatively Low,433221.087,77.792,Relatively Low,421.633,Very Low,Relatively Low,Relatively Low,0.954,421.633,4232543984,14967,178000000000,Relatively Low,20804.879,96539.61,60.493,Relatively Moderate,120770.867,62.192,Relatively Moderate,Very Low,Relatively Low,Relatively Low,722,32.812,421.633,4232543984,14967,178000000000,Relatively Moderate,5005.841,54237.44,34.653,Relatively Low,68415.913,36.261,Relatively Low,Relatively Moderate,Relatively Moderate,Relatively Moderate,134,3.913,421.633,4232543984,14967,178000000000,Relatively Moderate,433686.602,753640.648,77.078,Relatively Moderate,921943.19,77.824,Relatively Moderate,0.35,421.633,4232543984,14967,178000000000,Relatively High,1470293.447,2489842.309,75.465,Relatively Moderate,3042208.014,75.342,Relatively Moderate,63,3.901,421.633,4232543984,14967,178000000000,Relatively Moderate,24762.792,69181.669,59.053,Relatively Moderate,85773.703,59.656,Relatively Low
South Dakota,SD,Codington,724.404,Very Low,Very High,Very High,724.404,Very Low,Very Low,Very Low,150,4.385,724.404,9313360489,28315,338000000000,Relatively High,845923.923,1258565.923,91.935,Relatively Moderate,1275110.325,90.9,Relatively Moderate,724.404,Relatively Low,Relatively Moderate,Relatively Moderate,0.54,724.404,9313360489,28315,338000000000,Relatively Moderate,51759.666,341995.604,84.144,Relatively Moderate,370411.057,83.544,Relatively Moderate,Relatively Low,Relatively Low,Relatively Low,582,26.433,724.404,9313360489,28315,338000000000,Relatively Moderate,21348.747,103759.867,54.794,Relatively Low,112194.834,51.255,Relatively Low,Very Low,Relatively Moderate,Relatively Moderate,99,2.886,724.404,9313360489,28315,338000000000,Relatively Moderate,234758.595,1010470.419,82.971,Relatively Moderate,1059956.856,81.228,Relatively Moderate,0.388,724.404,9313360489,28315,338000000000,Relatively Moderate,1572061.135,3241072.124,80.8,Relatively Moderate,3506654.285,78.715,Relatively Moderate,136,8.421,724.404,9313360489,28315,338000000000,Relatively Moderate,6523.365,667658.296,95.327,Relatively High,725310.009,95.132,Relatively High
South Dakota,SD,Corson,2507.465,Relatively Low,Relatively High,Relatively High,2507.465,Very Low,Very Low,Very Low,98,2.928,2507.465,815316436,3902,46212705074,Relatively High,163872.323,299719.054,74.876,Relatively Low,458009.849,78.492,Relatively Low,2507.465,Relatively Low,Relatively Low,Relatively Low,0.676,2507.465,815316436,3902,46078516436,Relatively Moderate,9878.41,39560.323,43.604,Relatively Low,61668.583,49.234,Relatively Low,Relatively Moderate,Relatively Low,Relatively Low,559,25.855,2507.465,815316436,3902,46078516436,Relatively High,2546.341,35465.965,23.584,Very Low,55296.698,28.861,Relatively Low,Very Low,Very Low,Very Low,70,2.076,2507.465,815316436,3902,46212705074,Relatively High,109209.862,194796.984,36.569,Relatively Low,301675.002,41.712,Relatively Low,0.618,2555.189,815316436,3902,46212705074,Relatively Low,64529.886,172865.433,21.123,Very Low,271545.824,22.24,Very Low,83,5.237,2507.465,815316436,3902,46212705074,Relatively High,29078.049,105212.646,69.452,Relatively Moderate,164393.342,75.597,Relatively Moderate
South Dakota,SD,Custer,1574.802,Very Low,Relatively Moderate,Relatively Moderate,1574.802,Very Low,Very Low,Very Low,216,6.33,1574.802,2555757500,8303,98901106799,Relatively High,424090.696,489786.611,81.669,Relatively Moderate,587893.606,82.437,Relatively Moderate,1574.802,No Rating,No Expected Annual Losses,No Rating,0.015,1574.802,2555757500,8303,98870557500,Relatively High,3246.248,5248.994,13.491,Very Low,6303.162,13.091,Very Low,Relatively Low,Relatively Low,Relatively Low,730,33.173,1574.802,2555757500,8303,98870557500,Relatively High,11382.884,68892.774,42.664,Relatively Low,82574.902,42.439,Relatively Low,Relatively Low,Relatively Low,Relatively Low,88,2.577,1574.802,2555757500,8303,98901106799,Very Low,23707.826,41024.698,14.051,Very Low,48575.024,11.359,Very Low,0.373,1574.802,2555757500,8303,98901106799,Relatively Low,154431.887,353357.03,29.653,Relatively Low,424001.435,27.808,Very Low,81.969,5.075,1574.802,2555757500,8303,98901106799,Relatively Moderate,139173.564,143176.015,75.859,Relatively Moderate,172883.976,76.519,Relatively Moderate
South Dakota,SD,Davison,441.359,Relatively Low,Relatively High,Relatively High,441.359,Very Low,Very Low,Very Low,188,5.513,441.359,5204129212,19950,237000000000,Relatively High,1123606.962,1361120.135,92.711,Relatively Moderate,1397679.957,92.078,Relatively Moderate,441.359,Very Low,Relatively Low,Relatively Low,0.657,441.359,5204129212,19950,237000000000,Relatively High,326367.111,508457.373,89.041,Relatively High,537652.362,88.408,Relatively High,Relatively High,Relatively Low,Relatively Low,625,28.391,441.359,5204129212,19950,237000000000,Relatively Moderate,8315.007,60983.585,38.771,Relatively Low,65936.275,34.781,Relatively Low,Relatively Low,Relatively Low,Relatively Low,105,3.073,441.359,5204129212,19950,237000000000,Relatively High,1172470.222,1783613.325,91.563,Relatively High,1902417.753,91.25,Relatively High,0.261,441.359,5204129212,19950,237000000000,Relatively High,1276051.666,3078892.16,79.591,Relatively Moderate,3301179.554,76.933,Relatively Moderate,78,4.83,441.359,5204129212,19950,237000000000,Relatively Low,61650.118,103076.882,68.771,Relatively Moderate,110134.535,66.083,Relatively Moderate
South Dakota,SD,Day,1102.108,Relatively Low,Relatively High,Relatively High,1102.108,Very Low,Very Low,Very Low,147,4.3,1102.108,2816177045,5449,66235642838,Relatively High,250231.137,602716,84.274,Relatively Moderate,574657.066,81.992,Relatively Moderate,1102.108,Relatively Low,Relatively Low,Relatively Low,0.511,1102.108,2816177045,5449,66024577045,Relatively High,117169.053,159440.004,71.719,Relatively Moderate,156318.224,67.655,Relatively Moderate,Relatively High,Relatively Low,Relatively Low,609,27.656,1102.108,2816177045,5449,66024577045,Relatively Moderate,6922.459,23787.927,16.023,Very Low,23227.062,13.449,Very Low,Relatively Low,Relatively Low,Relatively Low,100,2.932,1102.108,2816177045,5449,66235642838,Very High,398269.838,716590.782,75.806,Relatively Moderate,694705.279,69.742,Relatively Moderate,0.531,1102.108,2816177045,5449,66235642838,Relatively Moderate,395612.847,599176.182,38.958,Relatively Low,585912.922,33.089,Relatively Low,135,8.359,1102.108,2816177045,5449,66235642838,Very High,390101.616,534176.908,93.562,Relatively High,521661.61,92.332,Relatively High
South Dakota,SD,Deuel,643.04,Relatively Low,Relatively High,Relatively High,643.04,Very Low,Very Low,Very Low,152,4.452,643.04,2538107544,4285,52456218074,Very High,236340.65,591850.075,83.995,Relatively Moderate,474743.028,79.224,Relatively Low,643.04,Relatively Low,Relatively Low,Relatively Low,0.642,643.04,2538107544,4285,52244107544,Very High,350791.993,404822.079,85.976,Relatively High,335391.651,82.445,Relatively Moderate,Relatively High,Relatively Low,Relatively Low,607,27.578,643.04,2538107544,4285,52244107544,Relatively Moderate,6255.179,19609.81,13.385,Very Low,16746.363,8.945,Very Low,Very High,Very Low,Very Low,99,2.883,643.04,2538107544,4285,52456218074,Relatively High,137704.318,380153.994,56.203,Relatively Moderate,312370.966,43.207,Relatively Low,0.373,643.04,2538107544,4285,52456218074,Relatively High,465326.321,754681.86,43.983,Relatively Low,634578.516,34.68,Relatively Low,142,8.793,643.04,2538107544,4285,52456218074,Relatively Low,10211.175,27235.639,37.357,Relatively Low,23336.991,27.871,Relatively Low
South Dakota,SD,Dewey,2329.048,Relatively Low,Relatively High,Relatively High,2329.048,Very Low,Very Low,Very Low,105,3.263,2329.048,1376300229,5228,62088461492,Relatively High,274568.28,354182.488,77.947,Relatively Low,548752.762,81.451,Relatively Moderate,2329.048,Relatively Low,Relatively Low,Relatively Low,0.577,2329.048,1376300229,5228,62021100229,Relatively Moderate,37508.248,73271.753,54.664,Relatively Low,116893.159,61.492,Relatively Moderate,Relatively Moderate,Relatively Low,Relatively Low,578,27.832,2329.048,1376300229,5228,62021100229,Relatively High,4859.834,48872.872,30.566,Relatively Low,79481.489,41.377,Relatively Low,Relatively Low,Very Low,Very Low,82,2.54,2329.048,1376300229,5228,62088461492,Relatively High,306368.47,442522.486,61.042,Relatively Moderate,698781.764,69.87,Relatively Moderate,0.618,2469.955,1376300229,5228,62088461492,Relatively Low,70033.476,171122.256,20.906,Very Low,269320.839,22.144,Very Low,93,6.107,2329.048,1376300229,5228,62088461492,Relatively High,132942.999,185062.506,81.151,Relatively Moderate,292064.389,85.746,Relatively Moderate
South Dakota,SD,Douglas,438.045,Relatively Low,Relatively Moderate,Relatively Moderate,438.045,Very Low,Very Low,Very Low,188,5.515,438.045,2524463280,2834,35564718377,Very High,379528.413,691421.817,86.29,Relatively Moderate,761844.965,85.778,Relatively Moderate,438.045,Relatively Low,Relatively Low,Relatively Low,0.62,438.045,2524463280,2834,35398863280,Very High,231575.11,288102.842,81.912,Relatively Moderate,317446.882,81.679,Relatively Moderate,Relatively High,Very Low,Very Low,615,27.944,438.045,2524463280,2834,35398863280,Relatively Moderate,4389.113,11637.093,6.982,Very Low,12822.362,6.628,Very Low,Relatively Low,Very Low,Very Low,99,2.911,438.045,2524463280,2834,35564718377,Very High,632677.688,744012.655,76.83,Relatively Moderate,819792.319,74.515,Relatively Moderate,0.257,438.045,2524463280,2834,35564718377,Relatively High,577221.055,826987.271,46.216,Relatively Low,911218.12,42.698,Relatively Low,88,5.449,438.045,2524463280,2834,35564718377,Very High,355086.688,409457.132,91.055,Relatively High,451161.428,90.646,Relatively High
South Dakota,SD,Edmunds,1162.686,Relatively Low,Relatively High,Relatively High,1162.686,Very Low,Very Low,Very Low,137,4,1162.686,2671844966,3952,48787628559,Very High,219650.082,587934.145,83.933,Relatively Moderate,515307.868,80.592,Relatively Low,1162.686,Relatively Low,Relatively Low,Relatively Low,0.507,1162.686,2671844966,3952,48515044966,Relatively Moderate,15190.048,40066.49,43.904,Relatively Low,35348.278,37.808,Relatively Low,Very High,Very Low,Very Low,519,23.576,1162.686,2671844966,3952,48515044966,Relatively High,5582.316,34728.03,23.037,Very Low,30388.466,17.375,Very Low,Relatively Low,Very Low,Very Low,88,2.563,1162.686,2671844966,3952,48787628559,Very High,325600.519,453617.661,62.004,Relatively Moderate,398775.088,51.034,Relatively Low,0.472,1162.686,2671844966,3952,48787628559,Relatively Moderate,295660.854,402533.572,31.483,Relatively Low,353797.624,25.294,Very Low,96,5.944,1162.686,2671844966,3952,48787628559,Very High,263188.261,330781.423,89.291,Relatively High,291188.643,85.682,Relatively Moderate
South Dakota,SD,Fall River,1766.822,Relatively Low,Relatively Moderate,Relatively Moderate,1766.822,Very Low,Very Low,Very Low,184,5.407,1766.822,2213464794,6903,82388162071,Relatively High,407936.956,439589.559,80.521,Relatively Moderate,547992.648,81.387,Relatively Moderate,1766.822,No Rating,No Expected Annual Losses,No Rating,0.015,1766.822,2213464794,6903,82288264794,Relatively High,2816.531,4481.974,11.592,Very Low,5580.889,12.059,Very Low,Relatively Low,Relatively Low,Relatively Low,705,32.023,1766.822,2213464794,6903,82288264794,Relatively Moderate,980.718,18565.509,12.387,Very Low,23072.146,13.353,Very Low,Relatively Low,Relatively Low,Relatively Low,67,1.95,1766.822,2213464794,6903,82388162071,Relatively Moderate,93546.36,98509.167,23.728,Relatively Low,122854.367,21.858,Relatively Low,0.44,1766.822,2213464794,6903,82388162071,Relatively Low,134288.833,301314.811,27.512,Very Low,375183.052,26.376,Very Low,69.619,4.311,1766.822,2213464794,6903,82388162071,Relatively Moderate,57575.017,62455.987,56.546,Relatively Moderate,77887.306,57.047,Relatively Low
South Dakota,SD,Faulk,1016.047,Relatively Low,Relatively High,Relatively High,1016.047,Very Low,Very Low,Very Low,145,4.247,1016.047,823169688,2125,25661148490,Very High,72520.993,339494.229,77.202,Relatively Low,389285.252,76.169,Relatively Low,1016.047,Relatively Low,Relatively Low,Relatively Low,0.514,1016.047,823169688,2125,25473169688,Relatively Moderate,2305.546,18609.462,29.48,Relatively Low,21338.769,29.114,Very Low,Relatively High,Very Low,Very Low,515,23.386,1016.047,823169688,2125,25473169688,Relatively High,1724.091,17060.872,11.261,Very Low,19563.06,10.811,Very Low,Relatively Low,Very Low,Very Low,93,2.71,1016.047,823169688,2125,25661148490,Relatively High,106668.613,187037.198,35.484,Relatively Low,214468.514,32.739,Relatively Low,0.413,1016.047,823169688,2125,25661148490,Relatively Moderate,92784.638,155007.167,19.789,Very Low,177740.884,17.436,Very Low,105,6.502,1016.047,823169688,2125,25661148490,Relatively High,88687.558,128478.97,73.785,Relatively Moderate,147321.999,73.338,Relatively Moderate
South Dakota,SD,Grant,694.474,Relatively Low,Relatively High,Relatively High,694.474,Very Low,Very Low,Very Low,143,4.199,694.474,2824144017,7556,90743843984,Relatively High,244472.602,685839.319,86.197,Relatively Moderate,660413.044,83.773,Relatively Moderate,694.474,Relatively Low,Relatively Low,Relatively Low,0.57,694.474,2824143910,7555.998,90473724096,Relatively High,295174.981,355169.892,84.644,Relatively High,364204.832,83.311,Relatively Moderate,Relatively High,Relatively Low,Relatively Low,570,25.869,694.474,2824144017,7556,90473744017,Relatively Moderate,1920.622,24578.211,16.506,Very Low,26027.845,14.929,Very Low,Relatively Low,Relatively Low,Relatively Low,91,2.664,694.474,2824144017,7556,90743843984,Relatively High,46938.341,397889.215,57.444,Relatively Moderate,396650.61,50.907,Relatively Low,0.401,694.474,2824144017,7556,90743843984,Relatively Moderate,442370.84,859823.563,46.929,Relatively Low,891141.769,42.253,Relatively Low,139,8.607,694.474,2824143910,7555.998,90743824063,Relatively High,402796.465,589603.404,94.367,Relatively High,608925.518,93.764,Relatively High
South Dakota,SD,Gregory,1064.157,Relatively Low,Relatively Moderate,Relatively Moderate,1064.157,Very Low,Very Low,Very Low,164,4.823,1064.157,2426119584,3989,48805263458,Very High,439473.643,589380.685,83.964,Relatively Moderate,636652.958,83.328,Relatively Moderate,1064.157,Very Low,Very Low,Very Low,0.399,1064.157,2414766211,3971.031,48478730986,Very High,160112.713,204666.03,76.782,Relatively Moderate,217827.511,75.017,Relatively Moderate,Relatively High,Relatively Low,Relatively Low,724,32.903,1064.157,2426119584,3989,48698519584,Relatively Moderate,5691.388,18021.727,11.84,Very Low,19643.184,11.036,Very Low,Very High,Very Low,Very Low,77,2.245,1064.157,2426119584,3989,48805263458,Relatively High,175834.244,245156.384,42.959,Relatively Low,265777.148,38.116,Relatively Low,0.422,1064.157,2426119584,3989,48805263458,Relatively Moderate,326120.008,516931.225,35.794,Relatively Low,558197.305,32.039,Relatively Low,89,5.511,1064.157,2426119584,3989,48805263458,Relatively High,69906.002,111021.504,70.628,Relatively Moderate,120343.352,68.47,Relatively Moderate
South Dakota,SD,Haakon,1842.389,Relatively Low,Relatively Moderate,Relatively Moderate,1842.389,Very Low,Very Low,Very Low,104,3.048,1842.389,726264994,1867,22472189075,Relatively High,22022.825,57632.712,41.377,Very Low,64524.069,38.466,Very Low,1842.389,Relatively Low,Relatively Low,Relatively Low,0.44,1842.389,726264994,1867,22383464994,Relatively Moderate,5847.613,18876.367,29.68,Relatively Low,21133.484,28.947,Very Low,Relatively High,Relatively Low,Relatively Low,610,27.771,1842.389,726264994,1867,22383464994,Relatively High,2594.42,21944.412,14.865,Very Low,24568.387,14.06,Very Low,Relatively Low,Very Low,Very Low,99,2.907,1842.389,726264994,1867,22472189075,Relatively High,121355.254,127602.701,27.761,Relatively Low,142860.63,24.372,Relatively Low,0.401,1845.376,726264994,1867,22472189075,Relatively Low,24182.078,35918.082,9.895,Very Low,40212.941,7.763,Very Low,88.002,5.458,1842.389,726264994,1867,22472189075,Very High,98943.769,119113.846,72.454,Relatively Moderate,133356.731,70.474,Relatively Moderate
South Dakota,SD,Hamlin,543.503,Relatively Low,Relatively High,Relatively High,543.503,Very Low,Very Low,Very Low,158,4.635,543.503,2428631057,6164,74137196470,Relatively High,238465.586,628495.764,85.081,Relatively Moderate,673408.273,84.092,Relatively Moderate,543.503,Relatively Low,Relatively Low,Relatively Low,0.516,543.503,2428631057,6164,73931031057,Relatively Moderate,14285.26,74344.671,54.93,Relatively Low,79491.166,53.464,Relatively Low,Relatively High,Very Low,Very Low,625,28.404,543.503,2428631057,6164,73931031057,Relatively Moderate,7795.279,28021.083,18.726,Very Low,29981.107,17.117,Very Low,Relatively Low,Relatively Low,Relatively Low,103,3.014,543.503,2428631057,6164,74137196470,Relatively High,158907.547,495234.213,64.919,Relatively Moderate,530520.691,60.993,Relatively Moderate,0.296,543.503,2428631057,6164,74137196470,Relatively High,449709.717,849121.57,46.743,Relatively Low,906846.9,42.539,Relatively Low,136,8.421,543.503,2428631057,6164,74137196470,Relatively Moderate,8172.384,138107.23,75.054,Relatively Moderate,147786.027,73.401,Relatively Moderate
South Dakota,SD,Hand,1454.757,Relatively Low,Relatively High,Relatively Moderate,1454.757,Very Low,Very Low,Very Low,148,4.327,1454.757,1159922178,3140,37841352308,Very High,104012.887,470695.795,81.234,Relatively Moderate,330391.061,73.115,Relatively Low,1454.757,Relatively Low,Relatively Low,Very Low,0.487,1454.757,1159922178,3140,37583922178,Relatively High,25878.441,47215.465,46.702,Relatively Low,38650.912,39.773,Relatively Low,Relatively High,Very Low,Very Low,615,27.914,1454.757,1159922178,3140,37583922178,Relatively Moderate,2222.581,10178.747,6.049,Very Low,8609.479,4.151,Very Low,Relatively Low,Very Low,Very Low,92,2.705,1454.757,1159922178,3140,37841352308,Relatively High,149970.058,223799.424,40.012,Relatively Low,180660.888,29.049,Relatively Low,0.672,1454.757,1159922178,3140,37841352308,Relatively Moderate,156235.495,268219.785,25.931,Very Low,220960.378,19.885,Very Low,98,6.068,1454.757,1159922178,3140,37841352308,Relatively High,116637.702,167489.674,78.985,Relatively Moderate,135512.05,71.047,Relatively Moderate
South Dakota,SD,Hanson,439.751,Relatively Low,Relatively Moderate,Relatively Moderate,439.751,Very Low,Very Low,Very Low,202,5.936,439.751,1064278499,3461,41364212738,Relatively High,43248.161,304206.402,75.217,Relatively Low,236112.025,66.338,Relatively Low,439.751,Very Low,Relatively Low,Very Low,0.624,439.751,1064278499,3461,41211878499,Relatively High,98479.144,162690.574,72.052,Relatively Moderate,126273.48,63.291,Relatively Moderate,Relatively High,Relatively Low,Relatively Low,710,32.245,439.751,1064278499,3461,41211878499,Relatively Moderate,3321.549,13459.656,8.301,Very Low,10446.811,5.245,Very Low,Relatively Low,Relatively Low,Relatively Low,116,3.398,439.751,1064278499,3461,41364212738,Relatively High,294429.74,460293.982,62.562,Relatively Moderate,357260.543,47.439,Relatively Low,0.3,439.751,1064278499,3461,41364212738,Relatively High,285301.473,632041.04,39.671,Relatively Low,490563.28,29.812,Relatively Low,76,4.706,439.751,1064278499,3461,41364212738,Relatively High,31687.721,71142.637,59.858,Relatively Moderate,55217.879,48.043,Relatively Low
South Dakota,SD,Harding,2705.152,Relatively Low,Relatively Moderate,Relatively Moderate,2705.152,Very Low,Very Low,Very Low,93,2.72,2705.152,907353203,1311,16187645769,Relatively High,52295.713,59091.875,41.935,Very Low,52530.701,34.171,Very Low,2705.152,No Rating,No Expected Annual Losses,No Rating,0.433,2705.152,907353203,1311,16114953203,Relatively Moderate,7494.617,13555.588,24.983,Very Low,12050.464,21.219,Very Low,Relatively High,Relatively Low,Relatively Low,624,28.346,2705.152,907353203,1311,16114953203,Relatively High,2555.546,15340.396,10.039,Very Low,13637.099,7.014,Very Low,No Rating,No Expected Annual Losses,No Rating,64,1.863,2705.152,907353203,1311,16187645769,Relatively High,57698.405,88094.536,21.805,Relatively Low,78313.096,15.781,Very Low,0.412,2705.152,907353203,1311,16187645769,Relatively Low,40196.89,58339.264,12.624,Very Low,51861.655,8.909,Very Low,74,4.582,2705.152,907353203,1311,16187645769,Very High,89428.27,106588.36,69.7,Relatively Moderate,94753.488,62.17,Relatively Moderate
South Dakota,SD,Hughes,784.867,Relatively Low,Relatively High,Relatively High,784.867,Very Low,Very Low,Very Low,117,3.539,784.867,3816303544,17751,210000000000,Relatively High,402349.231,540793.821,82.878,Relatively Moderate,585482.619,82.246,Relatively Moderate,784.867,Relatively Low,Relatively Low,Relatively Low,0.464,784.867,3816303544,17751,210000000000,Relatively Moderate,78544.081,208785.649,77.115,Relatively Moderate,235864.835,76.616,Relatively Moderate,Relatively Low,Relatively Low,Relatively Low,597,27.928,784.867,3816303544,17751,210000000000,Relatively High,5163.662,154147.328,67.053,Relatively Moderate,174258.928,65.734,Relatively Low,Very Low,Relatively Low,Relatively Low,88,2.638,784.867,3816303544,17751,210000000000,Relatively High,647082.504,1110623.305,84.677,Relatively Moderate,1252256.385,84.601,Relatively Moderate,0.273,808.809,3816303544,17751,210000000000,Relatively Low,217753.48,542586.939,37.066,Relatively Low,601328.539,33.758,Relatively Low,91,5.807,784.867,3816303544,17751,210000000000,Relatively High,423656.344,662482.861,95.265,Relatively High,747132.932,95.387,Relatively High
South Dakota,SD,Hutchinson,822.642,Relatively Low,Relatively High,Relatively High,822.642,Very Low,Very Low,Very Low,212,6.232,822.642,5500941943,7420,91882575787,Very High,1303597.236,1834479.656,94.603,Relatively Moderate,1974310.094,94.305,Relatively Moderate,822.642,Very Low,Relatively Low,Relatively Low,0.735,822.642,5500941943,7420,91572941943,Relatively High,352498.736,439270.853,87.242,Relatively High,467287.366,86.442,Relatively High,Relatively Moderate,Relatively Low,Relatively Low,619,28.096,822.642,5500941943,7420,91572941943,Relatively High,15111.94,53062.155,33.43,Relatively Low,56725.966,30.019,Relatively Low,Relatively Low,Relatively Low,Relatively Low,114,3.352,822.642,5500941943,7420,91882575787,Very High,1580337.638,1776831.696,91.47,Relatively High,1926793.935,91.473,Relatively High,0.568,822.642,5500941943,7420,91882575787,Relatively High,1546659.677,2345255.89,74.225,Relatively Moderate,2538079.576,71.524,Relatively Moderate,87,5.387,822.642,5500941943,7420,91882575787,Very High,903066.417,1069645.205,97.679,Very High,1147349.758,97.614,Very High
South Dakota,SD,Hyde,874.989,Relatively Low,Relatively Moderate,Relatively Moderate,874.989,Very Low,Very Low,Very Low,138,4.04,874.989,789164259,1257,15444800462,Very High,106588.36,206723.164,67.897,Relatively Low,166637.043,59.688,Relatively Low,874.989,Relatively Low,Relatively Low,Very Low,0.506,874.989,789164259,1257,15370364259,Relatively High,18394.189,28843.862,37.408,Relatively Low,23250.689,30.68,Relatively Low,Relatively High,Very Low,Very Low,591,26.857,874.989,789164259,1257,15370364259,Relatively High,2771.1,13774.602,8.526,Very Low,11103.54,5.566,Very Low,Very High,Very Low,Very Low,92,2.688,874.989,789164259,1257,15444800462,Very High,140378.494,176456.355,33.84,Relatively Low,142239.334,24.244,Relatively Low,0.36,874.989,789164259,1257,15444800462,Relatively Moderate,81700.733,134902.278,18.331,Very Low,108743.095,13.108,Very Low,95,5.882,874.989,789164259,1257,15444800462,Very High,91457.731,109170.402,70.257,Relatively Moderate,88000.941,60.356,Relatively Low
South Dakota,SD,Jackson,1890.15,Relatively Low,Relatively Moderate,Relatively Moderate,1890.15,Very Low,Very Low,Very Low,120,3.527,1890.15,767090321,2801,33318835080,Relatively High,89654.486,100479.85,53.195,Relatively Low,162260.538,59.115,Relatively Low,1890.15,Relatively Low,Relatively Low,Relatively Low,0.274,1890.15,767090321,2801,33258690321,Relatively High,17565.867,28645.5,37.275,Relatively Low,46417.804,43.438,Relatively Low,Relatively High,Relatively Low,Relatively Low,676,30.685,1890.15,767090321,2801,33258690321,Relatively High,1939.589,29974.563,20.142,Very Low,52790.149,27.767,Very Low,Relatively Moderate,Very Low,Very Low,98,2.88,1890.15,767090321,2801,33318835080,Relatively High,138359.305,185927.567,35.298,Relatively Low,299955.765,41.584,Relatively Low,0.484,1890.15,767090321,2801,33318835080,Relatively Low,39517.596,96912.169,15.602,Very Low,165158.788,16.672,Very Low,94.004,5.821,1890.15,767090321,2801,33318835080,Relatively High,108303.756,131781.778,74.126,Relatively Moderate,213555.342,80.369,Relatively Moderate
South Dakota,SD,Jerauld,537.968,Relatively Low,Relatively Moderate,Relatively Moderate,537.968,Very Low,Very Low,Very Low,162,4.741,537.968,985361262,1663,20405228446,Very High,119914.155,380981.097,78.815,Relatively Low,411372.584,76.965,Relatively Low,537.968,Relatively Low,Very Low,Very Low,0.485,537.968,985361262,1663,20276161262,Very High,73997.432,100668.605,61.193,Relatively Moderate,108699.105,59.76,Relatively Low,Relatively High,Very Low,Very Low,639,29.045,537.968,985361262,1663,20276161262,Relatively Moderate,2042.069,6644.102,3.732,Very Low,7174.113,3.314,Very Low,Very High,Very Low,Very Low,96,2.822,537.968,985361262,1663,20405228446,Very High,239527,280023.932,47.239,Relatively Low,302361.9,41.966,Relatively Low,0.278,537.968,985361262,1663,20405228446,Relatively High,157534.722,229799.603,24.132,Very Low,248131.094,21.094,Very Low,87,5.387,537.968,985361262,1663,20405228446,Relatively High,36992.33,68031.355,58.651,Relatively Moderate,73458.328,55.329,Relatively Low
South Dakota,SD,Jones,980.689,Relatively Low,Relatively Moderate,Relatively Moderate,980.689,Very Low,Very Low,Very Low,113,3.307,980.689,1103236684,917,11806852305,Very High,125499.471,168090.089,63.989,Relatively Low,157036.753,58.352,Relatively Low,980.689,Relatively Low,Very Low,Very Low,0.447,980.689,1103236684,917,11740436684,Relatively Moderate,3410.253,10136.597,21.586,Very Low,9470.031,17.955,Very Low,Relatively High,Relatively Low,Very Low,649,29.459,980.689,1103236684,917,11740436684,Relatively High,2627.216,8383.372,4.826,Very Low,7832.095,3.829,Very Low,Very High,Very Low,Very Low,94,2.755,980.689,1103236684,917,11806852305,Very High,204237.45,233178.947,41.346,Relatively Low,217845.471,33.058,Relatively Low,0.284,980.689,1103236684,917,11806852305,Relatively High,82968.971,109723.039,16.222,Very Low,102507.826,12.918,Very Low,97,6.006,980.689,1103236684,917,11806852305,Very High,130547.885,143751.882,76.014,Relatively Moderate,134298.987,70.665,Relatively Moderate
South Dakota,SD,Kingsbury,872.484,Relatively Low,Relatively High,Relatively High,872.484,Very Low,Very Low,Very Low,177,5.204,872.484,2874478154,5183,63293024582,Very High,441160.312,886749.459,88.834,Relatively Moderate,855447.481,86.955,Relatively Moderate,872.484,Very Low,Relatively Low,Relatively Low,0.536,872.484,2874478154,5183,62997278154,Very High,211163.656,284610.358,81.712,Relatively Moderate,277735.058,79.38,Relatively Moderate,Relatively High,Very Low,Very Low,756,34.327,872.484,2874478154,5183,62997278154,Relatively Moderate,8855.585,25088.945,16.731,Very Low,24383.706,13.964,Very Low,Relatively Moderate,Very Low,Very Low,111,3.242,872.484,2874478154,5183,63293024582,Relatively High,510109.537,654930.499,73.201,Relatively Moderate,639295.223,66.942,Relatively Moderate,0.482,872.484,2874478154,5183,63293024582,Relatively High,594747.539,927842.062,49.163,Relatively Low,908363.696,42.603,Relatively Low,102,6.316,872.484,2874478154,5183,63293024582,Relatively Moderate,42089.972,81764.992,63.293,Relatively Moderate,79751.378,57.811,Relatively Low
South Dakota,SD,Lake,580.969,Relatively Low,Very High,Relatively High,580.969,Very Low,Very Low,Very Low,196,5.75,580.969,4969209598,11059,133000000000,Relatively High,398901.154,653043.035,85.484,Relatively Moderate,569758.897,81.928,Relatively Moderate,580.969,Very Low,Relatively Low,Relatively Low,0.755,580.969,4969209598,11059,133000000000,Relatively High,45390.487,288411.412,81.979,Relatively Moderate,279328.169,79.514,Relatively Moderate,Relatively High,Very Low,Very Low,846,38.427,580.969,4969209598,11059,133000000000,Relatively Moderate,507.17,41548.37,26.448,Relatively Low,40514.159,22.072,Very Low,Relatively Low,Relatively Low,Relatively Low,119,3.482,580.969,4969209598,11059,133000000000,Relatively High,695196.978,998037.805,82.847,Relatively Moderate,932722.944,78.174,Relatively Moderate,0.448,580.969,4969209598,11059,133000000000,Relatively High,1440987.524,2735488.472,77.326,Relatively Moderate,2590218.741,71.747,Relatively Moderate,95,5.882,580.969,4969209598,11059,133000000000,Relatively High,477667.056,515593.759,93.253,Relatively High,475733.1,91.219,Relatively High
South Dakota,SD,Lawrence,808.39,Relatively Low,Relatively High,Relatively High,808.39,Very Low,Very Low,Very Low,216,6.344,808.39,6486102785,25743,305000000000,Relatively Moderate,982242.659,1125260.741,90.85,Relatively Moderate,1258733.216,90.741,Relatively Moderate,808.39,No Rating,No Expected Annual Losses,No Rating,0.015,808.39,6486102785,25743,305000000000,Relatively Moderate,1774.369,7983.774,18.688,Very Low,8863.887,17.322,Very Low,Very Low,Relatively Moderate,Relatively Moderate,674,30.634,808.39,6486102785,25743,305000000000,Very High,717.561,361623.115,83.88,Relatively Moderate,400784.494,83.398,Relatively Moderate,Very Low,Relatively Low,Relatively Low,91,2.67,808.39,6486102785,25743,305000000000,Relatively High,1121805.035,1564949.79,89.888,Relatively High,1747248.604,90.073,Relatively High,0.16,808.39,6486102785,25743,305000000000,Relatively Moderate,359126.642,710973.478,42.432,Relatively Low,789405.491,38.976,Relatively Low,151.577,9.386,808.39,6486102785,25743,305000000000,Relatively Low,274942.743,280021.779,87.372,Relatively High,315068.735,86.669,Relatively High
South Dakota,SD,Lincoln,583.581,Relatively Low,Very High,Very High,583.581,Very Low,Relatively Low,Relatively Low,231,6.792,583.581,19509219162,65123,775000000000,Relatively Moderate,2880144.136,3111425.367,96.898,Relatively High,2586021.87,95.896,Relatively Moderate,583.581,Very Low,Relatively Low,Relatively Low,1.094,583.581,19490205345,65075.675,774000000000,Relatively Low,32563.858,570871.392,90.406,Relatively High,469584.24,86.542,Relatively High,Relatively Low,Relatively Low,Relatively Low,712,32.319,583.581,19509219162,65123,775000000000,Relatively Moderate,28199.414,239768.79,76.673,Relatively Moderate,197234.582,68.855,Relatively Low,Relatively Low,Relatively Moderate,Relatively Moderate,137,4.008,583.581,19509219162,65123,775000000000,Relatively Moderate,2209908.292,2422597.232,94.758,Relatively High,2012056.648,91.982,Relatively High,0.504,583.581,19509219162,65123,775000000000,Relatively High,6008364.789,15380801.03,96.65,Relatively High,12778563.25,95.355,Relatively High,77,4.768,583.581,19509212885,65122.988,775000000000,Relatively High,2537401.604,2595281.417,99.629,Very High,2152360.147,99.427,Very High
South Dakota,SD,Lyman,1724.112,Relatively Low,Relatively Moderate,Relatively Moderate,1724.112,Very Low,Very Low,Very Low,135,3.969,1724.112,968569646,3715,44173827458,Relatively High,132091.283,230054.704,69.82,Relatively Low,227223.532,65.542,Relatively Low,1724.112,Relatively Low,Relatively Low,Relatively Low,0.377,1724.112,968569646,3715,44062569646,Relatively High,51682.27,71048.992,54.164,Relatively Low,71741.043,51.532,Relatively Low,Relatively Moderate,Relatively Low,Relatively Low,669,30.377,1724.112,968569646,3715,44062569646,Relatively High,2378.829,27661.782,18.404,Very Low,34359.399,19.305,Very Low,Relatively Low,Very Low,Very Low,93,2.723,1724.112,968569646,3715,44173827458,Relatively High,178671.02,266233.172,45.533,Relatively Low,284093.711,40.216,Relatively Low,0.626,1724.112,968569646,3715,44173827458,Relatively Low,106143.244,261762.114,25.713,Very Low,304490.362,23.513,Very Low,97,6.006,1724.112,968569646,3715,44173827458,Relatively High,114612.504,167970.953,79.078,Relatively Moderate,179628.306,77.315,Relatively Moderate
South Dakota,SD,McCook,582.691,Relatively Low,Relatively High,Relatively High,582.691,Very Low,Very Low,Very Low,212,6.217,582.691,11960864252,5682,78096851482,Relatively High,423789.911,826997.393,88.151,Relatively Moderate,837458.842,86.669,Relatively Moderate,582.691,Very Low,Relatively Low,Relatively Low,0.696,582.691,11960864252,5682,77872064252,Relatively High,137052.485,232467.216,78.648,Relatively Moderate,235232.184,76.549,Relatively Moderate,Relatively Moderate,Relatively Low,Relatively Low,740,33.63,582.691,11960864252,5682,77872064252,Relatively High,38910.609,56095.632,35.811,Relatively Low,57049.957,30.245,Relatively Low,Relatively Low,Relatively Low,Relatively Low,124,3.629,582.691,11960864252,5682,78096851482,Very High,4011721.179,4142212.698,98.015,Relatively High,4177018.982,97.582,Relatively High,0.43,582.691,11960864252,5682,78096851482,Relatively High,2683485.069,3267558.823,80.955,Relatively Moderate,3295912.883,76.869,Relatively Moderate,83,5.139,582.691,11960864252,5682,78096851482,Very High,1738392.684,1856406.279,99.35,Very High,1874992.224,99.109,Very High
South Dakota,SD,McPherson,1163.161,Relatively Low,Relatively High,Relatively High,1163.161,Very Low,Very Low,Very Low,127,3.719,1163.161,1261562474,2411,29389974230,Very High,99960.346,303537.88,75.186,Relatively Low,312653.416,72.001,Relatively Low,1163.161,Relatively Low,Relatively Low,Relatively Low,0.507,1163.161,1261562474,2411,29229162474,Relatively High,28019.427,44655.761,45.536,Relatively Low,45996.817,43.238,Relatively Low,Relatively High,Relatively Low,Relatively Low,552,25.067,1163.161,1261562474,2411,29229162474,Relatively High,3086.214,22124.372,15.122,Very Low,22788.789,13.16,Very Low,Relatively High,Very Low,Very Low,81,2.363,1163.161,1261562474,2411,29389974230,Relatively High,145713.207,217630.97,39.206,Relatively Low,224166.638,33.726,Relatively Low,0.474,1163.161,1261562474,2411,29389974230,Relatively Moderate,146248.795,217985.449,23.542,Very Low,224531.763,20.076,Very Low,89,5.511,1163.161,1261562474,2411,29389974230,Very High,115208.042,165805.66,78.706,Relatively Moderate,170784.964,76.328,Relatively Moderate
South Dakota,SD,Marshall,895.171,Relatively Low,Relatively High,Relatively High,895.171,No Rating,No Expected Annual Losses,No Rating,144,4.21,895.171,2463687140,4275,52364177912,Very High,215045.437,701626.037,86.445,Relatively Moderate,766235.273,85.905,Relatively Moderate,895.171,Relatively Low,Relatively Low,Relatively Low,0.354,895.171,2463687140,4275,52053687140,Relatively High,59954.448,80819.338,56.629,Relatively Low,88261.587,55.73,Relatively Low,Relatively High,Relatively Low,Very Low,759,34.496,895.171,2463687140,4275,52053687140,Relatively High,10329.958,27699.917,18.436,Very Low,30250.664,17.278,Very Low,Relatively Moderate,Very Low,Very Low,96,2.805,895.171,2463687140,4275,52364177912,Relatively High,165893.375,464456.926,62.965,Relatively Moderate,507226.443,59.275,Relatively Low,0.461,895.171,2463687140,4275,52364177912,Relatively Moderate,352893.662,520570.132,36.011,Relatively Low,568506.834,32.644,Relatively Low,135,8.359,895.171,2463687140,4275,52364177912,Very High,341274.117,444114.7,91.767,Relatively High,485011.004,91.505,Relatively High
South Dakota,SD,Meade,3517.964,Very Low,Relatively High,Relatively High,3517.964,Very Low,Very Low,Very Low,178,5.216,3517.964,8319546366,29730,353000000000,Relatively Moderate,573715.907,759020.539,87.159,Relatively Moderate,769388.166,86.001,Relatively Moderate,3517.964,Relatively Low,Very Low,Very Low,0.257,3517.964,8319546366,29730,353000000000,Relatively Moderate,9333.493,85521.985,57.861,Relatively Low,86304.043,55.197,Relatively Low,Very Low,Relatively Low,Relatively Low,605,27.49,3517.964,8319546366,29730,353000000000,Relatively High,23484.671,212969.521,74.582,Relatively Moderate,221148.628,71.911,Relatively Moderate,Relatively Low,Relatively Low,Relatively Low,103,3.001,3517.964,8319546366,29730,353000000000,Relatively Low,301922.433,495933.808,65.043,Relatively Moderate,503688.838,59.02,Relatively Low,0.676,3517.964,8319546366,29730,353000000000,Relatively Low,453893.423,772704.434,44.51,Relatively Low,800299.574,39.548,Relatively Low,76.185,4.717,3517.964,8319546366,29730,353000000000,Relatively Moderate,416889.812,420072.789,91.303,Relatively High,427037.964,90.073,Relatively High
South Dakota,SD,Mellette,1324.119,Relatively Low,Relatively Moderate,Relatively Moderate,1324.119,Very Low,Very Low,Very Low,121,3.55,1324.119,795258582,1879,22643741625,Relatively High,61613.577,70978.197,45.813,Relatively Low,131901.802,54.598,Relatively Low,1324.119,Relatively Low,Relatively Low,Relatively Low,0.308,1324.119,795258582,1879,22591658582,Relatively High,30504.474,37982.8,42.572,Relatively Low,70585.053,51.233,Relatively Low,Relatively High,Relatively Low,Relatively Low,690,31.337,1324.119,795258582,1879,22591658582,Relatively High,1947.155,14355.278,9.009,Very Low,26677.024,15.154,Very Low,No Rating,No Expected Annual Losses,No Rating,91,2.657,1324.119,795258582,1879,22643741625,Very High,173917.529,230028.996,40.726,Relatively Low,427472.665,53.198,Relatively Low,0.37,1324.119,795258582,1879,22643741625,Relatively Moderate,62017.252,115164.955,16.749,Very Low,214015.934,19.504,Very Low,86,5.325,1324.119,795258582,1879,22643741625,Relatively High,107549.636,109004.179,70.164,Relatively Moderate,202567.102,79.574,Relatively Moderate
South Dakota,SD,Miner,577.696,Relatively Low,Relatively High,Relatively High,577.696,Very Low,Very Low,Very Low,192,5.646,577.696,1888808552,2298,28690186915,Relatively High,103928.51,336904.409,76.954,Relatively Low,362070.325,74.897,Relatively Low,577.696,Very Low,Very Low,Very Low,0.56,577.696,1888808552,2298,28545608552,Very High,161632.346,204105.763,76.749,Relatively Moderate,219351.953,75.25,Relatively Moderate,No Rating,No Expected Annual Losses,No Rating,796,36.151,577.696,1888808552,2298,28545608552,Relatively Moderate,6060.175,14102.211,8.816,Very Low,15155.611,7.883,Very Low,Relatively Low,Very Low,Very Low,117,3.437,577.696,1888808552,2298,28690186915,Very High,360661.539,447678.635,61.6,Relatively Moderate,481119.107,57.461,Relatively Low,0.385,577.696,1888808552,2298,28690186915,Relatively High,449054.745,648109.433,40.074,Relatively Low,696521.584,36.207,Relatively Low,96,5.944,577.696,1888808552,2298,28690186915,Relatively High,66531.212,103314.61,68.926,Relatively Moderate,111031.953,66.338,Relatively Moderate
South Dakota,SD,Minnehaha,822.077,Relatively Low,Very High,Very High,822.077,Very Low,Relatively Low,Very Low,214,6.269,822.077,37335471141,196891,2320000000000,Relatively Moderate,5310023.339,5692886.959,98.387,Relatively High,5947478.791,98.25,Relatively High,822.077,Very Low,Relatively Moderate,Relatively Moderate,1.114,822.077,37330747928,196839.73,2320000000000,Very Low,18115.304,233097.655,78.814,Relatively Moderate,238985.528,76.749,Relatively Moderate,Very Low,Relatively Low,Relatively Low,780,35.452,822.077,37335471141,196891,2320000000000,Very Low,21500.851,189857.943,72.49,Relatively Moderate,193667.355,68.436,Relatively Low,Relatively Low,Relatively High,Relatively Moderate,130,3.811,822.077,37335471141,196891,2320000000000,Very Low,1007013.719,1373079.263,88.151,Relatively High,1433875.965,87.369,Relatively Moderate,0.699,822.077,37335471141,196891,2320000000000,Relatively Moderate,7417242.868,31752683.41,98.883,Relatively High,32555944.04,98.696,Relatively High,77,4.768,822.077,37335468889,196890.973,2320000000000,Relatively Moderate,2033860.055,2681087.402,99.66,Very High,2804220.809,99.586,Very High
South Dakota,SD,Moody,526.062,Relatively Low,Relatively High,Relatively High,526.062,Very Low,Very Low,Very Low,195,5.706,526.062,3337203669,6336,77082694577,Relatively High,357321.548,697384.801,86.383,Relatively Moderate,690121.438,84.569,Relatively Moderate,526.062,Very Low,Relatively Low,Very Low,0.882,526.062,3337202917,6335.997,76834772586,Relatively High,45768.799,188282.285,75.25,Relatively Moderate,211707.719,74.384,Relatively Moderate,Relatively High,Relatively Low,Relatively Low,777,35.311,526.062,3337203669,6336,76834803669,Relatively Moderate,12892.685,33283.842,22.362,Very Low,35908.426,20.174,Very Low,Relatively Low,Relatively Low,Relatively Low,120,3.529,526.062,3337203669,6336,77082694577,Very High,1199892.439,1379545.123,88.275,Relatively High,1413110.978,86.923,Relatively Moderate,0.415,526.062,3337203669,6336,77082694577,Relatively High,963682.698,1708384.36,66.873,Relatively Low,1818947.208,62.838,Relatively Low,94,5.82,526.062,3337202917,6335.997,77082663494,Relatively High,209095.125,245943.385,85.763,Relatively High,251926.789,83.296,Relatively Moderate
South Dakota,SD,Oglala Lakota,2117.516,Very Low,Relatively Moderate,Relatively High,2117.516,Very Low,Very Low,Very Low,190,5.571,2117.516,1277000684,13666,160000000000,Relatively Low,74096.174,132381.169,59.119,Relatively Low,258733.473,68.088,Relatively Low,2117.516,No Rating,No Expected Annual Losses,No Rating,0.005,2117.516,1277000684,13666,160000000000,Relatively High,1340.155,4108.567,10.893,Very Low,8143.25,16.356,Very Low,No Rating,No Expected Annual Losses,No Rating,712,32.363,2117.516,1277000684,13666,160000000000,Very High,128.09,186214.842,71.911,Relatively Moderate,365993.369,81.757,Relatively Moderate,Relatively Moderate,Very Low,Very Low,92,2.681,2117.516,1277000684,13666,160000000000,Relatively Moderate,50525.937,256703.038,44.479,Relatively Low,502833.605,58.988,Relatively Low,0.652,2117.516,1277000684,13666,160000000000,Relatively Low,85267.936,417827.975,32.227,Relatively Low,819856.887,40.153,Relatively Low,79.009,4.892,2117.516,1277000684,13666,160000000000,Relatively High,157071.186,253276.973,86.258,Relatively High,495532.037,91.696,Relatively High
South Dakota,SD,Pennington,2812.569,Relatively Low,Very High,Very High,2812.569,Very Low,Very Low,Very Low,202,5.912,2812.569,19135216084,109015,1280000000000,Relatively Moderate,3161169.855,3814379.433,97.55,Relatively High,4469702.763,97.646,Relatively High,2812.569,No Rating,No Expected Annual Losses,No Rating,0.122,2812.569,19135216084,109015,1280000000000,Relatively High,6235.192,373417.6,85.276,Relatively High,440187.633,85.61,Relatively High,Very Low,Relatively Moderate,Relatively Moderate,610,27.708,2812.569,19135216084,109015,1280000000000,Very High,10462.614,1324688.249,96.589,Relatively High,1537760.628,96.815,Relatively High,Very Low,Relatively Moderate,Relatively Moderate,102,2.992,2812.569,19135216084,109015,1280000000000,Very Low,104221.455,206227.834,37.903,Relatively Low,241452.111,35.348,Relatively Low,0.551,2812.569,19135216084,109015,1280000000000,Very Low,705605.134,1694823.88,66.749,Relatively Low,1981460.78,65.097,Relatively Low,89.896,5.566,2812.569,19135216084,109015,1280000000000,Relatively Low,156010.804,320174.04,88.889,Relatively High,371630.769,88.578,Relatively High
South Dakota,SD,Perkins,2919.149,Relatively Low,Relatively Moderate,Relatively High,2919.149,Very Low,Very Low,Very Low,98,2.868,2919.149,1030325817,2834,34002066546,Relatively High,181432.732,193753.762,66.315,Relatively Low,234447.972,66.211,Relatively Low,2919.149,Relatively Low,Relatively Low,Relatively Low,0.549,2919.149,1030325817,2834,33904725817,Relatively Moderate,14077.766,35462.335,41.006,Relatively Low,42910.509,41.739,Relatively Low,Relatively High,Relatively Low,Relatively Low,609,27.66,2919.149,1030325817,2834,33904725817,Relatively High,2840.975,29498.985,19.755,Very Low,35694.673,20.045,Very Low,Relatively Moderate,Very Low,Very Low,77,2.236,2919.149,1030325817,2834,34002066546,Relatively High,212500.593,270698.805,46.123,Relatively Low,327553.826,44.798,Relatively Low,0.55,2919.149,1030325817,2834,34002066546,Relatively Low,53914.678,104208.492,15.974,Very Low,126095.46,14.127,Very Low,69.003,4.273,2919.149,1030325817,2834,34002066546,Very High,131133.643,160272.404,77.994,Relatively Moderate,193934.506,78.937,Relatively Moderate
South Dakota,SD,Potter,876.926,Relatively Low,Relatively High,Relatively Moderate,876.926,Very Low,Very Low,Very Low,128,3.875,876.926,1682957982,2466,30405363598,Very High,422540.723,570796.511,83.499,Relatively Moderate,512453.06,80.528,Relatively Low,876.926,Relatively Low,Relatively Low,Relatively Low,0.567,876.926,1682957982,2466,30288557982,Relatively High,38758.123,55659.648,50.1,Relatively Low,49970.447,45.103,Relatively Low,Relatively High,Very Low,Very Low,501,23.54,876.926,1682957982,2466,30288557982,Relatively High,4827.49,22381.903,15.251,Very Low,20094.157,11.454,Very Low,No Rating,No Expected Annual Losses,No Rating,84,2.542,876.926,1682957982,2466,30405363598,Very High,383134.279,462529.571,62.779,Relatively Moderate,415252.528,52.466,Relatively Low,0.315,907.728,1682957982,2466,30405363598,Relatively Moderate,129966.538,201506.645,22.86,Very Low,180909.825,17.626,Very Low,93,5.961,876.926,1682957982,2466,30405363598,Very High,162564.444,209996.34,82.854,Relatively High,188531.754,78.46,Relatively Moderate
South Dakota,SD,Roberts,1147.244,Relatively Low,Very High,Very High,1147.244,No Rating,No Expected Annual Losses,No Rating,140,4.117,1147.244,2579688565,10217,121000000000,Relatively High,219695.874,610258.738,84.522,Relatively Moderate,759694.066,85.682,Relatively Moderate,1147.244,Relatively Low,Relatively Low,Relatively Low,0.531,1147.244,2561146668,10116.48,120000000000,Relatively High,157348.374,234541.665,79.014,Relatively Moderate,306037.836,81.013,Relatively Moderate,Relatively Moderate,Relatively Low,Relatively Low,601,27.288,1147.244,2579688565,10217,121000000000,Relatively Moderate,6292.705,38371.593,24.871,Very Low,51921.145,27.349,Very Low,Relatively Low,Relatively Low,Relatively Low,90,2.639,1147.244,2579688565,10217,121000000000,Relatively High,326588.033,571879.194,69.541,Relatively Moderate,730559.049,71.047,Relatively Moderate,0.644,1147.244,2579688565,10217,121000000000,Relatively Low,363878.895,779782.899,44.82,Relatively Low,1017295.834,45.752,Relatively Low,135,8.359,1147.244,2579688565,10217,121000000000,Relatively High,357342.831,602510.265,94.584,Relatively High,791613.8,95.673,Relatively High
South Dakota,SD,Sanborn,576.21,Relatively Low,Relatively Moderate,Relatively Moderate,576.21,Very Low,Very Low,Very Low,176,5.166,576.21,1425936852,2329,28570891211,Very High,269788.353,526464.815,82.475,Relatively Moderate,528971.806,80.942,Relatively Moderate,576.21,Very Low,Very Low,Very Low,0.476,576.21,1425936852,2329,28442336852,Very High,106082.235,143246.45,68.987,Relatively Moderate,143928.58,66.089,Relatively Moderate,Relatively High,Relatively Low,Very Low,715,32.468,576.21,1425936852,2329,28442336852,Relatively Moderate,3133.428,9712.431,5.888,Very Low,9758.681,4.794,Very Low,Relatively Moderate,Relatively Low,Relatively Low,104,3.05,576.21,1425936852,2329,28570891211,Very High,344149.106,401399.535,57.847,Relatively Moderate,403310.974,51.384,Relatively Low,0.331,576.21,1425936852,2329,28570891211,Relatively High,328854.516,536561.767,36.725,Relatively Low,539116.839,31.371,Relatively Low,86,5.325,576.21,1425936852,2329,28570891211,Relatively High,45906.839,83679.775,64.098,Relatively Moderate,84078.252,59.115,Relatively Low
South Dakota,SD,Spink,1524.982,Relatively Low,Very High,Relatively High,1524.982,Very Low,Very Low,Very Low,159,4.662,1524.982,3715384859,6353,77848978401,Very High,357784.562,1123305.706,90.819,Relatively Moderate,965216.489,88.26,Relatively Moderate,1524.982,Relatively Low,Relatively Low,Relatively Low,0.449,1524.982,3715188908,6351.667,77394528068,Very High,309516.204,350917.073,84.444,Relatively High,311219.247,81.346,Relatively Moderate,Relatively High,Very Low,Very Low,664,30.177,1524.982,3715384859,6353,77410184859,Relatively Moderate,9918.426,31318.108,20.849,Very Low,28667.845,16.377,Very Low,Relatively Low,Relatively Moderate,Relatively Moderate,100,2.929,1524.982,3715384859,6353,77848978401,Relatively High,13465.235,439935.477,60.732,Relatively Moderate,383711.301,49.92,Relatively Low,0.742,1524.982,3715384859,6353,77848978401,Relatively Moderate,555424.692,830780.64,46.309,Relatively Low,745923.132,37.735,Relatively Low,121,7.492,1524.982,3715384859,6353,77848978401,Very High,461289.112,670892.167,95.419,Relatively High,600613.217,93.668,Relatively High
South Dakota,SD,Stanley,1473.361,Relatively Low,Relatively Moderate,Relatively Moderate,1473.361,Very Low,Very Low,Very Low,104,3.164,1473.361,951302122,2972,35484513030,Relatively High,95095.5,158633.361,62.934,Relatively Low,119417.273,51.989,Relatively Low,1473.361,Relatively Low,Relatively Low,Relatively Low,0.465,1473.361,951302122,2972,35426502122,Relatively High,19231.445,41031.551,44.537,Relatively Low,30888.055,35.51,Relatively Low,Relatively Moderate,Relatively Low,Relatively Low,629,29.694,1473.361,951302122,2972,35426502122,Relatively High,3201.642,27244.608,18.115,Very Low,20509.411,11.744,Very Low,Very Low,Relatively Low,Relatively Low,91,2.759,1473.361,951302122,2972,35484513030,Relatively High,165271.411,226591.454,40.292,Relatively Low,170575.302,27.362,Relatively Low,0.54,1532.483,951302122,2972,35484513030,Relatively Low,42491.006,90753.879,15.261,Very Low,68318.421,10.659,Very Low,97,6.247,1473.361,951302122,2972,35484513030,Relatively High,112569.208,155229.59,77.468,Relatively Moderate,116854.955,67.611,Relatively Moderate
South Dakota,SD,Sully,1022.276,Relatively Low,Relatively Moderate,Relatively Moderate,1022.276,Very Low,Relatively Low,Very Low,120,3.711,1022.276,1824438038,1446,18755488353,Very High,442583.945,625282.852,84.957,Relatively Moderate,576340.722,82.024,Relatively Moderate,1022.276,Relatively Low,Relatively Low,Relatively Low,0.475,1022.276,1824438038,1446,18598038038,Relatively Moderate,9765.514,17619.678,28.481,Very Low,16240.551,24.883,Very Low,Relatively High,Relatively Low,Relatively Low,595,28.566,1022.276,1824438038,1446,18598038038,Relatively High,5973.6,18145.92,12.001,Very Low,16725.603,8.912,Very Low,Relatively High,Very Low,Very Low,86,2.647,1022.276,1824438038,1446,18755488353,Very High,423613.637,485681.393,64.082,Relatively Moderate,447666.146,55.17,Relatively Low,0.363,1080.997,1824438038,1446,18755488353,Relatively High,136588.136,179621.694,21.743,Very Low,165562.348,16.704,Very Low,90,5.893,1022.276,1824438038,1446,18755488353,Very High,170545.777,197531.693,82.111,Relatively Moderate,182070.495,77.76,Relatively Moderate
South Dakota,SD,Todd,1404.897,Relatively Low,Relatively High,Relatively High,1404.897,Very Low,Very Low,Very Low,130,3.818,1404.897,2030974016,9304,110000000000,Relatively Moderate,99505.919,144984.367,61.228,Relatively Low,287606.578,70.124,Relatively Low,1404.897,Relatively Low,Relatively Low,Relatively Low,0.247,1404.897,2019322335,9122.067,108000000000,Relatively High,75511.17,110001.252,63.125,Relatively Moderate,218212.801,75.117,Relatively Moderate,Relatively Low,Relatively Low,Relatively Low,733,33.3,1404.897,2030974016,9304,110000000000,Relatively High,7362.74,58098.707,36.969,Relatively Low,115273.838,51.995,Relatively Low,Relatively Low,Very Low,Very Low,78,2.274,1404.897,2030974016,9304,110000000000,Relatively Moderate,141011.397,148066.423,30.428,Relatively Low,293716.308,40.916,Relatively Low,0.413,1404.897,2030974016,9304,110000000000,Relatively Low,179818.128,429888.439,32.661,Relatively Low,852800.837,41.171,Relatively Low,89.015,5.512,1404.897,2030974016,9304,110000000000,Relatively High,251569.392,252109.35,86.134,Relatively High,500094.12,91.791,Relatively High
South Dakota,SD,Tripp,1633.913,Relatively Low,Relatively High,Relatively High,1633.913,Very Low,Very Low,Very Low,144,4.211,1633.913,2547085886,5612,67878653188,Relatively High,203197.109,413497.403,79.622,Relatively Moderate,448702.206,78.206,Relatively Low,1633.913,Relatively Low,Relatively Low,Relatively Low,0.319,1633.913,2538285444,5588.01,67359206893,Very High,142914.87,180060.041,74.217,Relatively Moderate,208517.007,73.984,Relatively Moderate,Relatively High,Relatively Low,Relatively Low,776,35.23,1633.913,2547085886,5612,67646285886,Relatively High,7218.357,49798.468,31.113,Relatively Low,58155.255,30.47,Relatively Low,Relatively Moderate,Very Low,Very Low,81,2.362,1633.913,2547085886,5612,67878653188,Relatively Moderate,89692.687,100658.398,24.069,Relatively Low,113442.877,20.84,Very Low,0.563,1633.913,2547085886,5612,67878653188,Relatively Moderate,276654.438,488236.021,34.833,Relatively Low,557151.483,31.976,Relatively Low,88,5.449,1633.913,2547085886,5612,67878653188,Very High,463345.524,465140.813,92.077,Relatively High,524450.554,92.396,Relatively High
South Dakota,SD,Turner,623.932,Relatively Low,Relatively High,Relatively High,623.932,Very Low,Relatively Low,Relatively Low,228,6.685,623.932,3579903967,8673,104000000000,Relatively High,497151.611,819037.381,88.027,Relatively Moderate,872450.291,87.21,Relatively Moderate,623.932,Very Low,Relatively Low,Relatively Low,0.965,623.932,3579903967,8673,104000000000,Relatively Moderate,30660.247,178173.961,74.051,Relatively Moderate,188637.228,71.652,Relatively Moderate,Relatively High,Very Low,Very Low,631,28.65,623.932,3579903967,8673,104000000000,Relatively Moderate,7142.717,29907.119,20.109,Very Low,31753.37,18.436,Very Low,Relatively Moderate,Relatively Moderate,Relatively Moderate,130,3.822,623.932,3579903967,8673,104000000000,Relatively High,463822.934,729591.922,76.179,Relatively Moderate,775397.613,72.797,Relatively Moderate,0.522,623.932,3579903967,8673,104000000000,Relatively High,1192952.378,2406908.554,74.752,Relatively Moderate,2578674.805,71.683,Relatively Moderate,69,4.272,623.932,3579903967,8673,104000000000,Very High,447447.306,488738.116,92.634,Relatively High,519586.787,92.269,Relatively High
South Dakota,SD,Union,471.844,Very Low,Relatively Low,Relatively Low,471.844,Very Low,Relatively Low,Relatively Low,235,6.887,471.844,5345294872,16799,200000000000,Relatively Low,212303.961,267917.717,72.674,Relatively Low,267929.339,68.661,Relatively Low,471.844,Very Low,Relatively Low,Relatively Low,0.983,471.844,5345292664,16799,200000000000,Relatively Low,27674.641,137181.102,68.155,Relatively Moderate,134316.11,64.657,Relatively Moderate,Relatively Moderate,Relatively Low,Relatively Low,815,37.026,471.844,5345294872,16799,200000000000,Relatively Moderate,327.873,56376.965,36.1,Relatively Low,55174.671,28.732,Relatively Low,Relatively Low,Relatively Moderate,Relatively Moderate,136,4,471.844,5345294872,16799,200000000000,Relatively Moderate,334413.306,703478.845,75.124,Relatively Moderate,689769.483,69.488,Relatively Moderate,0.403,471.844,5345294872,16799,200000000000,Relatively High,1878219.656,3074270.663,79.56,Relatively Moderate,3021235.563,75.183,Relatively Moderate,65,4.025,471.844,5345292664,16799,200000000000,Relatively Low,13622.562,60034.196,55.803,Relatively Moderate,58984.147,49.348,Relatively Low
South Dakota,SD,Walworth,722.33,Relatively Low,Relatively High,Relatively High,722.33,Very Low,Very Low,Very Low,119,3.614,722.33,1606558013,5315,63360382113,Relatively High,358047.721,485952.408,81.545,Relatively Moderate,545724.896,81.324,Relatively Moderate,722.33,Relatively Low,Relatively Low,Relatively Low,0.591,722.33,1606558013,5315,63260558013,Relatively Moderate,41872.709,78383.175,56.029,Relatively Low,94866.689,57.295,Relatively Low,Relatively Moderate,Relatively Low,Relatively Low,457,21.617,722.33,1606558013,5315,63260558013,Relatively High,4206.551,38834.397,25.193,Very Low,48327.996,25.676,Very Low,Relatively Low,Very Low,Very Low,76,2.312,722.33,1606558013,5315,63360382113,Relatively High,315613.731,437324.567,60.484,Relatively Moderate,513009.662,59.752,Relatively Moderate,0.256,752.15,1606558013,5315,63360382113,Relatively Moderate,134024.634,326790.982,28.319,Relatively Low,402596.2,27.108,Very Low,89,5.738,722.33,1606558013,5315,63360382113,Relatively High,148510.022,246224.925,85.825,Relatively High,296611.629,85.905,Relatively High
South Dakota,SD,Yankton,537.635,Very Low,Relatively Moderate,Relatively Moderate,537.635,Very Low,Very Low,Very Low,228,6.681,537.635,6666309391,23308,277000000000,Relatively High,1589576.412,2047147.417,95.285,Relatively High,2179224.958,95.1,Relatively Moderate,537.635,Very Low,Relatively Low,Relatively Low,0.873,537.635,6666309391,23308,277000000000,Relatively Low,14975.935,102718.768,61.659,Relatively Moderate,117914.938,61.659,Relatively Moderate,Very Low,Relatively Low,Relatively Low,667,30.313,537.635,6666309391,23308,277000000000,Relatively Moderate,2428.777,119323.689,59.878,Relatively Low,136995.737,58.14,Relatively Low,Relatively Low,Relatively Moderate,Relatively Moderate,120,3.526,537.635,6666309391,23308,277000000000,Relatively Moderate,492238.29,931179.317,81.11,Relatively Moderate,1058241.515,81.164,Relatively Moderate,0.402,537.635,6666309391,23308,277000000000,Relatively High,2284856.356,4245895.044,85.143,Relatively Moderate,4830146.005,84.123,Relatively Moderate,70,4.334,537.635,6666309391,23308,277000000000,Relatively Low,26615.279,70057.259,59.393,Relatively Moderate,80090.227,58.002,Relatively Low
South Dakota,SD,Ziebach,1987.219,Relatively Low,Relatively Moderate,Relatively High,1987.219,Very Low,Very Low,Very Low,96,2.817,1987.219,489527767,2413,28549055530,Relatively High,106504.799,120646.367,57.041,Relatively Low,211247.22,63.856,Relatively Low,1987.219,Relatively Low,Relatively Low,Relatively Low,0.482,1987.219,489527767,2413,28480327767,Relatively Moderate,4745.228,19825.646,30.446,Relatively Low,34713.956,37.575,Relatively Low,Relatively Moderate,Relatively Low,Relatively Low,645,29.339,1987.219,489527767,2413,28480327767,Relatively High,1812.539,26999.475,17.921,Very Low,47275.059,25.322,Very Low,Relatively Low,Relatively Low,Relatively Low,88,2.57,1987.219,489527767,2413,28549055530,Relatively High,48750.514,119968.4,26.768,Relatively Low,210060.126,31.976,Relatively Low,0.379,1990.49,489527767,2413,28549055530,Relatively Low,19953.815,37576.349,10.298,Very Low,65794.765,10.277,Very Low,81.003,5.024,1987.219,489527767,2413,28549055530,Relatively High,51154.402,80269.052,62.767,Relatively Moderate,140548.071,72.192,Relatively Moderate
Utah,UT,Beaver,2611.042,Relatively Moderate,Very Low,Very Low,2611.042,Very Low,Very Low,Very Low,2,0.052,2611.042,1424150337,7072,83755285108,Very Low,167.684,194.871,1.334,Very Low,215.032,1.018,Very Low,2611.042,Relatively Low,Relatively Low,Relatively Low,0.015,2611.042,1424150337,7072,83459350337,Relatively High,21.613,3284.789,9.027,Very Low,3619.527,8.328,Very Low,Relatively Moderate,Relatively Moderate,Relatively Moderate,383,17.4,2611.042,1424150337,7072,83459350337,Very High,148.736,59592.636,37.999,Relatively Low,65484.611,34.427,Relatively Low,Relatively Low,Very Low,Very Low,4,0.098,2611.042,1424150337,7072,83755285108,Relatively High,3790.999,13108.363,7.103,Very Low,14450.918,4.55,Very Low,0.053,2611.042,1424150337,7072,83755285108,Very Low,143.422,1860.131,1.768,Very Low,2050.258,1.654,Very Low,129.773,8.035,2611.042,1424150337,7072,83755285108,Relatively Moderate,30450.827,192087.601,81.832,Relatively Moderate,211300.553,80.178,Relatively Moderate
Utah,UT,Box Elder,5822.072,Relatively Moderate,Relatively Low,Relatively Low,5822.072,Very Low,Relatively Low,Relatively Low,7,0.239,5822.072,9980524468,57579,678000000000,Relatively Low,1782.743,12062.783,15.664,Very Low,12368.948,12.09,Very Low,5822.072,Relatively Low,Relatively Moderate,Relatively Moderate,0.017,5822.072,9980524468,57579,678000000000,Relatively High,32268.749,42673.195,45.203,Relatively Low,43583.335,42.205,Relatively Low,Relatively Low,Relatively Moderate,Relatively Moderate,188,9.936,5822.072,9980524468,57579,678000000000,Relatively High,1514.842,157560.019,67.664,Relatively Moderate,163406.51,64.125,Relatively Low,Relatively Low,Very Low,Very Low,24,0.793,5822.072,9980524468,57579,678000000000,Relatively Moderate,474210.76,651249.597,73.046,Relatively Moderate,664509.813,68.533,Relatively Moderate,0.41,6797.185,9980524468,57579,678000000000,Very Low,41982.754,149974.314,19.479,Very Low,154361.412,15.845,Very Low,66.08,4.777,5822.072,9980524468,57579,678000000000,Relatively Low,17807.144,223880.283,83.968,Relatively High,223687.471,81.101,Relatively Moderate
Utah,UT,Cache,1184.713,Very Low,Relatively Low,Very Low,1184.713,Very Low,Relatively Low,Very Low,9,0.258,1184.713,17513668658,133078,1560000000000,Relatively Low,2713.817,25982.206,26.334,Very Low,25921.235,21.444,Very Low,1184.713,Relatively Low,Relatively Moderate,Relatively Moderate,0.015,1184.713,17513668658,133078,1560000000000,Relatively High,56624.698,80671.708,56.562,Relatively Low,81381.085,53.964,Relatively Low,Very Low,Relatively Low,Relatively Low,204,9.252,1184.713,17513668658,133078,1560000000000,Relatively High,2217.486,294266.011,80.598,Relatively Moderate,292790.384,77.799,Relatively Moderate,Very Low,Relatively Low,Relatively Low,25,0.715,1184.713,17513668658,133078,1560000000000,Relatively Low,134484.88,221199.689,39.671,Relatively Low,223402.025,33.662,Relatively Low,0.082,1184.713,17513668658,133078,1560000000000,Very Low,105864.162,348985.888,29.342,Relatively Low,351455.006,25.199,Very Low,225.839,13.984,1184.713,17513668658,133078,1560000000000,Relatively Low,48174.779,2005840.613,99.505,Very High,2005484.814,99.205,Very High
Utah,UT,Carbon,1500.296,Relatively High,Very Low,Very Low,1500.296,Very Low,Very Low,Very Low,6,0.153,1500.296,2750015496,20381,239000000000,Relatively Low,579.134,2851.188,6.979,Very Low,3626.424,4.836,Very Low,1500.296,Relatively Moderate,Relatively Moderate,Relatively Moderate,0.015,1500.296,2750015496,20381,239000000000,Relatively High,8891.272,12574.091,24.051,Very Low,16091.826,24.65,Very Low,Very Low,Relatively Moderate,Relatively Moderate,585,26.571,1500.296,2750015496,20381,239000000000,Very High,426.582,268802.607,79.086,Relatively Moderate,339984.546,80.502,Relatively Moderate,Relatively Low,Relatively Low,Relatively Low,7,0.189,1500.296,2750015496,20381,239000000000,Relatively Low,6550.888,10575.517,6.39,Very Low,13459.048,4.295,Very Low,0.047,1500.296,2750015496,20381,239000000000,Relatively Low,21257.104,76514.842,14.516,Very Low,97581.704,12.663,Very Low,182.006,11.27,1500.296,2750015496,20381,239000000000,Very Low,7603.113,29711.009,39.276,Relatively Low,36969.383,38.371,Relatively Low
Utah,UT,Daggett,727.902,Very Low,Very Low,Very Low,727.902,Very Low,Very Low,Very Low,4,0.105,727.902,444014206,927,11199970862,Relatively High,1133.552,1239.245,4.839,Very Low,891.455,1.909,Very Low,727.902,No Rating,No Expected Annual Losses,No Rating,0.015,727.902,444014206,927,11197214206,Very High,1435.574,1603.082,5.23,Very Low,1153.182,3.098,Very Low,Relatively Moderate,Relatively Low,Relatively Low,365,16.547,727.902,444014206,927,11197214206,Relatively High,883.673,3540.536,1.641,Very Low,2546.896,0.933,Very Low,Relatively High,Very Low,Very Low,6,0.169,727.902,444014206,927,11199970862,Relatively High,2370.447,3884.399,4.435,Very Low,2794.255,1.432,Very Low,0.03,727.902,444014206,927,11199970862,Relatively Low,2031.977,3303.595,2.295,Very Low,2376.451,1.845,Very Low,159.759,9.892,727.902,444014206,927,11199970862,Relatively Moderate,11649.547,27587.237,37.79,Relatively Low,19844.966,24.403,Very Low
Utah,UT,Davis,328.618,Relatively Low,Very Low,Very Low,328.618,Very Low,Very Low,Very Low,11,0.604,328.618,47923465138,362649,4250000000000,Very Low,7816.252,90503.561,51.117,Relatively Low,77457.821,42.603,Very Low,328.618,Relatively Low,Relatively High,Relatively High,0.029,328.618,47923465138,362649,4250000000000,Relatively Moderate,154944.792,220474.964,77.881,Relatively Moderate,191064.573,72.219,Relatively Moderate,Very Low,Relatively Moderate,Relatively Low,211,18.646,328.618,47923465138,362649,4250000000000,Relatively High,14012.395,2067113.714,98.166,Very High,1767404.244,97.523,Relatively High,Very Low,Relatively Low,Relatively Low,36,2.059,328.618,47923465138,362649,4250000000000,Relatively Low,1483993.699,1654429.768,90.571,Relatively High,1444219.024,87.496,Relatively Moderate,0.022,641.626,47923465138,362649,4250000000000,Relatively Moderate,310586.585,1067228.276,53.071,Relatively Low,914162.386,42.762,Relatively Low,118.509,14.327,328.618,47923465138,362649,4250000000000,Very Low,137380.207,1335049.969,98.638,Very High,1144230.943,97.55,Very High
Utah,UT,Duchesne,3283.137,Relatively Low,Very Low,Very Low,3283.137,Very Low,Very Low,Very Low,7,0.178,3283.137,4166223937,19596,232000000000,Relatively Moderate,9388.889,11914.345,15.447,Very Low,16132.908,14.763,Very Low,3283.137,Relatively Low,Relatively Low,Relatively Low,0.015,3283.137,4166223937,19596,231000000000,Relatively High,13470.117,17011.087,27.948,Very Low,22963.38,30.38,Relatively Low,Very Low,Relatively Moderate,Relatively Moderate,527,23.925,3283.137,4166223937,19596,231000000000,Very High,7270.856,204878.834,74.035,Relatively Moderate,275774.533,76.609,Relatively Moderate,Relatively Low,Very Low,Very Low,9,0.236,3283.137,4166223937,19596,232000000000,Relatively Low,9143.999,22738.699,9.895,Very Low,30869.909,8.018,Very Low,0.1,3283.137,4166223937,19596,232000000000,Very Low,14779.906,28642.69,8.933,Very Low,38569.581,7.509,Very Low,179.608,11.121,3283.137,4166223937,19596,232000000000,Very Low,8067.364,20274.729,30.455,Relatively Low,27732.661,31.594,Relatively Low
Utah,UT,Emery,4517.014,Relatively Low,Very Low,Very Low,4517.014,Very Low,Very Low,Very Low,4,0.094,4517.014,2244048775,9809,116000000000,Very Low,151.133,220.378,1.365,Very Low,241.38,1.082,Very Low,4517.014,Relatively Low,Relatively Low,Relatively Low,0.015,4517.014,2244048775,9809,116000000000,Relatively High,34.056,4560.144,11.859,Very Low,5054.24,11.359,Very Low,Relatively High,Very High,Very High,458,20.806,4517.014,2244048775,9809,116000000000,Very High,313.817,128591.767,62.098,Relatively Low,142190.33,59.299,Relatively Low,Very Low,Very Low,Very Low,4,0.109,4517.014,2244048775,9809,116000000000,Relatively High,3937.962,17248.851,8.282,Very Low,19077.452,5.695,Very Low,0.123,4517.014,2244048775,9809,116000000000,Very Low,8874.357,14806.977,6.359,Very Low,16257.446,4.582,Very Low,62.738,3.885,4517.014,2244048775,9809,116000000000,Relatively Low,5706.885,14337.257,23.801,Relatively Low,15753.171,19.854,Very Low
Utah,UT,Garfield,5260.782,No Rating,No Expected Annual Losses,No Rating,5260.782,Very Low,Very Low,Very Low,3,0.067,5260.782,2545999016,5083,61533784123,Relatively Low,817.977,843.349,4.094,Very Low,1017.072,2.1,Very Low,5260.782,Relatively Moderate,Relatively Low,Relatively Low,0.015,5260.782,2545999016,5083,61508799016,Relatively High,38.639,2384.046,7.229,Very Low,2876.386,6.862,Very Low,Relatively Moderate,Relatively High,Relatively High,528,23.991,5260.782,2545999016,5083,61508799016,Very High,2253.238,63774.365,40.508,Relatively Low,76682.333,40.412,Relatively Low,Very Low,Relatively Low,Relatively Low,3,0.081,5260.782,2545999016,5083,61533784123,Relatively High,6566.494,12694.735,7.01,Very Low,15441.954,4.804,Very Low,0.078,5260.782,2545999016,5083,61533784123,Very Low,2623.46,3608.255,2.45,Very Low,4353.014,2.259,Very Low,137.714,8.527,5260.782,2545999016,5083,61533784123,Relatively Moderate,58698.077,136899.186,74.838,Relatively Moderate,167265.096,76.01,Relatively Moderate
Utah,UT,Grand,3722.126,Relatively Low,Very Low,Very Low,3722.126,Very Low,Very Low,Very Low,4,0.104,3722.126,2084202749,9604,113000000000,Relatively Low,763.661,1656.505,5.335,Very Low,2161.599,3.373,Very Low,3722.126,Relatively Low,Relatively Low,Relatively Low,0.015,3722.126,2084202749,9604,113000000000,Relatively High,6738.585,8474.015,19.52,Very Low,11143.512,20.187,Very Low,Very Low,Relatively High,Relatively High,436,19.79,3722.126,2084202749,9604,113000000000,Very High,3701.214,120829.903,60.425,Relatively Low,156649.629,62.838,Relatively Low,Relatively Low,Relatively Low,Relatively Low,8,0.209,3722.126,2084202749,9604,113000000000,Relatively Moderate,5992.064,27476.782,10.856,Very Low,35589.174,8.813,Very Low,0.123,3722.126,2084202749,9604,113000000000,Very Low,8559.776,17801.113,7.134,Very Low,23245.686,5.632,Very Low,58.788,3.64,3722.126,2084202749,9604,113000000000,Very Low,2811.05,7918.043,15.97,Very Low,10298.261,14.158,Very Low
Utah,UT,Iron,3334.057,Relatively Low,Very Low,Very Low,3334.057,Very Low,Relatively Low,Relatively Low,3,0.086,3334.057,13348327301,57174,677000000000,Relatively Low,2923.03,3253.897,7.382,Very Low,3992.329,5.218,Very Low,3334.057,Very Low,Relatively Low,Relatively Low,0.015,3334.057,13348327301,57174,677000000000,Relatively High,202.576,26583.915,36.076,Relatively Low,32188.038,36.309,Relatively Low,Relatively Low,Relatively Low,Relatively Low,431,19.567,3334.057,13348327301,57174,677000000000,Relatively High,1151.576,321999.614,82.239,Relatively Moderate,390948.076,82.947,Relatively Moderate,Very Low,Relatively Low,Relatively Moderate,6,0.155,3334.057,13348327301,57174,677000000000,Relatively Moderate,14554.417,87623.277,21.743,Relatively Low,106078.642,19.726,Very Low,0.08,3334.057,13348327301,57174,677000000000,Very Low,1224.964,16105.29,6.793,Very Low,19448.545,5.091,Very Low,141.268,8.747,3334.057,13348327301,57174,677000000000,Relatively Moderate,251591.842,1162084.824,98.205,Very High,1422436.996,98.505,Very High
Utah,UT,Juab,3440.17,No Rating,No Expected Annual Losses,No Rating,3440.17,Very Low,Very Low,Very Low,4,0.114,3440.17,1934852212,11765,138000000000,Relatively Low,233.255,2627.32,6.607,Very Low,3128.847,4.582,Very Low,3440.17,Very Low,Relatively Low,Relatively Low,0.015,3440.17,1934852212,11765,138000000000,Relatively High,6255.709,8381.629,19.354,Very Low,9984.101,18.588,Very Low,Relatively Moderate,Relatively High,Relatively High,232,10.512,3440.17,1934852212,11765,138000000000,Very High,167.122,104558.492,55.051,Relatively Low,124467.874,54.794,Relatively Low,Very Low,Very Low,Very Low,20,0.575,3440.17,1934852212,11765,138000000000,Relatively High,33193.27,136632.403,28.722,Relatively Low,162548.334,26.472,Relatively Low,0.159,3440.17,1934852212,11765,138000000000,Very Low,13087.092,40112.764,10.546,Very Low,47735.372,8.559,Very Low,113.118,7.004,3440.17,1934852212,11765,138000000000,Relatively Moderate,27008.503,158207.588,77.84,Relatively Moderate,188446.974,78.428,Relatively Moderate
Utah,UT,Kane,4149.632,Relatively Low,Very Low,Very Low,4149.632,Very Low,Very Low,Very Low,3,0.069,4149.632,3000616003,7644,91678205094,Relatively Low,382.241,422.365,2.481,Very Low,521.928,1.304,Very Low,4149.632,Relatively Low,Relatively Moderate,Relatively Moderate,0.015,4149.632,3000616003,7644,91671016003,Relatively High,45.538,4200.389,11.059,Very Low,5257.104,11.592,Very Low,Very Low,Relatively Moderate,Relatively Moderate,450,20.437,4149.632,3000616003,7644,91671016003,Very High,3191.285,74131.953,44.949,Relatively Low,92674.254,45.946,Relatively Low,Very Low,Relatively Low,Relatively Low,3,0.085,4149.632,3000616003,7644,91678205094,Relatively High,7047.229,17560.022,8.375,Very Low,21871.264,6.204,Very Low,0.064,4149.632,3000616003,7644,91678205094,Very Low,190.645,1480.14,1.613,Very Low,1843.291,1.559,Very Low,71.918,4.453,4149.632,3000616003,7644,91678205094,Relatively Moderate,37378.638,95570.62,67.44,Relatively Moderate,117320.803,67.738,Relatively Moderate
Utah,UT,Millard,6905.993,Relatively Moderate,Very Low,Very Low,6905.993,Very Low,Relatively Low,Relatively Low,2,0.032,6905.993,3927103996,12968,155000000000,Relatively Low,264.563,921.303,4.404,Very Low,1138.741,2.259,Very Low,6905.993,Very Low,Relatively Low,Relatively Low,0.015,6905.993,3927103996,12968,154000000000,Relatively High,12697.002,15040.301,26.249,Very Low,18676.117,27.249,Very Low,Relatively Moderate,Relatively Low,Relatively Low,250,11.355,6905.993,3927103996,12968,154000000000,Very High,280.742,95474.625,52.188,Relatively Low,119506.131,53.636,Relatively Low,Relatively Low,Very Low,Very Low,7,0.205,6905.993,3927103996,12968,155000000000,Relatively High,19951.568,48394.22,15.354,Very Low,60683.295,13.236,Very Low,0.12,6905.993,3927103996,12968,155000000000,Very Low,15693.899,36165.326,9.957,Very Low,45321.753,8.272,Very Low,112.101,6.941,6905.993,3927103996,12968,155000000000,Relatively Moderate,55665.18,201664.23,82.358,Relatively Moderate,252821.241,83.36,Relatively Moderate
Utah,UT,Morgan,617.049,Very Low,Relatively Low,Very Low,617.049,Very Low,Very Low,Very Low,11,0.307,617.049,1557773548,12295,144000000000,Relatively Low,261.032,3275.314,7.444,Very Low,2191.339,3.436,Very Low,617.049,No Rating,No Expected Annual Losses,No Rating,0.015,617.049,1557773548,12295,144000000000,Relatively High,5036.549,7258.239,17.288,Very Low,4868.948,10.826,Very Low,Relatively Low,Relatively Low,Relatively Low,295,13.389,617.049,1557773548,12295,144000000000,Very High,337.046,84749.078,48.456,Relatively Low,56085.566,29.44,Relatively Low,Very Low,Very Low,Very Low,31,0.889,617.049,1557773548,12295,144000000000,Relatively High,72087.991,232300.147,41.16,Relatively Low,155445.917,25.835,Relatively Low,0.046,617.049,1557773548,12295,144000000000,Relatively Low,11571.855,40926.919,10.732,Very Low,27384.964,6.3,Very Low,271.029,16.782,617.049,1557773548,12295,144000000000,Relatively Moderate,40287.688,399340.68,90.932,Relatively High,268500.974,84.696,Relatively Moderate
Utah,UT,Piute,774.006,No Rating,No Expected Annual Losses,No Rating,774.006,Very Low,Very Low,Very Low,3,0.074,774.006,421931241,1429,17044904281,Relatively Low,77.271,85.362,1.117,Very Low,97.762,0.955,Very Low,774.006,No Rating,No Expected Annual Losses,No Rating,0.015,774.006,421931241,1429,16998331241,Relatively High,6.403,665.775,2.398,Very Low,762.488,2.199,Very Low,Relatively High,Relatively Low,Relatively Low,385,17.472,774.006,421931241,1429,16998331241,Relatively High,216.796,7087.847,3.893,Very Low,8117.449,3.99,Very Low,Relatively Low,Very Low,Very Low,4,0.113,774.006,421931241,1429,17044904281,Relatively High,1741.814,4617.496,4.684,Very Low,5288.248,2.195,Very Low,0.014,774.006,421931241,1429,17044904281,Relatively Low,722.997,1224.061,1.489,Very Low,1401.872,1.495,Very Low,225.615,13.97,774.006,421931241,1429,17044904281,Relatively High,49684.203,132421.483,74.28,Relatively Moderate,151657.435,73.847,Relatively Moderate
Utah,UT,Rich,1097.385,Very Low,Relatively Low,Relatively Low,1097.385,Very Low,Very Low,Very Low,8,0.214,1097.385,1310359420,2507,30416868930,Relatively Low,143.348,617.986,3.35,Very Low,656.927,1.559,Very Low,1097.385,No Rating,No Expected Annual Losses,No Rating,0.015,1097.385,1310359420,2507,30391559420,Very High,4236.617,4689.628,12.092,Very Low,4985.132,11.126,Very Low,Relatively Moderate,Relatively Low,Relatively Low,244,11.072,1097.385,1310359420,2507,30391559420,Very High,212.517,14517.613,9.234,Very Low,15432.401,8.044,Very Low,Relatively Moderate,Very Low,Very Low,18,0.52,1097.385,1310359420,2507,30416868930,Relatively High,23245.397,35242.874,12.314,Very Low,37463.606,9.195,Very Low,0.064,1097.385,1310359420,2507,30416868930,Relatively Low,4839.154,7722.807,4.249,Very Low,8209.438,3.245,Very Low,293.214,18.156,1097.385,1310359420,2507,30416868930,Relatively Moderate,47099.335,127719.727,73.661,Relatively Moderate,135767.633,71.142,Relatively Moderate
Utah,UT,Salt Lake,805.419,Relatively Low,Very Low,Very Low,805.419,Very Low,Very Low,Very Low,11,0.302,805.419,172000000000,1185141,13900000000000,Very Low,752.633,7786.261,11.818,Very Low,8003.15,8.654,Very Low,805.419,Very Low,Relatively High,Relatively Moderate,0.015,805.419,172000000000,1185141,13900000000000,Very Low,12408.325,14454.4,25.849,Very Low,14987.391,23.984,Very Low,Very Low,Relatively High,Relatively High,295,13.523,805.419,172000000000,1185141,13900000000000,Relatively Low,34867.976,675899.401,92.021,Relatively High,682253.374,90.347,Relatively High,Very Low,Relatively Moderate,Relatively Moderate,38,1.11,805.419,172000000000,1185141,13900000000000,Very Low,278031.868,741162.044,76.644,Relatively Moderate,773435.858,72.638,Relatively Moderate,0.049,813.871,172000000000,1185141,13900000000000,Relatively Low,1096479.055,3384064.221,81.359,Relatively Moderate,3486401.366,78.524,Relatively Moderate,176.877,11.067,805.419,172000000000,1185141,13900000000000,Very Low,55913.093,1100639.9,97.864,Very High,1117713.488,97.423,Very High
Utah,UT,San Juan,8013.327,Relatively Low,Very Low,Very Low,8013.327,Very Low,Very Low,Very Low,3,0.067,8013.327,4581761312,14449,172000000000,Very Low,440.875,512.963,2.73,Very Low,790.763,1.75,Very Low,8013.327,Relatively Low,Relatively Low,Relatively Low,0.015,8013.327,4581761312,14449,172000000000,Relatively High,69.534,7923.202,18.554,Very Low,12954.161,22.085,Very Low,Very Low,Relatively Low,Relatively Moderate,486,22.075,8013.327,4581761312,14449,172000000000,Relatively High,6300.918,104616.985,55.084,Relatively Low,166085.542,64.414,Relatively Low,No Rating,No Expected Annual Losses,No Rating,4,0.095,8013.327,4581761312,14449,172000000000,Relatively Moderate,5498.336,14298.794,7.63,Very Low,21728.505,6.141,Very Low,0.128,8013.327,4581761312,14449,172000000000,Very Low,6579.389,11404.904,5.49,Very Low,17710.857,4.868,Very Low,69.392,4.297,8013.327,4581761312,14449,172000000000,Relatively Low,18090.119,39344.307,45.497,Relatively Low,54072.407,47.534,Relatively Low
Utah,UT,Sanpete,1618.481,No Rating,No Expected Annual Losses,No Rating,1618.481,Very Low,Very Low,Very Low,5,0.14,1618.481,4684454670,28408,334000000000,Relatively Low,838.802,4046.884,8.127,Very Low,4816.901,5.95,Very Low,1618.481,Relatively Low,Relatively Low,Relatively Low,0.015,1618.481,4684454670,28408,334000000000,Relatively High,15145.646,20278.933,30.946,Relatively Low,24384.137,31.512,Relatively Low,Relatively Moderate,Relatively High,Relatively High,350,15.882,1618.481,4684454670,28408,334000000000,Relatively Moderate,385.244,34541.29,22.973,Very Low,41135.358,22.555,Very Low,Very Low,Relatively Low,Relatively Low,9,0.245,1618.481,4684454670,28408,334000000000,Relatively Low,13713.86,39828.092,13.679,Very Low,47495.286,11.231,Very Low,0.04,1618.481,4684454670,28408,334000000000,Relatively Low,23373.305,75499.837,14.361,Very Low,90137.933,12.186,Very Low,161.33,9.99,1618.481,4684454670,28408,334000000000,Relatively Low,20793.636,81662.155,63.2,Relatively Moderate,97275.371,62.838,Relatively Moderate
Utah,UT,Sevier,1937.622,No Rating,No Expected Annual Losses,No Rating,1937.622,Very Low,Very Low,Very Low,3,0.082,1937.622,4225243408,21466,253000000000,Very Low,408.304,497.296,2.699,Very Low,598.525,1.464,Very Low,1937.622,Relatively Moderate,Relatively Moderate,Relatively Moderate,0.015,1937.622,4225243408,21466,253000000000,Relatively High,64.123,9969.006,21.319,Very Low,12365.97,21.486,Very Low,Very Low,Relatively Low,Relatively Low,444,20.149,1937.622,4225243408,21466,253000000000,Relatively Moderate,389.509,60818.329,38.674,Relatively Low,75946.276,39.961,Relatively Low,Very Low,Relatively Low,Relatively Low,4,0.102,1937.622,4225243408,21466,253000000000,Relatively Moderate,7885.127,25221.176,10.391,Very Low,31374.711,8.081,Very Low,0.043,1937.622,4225243408,21466,253000000000,Very Low,12010.838,24972.507,8.499,Very Low,30889.584,6.65,Very Low,194.954,12.071,1937.622,4225243408,21466,253000000000,Relatively Low,43740.82,143628.003,75.952,Relatively Moderate,176090.005,76.869,Relatively Moderate
Utah,UT,Summit,1899.843,Relatively Low,Relatively Low,Relatively Low,1899.843,Very Low,Very Low,Very Low,9,0.26,1899.843,11803918842,42322,503000000000,Relatively Low,1887.093,11342.033,14.981,Very Low,9021.938,9.481,Very Low,1899.843,No Rating,No Expected Annual Losses,No Rating,0.015,1899.843,11803918842,42322,503000000000,Relatively High,38164.097,45811.623,45.936,Relatively Low,35863.728,38.075,Relatively Low,Relatively Low,Relatively Moderate,Relatively Moderate,412,18.71,1899.843,11803918842,42322,503000000000,Very High,3412.438,611439.327,90.83,Relatively High,490610.661,86.068,Relatively Moderate,Very Low,Very Low,Very Low,21,0.603,1899.843,11803918842,42322,503000000000,Relatively High,140072.914,717696.887,75.868,Relatively Moderate,570131.819,63.22,Relatively Moderate,0.13,1899.843,11803918842,42322,503000000000,Very Low,85955.942,186577.117,22.053,Very Low,147285.608,15.527,Very Low,343.842,21.29,1899.843,11803918842,42322,503000000000,Relatively Low,68592.413,331307.886,89.322,Relatively High,264023.207,84.346,Relatively Moderate
Utah,UT,Tooele,7192.61,Relatively High,Very Low,Very Low,7192.61,Very Low,Very Low,Very Low,5,0.137,7192.61,10463408500,72600,853000000000,Relatively Low,154.305,15447.956,18.579,Very Low,14795.865,13.745,Very Low,7192.61,Very Low,Relatively Low,Relatively Low,0.015,7192.61,10463408500,72600,853000000000,Relatively High,33829.996,46948.716,46.469,Relatively Low,47472.751,44.004,Relatively Low,Very Low,Relatively Low,Relatively Low,196,9.072,7192.61,10463408500,72600,853000000000,Very High,1173.094,671795.432,91.988,Relatively High,647665.302,89.865,Relatively Moderate,Very Low,Very Low,Very Low,33,0.976,7192.61,10463408500,72600,853000000000,Relatively Moderate,188364.779,439823.422,60.701,Relatively Moderate,433542.439,53.929,Relatively Low,0.441,7359.546,10463408500,72600,853000000000,Very Low,39683.351,173879.931,21.185,Very Low,167813.913,16.831,Very Low,63.083,3.997,7192.61,10433869368,72522.323,852000000000,Relatively Moderate,83155.078,850931.636,96.843,Very High,821303.16,95.896,Relatively High
Utah,UT,Uintah,4549.52,Very Low,Relatively Low,Relatively Low,4549.52,Very Low,Very Low,Very Low,5,0.134,4549.52,4652116661,35592,418000000000,Relatively Low,5838.257,9503.785,13.431,Very Low,11933.154,11.772,Very Low,4549.52,Relatively Low,Relatively Moderate,Relatively Moderate,0.015,4549.52,4652116661,35592,418000000000,Relatively High,15041.092,21472.517,32.045,Relatively Low,26883.642,32.878,Relatively Low,Relatively Low,Relatively Moderate,Relatively Moderate,393,17.862,4549.52,4652116661,35592,418000000000,Relatively High,713.093,143920.66,65.154,Relatively Moderate,177563.517,66.152,Relatively Low,Very Low,Relatively Low,Relatively Low,6,0.173,4549.52,4652116661,35592,418000000000,Relatively Low,4472.507,29613.131,11.352,Very Low,36752.459,9.036,Very Low,0.164,4549.52,4652116661,35592,418000000000,Very Low,19119.086,51000.027,11.942,Very Low,63209.523,9.959,Very Low,73.779,4.568,4549.52,4652116661,35592,418000000000,Very Low,7981.325,21642.345,32.064,Relatively Low,26724.014,30.608,Relatively Low
Utah,UT,Utah,2165.87,No Rating,No Expected Annual Losses,No Rating,2165.87,Very Low,Relatively Low,Relatively Low,10,0.289,2165.87,91160148867,659138,7740000000000,Relatively Low,15724.586,161978.537,63.151,Relatively Low,148160.725,56.793,Relatively Low,2165.87,Relatively Low,Relatively High,Relatively High,0.015,2165.87,91160148867,659138,7740000000000,Relatively High,294736.415,413841.739,86.243,Relatively High,375836.741,83.811,Relatively Moderate,Very Low,Relatively High,Relatively High,322,14.624,2165.87,91160148867,659138,7740000000000,Relatively Low,11981.258,565127.923,89.607,Relatively High,508744.647,86.583,Relatively Moderate,Very Low,Relatively Moderate,Relatively Moderate,28,0.797,2165.87,91160148867,659138,7740000000000,Relatively Low,461313.76,1381622.024,88.306,Relatively High,1236534.809,84.41,Relatively Moderate,0.122,2165.87,91160148867,659138,7740000000000,Very Low,384565.063,1567497.018,64.671,Relatively Low,1440438.766,55.966,Relatively Low,272.212,16.855,2165.87,91160148867,659138,7740000000000,Very Low,30969.509,372694.328,90.22,Relatively High,337758.56,87.655,Relatively High
Utah,UT,Wasatch,1219.757,No Rating,No Expected Annual Losses,No Rating,1219.757,Very Low,Very Low,Very Low,10,0.289,1219.757,5777142634,34769,409000000000,Relatively Low,938.81,8912.77,12.903,Very Low,7595.372,8.177,Very Low,1219.757,No Rating,No Expected Annual Losses,No Rating,0.015,1219.757,5777142634,34769,409000000000,Relatively High,18678.494,24961.204,35.077,Relatively Low,20858.82,28.748,Very Low,Very Low,Relatively Low,Relatively Low,434,19.7,1219.757,5777142634,34769,409000000000,Very High,793.679,322665.296,82.304,Relatively Moderate,277806.118,76.705,Relatively Moderate,Very Low,Very Low,Very Low,21,0.602,1219.757,5777142634,34769,409000000000,Relatively Moderate,17746.334,246501.546,43.114,Relatively Low,210627.706,32.135,Relatively Low,0.077,1219.757,5777142634,34769,409000000000,Relatively Low,35635.056,102424.251,15.881,Very Low,86814.707,12.027,Very Low,324.356,20.084,1219.757,5777142634,34769,409000000000,Relatively Low,46074.676,218028.123,83.504,Relatively High,187885.602,78.333,Relatively Moderate
Utah,UT,Washington,2454.979,Relatively Low,Very Low,Very Low,2454.979,Very Low,Very Low,Very Low,4,0.094,2454.979,30275265959,180117,2120000000000,Relatively Low,62.65,12376.279,15.974,Very Low,13662.822,12.759,Very Low,2454.979,Relatively Low,Relatively High,Relatively High,0.015,2454.979,30275265959,180117,2120000000000,Relatively High,97885.134,130432.026,66.922,Relatively Moderate,144833.901,66.256,Relatively Moderate,Very Low,Relatively High,Relatively High,401,18.183,2454.979,30275265959,180117,2120000000000,Relatively Low,21439.766,109215.973,56.982,Relatively Low,121161.178,54.022,Relatively Low,Relatively Low,Relatively High,Relatively High,7,0.178,2454.979,30275265959,180117,2120000000000,Very Low,29794.1,63904.508,17.928,Very Low,70613.78,14.858,Very Low,0.033,2454.979,30275265959,180117,2120000000000,Very Low,1643.116,28151.737,8.871,Very Low,31173.69,6.682,Very Low,132.705,8.217,2454.979,30275256118,180116.921,2120000000000,Very Low,24344.626,93341.021,66.821,Relatively Moderate,100226.681,63.506,Relatively Moderate
Utah,UT,Wayne,2491.734,No Rating,No Expected Annual Losses,No Rating,2491.734,Very Low,Very Low,Very Low,3,0.068,2491.734,1050083213,2466,29670462371,Relatively Low,280.839,291.8,1.83,Very Low,359.366,1.209,Very Low,2491.734,Relatively Low,Relatively Low,Relatively Low,0.015,2491.734,1050083213,2466,29655683213,Relatively High,15.936,1153.803,3.764,Very Low,1420.964,3.897,Very Low,Relatively Moderate,Relatively Low,Relatively Low,408,18.528,2491.734,1050083213,2466,29655683213,Relatively High,868.34,18116.675,11.937,Very Low,22311.563,12.773,Very Low,Relatively Moderate,Relatively Low,Relatively Low,4,0.09,2491.734,1050083213,2466,29670462371,Relatively High,2599.575,5173.22,4.932,Very Low,6371.071,2.418,Very Low,0.042,2491.734,1050083213,2466,29670462371,Very Low,2085.562,3240.959,2.233,Very Low,3991.397,2.195,Very Low,87.258,5.403,2491.734,1050083213,2466,29670462371,Relatively High,24777.208,61863.794,56.298,Relatively Moderate,76188.259,56.443,Relatively Low
Utah,UT,Weber,591.606,Relatively Low,Relatively Low,Relatively Low,591.606,Very Low,Very Low,Very Low,11,0.358,591.606,42643343203,262158,3080000000000,Relatively Low,770.211,61717.754,42.742,Relatively Low,62556.401,37.735,Very Low,591.606,Relatively Low,Relatively High,Relatively High,0.017,591.606,42643343203,262158,3080000000000,Relatively High,137873.251,185244.839,74.717,Relatively Moderate,190973.522,72.152,Relatively Moderate,Very Low,Relatively High,Relatively High,238,12.163,591.606,42643343203,262158,3080000000000,Relatively Low,4911.586,108074.205,56.403,Relatively Low,109036.968,50.257,Relatively Low,Very Low,Relatively Low,Relatively Low,34,1.102,591.606,42643343203,262158,3080000000000,Relatively Moderate,1746158.278,1937092.921,92.308,Relatively High,2001217.156,91.823,Relatively High,0.045,666.502,42643343203,262158,3080000000000,Relatively Low,240963.128,810154.888,45.782,Relatively Low,832302.85,40.471,Relatively Low,195.159,13.614,591.606,42643343203,262158,3080000000000,Very Low,106520.473,758985.92,96.038,Very High,769014.176,95.577,Relatively High
Wyoming,WY,Albany,4352.251,Very Low,Very High,Very High,4352.251,No Rating,No Expected Annual Losses,No Rating,73,2.138,4352.251,8782983615,37019,438000000000,Very Low,11513.409,26192.04,26.458,Very Low,24917.633,20.776,Very Low,4352.251,No Rating,No Expected Annual Losses,No Rating,0.028,4352.251,8782100695,37011.715,438000000000,Relatively High,1437.116,38710.838,43.138,Relatively Low,38143.957,39.54,Relatively Low,Relatively Low,Relatively Low,Relatively Low,488,22.174,4352.251,8782983615,37019,438000000000,Very High,15764.856,491451.301,87.677,Relatively High,484205.438,85.811,Relatively Moderate,Relatively Low,Relatively Low,Relatively Low,16,0.456,4352.251,8782983615,37019,438000000000,Relatively Moderate,18694.141,142481.181,29.622,Relatively Low,140368.376,24.053,Relatively Low,0.899,4352.251,8782983615,37019,438000000000,Very Low,255132.431,769994.366,44.386,Relatively Low,758371.6,38.212,Relatively Low,142.69,8.835,4352.251,8782983615,37019,438000000000,Relatively Low,10004.339,179689.84,80.749,Relatively Moderate,174670.635,76.774,Relatively Moderate
Wyoming,WY,Big Horn,3190.165,Very Low,Relatively Moderate,Relatively Moderate,3190.165,Very Low,Relatively Low,Relatively Low,26,0.738,3190.165,3124602174,11503,137000000000,Relatively Moderate,12972.555,32286.414,29.994,Very Low,42380.179,29.908,Very Low,3190.165,Very High,Very Low,Very Low,0.015,3190.165,3124602174,11503,137000000000,Relatively High,10102.375,12180.952,23.584,Very Low,15996.644,24.584,Very Low,Relatively Low,Relatively Moderate,Relatively Moderate,197,8.918,3190.165,3124602174,11503,137000000000,Very High,374.762,48956.667,30.631,Relatively Low,64638.587,33.752,Relatively Low,Relatively Low,Relatively Low,Relatively Low,15,0.432,3190.165,3124602174,11503,137000000000,Relatively Moderate,12264.245,51639.992,15.974,Very Low,67685.87,14.222,Very Low,0.245,3190.165,3124602174,11503,137000000000,Relatively Low,64885.609,139024.69,18.61,Very Low,182491.049,17.786,Very Low,39.539,2.448,3190.165,3124602174,11503,137000000000,Relatively Low,420.098,17929.937,27.793,Relatively Low,23533.942,28.126,Relatively Low
Wyoming,WY,Campbell,4854.838,Very Low,Relatively High,Relatively High,4854.838,Very Low,Very Low,Very Low,78,2.278,4854.838,9700671397,47000,555000000000,Relatively High,1146119.257,1230383.959,91.78,Relatively Moderate,1387531.85,92.046,Relatively Moderate,4854.838,Relatively High,Very Low,Very Low,0.015,4854.838,9700671397,47000,555000000000,Relatively High,31363.936,39856.771,43.771,Relatively Low,44554.813,42.638,Relatively Low,Very Low,Relatively Low,Relatively Low,563,25.566,4854.838,9700671397,47000,555000000000,Relatively Low,23633.374,81559.815,47.458,Relatively Low,91066.869,45.238,Relatively Low,Relatively Low,Relatively Low,Relatively Low,40,1.15,4854.838,9700671397,47000,555000000000,Relatively Low,31596.379,139429.541,29.094,Relatively Low,156401.141,25.962,Relatively Low,0.862,4854.838,9700671397,47000,555000000000,Very Low,368148.067,1278966.071,58.561,Relatively Low,1428551.625,55.775,Relatively Low,71.204,4.409,4854.838,9700671397,47000,555000000000,Relatively Moderate,22144.884,275802.121,87.218,Relatively High,306940.987,86.446,Relatively High
Wyoming,WY,Carbon,8044.374,Very Low,Relatively Moderate,Relatively Moderate,8044.374,Very Low,Very Low,Very Low,9,0.247,8044.374,3804300853,14494,172000000000,Very Low,1100.714,1998.764,5.707,Very Low,2341.39,3.595,Very Low,8044.374,No Rating,No Expected Annual Losses,No Rating,0.015,8044.374,3804300853,14494,172000000000,Very High,710.736,23559.379,33.911,Relatively Low,29119.39,34.344,Relatively Low,Relatively Low,Relatively Low,Relatively Low,342,15.5,8044.374,3804300853,14494,172000000000,Very High,4243.649,123090.833,60.875,Relatively Low,151173.247,61.165,Relatively Low,Relatively Moderate,Relatively Low,Relatively Low,8,0.231,8044.374,3804300853,14494,172000000000,Relatively Moderate,6840.582,33336.242,12.066,Very Low,40758.856,10.086,Very Low,0.32,8044.374,3804300853,14494,172000000000,Very Low,17994.095,42330.639,10.794,Very Low,51292.581,8.877,Very Low,150.23,9.302,8044.374,3804300846,14494,172000000000,Relatively Low,4732.002,66039.797,57.846,Relatively Moderate,81729.996,58.288,Relatively Low
Wyoming,WY,Converse,4308.117,Very Low,Relatively High,Relatively High,4308.117,Very Low,Very Low,Very Low,48,1.385,4308.117,3726157223,13728,163000000000,Relatively Low,5976.759,20284.152,22.27,Very Low,20458.805,18.136,Very Low,4308.117,No Rating,No Expected Annual Losses,No Rating,0.015,4308.117,3726157223,13728,163000000000,Relatively High,947.575,6097.614,15.223,Very Low,6274.65,13.025,Very Low,Relatively Low,Relatively Low,Relatively Low,540,24.521,4308.117,3726157223,13728,163000000000,Relatively Moderate,5213.064,32707.616,21.847,Very Low,33659.87,19.048,Very Low,Relatively Low,Very Low,Very Low,15,0.43,4308.117,3726157223,13728,163000000000,Very Low,4984.05,9218.723,5.986,Very Low,9082.291,3.118,Very Low,0.702,4308.117,3726157223,13728,163000000000,Very Low,101451.086,274192.08,26.241,Very Low,274940.082,22.304,Very Low,101.463,6.283,4308.117,3726157223,13728,163000000000,Relatively Moderate,32363.089,150906.829,76.88,Relatively Moderate,154694.237,74.26,Relatively Moderate
Wyoming,WY,Crook,2894.289,Relatively Low,Relatively Moderate,Relatively Moderate,2894.289,Very Low,Very Low,Very Low,156,4.58,2894.289,2178875946,7143,85098410161,Relatively High,350199.776,387436.984,78.939,Relatively Low,370277.106,75.374,Relatively Low,2894.289,No Rating,No Expected Annual Losses,No Rating,0.016,2894.289,2178875946,7143,85037675946,Relatively Moderate,601.193,2331.782,7.095,Very Low,2189.21,5.63,Very Low,Relatively Low,Relatively Moderate,Relatively Moderate,658,29.876,2894.289,2178875946,7143,85037675946,Relatively Moderate,7736.094,34492.985,22.941,Very Low,32325.475,18.694,Very Low,Relatively Low,Very Low,Very Low,68,1.984,2894.289,2178875946,7143,85098410161,Relatively Moderate,33503.426,90079.015,22.084,Relatively Low,85470.48,16.99,Very Low,0.647,2894.289,2178875946,7143,85098410161,Relatively Low,122636.854,260454.169,25.589,Very Low,247377.954,21.063,Very Low,103.465,6.406,2894.289,2178875946,7143,85098410161,Relatively Moderate,50578.848,111652.308,70.783,Relatively Moderate,107648.365,65.479,Relatively Moderate
Wyoming,WY,Fremont,9359.281,Very Low,Relatively Moderate,Relatively Moderate,9359.281,Very Low,Relatively Low,Relatively Low,9,0.258,9359.281,8643212130,39175,463000000000,Very Low,456.724,2351.62,6.172,Very Low,2990.345,4.327,Very Low,9359.281,No Rating,No Expected Annual Losses,No Rating,0.015,9359.281,8643212130,39175,463000000000,Very High,1138.114,60888.893,51.732,Relatively Low,79211.411,53.364,Relatively Low,Relatively Low,Relatively Moderate,Relatively Moderate,265,12.019,9359.281,8643212130,39175,463000000000,Relatively Moderate,9509.255,55556.153,35.296,Relatively Low,72514.067,38.16,Relatively Low,Relatively Low,Relatively Low,Relatively Low,10,0.292,9359.281,8643212130,39175,463000000000,Relatively Low,15916.813,63990.229,17.959,Very Low,82617.009,16.29,Very Low,0.343,9359.281,8643212130,39175,463000000000,Very Low,68705.86,175958.306,21.34,Very Low,224042.264,20.045,Very Low,101.428,6.28,9359.281,8643209289,39174.976,463000000000,Very Low,2436.052,53558.659,52.677,Relatively Low,67715.156,53.038,Relatively Low
Wyoming,WY,Goshen,2254.699,Relatively Low,Relatively High,Relatively High,2254.699,Very Low,Relatively Low,Relatively Low,152,4.446,2254.699,3101144095,12475,148000000000,Relatively High,344720.366,467465.209,81.079,Relatively Moderate,543888.124,81.26,Relatively Moderate,2254.699,No Rating,No Expected Annual Losses,No Rating,0.031,2254.699,3098216405,12443.89,147000000000,Relatively High,1616.505,11247.539,22.452,Very Low,13532.45,22.385,Very Low,Relatively Moderate,Relatively Low,Relatively Low,539,24.477,2254.699,3101144095,12475,148000000000,Relatively High,159.69,111071.201,57.69,Relatively Low,134969.298,57.819,Relatively Low,No Rating,No Expected Annual Losses,No Rating,30,0.856,2254.699,3101144095,12475,148000000000,Relatively Moderate,5604.979,76574.617,20.037,Relatively Low,93432.197,18.104,Very Low,1.301,2254.699,3101144095,12475,148000000000,Relatively Low,298847.541,970403.995,50.341,Relatively Low,1169117.198,49.57,Relatively Low,88.049,5.452,2254.699,3101144095,12475,148000000000,Relatively Moderate,41507.816,113936.282,71.557,Relatively Moderate,136328.992,71.333,Relatively Moderate
Wyoming,WY,Hot Springs,2026.656,Very Low,Relatively Low,Relatively Low,2026.656,Very Low,Very Low,Very Low,14,0.402,2026.656,1304194951,4609,54786060370,Relatively Moderate,11389.101,12158.653,15.819,Very Low,14037.286,13.14,Very Low,2026.656,No Rating,No Expected Annual Losses,No Rating,0.015,2026.656,1304194951,4609,54768594951,Very High,365.86,7395.632,17.555,Very Low,8382.294,16.689,Very Low,Very Low,Relatively High,Relatively High,295,13.37,2026.656,1304194951,4609,54768594951,Relatively High,183.76,22404.898,15.283,Very Low,25521.675,14.736,Very Low,Relatively Moderate,Very Low,Very Low,12,0.349,2026.656,1304194951,4609,54786060370,Relatively Moderate,190.249,11562.83,6.762,Very Low,13208.598,4.136,Very Low,0.153,2026.656,1304194951,4609,54786060370,Relatively Low,26326.851,56263.212,12.407,Very Low,64158.296,10.118,Very Low,53.997,3.343,2026.656,1304194951,4609,54786060370,Relatively Low,572.164,10016.398,18.942,Relatively Low,11360.561,15.463,Very Low
Wyoming,WY,Johnson,4216.741,Very Low,Relatively Low,Relatively Low,4216.741,Very Low,Very Low,Very Low,39,1.142,4216.741,2354113494,8436,100000000000,Very Low,3008.386,3953.894,8.065,Very Low,4223.837,5.282,Very Low,4216.741,Relatively Moderate,Very Low,Very Low,0.015,4216.741,2354113494,8436,100000000000,Very High,660.388,13527.206,24.85,Very Low,14733.402,23.751,Very Low,Relatively Low,Relatively Low,Relatively Low,411,18.652,4216.741,2354113494,8436,100000000000,Relatively Moderate,631.821,12642.756,7.658,Very Low,13724.992,7.046,Very Low,Relatively Low,Relatively Low,Relatively Low,23,0.649,4216.741,2354113494,8436,100000000000,Relatively Moderate,10563.278,46795.865,14.981,Very Low,50951.277,11.74,Very Low,0.456,4216.741,2354113494,8436,100000000000,Very Low,51953.398,129470.157,17.835,Very Low,139519.757,15.049,Very Low,70.495,4.365,4216.741,2354113494,8436,100000000000,Relatively Moderate,2053.828,46987.404,49.954,Relatively Low,51160.769,46.357,Relatively Low
Wyoming,WY,Laramie,2714.674,Very Low,Very High,Very High,2714.674,Very Low,Very Low,Very Low,176,5.161,2714.674,18263730127,100483,1180000000000,Relatively High,3813756.744,4385243.918,98.015,Relatively High,4622179.97,97.868,Relatively High,2714.674,No Rating,No Expected Annual Losses,No Rating,0.032,2714.674,18226754829,100039.53,1180000000000,Relatively High,1469.401,171575.801,73.284,Relatively Moderate,181173.553,70.686,Relatively Moderate,Very Low,Relatively Low,Relatively Low,590,26.8,2714.674,18263730127,100483,1180000000000,Relatively High,28768.814,1100349.681,95.721,Relatively High,1167217.074,95.495,Relatively High,Relatively Low,Relatively Moderate,Relatively Moderate,34,1,2714.674,18263730127,100483,1180000000000,Relatively Low,22303.188,487396.428,64.392,Relatively Moderate,518339.415,60.038,Relatively Moderate,1.951,2714.674,18263730127,100483,1180000000000,Very Low,1664404.027,6358816.58,90.261,Relatively Moderate,6755063.15,89.373,Relatively Moderate,114.844,7.111,2714.674,18263730127,100483,1180000000000,Relatively Low,36266.082,548506.351,93.686,Relatively High,577382.718,93.255,Relatively High
Wyoming,WY,Lincoln,4135.958,Very Low,Relatively Low,Relatively Low,4135.958,Very Low,Very Low,Very Low,6,0.164,4135.958,5648705263,19576,233000000000,Relatively Low,2865.966,7440.445,11.6,Very Low,7959.592,8.622,Very Low,4135.958,No Rating,No Expected Annual Losses,No Rating,0.015,4135.958,5648705263,19576,233000000000,Relatively High,18263.234,21800.59,32.445,Relatively Low,23563.046,30.946,Relatively Low,Very Low,Relatively Moderate,Relatively Moderate,286,12.967,4135.958,5648705263,19576,233000000000,Very High,6429.016,165612.006,68.919,Relatively Moderate,180862.908,66.538,Relatively Low,Relatively Low,Relatively Low,Relatively Low,9,0.25,4135.958,5648705263,19576,233000000000,Relatively High,57007.255,100960.088,24.132,Relatively Low,108836.241,20.299,Very Low,0.169,4135.958,5648705263,19576,233000000000,Very Low,35283.105,89674.157,15.199,Very Low,94276.337,12.44,Very Low,138.106,8.551,4135.958,5648705263,19576,233000000000,Relatively Low,700.404,48719.07,50.604,Relatively Low,53264.164,47.248,Relatively Low
Wyoming,WY,Natrona,5429.93,Very Low,Relatively High,Relatively High,5429.93,Very Low,Very Low,Very Low,19,0.531,5429.93,16577644337,79870,943000000000,Very Low,4715.977,9959.652,13.865,Very Low,11131.994,11.104,Very Low,5429.93,No Rating,No Expected Annual Losses,No Rating,0.015,5429.93,16577644337,79870,943000000000,Very High,2182.898,124002.8,65.889,Relatively Moderate,138438.534,65.456,Relatively Moderate,Very Low,Relatively Low,Relatively Low,412,18.711,5429.93,16577644337,79870,943000000000,Relatively Moderate,26410.224,154389.234,67.117,Relatively Moderate,173382.646,65.476,Relatively Low,Very Low,Relatively Low,Relatively Low,11,0.321,5429.93,16577644337,79870,943000000000,Very Low,16826.121,18509.088,8.654,Very Low,21230.618,6.045,Very Low,0.446,5429.93,16577644337,79870,943000000000,Very Low,227142.188,763384.804,44.231,Relatively Low,854719.225,41.266,Relatively Low,102.429,6.342,5429.93,16577644337,79870,943000000000,Very Low,21157.489,27917.288,38.007,Relatively Low,31763.89,34.489,Relatively Low
Wyoming,WY,Niobrara,2654.477,Relatively Low,Relatively Moderate,Relatively Moderate,2654.477,Very Low,Very Low,Very Low,106,3.094,2654.477,736729060,2432,29004917031,Relatively Low,4464.299,9506.121,13.462,Very Low,12103.012,11.899,Very Low,2654.477,No Rating,No Expected Annual Losses,No Rating,0.015,2654.477,736729060,2432,28947929060,Relatively High,184.385,1093.431,3.531,Very Low,1392.135,3.731,Very Low,Relatively Moderate,Relatively Low,Relatively Low,618,28.06,2654.477,736729060,2432,28947929060,Relatively Moderate,795.976,5870.623,3.25,Very Low,7474.365,3.507,Very Low,Relatively Low,Very Low,Very Low,30,0.876,2654.477,736729060,2432,29004917031,Relatively Low,5028.756,10825.037,6.452,Very Low,13782.23,4.423,Very Low,0.645,2654.477,736729060,2432,29004917031,Relatively Low,30170.985,69931.698,13.772,Very Low,89035.707,12.154,Very Low,102.006,6.316,2654.477,736729060,2432,29004917031,Relatively High,41755.75,65618.665,57.536,Relatively Moderate,83544.435,58.925,Relatively Low
Wyoming,WY,Park,7035.47,Relatively Low,Relatively High,Relatively High,7035.47,Very Low,Relatively Low,Relatively Low,14,0.407,7035.47,6999574188,29572,350000000000,Relatively Moderate,37186.063,44752.699,36.538,Very Low,42784.267,30.067,Very Low,7035.47,Relatively High,Very Low,Very Low,0.015,7035.47,6999574188,29572,350000000000,Very High,1963.557,47067.578,46.536,Relatively Low,46047.81,43.271,Relatively Low,Very Low,Relatively High,Relatively High,283,12.825,7035.47,6999574188,29572,350000000000,Very High,1932.715,371890.148,84.331,Relatively Moderate,357585.972,81.306,Relatively Moderate,Relatively Low,Relatively Low,Relatively Low,9,0.258,7035.47,6999574188,29572,350000000000,Relatively Moderate,14116.84,55061.404,16.47,Very Low,53812.727,12.122,Very Low,0.39,7035.47,6999574188,29572,350000000000,Very Low,132455.81,343647.862,29.032,Relatively Low,332838.81,24.563,Very Low,101.007,6.254,7035.47,6999574188,29572,350000000000,Very Low,863.375,19312.077,29.434,Relatively Low,18318.167,22.558,Very Low
Wyoming,WY,Platte,2132.152,Relatively Low,Relatively High,Relatively High,2132.152,Very Low,Very Low,Very Low,104,3.041,2132.152,2198584995,8567,102000000000,Relatively Low,23806.051,46345.298,37.314,Very Low,47610.033,32.389,Very Low,2132.152,No Rating,No Expected Annual Losses,No Rating,0.028,2132.152,2198584995,8567,102000000000,Relatively High,1084.411,7437.024,17.655,Very Low,7826.889,15.989,Very Low,Relatively Moderate,Relatively Low,Relatively Low,592,26.883,2132.152,2198584995,8567,102000000000,Relatively Moderate,3152.256,20633.66,14.028,Very Low,21720.4,12.516,Very Low,Relatively Low,Very Low,Very Low,19,0.54,2132.152,2198584995,8567,102000000000,Relatively Moderate,14930.403,45401.319,14.795,Very Low,46857.142,11.168,Very Low,0.7,2132.152,2198584995,8567,102000000000,Relatively Low,125453.579,365382.72,29.963,Relatively Low,375588.154,26.472,Very Low,99.142,6.139,2132.152,2198584995,8567,102000000000,Relatively Moderate,32650.544,84385.453,64.376,Relatively Moderate,88594.213,60.515,Relatively Low
Wyoming,WY,Sheridan,2551.95,Very Low,Relatively Low,Relatively Low,2551.95,Very Low,Very Low,Very Low,46,1.351,2551.95,6765130493,30921,366000000000,Relatively Moderate,114737.335,128288.903,58.344,Relatively Low,133020.104,54.852,Relatively Low,2551.95,Relatively Low,Relatively Moderate,Relatively Moderate,0.015,2551.95,6765130493,30921,365000000000,Relatively High,21872.829,27460.21,36.676,Relatively Low,28650.457,34.077,Relatively Low,Very Low,Relatively Moderate,Relatively Moderate,365,16.586,2551.95,6765130493,30921,365000000000,Very High,1608.689,336696.53,82.851,Relatively Moderate,358198.991,81.338,Relatively Moderate,Very Low,Relatively Low,Relatively Low,25,0.731,2551.95,6765130493,30921,366000000000,Relatively Moderate,617.511,163158.987,32.258,Relatively Low,172953.773,27.808,Relatively Low,0.176,2551.95,6765130493,30921,366000000000,Relatively Low,98598.437,269695.932,26.024,Very Low,282024.446,22.59,Very Low,130.475,8.079,2551.95,6765130493,30921,366000000000,Relatively Low,5562.214,142110.103,75.735,Relatively Moderate,150800.49,73.688,Relatively Moderate
Wyoming,WY,Sublette,4985.48,Very Low,Relatively Low,Relatively Low,4985.48,Very Low,Very Low,Very Low,6,0.154,4985.48,3417096880,8723,105000000000,Relatively Moderate,7381.107,8244.196,12.252,Very Low,8873.345,9.29,Very Low,4985.48,No Rating,No Expected Annual Losses,No Rating,0.015,4985.48,3417096880,8723,105000000000,Very High,958.582,14263.14,25.583,Very Low,15214.898,24.117,Very Low,Relatively Low,Relatively Moderate,Relatively Moderate,266,12.046,4985.48,3417096880,8723,105000000000,Very High,345.109,85925.945,48.906,Relatively Low,91443.311,45.399,Relatively Low,Relatively Low,Very Low,Very Low,8,0.216,4985.48,3417096880,8723,105000000000,Relatively Moderate,8098.981,20451.744,9.274,Very Low,21755.258,6.172,Very Low,0.155,4985.48,3417096880,8723,105000000000,Very Low,8692.26,20905.385,7.878,Very Low,21223.459,5.313,Very Low,107.845,6.678,4985.48,3417096880,8723,105000000000,Very Low,30.172,12961.308,22.284,Relatively Low,13354.082,17.658,Very Low
Wyoming,WY,Sweetwater,10597.074,Very Low,Relatively Moderate,Relatively Moderate,10597.074,Very Low,Very Low,Very Low,3,0.072,10597.074,9543847850,42238,500000000000,Relatively Low,1570.735,1865.739,5.521,Very Low,2120.127,3.341,Very Low,10597.074,No Rating,No Expected Annual Losses,No Rating,0.015,10597.074,9543847850,42238,500000000000,Relatively High,1256.707,22699.106,33.344,Relatively Low,25508.367,32.345,Relatively Low,Very Low,Relatively Low,Relatively Low,290,13.178,10597.074,9543847850,42238,500000000000,Relatively Moderate,10444.754,56869.521,36.358,Relatively Low,64218.289,33.526,Relatively Low,Very Low,Relatively Low,Relatively Low,7,0.183,10597.074,9543847850,42238,500000000000,Relatively Low,1496.001,44363.712,14.516,Very Low,49803.869,11.549,Very Low,0.452,10597.074,9543847850,42238,500000000000,Very Low,27537.758,59779.547,12.903,Very Low,67735.913,10.531,Very Low,58.295,3.61,10597.074,9543847850,42238,500000000000,Very Low,347.876,34718.724,42.618,Relatively Low,38979.495,39.58,Relatively Low
Wyoming,WY,Teton,4259.833,Very Low,Relatively Low,Relatively Low,4259.833,Very Low,Very Low,Very Low,7,0.205,4259.833,7659725780,23250,277000000000,Relatively High,59071.524,68761.03,45.13,Relatively Low,66342.792,39.103,Very Low,4259.833,No Rating,No Expected Annual Losses,No Rating,0.015,4259.833,7659725780,23250,277000000000,Very High,24765.209,28966.452,37.508,Relatively Low,27978.091,33.844,Relatively Low,Very Low,Relatively Moderate,Relatively Moderate,249,11.288,4259.833,7659725780,23250,277000000000,Very High,6470.715,321539.909,82.207,Relatively Moderate,318297.377,79.344,Relatively Moderate,Very Low,Very Low,Very Low,7,0.198,4259.833,7659725780,23250,277000000000,Relatively Moderate,13790.891,58153.819,17.06,Very Low,56928.974,12.472,Very Low,0.183,4259.833,7659725780,23250,277000000000,Relatively Low,105150.778,256538.13,25.248,Very Low,250182.568,21.19,Very Low,199.808,12.372,4259.833,7659725780,23250,277000000000,Very Low,4903.736,16327.045,26.06,Relatively Low,15952.793,20.108,Very Low
Wyoming,WY,Uinta,2109.22,Very Low,Relatively Moderate,Relatively Moderate,2109.22,Very Low,Very Low,Very Low,5,0.134,2109.22,4599362896,20412,241000000000,Relatively Moderate,12893.104,16371.467,19.386,Very Low,20153.574,17.817,Very Low,2109.22,No Rating,No Expected Annual Losses,No Rating,0.015,2109.22,4599362896,20412,241000000000,Relatively High,14870.53,18558.95,29.414,Relatively Low,21385.025,29.214,Very Low,Relatively Low,Relatively Low,Relatively Low,340,15.418,2109.22,4599362896,20412,241000000000,Relatively High,6312.521,61107.561,38.9,Relatively Low,69969.097,36.905,Relatively Low,Relatively Moderate,Very Low,Very Low,10,0.277,2109.22,4599362896,20412,241000000000,Relatively High,61138.131,145078.583,30.087,Relatively Low,177640.371,28.54,Relatively Low,0.116,2109.22,4599362896,20412,241000000000,Very Low,31096.065,78253.922,14.64,Very Low,95171.257,12.568,Very Low,77.873,4.822,2109.22,4599362896,20412,241000000000,Relatively Low,141.439,112033.572,70.969,Relatively Moderate,127181.476,69.647,Relatively Moderate
Wyoming,WY,Washakie,2265.342,Very Low,Relatively Low,Relatively Low,2265.342,Very Low,Very Low,Very Low,19,0.556,2265.342,2089952112,7662,91018493128,Relatively Low,2194.772,3540.622,7.692,Very Low,3930.811,5.059,Very Low,2265.342,No Rating,No Expected Annual Losses,No Rating,0.015,2265.342,2089952112,7662,90969152112,Very High,586.284,12272.576,23.751,Very Low,13736.807,22.818,Very Low,Relatively Moderate,Relatively Low,Relatively Low,238,10.798,2265.342,2089952112,7662,90969152112,Relatively High,246.788,31839.809,21.203,Very Low,35571.453,19.981,Very Low,Relatively Low,Very Low,Very Low,13,0.374,2265.342,2089952112,7662,91018493128,Relatively Moderate,5892.822,28180.985,10.98,Very Low,31407.51,8.113,Very Low,0.174,2265.342,2089952112,7662,91018493128,Relatively Low,43495.136,94808.85,15.54,Very Low,106050.226,13.013,Very Low,36.94,2.287,2265.342,2089952112,7662,91018493128,Relatively Low,302.452,8260.015,16.465,Relatively Low,9235.734,13.077,Very Low
Wyoming,WY,Weston,2424.252,Very Low,Relatively Moderate,Relatively Moderate,2424.252,Very Low,Very Low,Very Low,158,4.624,2424.252,2020557918,6822,81195065515,Relatively High,306185.346,335522.463,76.892,Relatively Low,387196.905,76.074,Relatively Low,2424.252,No Rating,No Expected Annual Losses,No Rating,0.015,2424.252,2020557918,6822,81155757918,Relatively High,2566.453,4211.971,11.126,Very Low,4910.132,10.926,Very Low,Relatively Low,Relatively Low,Relatively Low,700,31.777,2424.252,2020557918,6822,81155757918,Relatively Moderate,5721.66,24010.215,16.152,Very Low,27932.583,15.959,Very Low,Relatively Low,Very Low,Very Low,59,1.73,2424.252,2020557918,6822,81195065515,Relatively Moderate,70609.632,122320.919,27.047,Relatively Low,142758.999,24.276,Relatively Low,0.596,2424.252,2020557918,6822,81195065515,Relatively Low,123415.561,286638.362,26.799,Very Low,333011.762,24.658,Very Low,79.649,4.932,2424.252,2020557918,6822,81195065515,Relatively Moderate,32193.592,72930.315,60.662,Relatively Moderate,85979.377,59.72,Relatively Low
