Health Center Type,Health Center Number,BHCMIS Organization Identification Number,BPHC Assigned Number,Site Name,Site Address,Site City,Site State Abbreviation,Site Postal Code,Site Telephone Number,Site Web Address,Operating Hours per Week,Health Center Location Setting Identification Number,Health Center Service Delivery Site Location Setting Description,Health Center Status Identification Number,Site Status Description,FQHC Site Medicare Billing Number,FQHC Site NPI Number,Health Center Location Identification Number,Health Center Location Type Description,Health Center Type Identification Number,Health Center Type Description,Health Center Operator Identification Number,Health Center Operator Description,Health Center Operating Schedule Identification Number,Health Center Operational Schedule Description,Health Center Operating Calendar Surrogate Key,Health Center Operating Calendar,Site Added to Scope this Date,Health Center Name,Health Center Organization Street Address,Health Center Organization City,Health Center Organization State,Health Center Organization ZIP Code,Grantee Organization Type Description,Geocoding Artifact Address Primary X Coordinate,Geocoding Artifact Address Primary Y Coordinate,U.S. - Mexico Border 100 Kilometer Indicator,U.S. - Mexico Border County Indicator,State and County Federal Information Processing Standard Code,Complete County Name,County Equivalent Name,County Description,HHS Region Code,HHS Region Name,State FIPS Code,State Name,State FIPS and Congressional District Number Code,Congressional District Number,Congressional District Name,Congressional District Code,U.S. Congressional Representative Name,Name of U.S. Senator Number One,Name of U.S. Senator Number Two,Data Warehouse Record Create Date
Federally Qualified Health Center (FQHC),H80CS28356,08E01132,BPS-H80-015056,Marillac Clinic-OUTREACH DAY CENTER,302 Pitkin Ave,Grand Junction,CO,81501-2415,970-200-1600,www.MarillacHealth.org,4,7,All Other Clinic Types,1,Active,61006,1093163800,1,Permanent,2,Service Delivery Site,1,Health Center/Applicant,0,Unknown,0,Unknown,5/1/2015,"MARILLAC CLINIC, INC.",2333 N 6th St,Grand Junction,CO,81501-2001,"Corporate Entity, Federal Tax Exempt",-108.5676474,39.06443403,N,N,8077,Mesa County,Mesa,County            ,8,Region 8,8,Colorado,803,3,Colorado District 03,CO-03,Jeff Hurd,Michael F. Bennet,John W. Hickenlooper,5/6/2025
Federally Qualified Health Center (FQHC),H80CS28361,08E00412,BPS-H80-017770,Lake County Dental,223 Harrison Ave,Leadville,CO,80461-3392,970-668-4055,,30,7,All Other Clinic Types,1,Active,,,1,Permanent,2,Service Delivery Site,1,Health Center/Applicant,0,Unknown,0,Unknown,4/11/2016,"SUMMIT COMMUNITY CARE CLINIC, INC.",360 Peak One Dr STE 100,Frisco,CO,80443-5948,"Corporate Entity, Federal Tax Exempt",-106.2908846,39.24592562,N,N,8065,Lake County,Lake,County            ,8,Region 8,8,Colorado,807,7,Colorado District 07,CO-07,Brittany Pettersen,Michael F. Bennet,John W. Hickenlooper,5/6/2025
Federally Qualified Health Center (FQHC),H80CS00134,80030,BPS-H80-039221,Valley-Wide Support Services- Lamar,3500 1st St S,Lamar,CO,81052-4327,800-511-5446,,54,7,All Other Clinic Types,1,Active,61060,,1,Permanent,2,Service Delivery Site,1,Health Center/Applicant,0,Unknown,0,Unknown,9/15/2024,VALLEY-WIDE HEALTH SYSTEMS,128 Market St,Alamosa,CO,81101-2290,"Corporate Entity, Federal Tax Exempt",-102.613435,38.0542719,N,N,8099,Prowers County,Prowers,County            ,8,Region 8,8,Colorado,804,4,Colorado District 04,CO-04,Lauren Boebert,Michael F. Bennet,John W. Hickenlooper,5/6/2025
Federally Qualified Health Center (FQHC),H80CS00690,81650,BPS-H80-039364,Clinica Family Health & Wellness -- Dixon Clinic,1455 Dixon Ave,Lafayette,CO,80026-8879,303-650-4460,,40,7,All Other Clinic Types,1,Active,,,1,Permanent,3,Administrative/Service Delivery Site,1,Health Center/Applicant,0,Unknown,0,Unknown,10/21/2024,CLINICA CAMPESINA/FAMILY HEALTH SERVICES,1735 S Public Rd,Lafayette,CO,80026-7093,"Corporate Entity, Federal Tax Exempt",-105.0927888,39.98600945,N,N,8013,Boulder County,Boulder,County            ,8,Region 8,8,Colorado,802,2,Colorado District 02,CO-02,Joe Neguse,Michael F. Bennet,John W. Hickenlooper,5/6/2025
Federally Qualified Health Center (FQHC) Look-Alike,LALCS54746,08E01510,BPS-LAL-039880,"Uptown Community Health Center, Inc. Seton Women's Center","1960 N Ogden St, Suite 340",Denver,CO,80218-3669,303-318-3830,www.uptowncommunityhealth.org,40.5,7,All Other Clinic Types,1,Active,,,1,Permanent,2,Service Delivery Site,1,Health Center/Applicant,0,Unknown,0,Unknown,3/1/2025,UPTOWN COMMUNITY HEALTH CENTER INC,1960 N OGDEN ST STE 300,DENVER,CO,80218,NA,-104.9747148,39.74665201,N,N,8031,Denver County,Denver,County            ,8,Region 8,8,Colorado,801,1,Colorado District 01,CO-01,Diana DeGette,Michael F. Bennet,John W. Hickenlooper,5/6/2025
Federally Qualified Health Center (FQHC),H80CS26510,08E00393,BPS-H80-038259,Axis Health System - Gunnison,710 N Taylor St,Gunnison,CO,81230-2244,970-252-3200,,45,7,All Other Clinic Types,1,Active,,,1,Permanent,2,Service Delivery Site,1,Health Center/Applicant,0,Unknown,0,Unknown,2/14/2024,"SOUTHWEST COLORADO MENTAL HEALTH CENTER, INC",150 Mercury Village Dr,Durango,CO,81301-8955,"Corporate Entity, Federal Tax Exempt",-106.9242944,38.55156683,N,N,8051,Gunnison County,Gunnison,County            ,8,Region 8,8,Colorado,803,3,Colorado District 03,CO-03,Jeff Hurd,Michael F. Bennet,John W. Hickenlooper,5/6/2025
Federally Qualified Health Center (FQHC),H80CS00801,80130,BPS-H80-019035,Salud Adams City High School,7200 Quebec Pkwy,Commerce City,CO,80022-4824,303-697-2583,,32,2,School,1,Active,,,2,Seasonal,2,Service Delivery Site,1,Health Center/Applicant,0,Unknown,0,Unknown,12/20/2016,"SALUD FAMILY HEALTH, INC.",203 S Rollie Ave,Fort Lupton,CO,80621-1508,"Corporate Entity, Federal Tax Exempt",-104.9027283,39.8272443,N,N,8001,Adams County,Adams,County            ,8,Region 8,8,Colorado,808,8,Colorado District 08,CO-08,Gabe Evans,Michael F. Bennet,John W. Hickenlooper,5/6/2025
Federally Qualified Health Center (FQHC),H80CS00692,80170,BPS-H80-034416,Walsenburg OB Clinic,23450 US Highway 160,Walsenburg,CO,81089,719-543-8711,,2,7,All Other Clinic Types,1,Active,,,1,Permanent,2,Service Delivery Site,1,Health Center/Applicant,0,Unknown,0,Unknown,4/4/2022,PUEBLO COMMUNITY HEALTH CENTER,310 Colorado Ave,Pueblo,CO,81004-2006,"Corporate Entity, Federal Tax Exempt",-104.8402773,37.59921726,N,N,8055,Huerfano County,Huerfano,County            ,8,Region 8,8,Colorado,803,3,Colorado District 03,CO-03,Jeff Hurd,Michael F. Bennet,John W. Hickenlooper,5/6/2025
Federally Qualified Health Center (FQHC),H80CS00217,80730,BPS-H80-034102,STRIDE CHC - Horizon Community Middle School,3981 S Reservoir Rd,Aurora,CO,80013-3804,303-778-7433,https://stridechc.org,42.5,2,School,1,Active,61052,,2,Seasonal,2,Service Delivery Site,1,Health Center/Applicant,0,Unknown,0,Unknown,1/14/2022,METRO COMMUNITY PROVIDER NETWORK INC,7495 W 29th Ave,Wheat Ridge,CO,80033-8002,"Corporate Entity, Federal Tax Exempt",-104.7705901,39.6441454,N,N,8005,Arapahoe County,Arapahoe,County            ,8,Region 8,8,Colorado,806,6,Colorado District 06,CO-06,Jason Crow,Michael F. Bennet,John W. Hickenlooper,5/6/2025
Federally Qualified Health Center (FQHC),H80CS00212,81460,BPS-H80-014120,Dental Center at Flagler,309 Pawnee Ave,Flagler,CO,80815-9286,719-765-4550,www.peakvista.org,18,7,All Other Clinic Types,1,Active,61882,1386063485,1,Permanent,2,Service Delivery Site,1,Health Center/Applicant,1,Full-Time,0,Unknown,4/30/2014,PEAK VISTA COMMUNITY HEALTH CENTERS,"3205 N Academy Blvd, Ste 130",Colorado Springs,CO,80917-5152,"Corporate Entity, Federal Tax Exempt",-103.0640353,39.29162082,N,N,8063,Kit Carson County,Kit Carson,County            ,8,Region 8,8,Colorado,804,4,Colorado District 04,CO-04,Lauren Boebert,Michael F. Bennet,John W. Hickenlooper,5/6/2025
Federally Qualified Health Center (FQHC),H80CS00040,80620,BPS-H80-013266,Fort Lyon Health Center,30999 County Road 15 BLDG 5,Fort Lyon,CO,81054-9499,719-662-1142,www.coloradocoalition.org,40.5,7,All Other Clinic Types,1,Active,61952,1336563014,1,Permanent,2,Service Delivery Site,1,Health Center/Applicant,1,Full-Time,1,Year-Round,10/31/2013,THE COLORADO COALITION FOR THE HOMELESS,2111 Champa St,Denver,CO,80205-2529,"Corporate Entity, Federal Tax Exempt",-103.1427408,38.08510118,N,N,8011,Bent County,Bent,County            ,8,Region 8,8,Colorado,804,4,Colorado District 04,CO-04,Lauren Boebert,Michael F. Bennet,John W. Hickenlooper,5/6/2025
Federally Qualified Health Center (FQHC),H80CS00217,80730,BPS-H80-027766,STRIDE CHC  -  Golden High School,701 24th St,Golden,CO,80401-2379,303-360-6276,,16,2,School,1,Active,61043,1316591662,2,Seasonal,2,Service Delivery Site,1,Health Center/Applicant,0,Unknown,0,Unknown,5/17/2019,METRO COMMUNITY PROVIDER NETWORK INC,7495 W 29th Ave,Wheat Ridge,CO,80033-8002,"Corporate Entity, Federal Tax Exempt",-105.2125642,39.74535357,N,N,8059,Jefferson County,Jefferson,County            ,8,Region 8,8,Colorado,807,7,Colorado District 07,CO-07,Brittany Pettersen,Michael F. Bennet,John W. Hickenlooper,5/6/2025
Federally Qualified Health Center (FQHC),H80CS00690,81650,BPS-H80-039437,Clinica Family Health & Wellness -- Halcyon School,3100 Bucknell Ct,Boulder,CO,80305-3465,303-650-4460,,40,2,School,1,Active,,,2,Seasonal,2,Service Delivery Site,1,Health Center/Applicant,0,Unknown,0,Unknown,11/1/2024,CLINICA CAMPESINA/FAMILY HEALTH SERVICES,1735 S Public Rd,Lafayette,CO,80026-7093,"Corporate Entity, Federal Tax Exempt",-105.2566597,39.99204396,N,N,8013,Boulder County,Boulder,County            ,8,Region 8,8,Colorado,802,2,Colorado District 02,CO-02,Joe Neguse,Michael F. Bennet,John W. Hickenlooper,5/6/2025
Federally Qualified Health Center (FQHC),H80CS00690,81650,BPS-H80-035018,Alicia Sanchez Elementary School,655 Sir Galahad Dr,Lafayette,CO,80026-1979,303-650-4460,clinica.org,1.38,2,School,1,Active,,,2,Seasonal,2,Service Delivery Site,1,Health Center/Applicant,0,Unknown,0,Unknown,5/1/2022,CLINICA CAMPESINA/FAMILY HEALTH SERVICES,1735 S Public Rd,Lafayette,CO,80026-7093,"Corporate Entity, Federal Tax Exempt",-105.0832849,39.9893392,N,N,8013,Boulder County,Boulder,County            ,8,Region 8,8,Colorado,802,2,Colorado District 02,CO-02,Joe Neguse,Michael F. Bennet,John W. Hickenlooper,5/6/2025
Federally Qualified Health Center (FQHC),H80CS00217,80730,BPS-H80-037388,Smoky Hill High School Community Health Clinic,16100 E Smoky Hill Rd,Aurora,CO,80015-1751,303-761-1977,https://stridechc.org/,25.5,2,School,1,Active,61066,1396510947,1,Permanent,2,Service Delivery Site,1,Health Center/Applicant,0,Unknown,0,Unknown,9/1/2023,METRO COMMUNITY PROVIDER NETWORK INC,7495 W 29th Ave,Wheat Ridge,CO,80033-8002,"Corporate Entity, Federal Tax Exempt",-104.8001012,39.62897063,N,N,8005,Arapahoe County,Arapahoe,County            ,8,Region 8,8,Colorado,806,6,Colorado District 06,CO-06,Jason Crow,Michael F. Bennet,John W. Hickenlooper,5/6/2025
Federally Qualified Health Center (FQHC),H80CS10610,8.00E+68,BPS-H80-033667,Hayden Schools,300 Breeze Basin Blvd,Hayden,CO,81639-5072,970-824-8000,www.northwestcoloradohealth.org,8,2,School,1,Active,,,5,Mobile Van,2,Service Delivery Site,1,Health Center/Applicant,0,Unknown,0,Unknown,9/1/2021,NORTHWEST COLORADO VISITING NURSE ASSOCIATION,940 Central Park Dr,Steamboat Springs,CO,80487-8816,"Corporate Entity, Federal Tax Exempt",-107.263917,40.48885893,N,N,8107,Routt County,Routt,County            ,8,Region 8,8,Colorado,802,2,Colorado District 02,CO-02,Joe Neguse,Michael F. Bennet,John W. Hickenlooper,5/6/2025
Federally Qualified Health Center (FQHC),H80CS00212,81460,BPS-H80-029887,Family Health Center at Mitchell High School,4041 E San Miguel St,Colorado Springs,CO,80909-3537,719-328-6600,,53,7,All Other Clinic Types,1,Active,61007,1639714041,1,Permanent,2,Service Delivery Site,1,Health Center/Applicant,0,Unknown,0,Unknown,10/31/2019,PEAK VISTA COMMUNITY HEALTH CENTERS,"3205 N Academy Blvd, Ste 130",Colorado Springs,CO,80917-5152,"Corporate Entity, Federal Tax Exempt",-104.7500254,38.85066071,N,N,8041,El Paso County,El Paso,County            ,8,Region 8,8,Colorado,805,5,Colorado District 05,CO-05,Jeff Crank,Michael F. Bennet,John W. Hickenlooper,5/6/2025
Federally Qualified Health Center (FQHC),H80CS00690,81650,BPS-H80-039439,Clinica Family Health & Wellness -- Wellness Education Center,834 S Sherman St,Longmont,CO,80501-6323,303-650-4460,,40,7,All Other Clinic Types,1,Active,,,1,Permanent,2,Service Delivery Site,1,Health Center/Applicant,0,Unknown,0,Unknown,11/1/2024,CLINICA CAMPESINA/FAMILY HEALTH SERVICES,1735 S Public Rd,Lafayette,CO,80026-7093,"Corporate Entity, Federal Tax Exempt",-105.1155322,40.14902037,N,N,8013,Boulder County,Boulder,County            ,8,Region 8,8,Colorado,802,2,Colorado District 02,CO-02,Joe Neguse,Michael F. Bennet,John W. Hickenlooper,5/6/2025
Federally Qualified Health Center (FQHC),H80CS00804,80140,BPS-H80-038232,Sunrise Madison Health Clinic,500 24th Ave STE A,Greeley,CO,80634-2617,970-348-1771,,40,2,School,1,Active,,,1,Permanent,2,Service Delivery Site,1,Health Center/Applicant,0,Unknown,0,Unknown,2/8/2024,SUNRISE COMMUNITY HEALTH,2930 11th Ave,Evans,CO,80620-1011,"Corporate Entity, Federal Tax Exempt",-104.7183064,40.42746258,N,N,8123,Weld County,Weld,County            ,8,Region 8,8,Colorado,808,8,Colorado District 08,CO-08,Gabe Evans,Michael F. Bennet,John W. Hickenlooper,5/6/2025
Federally Qualified Health Center (FQHC),H80CS00134,80030,BPS-H80-001500,Sierra Blanca Medical Center or Alamosa Physical Therapy and Rehabilitation,106 Blanca Ave,Alamosa,CO,81101-2340,719-589-3658,www.vwhs.org,54,7,All Other Clinic Types,1,Active,61896,1154377356,1,Permanent,2,Service Delivery Site,1,Health Center/Applicant,1,Full-Time,1,Year-Round,1/1/1996,VALLEY-WIDE HEALTH SYSTEMS,128 Market St,Alamosa,CO,81101-2290,"Corporate Entity, Federal Tax Exempt",-105.8834886,37.47172608,N,N,8003,Alamosa County,Alamosa,County            ,8,Region 8,8,Colorado,803,3,Colorado District 03,CO-03,Jeff Hurd,Michael F. Bennet,John W. Hickenlooper,5/6/2025
Federally Qualified Health Center (FQHC),H80CS00040,80620,BPS-H80-033549,48th Avenue East Shelter Health Center,4600 E 48th Ave,Denver,CO,80216-3212,303-312-9559,,45,7,All Other Clinic Types,1,Active,61035,1609542596,1,Permanent,2,Service Delivery Site,1,Health Center/Applicant,0,Unknown,0,Unknown,10/19/2021,THE COLORADO COALITION FOR THE HOMELESS,2111 Champa St,Denver,CO,80205-2529,"Corporate Entity, Federal Tax Exempt",-104.9344077,39.78338075,N,N,8031,Denver County,Denver,County            ,8,Region 8,8,Colorado,801,1,Colorado District 01,CO-01,Diana DeGette,Michael F. Bennet,John W. Hickenlooper,5/6/2025
Federally Qualified Health Center (FQHC),H80CS00692,80170,BPS-H80-001688,AVONDALE CLINIC,328 Avondale Blvd,Avondale,CO,81022-5005,719-947-3344,http://www.pueblochc.org,42.5,7,All Other Clinic Types,1,Active,61832,1821010448,1,Permanent,2,Service Delivery Site,1,Health Center/Applicant,1,Full-Time,1,Year-Round,8/1/1987,PUEBLO COMMUNITY HEALTH CENTER,310 Colorado Ave,Pueblo,CO,81004-2006,"Corporate Entity, Federal Tax Exempt",-104.3498785,38.23794384,N,N,8101,Pueblo County,Pueblo,County            ,8,Region 8,8,Colorado,803,3,Colorado District 03,CO-03,Jeff Hurd,Michael F. Bennet,John W. Hickenlooper,5/6/2025
Federally Qualified Health Center (FQHC),H80CS00134,80030,BPS-H80-036444,Valley-Wide Counseling & Support Center - Rocky Ford,404 N Main St,Rocky Ford,CO,81067-1256,719-254-7623,valley-widehealth.org,22,7,All Other Clinic Types,1,Active,,1528779758,1,Permanent,2,Service Delivery Site,1,Health Center/Applicant,0,Unknown,0,Unknown,3/16/2023,VALLEY-WIDE HEALTH SYSTEMS,128 Market St,Alamosa,CO,81101-2290,"Corporate Entity, Federal Tax Exempt",-103.7186854,38.05451327,N,N,8089,Otero County,Otero,County            ,8,Region 8,8,Colorado,803,3,Colorado District 03,CO-03,Jeff Hurd,Michael F. Bennet,John W. Hickenlooper,5/6/2025
Federally Qualified Health Center (FQHC),H80CS00830,81260,BPS-H80-036918,MOUNTAIN FAMILY HEALTH CENTERS GYPSUM,410 McGregor Dr,Gypsum,CO,81637,970-945-2840,,30,7,All Other Clinic Types,1,Active,61051,,1,Permanent,2,Service Delivery Site,1,Health Center/Applicant,0,Unknown,0,Unknown,7/12/2023,MOUNTAIN FAMILY HEALTH CENTERS,"1905 Blake Ave, Ste 101",Glenwood Springs,CO,81601-4206,"Corporate Entity, Federal Tax Exempt",-106.8811271,39.64369713,N,N,8037,Eagle County,Eagle,County            ,8,Region 8,8,Colorado,802,2,Colorado District 02,CO-02,Joe Neguse,Michael F. Bennet,John W. Hickenlooper,5/6/2025
Federally Qualified Health Center (FQHC),H80CS28998,08E01215,BPS-H80-015398,Tepeyac Administration,4725 High St,Denver,CO,80216-2220,303-458-5302,www.tepeyachealth.org,45,7,All Other Clinic Types,1,Active,Application has not been submitted,,1,Permanent,1,Administrative,1,Health Center/Applicant,0,Unknown,0,Unknown,8/1/2015,"LA CLINICA TEPEYAC, INC.",4725 High St,Denver,CO,80216-2220,"Corporate Entity, Federal Tax Exempt",-104.9645754,39.78253816,N,N,8031,Denver County,Denver,County            ,8,Region 8,8,Colorado,801,1,Colorado District 01,CO-01,Diana DeGette,Michael F. Bennet,John W. Hickenlooper,5/6/2025
Federally Qualified Health Center (FQHC),H80CS00134,80030,BPS-H80-039902,Rock Creek Family Medicine,77 Adcock Dr,Alamosa,CO,81101-8903,833-350-1113,,40,7,All Other Clinic Types,1,Active,,,1,Permanent,2,Service Delivery Site,1,Health Center/Applicant,0,Unknown,0,Unknown,2/25/2025,VALLEY-WIDE HEALTH SYSTEMS,128 Market St,Alamosa,CO,81101-2290,"Corporate Entity, Federal Tax Exempt",-105.8995199,37.47316865,N,N,8003,Alamosa County,Alamosa,County            ,8,Region 8,8,Colorado,803,3,Colorado District 03,CO-03,Jeff Hurd,Michael F. Bennet,John W. Hickenlooper,5/6/2025
Federally Qualified Health Center (FQHC),H80CS24099,08E00441,BPS-H80-011688,Sheridan Health Services,4107 S Federal Blvd,Englewood,CO,80110-4316,303-315-6150,www.nursing.ucdenver.edu/sheridan,40,2,School,1,Active,61932,1194921411,1,Permanent,2,Service Delivery Site,1,Health Center/Applicant,1,Full-Time,1,Year-Round,6/1/2012,THE REGENTS OF THE UNIV. OF COLORADO,13001 E 17th Pl STE F428,Aurora,CO,80045-2571,U.S. Government Entity,-105.0253901,39.64052794,N,N,8005,Arapahoe County,Arapahoe,County            ,8,Region 8,8,Colorado,806,6,Colorado District 06,CO-06,Jason Crow,Michael F. Bennet,John W. Hickenlooper,5/6/2025
Federally Qualified Health Center (FQHC),H80CS28361,08E00412,BPS-H80-027628,Lake County Elementary,130 W 12th St,Leadville,CO,80461-3415,720-710-5049,,16,2,School,1,Active,9000184822,1245897008,2,Seasonal,2,Service Delivery Site,1,Health Center/Applicant,0,Unknown,0,Unknown,4/11/2019,"SUMMIT COMMUNITY CARE CLINIC, INC.",360 Peak One Dr STE 100,Frisco,CO,80443-5948,"Corporate Entity, Federal Tax Exempt",-106.2958174,39.25311007,N,N,8065,Lake County,Lake,County            ,8,Region 8,8,Colorado,807,7,Colorado District 07,CO-07,Brittany Pettersen,Michael F. Bennet,John W. Hickenlooper,5/6/2025
Federally Qualified Health Center (FQHC),H80CS28361,08E00412,BPS-H80-032699,West Main - Administrative Site,323 W Main St,Frisco,CO,80443-5966,970-423-8861,www.summitclinic.org,,7,All Other Clinic Types,1,Active,,,1,Permanent,1,Administrative,1,Health Center/Applicant,0,Unknown,0,Unknown,7/2/2021,"SUMMIT COMMUNITY CARE CLINIC, INC.",360 Peak One Dr STE 100,Frisco,CO,80443-5948,"Corporate Entity, Federal Tax Exempt",-106.1080741,39.57526698,N,N,8117,Summit County,Summit,County            ,8,Region 8,8,Colorado,802,2,Colorado District 02,CO-02,Joe Neguse,Michael F. Bennet,John W. Hickenlooper,5/6/2025
Federally Qualified Health Center (FQHC),H80CS00218,80060,BPS-H80-032553,Obstetrics and Gynecology Clinic,777 Bannock St,Denver,CO,80204-4507,303-436-4949,,40,7,All Other Clinic Types,1,Active,,,1,Permanent,2,Service Delivery Site,1,Health Center/Applicant,0,Unknown,0,Unknown,6/3/2021,Denver Health and Hospital Authority,777 Bannock St,Denver,CO,80204-4507,U.S. Government Entity,-104.9902931,39.72800529,N,N,8031,Denver County,Denver,County            ,8,Region 8,8,Colorado,801,1,Colorado District 01,CO-01,Diana DeGette,Michael F. Bennet,John W. Hickenlooper,5/6/2025
Federally Qualified Health Center (FQHC),H80CS00134,80030,BPS-H80-036429,Valley-Wide Peer 613,613 Barnes Ave,La Junta,CO,81050-2136,800-511-5446,,51,0,Unknown,1,Active,,,1,Permanent,1,Administrative,1,Health Center/Applicant,0,Unknown,0,Unknown,3/16/2023,VALLEY-WIDE HEALTH SYSTEMS,128 Market St,Alamosa,CO,81101-2290,"Corporate Entity, Federal Tax Exempt",-103.5543871,37.98191794,N,N,8089,Otero County,Otero,County            ,8,Region 8,8,Colorado,803,3,Colorado District 03,CO-03,Jeff Hurd,Michael F. Bennet,John W. Hickenlooper,5/6/2025
Federally Qualified Health Center (FQHC),H80CS00134,80030,BPS-H80-036978,Valley-Wide Administrative Services- La Junta South,302 Barnes Ave,La Junta,CO,81050-1329,800-511-5446,,40,0,Unknown,1,Active,,,1,Permanent,1,Administrative,1,Health Center/Applicant,0,Unknown,0,Unknown,7/25/2023,VALLEY-WIDE HEALTH SYSTEMS,128 Market St,Alamosa,CO,81101-2290,"Corporate Entity, Federal Tax Exempt",-103.5544086,37.98567312,N,N,8089,Otero County,Otero,County            ,8,Region 8,8,Colorado,803,3,Colorado District 03,CO-03,Jeff Hurd,Michael F. Bennet,John W. Hickenlooper,5/6/2025
Federally Qualified Health Center (FQHC),H80CS00212,81460,BPS-H80-012545,"Health Center at Academy, Suite 3500",3207 N Academy Blvd STE 3500,Colorado Springs,CO,80917-5101,719-632-5700,www.peakvista.org,52.5,7,All Other Clinic Types,1,Active,61940,1962740381,1,Permanent,2,Service Delivery Site,1,Health Center/Applicant,1,Full-Time,1,Year-Round,4/24/2013,PEAK VISTA COMMUNITY HEALTH CENTERS,"3205 N Academy Blvd, Ste 130",Colorado Springs,CO,80917-5152,"Corporate Entity, Federal Tax Exempt",-104.7569725,38.878488,N,N,8041,El Paso County,El Paso,County            ,8,Region 8,8,Colorado,805,5,Colorado District 05,CO-05,Jeff Crank,Michael F. Bennet,John W. Hickenlooper,5/6/2025
Federally Qualified Health Center (FQHC),H80CS00692,80170,BPS-H80-032928,East Side Clinic,1301 E 7th St,Pueblo,CO,81001-3508,719-543-8711,https://www.pueblochc.org/locations/,50.5,7,All Other Clinic Types,1,Active,61031,,1,Permanent,2,Service Delivery Site,1,Health Center/Applicant,0,Unknown,0,Unknown,8/18/2021,PUEBLO COMMUNITY HEALTH CENTER,310 Colorado Ave,Pueblo,CO,81004-2006,"Corporate Entity, Federal Tax Exempt",-104.5886276,38.27391369,N,N,8101,Pueblo County,Pueblo,County            ,8,Region 8,8,Colorado,803,3,Colorado District 03,CO-03,Jeff Hurd,Michael F. Bennet,John W. Hickenlooper,5/6/2025
Federally Qualified Health Center (FQHC),H80CS10610,8.00E+68,BPS-H80-039463,Soda Creek Elementary School,220 Park Ave,Steamboat Springs,CO,80487-5058,970-879-1632,,14,2,School,1,Active,,,1,Permanent,2,Service Delivery Site,1,Health Center/Applicant,0,Unknown,0,Unknown,11/10/2024,NORTHWEST COLORADO VISITING NURSE ASSOCIATION,940 Central Park Dr,Steamboat Springs,CO,80487-8816,"Corporate Entity, Federal Tax Exempt",-106.8290856,40.49057609,N,N,8107,Routt County,Routt,County            ,8,Region 8,8,Colorado,802,2,Colorado District 02,CO-02,Joe Neguse,Michael F. Bennet,John W. Hickenlooper,5/6/2025
Federally Qualified Health Center (FQHC),H80CS00692,80170,BPS-H80-027064,Central High School SBWC,216 E Orman Ave,Pueblo,CO,81004-2144,719-543-8711,,33,2,School,1,Active,,1700139813,2,Seasonal,2,Service Delivery Site,1,Health Center/Applicant,0,Unknown,0,Unknown,12/4/2018,PUEBLO COMMUNITY HEALTH CENTER,310 Colorado Ave,Pueblo,CO,81004-2006,"Corporate Entity, Federal Tax Exempt",-104.6253148,38.25316986,N,N,8101,Pueblo County,Pueblo,County            ,8,Region 8,8,Colorado,803,3,Colorado District 03,CO-03,Jeff Hurd,Michael F. Bennet,John W. Hickenlooper,5/6/2025
Federally Qualified Health Center (FQHC),H80CS00801,80130,BPS-H80-010666,Salud Fort Morgan,729 E Railroad Ave,Fort Morgan,CO,80701-3340,303-697-2583,www.saludclinic.org,40,7,All Other Clinic Types,1,Active,61843,,1,Permanent,2,Service Delivery Site,1,Health Center/Applicant,1,Full-Time,1,Year-Round,7/15/2011,"SALUD FAMILY HEALTH, INC.",203 S Rollie Ave,Fort Lupton,CO,80621-1508,"Corporate Entity, Federal Tax Exempt",-103.7895959,40.24852869,N,N,8087,Morgan County,Morgan,County            ,8,Region 8,8,Colorado,804,4,Colorado District 04,CO-04,Lauren Boebert,Michael F. Bennet,John W. Hickenlooper,5/6/2025
Federally Qualified Health Center (FQHC),H80CS00690,81650,BPS-H80-003315,Clinica Family Health - Thornton,8990 Washington St,Thornton,CO,80229-4537,720-929-1655,WWW.CLINICA.ORG,49,7,All Other Clinic Types,1,Active,61868,1093702177,1,Permanent,2,Service Delivery Site,1,Health Center/Applicant,1,Full-Time,1,Year-Round,1/8/2001,CLINICA CAMPESINA/FAMILY HEALTH SERVICES,1735 S Public Rd,Lafayette,CO,80026-7093,"Corporate Entity, Federal Tax Exempt",-104.9777869,39.86015236,N,N,8001,Adams County,Adams,County            ,8,Region 8,8,Colorado,808,8,Colorado District 08,CO-08,Gabe Evans,Michael F. Bennet,John W. Hickenlooper,5/6/2025
Federally Qualified Health Center (FQHC),H80CS28361,08E00412,BPS-H80-014943,Summit Middle School,158 School Rd,Frisco,CO,80443,970-368-4040,www.summitclinic.org,40,2,School,1,Active,61958,,2,Seasonal,2,Service Delivery Site,1,Health Center/Applicant,0,Unknown,0,Unknown,5/1/2015,"SUMMIT COMMUNITY CARE CLINIC, INC.",360 Peak One Dr STE 100,Frisco,CO,80443-5948,"Corporate Entity, Federal Tax Exempt",-106.0895644,39.58271619,N,N,8117,Summit County,Summit,County            ,8,Region 8,8,Colorado,802,2,Colorado District 02,CO-02,Joe Neguse,Michael F. Bennet,John W. Hickenlooper,5/6/2025
Federally Qualified Health Center (FQHC),H80CS00212,81460,BPS-H80-014123,Health Center at Strasburg,55981 E Colfax Ave,Strasburg,CO,80136-8014,303-622-9237,www.peakvista.org,59,7,All Other Clinic Types,1,Active,61883,1851710065,1,Permanent,2,Service Delivery Site,1,Health Center/Applicant,1,Full-Time,0,Unknown,4/30/2014,PEAK VISTA COMMUNITY HEALTH CENTERS,"3205 N Academy Blvd, Ste 130",Colorado Springs,CO,80917-5152,"Corporate Entity, Federal Tax Exempt",-104.3319462,39.73833205,N,N,8001,Adams County,Adams,County            ,8,Region 8,8,Colorado,804,4,Colorado District 04,CO-04,Lauren Boebert,Michael F. Bennet,John W. Hickenlooper,5/6/2025
Federally Qualified Health Center (FQHC),H80CS00134,80030,BPS-H80-017356,"Valley-Wide Health Systems, Inc. - 204 Carson Building",204 Carson Ave,Alamosa,CO,81101-2342,719-589-3658,,40,7,All Other Clinic Types,1,Active,61024,1538772892,1,Permanent,1,Administrative,1,Health Center/Applicant,0,Unknown,0,Unknown,12/21/2015,VALLEY-WIDE HEALTH SYSTEMS,128 Market St,Alamosa,CO,81101-2290,"Corporate Entity, Federal Tax Exempt",-105.8817649,37.47117698,N,N,8003,Alamosa County,Alamosa,County            ,8,Region 8,8,Colorado,803,3,Colorado District 03,CO-03,Jeff Hurd,Michael F. Bennet,John W. Hickenlooper,5/6/2025
Federally Qualified Health Center (FQHC),H80CS00623,81740,BPS-H80-003505,UNCOMPAHGRE COMBINED CLINICS,1350 Aspen St,Norwood,CO,81423,970-327-4233,umclinic.org,51.5,7,All Other Clinic Types,1,Active,61806,,1,Permanent,2,Service Delivery Site,1,Health Center/Applicant,1,Full-Time,1,Year-Round,1/10/1978,UNCOMPAHGRE COMBINED CLINICS,1350 S Aspen St,Norwood,CO,81423,"Corporate Entity, Federal Tax Exempt",-108.297685,38.12936095,N,N,8113,San Miguel County,San Miguel,County            ,8,Region 8,8,Colorado,803,3,Colorado District 03,CO-03,Jeff Hurd,Michael F. Bennet,John W. Hickenlooper,5/6/2025
Federally Qualified Health Center (FQHC),H80CS00218,80060,BPS-H80-032556,Adult Dental and OMFS Clinic,660 Bannock St,Denver,CO,80204-4506,303-436-4949,www.denverhealth.org,50,7,All Other Clinic Types,1,Active,,,1,Permanent,2,Service Delivery Site,1,Health Center/Applicant,0,Unknown,0,Unknown,6/3/2021,Denver Health and Hospital Authority,777 Bannock St,Denver,CO,80204-4507,U.S. Government Entity,-104.9902618,39.72683291,N,N,8031,Denver County,Denver,County            ,8,Region 8,8,Colorado,801,1,Colorado District 01,CO-01,Diana DeGette,Michael F. Bennet,John W. Hickenlooper,5/6/2025
Federally Qualified Health Center (FQHC),H80CS28356,08E01132,BPS-H80-030227,Marillac Clinic - Warrior Wellness Center,550 Warrior Way STE Wc,Grand Junction,CO,81504-6401,970-200-1603,,40,2,School,1,Active,,9000196058,1,Permanent,2,Service Delivery Site,1,Health Center/Applicant,0,Unknown,0,Unknown,1/21/2020,"MARILLAC CLINIC, INC.",2333 N 6th St,Grand Junction,CO,81501-2001,"Corporate Entity, Federal Tax Exempt",-108.472658,39.0865175,N,N,8077,Mesa County,Mesa,County            ,8,Region 8,8,Colorado,803,3,Colorado District 03,CO-03,Jeff Hurd,Michael F. Bennet,John W. Hickenlooper,5/6/2025
Federally Qualified Health Center (FQHC),H80CS00804,80140,BPS-H80-030681,Sunrise Thompson Health Clinic,2880 Monroe Ave,Loveland,CO,80538-3274,970-613-6800,,40,2,School,1,Active,,,1,Permanent,2,Service Delivery Site,1,Health Center/Applicant,0,Unknown,0,Unknown,4/27/2020,SUNRISE COMMUNITY HEALTH,2930 11th Ave,Evans,CO,80620-1011,"Corporate Entity, Federal Tax Exempt",-105.0680108,40.42161638,N,N,8069,Larimer County,Larimer,County            ,8,Region 8,8,Colorado,804,4,Colorado District 04,CO-04,Lauren Boebert,Michael F. Bennet,John W. Hickenlooper,5/6/2025
Federally Qualified Health Center (FQHC),H80CS00212,81460,BPS-H80-027295,Health Center at Jet Wing,1815 Jet Wing Dr,Colorado Springs,CO,80916-2300,719-632-5700,www.peakvista.org,55,7,All Other Clinic Types,1,Active,61988,1437622206,1,Permanent,2,Service Delivery Site,1,Health Center/Applicant,0,Unknown,0,Unknown,1/10/2019,PEAK VISTA COMMUNITY HEALTH CENTERS,"3205 N Academy Blvd, Ste 130",Colorado Springs,CO,80917-5152,"Corporate Entity, Federal Tax Exempt",-104.7415535,38.80823156,N,N,8041,El Paso County,El Paso,County            ,8,Region 8,8,Colorado,805,5,Colorado District 05,CO-05,Jeff Crank,Michael F. Bennet,John W. Hickenlooper,5/6/2025
Federally Qualified Health Center (FQHC),H80CS00218,80060,BPS-H80-004078,Martin Luther King Junior Early College Campus,19535 E 46th Ave,Denver,CO,80249-6637,720-424-0476,www.denverhealth.org,40,2,School,1,Active,,1811196959,2,Seasonal,2,Service Delivery Site,1,Health Center/Applicant,1,Full-Time,1,Year-Round,1/1/1993,Denver Health and Hospital Authority,777 Bannock St,Denver,CO,80204-4507,U.S. Government Entity,-104.7602127,39.78006638,N,N,8031,Denver County,Denver,County            ,8,Region 8,8,Colorado,801,1,Colorado District 01,CO-01,Diana DeGette,Michael F. Bennet,John W. Hickenlooper,5/6/2025
Federally Qualified Health Center (FQHC),H80CS00801,80130,BPS-H80-030058,Salud Trinidad Dental Clinic,928 Smith Ave,Trinidad,CO,81082-2841,303-697-2583,,40,7,All Other Clinic Types,1,Active,,,1,Permanent,2,Service Delivery Site,1,Health Center/Applicant,0,Unknown,0,Unknown,12/3/2019,"SALUD FAMILY HEALTH, INC.",203 S Rollie Ave,Fort Lupton,CO,80621-1508,"Corporate Entity, Federal Tax Exempt",-104.5217693,37.16718086,N,N,8071,Las Animas County,Las Animas,County            ,8,Region 8,8,Colorado,803,3,Colorado District 03,CO-03,Jeff Hurd,Michael F. Bennet,John W. Hickenlooper,5/6/2025
Federally Qualified Health Center (FQHC),H80CS00134,80030,BPS-H80-036981,Valley-Wide Administrative Services- La Junta North,901 W 3rd St,La Junta,CO,81050-1314,719-383-5493,,42.5,0,Unknown,1,Active,,,1,Permanent,1,Administrative,1,Health Center/Applicant,0,Unknown,0,Unknown,7/25/2023,VALLEY-WIDE HEALTH SYSTEMS,128 Market St,Alamosa,CO,81101-2290,"Corporate Entity, Federal Tax Exempt",-103.5539425,37.98592508,N,N,8089,Otero County,Otero,County            ,8,Region 8,8,Colorado,803,3,Colorado District 03,CO-03,Jeff Hurd,Michael F. Bennet,John W. Hickenlooper,5/6/2025
Federally Qualified Health Center (FQHC),H80CS00801,80130,BPS-H80-030119,Salud Fort Morgan High School,709 E Riverview Ave # 300,Fort Morgan,CO,80701-3263,303-697-2583,www.saludclinic.org,40,2,School,1,Active,,,2,Seasonal,2,Service Delivery Site,1,Health Center/Applicant,0,Unknown,0,Unknown,12/17/2019,"SALUD FAMILY HEALTH, INC.",203 S Rollie Ave,Fort Lupton,CO,80621-1508,"Corporate Entity, Federal Tax Exempt",-103.7933038,40.26123548,N,N,8087,Morgan County,Morgan,County            ,8,Region 8,8,Colorado,804,4,Colorado District 04,CO-04,Lauren Boebert,Michael F. Bennet,John W. Hickenlooper,5/6/2025
Federally Qualified Health Center (FQHC),H80CS00690,81650,BPS-H80-017939,Clinica Family Health - Lafayette,1735 S Public Rd,Lafayette,CO,80026-7093,303-650-4460,clinica.org,49,7,All Other Clinic Types,1,Active,61803,1831186915,1,Permanent,3,Administrative/Service Delivery Site,1,Health Center/Applicant,0,Unknown,0,Unknown,5/1/2016,CLINICA CAMPESINA/FAMILY HEALTH SERVICES,1735 S Public Rd,Lafayette,CO,80026-7093,"Corporate Entity, Federal Tax Exempt",-105.0905304,39.98293865,N,N,8013,Boulder County,Boulder,County            ,8,Region 8,8,Colorado,802,2,Colorado District 02,CO-02,Joe Neguse,Michael F. Bennet,John W. Hickenlooper,5/6/2025
Federally Qualified Health Center (FQHC),H80CS00218,80060,BPS-H80-004208,La Casa Quigg Newton Family Health Center,4545 Navajo St,Denver,CO,80211-2440,303-602-6700,www.denverhealth.org,40,7,All Other Clinic Types,1,Active,61828,1467877126,1,Permanent,2,Service Delivery Site,1,Health Center/Applicant,1,Full-Time,1,Year-Round,1/1/1972,Denver Health and Hospital Authority,777 Bannock St,Denver,CO,80204-4507,U.S. Government Entity,-105.0042052,39.77889949,N,N,8031,Denver County,Denver,County            ,8,Region 8,8,Colorado,801,1,Colorado District 01,CO-01,Diana DeGette,Michael F. Bennet,John W. Hickenlooper,5/6/2025
Federally Qualified Health Center (FQHC),H80CS00212,81460,BPS-H80-012601,Peak Vista Pharmacy at Academy,3207 N Academy Blvd STE 1200,Colorado Springs,CO,80917-5101,719-344-6398,www.peakvista.org,40,7,All Other Clinic Types,1,Active,,1912240540,1,Permanent,1,Administrative,1,Health Center/Applicant,1,Full-Time,1,Year-Round,5/20/2013,PEAK VISTA COMMUNITY HEALTH CENTERS,"3205 N Academy Blvd, Ste 130",Colorado Springs,CO,80917-5152,"Corporate Entity, Federal Tax Exempt",-104.7569725,38.878488,N,N,8041,El Paso County,El Paso,County            ,8,Region 8,8,Colorado,805,5,Colorado District 05,CO-05,Jeff Crank,Michael F. Bennet,John W. Hickenlooper,5/6/2025
Federally Qualified Health Center (FQHC),H80CS00217,80730,BPS-H80-007555,STRIDE CHC  -  Peoria,3292 N Peoria St,Aurora,CO,80010-1517,303-343-6130,www.stridechc.org,61,7,All Other Clinic Types,1,Active,61969,1205098340,1,Permanent,2,Service Delivery Site,1,Health Center/Applicant,1,Full-Time,1,Year-Round,6/5/2008,METRO COMMUNITY PROVIDER NETWORK INC,7495 W 29th Ave,Wheat Ridge,CO,80033-8002,"Corporate Entity, Federal Tax Exempt",-104.8464997,39.76469527,N,N,8001,Adams County,Adams,County            ,8,Region 8,8,Colorado,806,6,Colorado District 06,CO-06,Jason Crow,Michael F. Bennet,John W. Hickenlooper,5/6/2025
Federally Qualified Health Center (FQHC),H80CS00218,80060,BPS-H80-031480,Mobile Health Center 2,777 Bannock St,Denver,CO,80204-4507,303-602-6783,denverhealth.org,43,7,All Other Clinic Types,1,Active,,,5,Mobile Van,2,Service Delivery Site,1,Health Center/Applicant,0,Unknown,0,Unknown,10/16/2020,Denver Health and Hospital Authority,777 Bannock St,Denver,CO,80204-4507,U.S. Government Entity,-104.9902931,39.72800529,N,N,8031,Denver County,Denver,County            ,8,Region 8,8,Colorado,801,1,Colorado District 01,CO-01,Diana DeGette,Michael F. Bennet,John W. Hickenlooper,5/6/2025
Federally Qualified Health Center (FQHC),H80CS00218,80060,BPS-H80-019065,Wellington E. Webb Center for Primary Care,301 W 6th Ave,Denver,CO,80204-5182,303-436-4949,,44,7,All Other Clinic Types,1,Active,161821,1922049014,1,Permanent,2,Service Delivery Site,1,Health Center/Applicant,0,Unknown,0,Unknown,12/27/2016,Denver Health and Hospital Authority,777 Bannock St,Denver,CO,80204-4507,U.S. Government Entity,-104.9916745,39.72568417,N,N,8031,Denver County,Denver,County            ,8,Region 8,8,Colorado,801,1,Colorado District 01,CO-01,Diana DeGette,Michael F. Bennet,John W. Hickenlooper,5/6/2025
Federally Qualified Health Center (FQHC),H80CS00804,80140,BPS-H80-004327,KIDS CARE CLINIC,1400 37th St,Evans,CO,80620-1906,970-348-1138,sunrisecommunityhealth.org,40,2,School,1,Active,,1811295264,1,Permanent,2,Service Delivery Site,1,Health Center/Applicant,1,Full-Time,1,Year-Round,1/1/2007,SUNRISE COMMUNITY HEALTH,2930 11th Ave,Evans,CO,80620-1011,"Corporate Entity, Federal Tax Exempt",-104.7028386,40.37744898,N,N,8123,Weld County,Weld,County            ,8,Region 8,8,Colorado,808,8,Colorado District 08,CO-08,Gabe Evans,Michael F. Bennet,John W. Hickenlooper,5/6/2025
Federally Qualified Health Center (FQHC),H80CS00804,80140,BPS-H80-035158,Sunrise Windsor Clinic,"1039 Main St, Unit G",Windsor,CO,80550-4847,970-353-9403,,47.5,7,All Other Clinic Types,1,Active,1285372334,,1,Permanent,2,Service Delivery Site,1,Health Center/Applicant,0,Unknown,0,Unknown,6/28/2022,SUNRISE COMMUNITY HEALTH,2930 11th Ave,Evans,CO,80620-1011,"Corporate Entity, Federal Tax Exempt",-104.9154679,40.47973003,N,N,8123,Weld County,Weld,County            ,8,Region 8,8,Colorado,804,4,Colorado District 04,CO-04,Lauren Boebert,Michael F. Bennet,John W. Hickenlooper,5/6/2025
Federally Qualified Health Center (FQHC),H80CS00801,80130,BPS-H80-014851,Salud Brighton's Women Center,30 S 20th Ave,Brighton,CO,80601-3705,303-697-2583,www.saludclinic.org,40,7,All Other Clinic Types,1,Active,,,1,Permanent,2,Service Delivery Site,1,Health Center/Applicant,0,Unknown,0,Unknown,4/26/2015,"SALUD FAMILY HEALTH, INC.",203 S Rollie Ave,Fort Lupton,CO,80621-1508,"Corporate Entity, Federal Tax Exempt",-104.7977627,39.98618019,N,N,8001,Adams County,Adams,County            ,8,Region 8,8,Colorado,808,8,Colorado District 08,CO-08,Gabe Evans,Michael F. Bennet,John W. Hickenlooper,5/6/2025
Federally Qualified Health Center (FQHC) Look-Alike,LALCS54746,08E01510,BPS-LAL-039879,"Uptown Community Health Center, Inc. Caritas Internal Medicine","1960 N Ogden St, Suite 400",Denver,CO,80218-3670,303-318-1540,www.uptowncommunityhealth.org,50,7,All Other Clinic Types,1,Active,,,1,Permanent,2,Service Delivery Site,1,Health Center/Applicant,0,Unknown,0,Unknown,3/1/2025,UPTOWN COMMUNITY HEALTH CENTER INC,1960 N OGDEN ST STE 300,DENVER,CO,80218,NA,-104.9747141,39.74685024,N,N,8031,Denver County,Denver,County            ,8,Region 8,8,Colorado,801,1,Colorado District 01,CO-01,Diana DeGette,Michael F. Bennet,John W. Hickenlooper,5/6/2025
Federally Qualified Health Center (FQHC),H80CS28361,08E00412,BPS-H80-022346,Park County RE-2 SBHC,640 Hathaway St,Fairplay,CO,80440-5204,970-423-8831,,32,2,School,1,Active,,,1,Permanent,2,Service Delivery Site,1,Health Center/Applicant,0,Unknown,0,Unknown,7/3/2018,"SUMMIT COMMUNITY CARE CLINIC, INC.",360 Peak One Dr STE 100,Frisco,CO,80443-5948,"Corporate Entity, Federal Tax Exempt",-105.9986014,39.22375251,N,N,8093,Park County,Park,County            ,8,Region 8,8,Colorado,807,7,Colorado District 07,CO-07,Brittany Pettersen,Michael F. Bennet,John W. Hickenlooper,5/6/2025
Federally Qualified Health Center (FQHC),H80CS00217,80730,BPS-H80-034974,STRIDE CHC - Horizon Community Middle School,3981 S Reservoir Rd,Aurora,CO,80013-3804,303-360-6276,https://stridechc.org,30,2,School,1,Active,,,1,Permanent,2,Service Delivery Site,1,Health Center/Applicant,0,Unknown,0,Unknown,5/1/2022,METRO COMMUNITY PROVIDER NETWORK INC,7495 W 29th Ave,Wheat Ridge,CO,80033-8002,"Corporate Entity, Federal Tax Exempt",-104.7705901,39.6441454,N,N,8005,Arapahoe County,Arapahoe,County            ,8,Region 8,8,Colorado,806,6,Colorado District 06,CO-06,Jason Crow,Michael F. Bennet,John W. Hickenlooper,5/6/2025
Federally Qualified Health Center (FQHC),H80CS00040,80620,BPS-H80-004830,Forest Manor Apartments,1410 Moline St APT 108,Aurora,CO,80010-3625,303-363-8391,www.coloradocoalition.org,40,7,All Other Clinic Types,1,Active,,,1,Permanent,2,Service Delivery Site,1,Health Center/Applicant,1,Full-Time,1,Year-Round,1/1/1989,THE COLORADO COALITION FOR THE HOMELESS,2111 Champa St,Denver,CO,80205-2529,"Corporate Entity, Federal Tax Exempt",-104.8538685,39.73859067,N,N,8005,Arapahoe County,Arapahoe,County            ,8,Region 8,8,Colorado,806,6,Colorado District 06,CO-06,Jason Crow,Michael F. Bennet,John W. Hickenlooper,5/6/2025
Federally Qualified Health Center (FQHC),H80CS00218,80060,BPS-H80-004833,South High School,1700 E Louisiana Ave,Denver,CO,80210-1810,720-423-6260,www.denverhealth.org,40,2,School,1,Active,,1184794893,2,Seasonal,2,Service Delivery Site,1,Health Center/Applicant,1,Full-Time,1,Year-Round,1/3/2007,Denver Health and Hospital Authority,777 Bannock St,Denver,CO,80204-4507,U.S. Government Entity,-104.9664998,39.69292887,N,N,8031,Denver County,Denver,County            ,8,Region 8,8,Colorado,801,1,Colorado District 01,CO-01,Diana DeGette,Michael F. Bennet,John W. Hickenlooper,5/6/2025
Federally Qualified Health Center (FQHC),H80CS28361,08E00412,BPS-H80-027748,Frisco Elementary,800 S 8th Ave,Frisco,CO,80443,970-668-4040,,8,2,School,1,Active,,,2,Seasonal,2,Service Delivery Site,1,Health Center/Applicant,0,Unknown,0,Unknown,5/15/2019,"SUMMIT COMMUNITY CARE CLINIC, INC.",360 Peak One Dr STE 100,Frisco,CO,80443-5948,"Corporate Entity, Federal Tax Exempt",-106.0902392,39.57060107,N,N,8117,Summit County,Summit,County            ,8,Region 8,8,Colorado,802,2,Colorado District 02,CO-02,Joe Neguse,Michael F. Bennet,John W. Hickenlooper,5/6/2025
Federally Qualified Health Center (FQHC),H80CS00218,80060,BPS-H80-012411,Manual Campus,1700 E 28th Ave,Denver,CO,80205-4502,720-423-6435,,40,2,School,1,Active,,1366760498,2,Seasonal,2,Service Delivery Site,1,Health Center/Applicant,1,Full-Time,2,Seasonal,3/6/2013,Denver Health and Hospital Authority,777 Bannock St,Denver,CO,80204-4507,U.S. Government Entity,-104.9684111,39.75698149,N,N,8031,Denver County,Denver,County            ,8,Region 8,8,Colorado,801,1,Colorado District 01,CO-01,Diana DeGette,Michael F. Bennet,John W. Hickenlooper,5/6/2025
Federally Qualified Health Center (FQHC),H80CS00218,80060,BPS-H80-032554,Adult Urgent Care Clinic,660 Bannock St,Denver,CO,80204-4506,303-436-4949,,84,7,All Other Clinic Types,1,Active,,,1,Permanent,2,Service Delivery Site,1,Health Center/Applicant,0,Unknown,0,Unknown,6/3/2021,Denver Health and Hospital Authority,777 Bannock St,Denver,CO,80204-4507,U.S. Government Entity,-104.9902618,39.72683291,N,N,8031,Denver County,Denver,County            ,8,Region 8,8,Colorado,801,1,Colorado District 01,CO-01,Diana DeGette,Michael F. Bennet,John W. Hickenlooper,5/6/2025
Federally Qualified Health Center (FQHC),H80CS00134,80030,BPS-H80-038159,Valley-Wide MERV Mobile Unit,925 2nd Ave,Monte Vista,CO,81144-1432,719-589-5161,www.valley-widehealth.org,20,7,All Other Clinic Types,1,Active,,,5,Mobile Van,2,Service Delivery Site,1,Health Center/Applicant,0,Unknown,0,Unknown,1/23/2024,VALLEY-WIDE HEALTH SYSTEMS,128 Market St,Alamosa,CO,81101-2290,"Corporate Entity, Federal Tax Exempt",-106.145897,37.57923979,N,N,8105,Rio Grande County,Rio Grande,County            ,8,Region 8,8,Colorado,803,3,Colorado District 03,CO-03,Jeff Hurd,Michael F. Bennet,John W. Hickenlooper,5/6/2025
Federally Qualified Health Center (FQHC),H80CS00692,80170,BPS-H80-021004,Pueblo Community College Student Health Clinic,900 W Orman Ave BLDG Room # 118,Pueblo,CO,81004-1430,719-549-3315,,40,2,School,1,Active,61984,,1,Permanent,2,Service Delivery Site,1,Health Center/Applicant,0,Unknown,0,Unknown,8/16/2017,PUEBLO COMMUNITY HEALTH CENTER,310 Colorado Ave,Pueblo,CO,81004-2006,"Corporate Entity, Federal Tax Exempt",-104.6373779,38.262405,N,N,8101,Pueblo County,Pueblo,County            ,8,Region 8,8,Colorado,803,3,Colorado District 03,CO-03,Jeff Hurd,Michael F. Bennet,John W. Hickenlooper,5/6/2025
Federally Qualified Health Center (FQHC),H80CS00134,80030,BPS-H80-031533,Center Dental Clinic,135 E 6th St,Center,CO,81125,719-754-3584,,40,7,All Other Clinic Types,1,Active,,1649267741,1,Permanent,2,Service Delivery Site,1,Health Center/Applicant,0,Unknown,0,Unknown,10/30/2020,VALLEY-WIDE HEALTH SYSTEMS,128 Market St,Alamosa,CO,81101-2290,"Corporate Entity, Federal Tax Exempt",-106.1118051,37.75040235,N,N,8109,Saguache County,Saguache,County            ,8,Region 8,8,Colorado,803,3,Colorado District 03,CO-03,Jeff Hurd,Michael F. Bennet,John W. Hickenlooper,5/6/2025
Federally Qualified Health Center (FQHC),H80CS00212,81460,BPS-H80-034369,Downtown Health Center,111 E Las Vegas St,Colorado Springs,CO,80903-4215,719-632-5700,www.peakvista.org,47.5,7,All Other Clinic Types,1,Active,61032,1972245959,1,Permanent,2,Service Delivery Site,1,Health Center/Applicant,0,Unknown,0,Unknown,3/17/2022,PEAK VISTA COMMUNITY HEALTH CENTERS,"3205 N Academy Blvd, Ste 130",Colorado Springs,CO,80917-5152,"Corporate Entity, Federal Tax Exempt",-104.823761,38.81837781,N,N,8041,El Paso County,El Paso,County            ,8,Region 8,8,Colorado,805,5,Colorado District 05,CO-05,Jeff Crank,Michael F. Bennet,John W. Hickenlooper,5/6/2025
Federally Qualified Health Center (FQHC),H80CS00690,81650,BPS-H80-039440,Clinica Family Health & Wellness -- Broomfield Clinic,897 US Highway 287,Broomfield,CO,80020-7000,303-650-4460,,40,7,All Other Clinic Types,1,Active,,,1,Permanent,2,Service Delivery Site,1,Health Center/Applicant,0,Unknown,0,Unknown,11/1/2024,CLINICA CAMPESINA/FAMILY HEALTH SERVICES,1735 S Public Rd,Lafayette,CO,80026-7093,"Corporate Entity, Federal Tax Exempt",-105.0908851,39.92774466,N,N,8014,Broomfield County,Broomfield,County            ,8,Region 8,8,Colorado,807,7,Colorado District 07,CO-07,Brittany Pettersen,Michael F. Bennet,John W. Hickenlooper,5/6/2025
Federally Qualified Health Center (FQHC),H80CS00801,80130,BPS-H80-010608,Salud Commerce City,6255 Quebec St,Commerce City,CO,80022-2926,303-697-2583,,40,7,All Other Clinic Types,1,Active,61813,,1,Permanent,2,Service Delivery Site,1,Health Center/Applicant,1,Full-Time,1,Year-Round,6/28/2011,"SALUD FAMILY HEALTH, INC.",203 S Rollie Ave,Fort Lupton,CO,80621-1508,"Corporate Entity, Federal Tax Exempt",-104.9034569,39.81029739,N,N,8001,Adams County,Adams,County            ,8,Region 8,8,Colorado,808,8,Colorado District 08,CO-08,Gabe Evans,Michael F. Bennet,John W. Hickenlooper,5/6/2025
Federally Qualified Health Center (FQHC),H80CS26510,08E00393,BPS-H80-031823,Pagosa Springs Integrated Healthcare,52 Village Dr,Pagosa Springs,CO,81147-8368,970-246-2104,,53,7,All Other Clinic Types,1,Active,61028,,1,Permanent,2,Service Delivery Site,1,Health Center/Applicant,0,Unknown,0,Unknown,12/23/2020,"SOUTHWEST COLORADO MENTAL HEALTH CENTER, INC",150 Mercury Village Dr,Durango,CO,81301-8955,"Corporate Entity, Federal Tax Exempt",-107.0783785,37.25610644,N,N,8007,Archuleta County,Archuleta,County            ,8,Region 8,8,Colorado,803,3,Colorado District 03,CO-03,Jeff Hurd,Michael F. Bennet,John W. Hickenlooper,5/6/2025
Federally Qualified Health Center (FQHC),H80CS00692,80170,BPS-H80-027797,Support Services,229 Colorado Ave,Pueblo,CO,81004-2003,719-543-8711,,42.5,0,Unknown,1,Active,,,1,Permanent,1,Administrative,1,Health Center/Applicant,0,Unknown,0,Unknown,5/28/2019,PUEBLO COMMUNITY HEALTH CENTER,310 Colorado Ave,Pueblo,CO,81004-2006,"Corporate Entity, Federal Tax Exempt",-104.623634,38.25789298,N,N,8101,Pueblo County,Pueblo,County            ,8,Region 8,8,Colorado,803,3,Colorado District 03,CO-03,Jeff Hurd,Michael F. Bennet,John W. Hickenlooper,5/6/2025
Federally Qualified Health Center (FQHC),H80CS00830,81260,BPS-H80-036011,Mountain Family Health Centers Glenwood Springs Administration,2802 Grand Ave,Glenwood Springs,CO,81601-4428,970-945-2840,wwwmountainfamily.org,,7,All Other Clinic Types,1,Active,,,1,Permanent,1,Administrative,1,Health Center/Applicant,0,Unknown,0,Unknown,12/6/2022,MOUNTAIN FAMILY HEALTH CENTERS,"1905 Blake Ave, Ste 101",Glenwood Springs,CO,81601-4206,"Corporate Entity, Federal Tax Exempt",-107.3244523,39.52339461,N,N,8045,Garfield County,Garfield,County            ,8,Region 8,8,Colorado,803,3,Colorado District 03,CO-03,Jeff Hurd,Michael F. Bennet,John W. Hickenlooper,5/6/2025
Federally Qualified Health Center (FQHC),H80CS28356,08E01132,BPS-H80-036116,Marillac Clinic-12th Street,"2139 N 12th St, Ste 2",Grand Junction,CO,81501-2910,970-200-1600,www.MarillacHealth.org,40,7,All Other Clinic Types,1,Active,,1801530928,1,Permanent,2,Service Delivery Site,1,Health Center/Applicant,0,Unknown,0,Unknown,12/21/2022,"MARILLAC CLINIC, INC.",2333 N 6th St,Grand Junction,CO,81501-2001,"Corporate Entity, Federal Tax Exempt",-108.5523724,39.08783798,N,N,8077,Mesa County,Mesa,County            ,8,Region 8,8,Colorado,803,3,Colorado District 03,CO-03,Jeff Hurd,Michael F. Bennet,John W. Hickenlooper,5/6/2025
Federally Qualified Health Center (FQHC),H80CS00692,80170,BPS-H80-000141,Patient Pharmacy and Administration,110 E Routt Ave,Pueblo,CO,81004-2117,719-543-8711,http://www.pueblochc.org,50.5,7,All Other Clinic Types,1,Active,,,1,Permanent,1,Administrative,1,Health Center/Applicant,1,Full-Time,1,Year-Round,8/1/1987,PUEBLO COMMUNITY HEALTH CENTER,310 Colorado Ave,Pueblo,CO,81004-2006,"Corporate Entity, Federal Tax Exempt",-104.6234106,38.25747716,N,N,8101,Pueblo County,Pueblo,County            ,8,Region 8,8,Colorado,803,3,Colorado District 03,CO-03,Jeff Hurd,Michael F. Bennet,John W. Hickenlooper,5/6/2025
Federally Qualified Health Center (FQHC),H80CS00134,80030,BPS-H80-012270,La Junta Clinic,1012 Belmont Ave,La Junta,CO,81050-2101,719-383-5900,www.vwhs.org,80,7,All Other Clinic Types,1,Active,61859,1225025703,1,Permanent,2,Service Delivery Site,1,Health Center/Applicant,1,Full-Time,1,Year-Round,1/4/2013,VALLEY-WIDE HEALTH SYSTEMS,128 Market St,Alamosa,CO,81101-2290,"Corporate Entity, Federal Tax Exempt",-103.5555603,37.97839021,N,N,8089,Otero County,Otero,County            ,8,Region 8,8,Colorado,803,3,Colorado District 03,CO-03,Jeff Hurd,Michael F. Bennet,John W. Hickenlooper,5/6/2025
Federally Qualified Health Center (FQHC),H80CS00830,81260,BPS-H80-008779,MOUNTAIN FAMILY HEALTH CENTERS RIFLE,"195 W 14th, Ste C",Rifle,CO,81650-4717,970-945-2840,www.mountainfamily.org,50,7,All Other Clinic Types,1,Active,61911,1578862983,1,Permanent,2,Service Delivery Site,1,Health Center/Applicant,1,Full-Time,1,Year-Round,6/29/2009,MOUNTAIN FAMILY HEALTH CENTERS,"1905 Blake Ave, Ste 101",Glenwood Springs,CO,81601-4206,"Corporate Entity, Federal Tax Exempt",-107.78508,39.54216659,N,N,8045,Garfield County,Garfield,County            ,8,Region 8,8,Colorado,803,3,Colorado District 03,CO-03,Jeff Hurd,Michael F. Bennet,John W. Hickenlooper,5/6/2025
Federally Qualified Health Center (FQHC),H80CS00690,81650,BPS-H80-014347,Clinica Family Health - MHP Alpine,1000 Alpine Ave,Boulder,CO,80304-3401,303-443-8500,clinica.org,40,7,All Other Clinic Types,1,Active,61920,1659649135,1,Permanent,2,Service Delivery Site,1,Health Center/Applicant,0,Unknown,0,Unknown,10/14/2014,CLINICA CAMPESINA/FAMILY HEALTH SERVICES,1735 S Public Rd,Lafayette,CO,80026-7093,"Corporate Entity, Federal Tax Exempt",-105.2842261,40.02548771,N,N,8013,Boulder County,Boulder,County            ,8,Region 8,8,Colorado,802,2,Colorado District 02,CO-02,Joe Neguse,Michael F. Bennet,John W. Hickenlooper,5/6/2025
Federally Qualified Health Center (FQHC),H80CS00040,80620,BPS-H80-005709,Forum Apartments,250 W 14th Ave,Denver,CO,80204-2733,303-573-3707,www.coloradocoalition.org,40,7,All Other Clinic Types,1,Active,,,1,Permanent,2,Service Delivery Site,1,Health Center/Applicant,2,Part-Time,1,Year-Round,1/1/1996,THE COLORADO COALITION FOR THE HOMELESS,2111 Champa St,Denver,CO,80205-2529,"Corporate Entity, Federal Tax Exempt",-104.991274,39.73842253,N,N,8031,Denver County,Denver,County            ,8,Region 8,8,Colorado,801,1,Colorado District 01,CO-01,Diana DeGette,Michael F. Bennet,John W. Hickenlooper,5/6/2025
Federally Qualified Health Center (FQHC),H80CS00134,80030,BPS-H80-036445,Valley-Wide Regional Assessment Center- La Junta,721 Barnes Ave,La Junta,CO,81050-2138,800-511-5446,,168,7,All Other Clinic Types,1,Active,,,1,Permanent,2,Service Delivery Site,1,Health Center/Applicant,0,Unknown,0,Unknown,3/17/2023,VALLEY-WIDE HEALTH SYSTEMS,128 Market St,Alamosa,CO,81101-2290,"Corporate Entity, Federal Tax Exempt",-103.5543961,37.98044256,N,N,8089,Otero County,Otero,County            ,8,Region 8,8,Colorado,803,3,Colorado District 03,CO-03,Jeff Hurd,Michael F. Bennet,John W. Hickenlooper,5/6/2025
Federally Qualified Health Center (FQHC),H80CS00040,80620,BPS-H80-000434,Renaissance at Lowry Boulevard,550 Alton Way,Denver,CO,80230-6144,303-340-3940,www.coloradocoalition.org,40,7,All Other Clinic Types,1,Active,,,1,Permanent,2,Service Delivery Site,1,Health Center/Applicant,1,Full-Time,1,Year-Round,1/1/1994,THE COLORADO COALITION FOR THE HOMELESS,2111 Champa St,Denver,CO,80205-2529,"Corporate Entity, Federal Tax Exempt",-104.8789404,39.72444416,N,N,8031,Denver County,Denver,County            ,8,Region 8,8,Colorado,801,1,Colorado District 01,CO-01,Diana DeGette,Michael F. Bennet,John W. Hickenlooper,5/6/2025
Federally Qualified Health Center (FQHC),H80CS00218,80060,BPS-H80-027465,Rose Andom Health Center,1330 Fox St,Denver,CO,80204-2602,720-337-4419,,40,7,All Other Clinic Types,1,Active,61020,1295293579,1,Permanent,2,Service Delivery Site,1,Health Center/Applicant,0,Unknown,0,Unknown,2/27/2019,Denver Health and Hospital Authority,777 Bannock St,Denver,CO,80204-4507,U.S. Government Entity,-104.9952733,39.73762067,N,N,8031,Denver County,Denver,County            ,8,Region 8,8,Colorado,801,1,Colorado District 01,CO-01,Diana DeGette,Michael F. Bennet,John W. Hickenlooper,5/6/2025
Federally Qualified Health Center (FQHC),H80CS24176,08E00518,BPS-H80-027848,River Valley Family Health Center of Montrose,1010 S Rio Grande Ave,Montrose,CO,81401-4831,970-497-3333,,55.25,7,All Other Clinic Types,1,Active,61961,,1,Permanent,2,Service Delivery Site,1,Health Center/Applicant,0,Unknown,0,Unknown,6/7/2019,"OLATHE COMMUNITY CLINIC, INC.",308 Main St,Olathe,CO,81425-5066,"Corporate Entity, Federal Tax Exempt",-107.8743159,38.46811966,N,N,8085,Montrose County,Montrose,County            ,8,Region 8,8,Colorado,803,3,Colorado District 03,CO-03,Jeff Hurd,Michael F. Bennet,John W. Hickenlooper,5/6/2025
Federally Qualified Health Center (FQHC),H80CS00801,80130,BPS-H80-027023,Salud Fort Morgan Middle School,605 Education Ave,Fort Morgan,CO,80701-8806,303-697-2583,www.saludclinic.org,6,2,School,1,Active,,,2,Seasonal,2,Service Delivery Site,1,Health Center/Applicant,0,Unknown,0,Unknown,11/27/2018,"SALUD FAMILY HEALTH, INC.",203 S Rollie Ave,Fort Lupton,CO,80621-1508,"Corporate Entity, Federal Tax Exempt",-103.808624,40.23849701,N,N,8087,Morgan County,Morgan,County            ,8,Region 8,8,Colorado,804,4,Colorado District 04,CO-04,Lauren Boebert,Michael F. Bennet,John W. Hickenlooper,5/6/2025
Federally Qualified Health Center (FQHC),H80CS00214,84100,BPS-H80-000756,Family Health Center,200 Kendall Dr,Lamar,CO,81052-3940,719-336-8445,www.highplainschc.net,42.5,7,All Other Clinic Types,1,Active,61939,,1,Permanent,2,Service Delivery Site,1,Health Center/Applicant,1,Full-Time,1,Year-Round,1/7/1997,HIGH PLAINS COMMUNITY HEALTH CENTER,201 Kendall Dr,Lamar,CO,81052,"Corporate Entity, Federal Tax Exempt",-102.6105803,38.06885072,N,N,8099,Prowers County,Prowers,County            ,8,Region 8,8,Colorado,804,4,Colorado District 04,CO-04,Lauren Boebert,Michael F. Bennet,John W. Hickenlooper,5/6/2025
Federally Qualified Health Center (FQHC),H80CS00217,80730,BPS-H80-000759,STRIDE CHC  -  Rose Stein Elementary School,80 S Teller St,Lakewood,CO,80226-2044,303-238-2662,www.mcpn.org,17,2,School,1,Active,61048,1326203399,2,Seasonal,2,Service Delivery Site,1,Health Center/Applicant,1,Full-Time,1,Year-Round,1/9/1995,METRO COMMUNITY PROVIDER NETWORK INC,7495 W 29th Ave,Wheat Ridge,CO,80033-8002,"Corporate Entity, Federal Tax Exempt",-105.0768081,39.71539543,N,N,8059,Jefferson County,Jefferson,County            ,8,Region 8,8,Colorado,807,7,Colorado District 07,CO-07,Brittany Pettersen,Michael F. Bennet,John W. Hickenlooper,5/6/2025
Federally Qualified Health Center (FQHC),H80CS00134,80030,BPS-H80-000877,Cesar E. Chavez Medical Center,186 Hurt St,Center,CO,81125-9002,719-754-2778,www.vwhs.org,45.5,7,All Other Clinic Types,1,Active,61818,1407843576,1,Permanent,2,Service Delivery Site,1,Health Center/Applicant,1,Full-Time,1,Year-Round,1/1/1996,VALLEY-WIDE HEALTH SYSTEMS,128 Market St,Alamosa,CO,81101-2290,"Corporate Entity, Federal Tax Exempt",-106.1110316,37.75658393,N,N,8109,Saguache County,Saguache,County            ,8,Region 8,8,Colorado,803,3,Colorado District 03,CO-03,Jeff Hurd,Michael F. Bennet,John W. Hickenlooper,5/6/2025
Federally Qualified Health Center (FQHC),H80CS00134,80030,BPS-H80-000897,Rocky Ford Clinic or Rocky Ford Dental Clinic,903 S 12th St,Rocky Ford,CO,81067-2127,719-254-7623,WWW.VWHS.ORG,51.5,7,All Other Clinic Types,1,Active,61858,1104813682,1,Permanent,2,Service Delivery Site,1,Health Center/Applicant,1,Full-Time,1,Year-Round,1/4/1997,VALLEY-WIDE HEALTH SYSTEMS,128 Market St,Alamosa,CO,81101-2290,"Corporate Entity, Federal Tax Exempt",-103.7200815,38.0446844,N,N,8089,Otero County,Otero,County            ,8,Region 8,8,Colorado,803,3,Colorado District 03,CO-03,Jeff Hurd,Michael F. Bennet,John W. Hickenlooper,5/6/2025
Federally Qualified Health Center (FQHC),H80CS26510,08E00393,BPS-H80-037703,Axis Health System Montrose,605 Miami Rd,Montrose,CO,81401-4108,970-252-3200,,49,7,All Other Clinic Types,1,Active,61059,,1,Permanent,3,Administrative/Service Delivery Site,1,Health Center/Applicant,0,Unknown,0,Unknown,11/2/2023,"SOUTHWEST COLORADO MENTAL HEALTH CENTER, INC",150 Mercury Village Dr,Durango,CO,81301-8955,"Corporate Entity, Federal Tax Exempt",-107.8595983,38.48176079,N,N,8085,Montrose County,Montrose,County            ,8,Region 8,8,Colorado,803,3,Colorado District 03,CO-03,Jeff Hurd,Michael F. Bennet,John W. Hickenlooper,5/6/2025
Federally Qualified Health Center (FQHC),H80CS00040,80620,BPS-H80-000982,2100 Broadway Services Builiding,2100 N Broadway,Denver,CO,80205,303-297-4091,www.coloradocoalition.org,40,7,All Other Clinic Types,1,Active,61955,1346621208,1,Permanent,2,Service Delivery Site,1,Health Center/Applicant,1,Full-Time,1,Year-Round,1/1/1986,THE COLORADO COALITION FOR THE HOMELESS,2111 Champa St,Denver,CO,80205-2529,"Corporate Entity, Federal Tax Exempt",-104.9872856,39.75070371,N,N,8031,Denver County,Denver,County            ,8,Region 8,8,Colorado,801,1,Colorado District 01,CO-01,Diana DeGette,Michael F. Bennet,John W. Hickenlooper,5/6/2025
Federally Qualified Health Center (FQHC),H80CS00690,81650,BPS-H80-034922,Ryan Elementary School,1405 Centaur Village Dr,Lafayette,CO,80026-1471,303-650-4460,www.clinica.org,1.72,2,School,1,Active,,,2,Seasonal,2,Service Delivery Site,1,Health Center/Applicant,0,Unknown,0,Unknown,5/1/2022,CLINICA CAMPESINA/FAMILY HEALTH SERVICES,1735 S Public Rd,Lafayette,CO,80026-7093,"Corporate Entity, Federal Tax Exempt",-105.1098463,39.98026453,N,N,8013,Boulder County,Boulder,County            ,8,Region 8,8,Colorado,802,2,Colorado District 02,CO-02,Joe Neguse,Michael F. Bennet,John W. Hickenlooper,5/6/2025
Federally Qualified Health Center (FQHC),H80CS00218,80060,BPS-H80-032778,Pediatric Emergency Department and Urgent Care,777 Bannock St,Denver,CO,80204-4507,303-602-2273,www.denverhealth.org,168,7,All Other Clinic Types,1,Active,,,1,Permanent,2,Service Delivery Site,1,Health Center/Applicant,0,Unknown,0,Unknown,7/21/2021,Denver Health and Hospital Authority,777 Bannock St,Denver,CO,80204-4507,U.S. Government Entity,-104.9902931,39.72800529,N,N,8031,Denver County,Denver,County            ,8,Region 8,8,Colorado,801,1,Colorado District 01,CO-01,Diana DeGette,Michael F. Bennet,John W. Hickenlooper,5/6/2025
Federally Qualified Health Center (FQHC),H80CS00134,80030,BPS-H80-001182,"Valley-Wide Health Systems, Inc., Administrative Services Building, Alamosa Dental Clinic, Counseling and Support Center",128 Market St,Alamosa,CO,81101-2290,719-587-1000,www.vwhs.org,57,7,All Other Clinic Types,1,Active,,1154318236,1,Permanent,3,Administrative/Service Delivery Site,1,Health Center/Applicant,1,Full-Time,1,Year-Round,1/7/1976,VALLEY-WIDE HEALTH SYSTEMS,128 Market St,Alamosa,CO,81101-2290,"Corporate Entity, Federal Tax Exempt",-105.8911247,37.47526567,N,N,8003,Alamosa County,Alamosa,County            ,8,Region 8,8,Colorado,803,3,Colorado District 03,CO-03,Jeff Hurd,Michael F. Bennet,John W. Hickenlooper,5/6/2025
Federally Qualified Health Center (FQHC),H80CS00218,80060,BPS-H80-001209,Mobile Health Clinic 1,777 Bannock St,Denver,CO,80204-4507,720-956-2033,www.denverhealth.org,40,7,All Other Clinic Types,1,Active,61876,1841231990,5,Mobile Van,2,Service Delivery Site,1,Health Center/Applicant,1,Full-Time,1,Year-Round,1/9/2002,Denver Health and Hospital Authority,777 Bannock St,Denver,CO,80204-4507,U.S. Government Entity,-104.9902931,39.72800529,N,N,8031,Denver County,Denver,County            ,8,Region 8,8,Colorado,801,1,Colorado District 01,CO-01,Diana DeGette,Michael F. Bennet,John W. Hickenlooper,5/6/2025
Federally Qualified Health Center (FQHC),H80CS10610,8.00E+68,BPS-H80-007679,Northwest Colorado Health Community Health Center  -  Moffat County,745 Russell St,Craig,CO,81625-2019,970-824-8233,www.northwestcoloradohealth.org,47,7,All Other Clinic Types,1,Active,61905,,1,Permanent,2,Service Delivery Site,1,Health Center/Applicant,0,Unknown,1,Year-Round,8/1/2008,NORTHWEST COLORADO VISITING NURSE ASSOCIATION,940 Central Park Dr,Steamboat Springs,CO,80487-8816,"Corporate Entity, Federal Tax Exempt",-107.5459992,40.51913628,N,N,8081,Moffat County,Moffat,County            ,8,Region 8,8,Colorado,803,3,Colorado District 03,CO-03,Jeff Hurd,Michael F. Bennet,John W. Hickenlooper,5/6/2025
Federally Qualified Health Center (FQHC),H80CS00692,80170,BPS-H80-027849,Chavez/Huerta K-12 Preparatory Academy,2727 W 18th St,Pueblo,CO,81003-1185,719-543-8718,,27,2,School,1,Active,,,2,Seasonal,2,Service Delivery Site,1,Health Center/Applicant,0,Unknown,0,Unknown,6/7/2019,PUEBLO COMMUNITY HEALTH CENTER,310 Colorado Ave,Pueblo,CO,81004-2006,"Corporate Entity, Federal Tax Exempt",-104.651143,38.28402512,N,N,8101,Pueblo County,Pueblo,County            ,8,Region 8,8,Colorado,803,3,Colorado District 03,CO-03,Jeff Hurd,Michael F. Bennet,John W. Hickenlooper,5/6/2025
Federally Qualified Health Center (FQHC),H80CS00218,80060,BPS-H80-001301,Lake Campus,1820 Lowell Blvd,Denver,CO,80204-1549,720-424-0281,www.denverhealth.org,40,2,School,1,Active,,1144242900,2,Seasonal,2,Service Delivery Site,1,Health Center/Applicant,1,Full-Time,1,Year-Round,1/1/1997,Denver Health and Hospital Authority,777 Bannock St,Denver,CO,80204-4507,U.S. Government Entity,-105.0345988,39.74634192,N,N,8031,Denver County,Denver,County            ,8,Region 8,8,Colorado,801,1,Colorado District 01,CO-01,Diana DeGette,Michael F. Bennet,John W. Hickenlooper,5/6/2025
Federally Qualified Health Center (FQHC),H80CS00134,80030,BPS-H80-034088,Sanford School District,755 2nd St,Sanford,CO,81151-5095,719-274-5167,,32,2,School,1,Active,,1770242323,2,Seasonal,2,Service Delivery Site,1,Health Center/Applicant,0,Unknown,0,Unknown,1/13/2022,VALLEY-WIDE HEALTH SYSTEMS,128 Market St,Alamosa,CO,81101-2290,"Corporate Entity, Federal Tax Exempt",-105.9076194,37.25713616,N,N,8021,Conejos County,Conejos,County            ,8,Region 8,8,Colorado,803,3,Colorado District 03,CO-03,Jeff Hurd,Michael F. Bennet,John W. Hickenlooper,5/6/2025
Federally Qualified Health Center (FQHC),H80CS00217,80730,BPS-H80-034449,STRIDE CHC - Mobile Health Unit #2,7495 W 29th Ave,Wheat Ridge,CO,80033-8002,303-778-7433,https://stridechc.org,8,7,All Other Clinic Types,1,Active,61933,,5,Mobile Van,2,Service Delivery Site,1,Health Center/Applicant,0,Unknown,0,Unknown,4/13/2022,METRO COMMUNITY PROVIDER NETWORK INC,7495 W 29th Ave,Wheat Ridge,CO,80033-8002,"Corporate Entity, Federal Tax Exempt",-105.0810023,39.75851139,N,N,8059,Jefferson County,Jefferson,County            ,8,Region 8,8,Colorado,807,7,Colorado District 07,CO-07,Brittany Pettersen,Michael F. Bennet,John W. Hickenlooper,5/6/2025
Federally Qualified Health Center (FQHC),H80CS00218,80060,BPS-H80-012242,Evie Garrett Dennis Campus,4800 Telluride St,Denver,CO,80249-6803,720-423-7610,,40,2,School,1,Active,,1528337755,2,Seasonal,2,Service Delivery Site,1,Health Center/Applicant,1,Full-Time,2,Seasonal,12/25/2012,Denver Health and Hospital Authority,777 Bannock St,Denver,CO,80204-4507,U.S. Government Entity,-104.7815965,39.78431081,N,N,8031,Denver County,Denver,County            ,8,Region 8,8,Colorado,801,1,Colorado District 01,CO-01,Diana DeGette,Michael F. Bennet,John W. Hickenlooper,5/6/2025
Federally Qualified Health Center (FQHC),H80CS00040,80620,BPS-H80-034852,Stout Street Recuperative Care Center & Legacy Lofts,2175 California St,Denver,CO,80205-5397,303-312-9559,,168,7,All Other Clinic Types,1,Active,,,1,Permanent,2,Service Delivery Site,1,Health Center/Applicant,0,Unknown,0,Unknown,5/24/2022,THE COLORADO COALITION FOR THE HOMELESS,2111 Champa St,Denver,CO,80205-2529,"Corporate Entity, Federal Tax Exempt",-104.9854384,39.7504338,N,N,8031,Denver County,Denver,County            ,8,Region 8,8,Colorado,801,1,Colorado District 01,CO-01,Diana DeGette,Michael F. Bennet,John W. Hickenlooper,5/6/2025
Federally Qualified Health Center (FQHC),H80CS00212,81460,BPS-H80-001731,Health Center at Myron Stratton,410 Gold Pass Hts,Colorado Springs,CO,80906-3882,719-632-5700,www.peakvista.org,52.5,7,All Other Clinic Types,1,Active,61904,1659674034,1,Permanent,2,Service Delivery Site,1,Health Center/Applicant,1,Full-Time,1,Year-Round,9/6/2007,PEAK VISTA COMMUNITY HEALTH CENTERS,"3205 N Academy Blvd, Ste 130",Colorado Springs,CO,80917-5152,"Corporate Entity, Federal Tax Exempt",-104.8201718,38.79351064,N,N,8041,El Paso County,El Paso,County            ,8,Region 8,8,Colorado,805,5,Colorado District 05,CO-05,Jeff Crank,Michael F. Bennet,John W. Hickenlooper,5/6/2025
Federally Qualified Health Center (FQHC),H80CS00218,80060,BPS-H80-001927,Kepner Campus,911 S Hazel Ct,Denver,CO,80219-3418,720-424-0126,www.denverhealth.org,40,2,School,1,Active,,1427161371,2,Seasonal,2,Service Delivery Site,1,Health Center/Applicant,1,Full-Time,1,Year-Round,1/3/2007,Denver Health and Hospital Authority,777 Bannock St,Denver,CO,80204-4507,U.S. Government Entity,-105.0274482,39.70003153,N,N,8031,Denver County,Denver,County            ,8,Region 8,8,Colorado,801,1,Colorado District 01,CO-01,Diana DeGette,Michael F. Bennet,John W. Hickenlooper,5/6/2025
Federally Qualified Health Center (FQHC),H80CS00134,80030,BPS-H80-036983,Valley-Wide Peer 404,957 Swink Ave,Rocky Ford,CO,81067-1349,800-511-5446,,42,0,Unknown,1,Active,,,1,Permanent,1,Administrative,1,Health Center/Applicant,0,Unknown,0,Unknown,7/25/2023,VALLEY-WIDE HEALTH SYSTEMS,128 Market St,Alamosa,CO,81101-2290,"Corporate Entity, Federal Tax Exempt",-103.7187448,38.05438183,N,N,8089,Otero County,Otero,County            ,8,Region 8,8,Colorado,803,3,Colorado District 03,CO-03,Jeff Hurd,Michael F. Bennet,John W. Hickenlooper,5/6/2025
Federally Qualified Health Center (FQHC),H80CS00134,80030,BPS-H80-007659,Convenient Care Community Clinic,1131 Main St,Alamosa,CO,81101-2446,719-589-2562,www.vwhs.org,80,7,All Other Clinic Types,1,Active,61902,1568627941,1,Permanent,2,Service Delivery Site,1,Health Center/Applicant,1,Full-Time,1,Year-Round,9/1/2008,VALLEY-WIDE HEALTH SYSTEMS,128 Market St,Alamosa,CO,81101-2290,"Corporate Entity, Federal Tax Exempt",-105.8738987,37.46821012,N,N,8003,Alamosa County,Alamosa,County            ,8,Region 8,8,Colorado,803,3,Colorado District 03,CO-03,Jeff Hurd,Michael F. Bennet,John W. Hickenlooper,5/6/2025
Federally Qualified Health Center (FQHC),H80CS00217,80730,BPS-H80-012015,STRIDE CHC  -  Wheat Ridge,7495 W 29th Ave,Wheat Ridge,CO,80033-8002,303-761-1100,www.mcpn.org,55,7,All Other Clinic Types,1,Active,61933,1184961492,1,Permanent,3,Administrative/Service Delivery Site,1,Health Center/Applicant,1,Full-Time,1,Year-Round,9/12/2012,METRO COMMUNITY PROVIDER NETWORK INC,7495 W 29th Ave,Wheat Ridge,CO,80033-8002,"Corporate Entity, Federal Tax Exempt",-105.0810023,39.75851139,N,N,8059,Jefferson County,Jefferson,County            ,8,Region 8,8,Colorado,807,7,Colorado District 07,CO-07,Brittany Pettersen,Michael F. Bennet,John W. Hickenlooper,5/6/2025
Federally Qualified Health Center (FQHC),H80CS00217,80730,BPS-H80-029461,STRIDE CHC  -  Oneida,2255 S Oneida St,Denver,CO,80224-2522,303-761-1977,www.stridechc.org,8,7,All Other Clinic Types,1,Active,2M3380,1477679959,1,Permanent,3,Administrative/Service Delivery Site,1,Health Center/Applicant,0,Unknown,0,Unknown,9/26/2019,METRO COMMUNITY PROVIDER NETWORK INC,7495 W 29th Ave,Wheat Ridge,CO,80033-8002,"Corporate Entity, Federal Tax Exempt",-104.9088954,39.67618652,N,N,8031,Denver County,Denver,County            ,8,Region 8,8,Colorado,801,1,Colorado District 01,CO-01,Diana DeGette,Michael F. Bennet,John W. Hickenlooper,5/6/2025
Federally Qualified Health Center (FQHC),H80CS26510,08E00393,BPS-H80-014920,Cortez Integrated Healthcare,691 E Empire St,Cortez,CO,81321-2802,970-565-7946,www.axishealthsystem.org,55,7,All Other Clinic Types,1,Active,61956,,1,Permanent,2,Service Delivery Site,1,Health Center/Applicant,0,Unknown,0,Unknown,5/5/2015,"SOUTHWEST COLORADO MENTAL HEALTH CENTER, INC",150 Mercury Village Dr,Durango,CO,81301-8955,"Corporate Entity, Federal Tax Exempt",-108.576625,37.35613352,N,N,8083,Montezuma County,Montezuma,County            ,8,Region 8,8,Colorado,803,3,Colorado District 03,CO-03,Jeff Hurd,Michael F. Bennet,John W. Hickenlooper,5/6/2025
Federally Qualified Health Center (FQHC),H80CS00218,80060,BPS-H80-002447,Montbello Campus,5000 Crown Blvd,Denver,CO,80239-4378,720-423-5808,www.denverhealth.org,40,2,School,1,Active,,1376565143,2,Seasonal,2,Service Delivery Site,1,Health Center/Applicant,1,Full-Time,1,Year-Round,1/1/1993,Denver Health and Hospital Authority,777 Bannock St,Denver,CO,80204-4507,U.S. Government Entity,-104.829001,39.7874207,N,N,8031,Denver County,Denver,County            ,8,Region 8,8,Colorado,801,1,Colorado District 01,CO-01,Diana DeGette,Michael F. Bennet,John W. Hickenlooper,5/6/2025
Federally Qualified Health Center (FQHC),H80CS00218,80060,BPS-H80-002564,Bruce Randolph Campus,3955 N Steele St,Denver,CO,80205-3613,720-424-1232,www.denverhealth.org,40,2,School,1,Active,,1336252287,2,Seasonal,2,Service Delivery Site,1,Health Center/Applicant,1,Full-Time,1,Year-Round,1/3/2007,Denver Health and Hospital Authority,777 Bannock St,Denver,CO,80204-4507,U.S. Government Entity,-104.9510495,39.77094071,N,N,8031,Denver County,Denver,County            ,8,Region 8,8,Colorado,801,1,Colorado District 01,CO-01,Diana DeGette,Michael F. Bennet,John W. Hickenlooper,5/6/2025
Federally Qualified Health Center (FQHC),H80CS10610,8.00E+68,BPS-H80-019042,Northwest Colorado Health Dental Clinic  -  Craig,485 Yampa Ave,Craig,CO,81625-2609,970-824-8000,www.northwestcoloradohealth.org,45,7,All Other Clinic Types,1,Active,,,1,Permanent,2,Service Delivery Site,1,Health Center/Applicant,0,Unknown,0,Unknown,12/21/2016,NORTHWEST COLORADO VISITING NURSE ASSOCIATION,940 Central Park Dr,Steamboat Springs,CO,80487-8816,"Corporate Entity, Federal Tax Exempt",-107.5472286,40.51388583,N,N,8081,Moffat County,Moffat,County            ,8,Region 8,8,Colorado,803,3,Colorado District 03,CO-03,Jeff Hurd,Michael F. Bennet,John W. Hickenlooper,5/6/2025
Federally Qualified Health Center (FQHC),H80CS00212,81460,BPS-H80-031018,The Place,423 E Cucharras St STE 2,Colorado Springs,CO,80903-3609,719-630-3223,,45,7,All Other Clinic Types,1,Active,,1912515735,1,Permanent,2,Service Delivery Site,1,Health Center/Applicant,0,Unknown,0,Unknown,7/15/2020,PEAK VISTA COMMUNITY HEALTH CENTERS,"3205 N Academy Blvd, Ste 130",Colorado Springs,CO,80917-5152,"Corporate Entity, Federal Tax Exempt",-104.8171553,38.83085063,N,N,8041,El Paso County,El Paso,County            ,8,Region 8,8,Colorado,805,5,Colorado District 05,CO-05,Jeff Crank,Michael F. Bennet,John W. Hickenlooper,5/6/2025
Federally Qualified Health Center (FQHC),H80CS00801,80130,BPS-H80-027025,Salud Sherman Early Childhood Center,300 Sherman St,Fort Morgan,CO,80701-3624,303-697-2583,www.saludclinic.org,6,2,School,1,Active,,,2,Seasonal,2,Service Delivery Site,1,Health Center/Applicant,0,Unknown,0,Unknown,11/27/2018,"SALUD FAMILY HEALTH, INC.",203 S Rollie Ave,Fort Lupton,CO,80621-1508,"Corporate Entity, Federal Tax Exempt",-103.7920495,40.25044554,N,N,8087,Morgan County,Morgan,County            ,8,Region 8,8,Colorado,804,4,Colorado District 04,CO-04,Lauren Boebert,Michael F. Bennet,John W. Hickenlooper,5/6/2025
Federally Qualified Health Center (FQHC),H80CS00212,81460,BPS-H80-012709,Convenient Care Center,3205 N Academy Blvd STE 100,Colorado Springs,CO,80917-5147,719-632-5700,www.peakvista.org,68,7,All Other Clinic Types,1,Active,61948,1689977365,1,Permanent,2,Service Delivery Site,1,Health Center/Applicant,1,Full-Time,1,Year-Round,7/10/2013,PEAK VISTA COMMUNITY HEALTH CENTERS,"3205 N Academy Blvd, Ste 130",Colorado Springs,CO,80917-5152,"Corporate Entity, Federal Tax Exempt",-104.7569311,38.8784826,N,N,8041,El Paso County,El Paso,County            ,8,Region 8,8,Colorado,805,5,Colorado District 05,CO-05,Jeff Crank,Michael F. Bennet,John W. Hickenlooper,5/6/2025
Federally Qualified Health Center (FQHC),H80CS10610,8.00E+68,BPS-H80-011699,Northwest Colorado Health Community Health Center  -  Routt County,"940 Central Park Dr, Ste 101",Steamboat Springs,CO,80487-8853,970-879-1632,www.northwestcoloradohealth.org,46,7,All Other Clinic Types,1,Active,810326,,1,Permanent,2,Service Delivery Site,1,Health Center/Applicant,1,Full-Time,1,Year-Round,6/12/2012,NORTHWEST COLORADO VISITING NURSE ASSOCIATION,940 Central Park Dr,Steamboat Springs,CO,80487-8816,"Corporate Entity, Federal Tax Exempt",-106.815999,40.46192456,N,N,8107,Routt County,Routt,County            ,8,Region 8,8,Colorado,802,2,Colorado District 02,CO-02,Joe Neguse,Michael F. Bennet,John W. Hickenlooper,5/6/2025
Federally Qualified Health Center (FQHC),H80CS00830,81260,BPS-H80-002901,MOUNTAIN FAMILY HEALTH CENTERS GLENWOOD SPRINGS,"1905 Blake Ave, Ste 101",Glenwood Springs,CO,81601-4206,970-945-2840,WWW.MOUNTAINFAMILY.ORG,50,7,All Other Clinic Types,1,Active,61872,1114088762,1,Permanent,3,Administrative/Service Delivery Site,1,Health Center/Applicant,1,Full-Time,1,Year-Round,10/19/1999,MOUNTAIN FAMILY HEALTH CENTERS,"1905 Blake Ave, Ste 101",Glenwood Springs,CO,81601-4206,"Corporate Entity, Federal Tax Exempt",-107.3228799,39.53239011,N,N,8045,Garfield County,Garfield,County            ,8,Region 8,8,Colorado,803,3,Colorado District 03,CO-03,Jeff Hurd,Michael F. Bennet,John W. Hickenlooper,5/6/2025
Federally Qualified Health Center (FQHC),H80CS00804,80140,BPS-H80-030229,Bond Children's Clinic,111 E 26th St,Greeley,CO,80631-7300,970-702-2675,,40,2,School,1,Active,,1033762703,1,Permanent,2,Service Delivery Site,1,Health Center/Applicant,0,Unknown,0,Unknown,1/21/2020,SUNRISE COMMUNITY HEALTH,2930 11th Ave,Evans,CO,80620-1011,"Corporate Entity, Federal Tax Exempt",-104.6767776,40.39554002,N,N,8123,Weld County,Weld,County            ,8,Region 8,8,Colorado,808,8,Colorado District 08,CO-08,Gabe Evans,Michael F. Bennet,John W. Hickenlooper,5/6/2025
Federally Qualified Health Center (FQHC),H80CS00218,80060,BPS-H80-002904,West Campus,951 Elati St,Denver,CO,80204-3939,720-423-5456,www.denverhealth.org,40,2,School,1,Active,,1538181318,2,Seasonal,2,Service Delivery Site,1,Health Center/Applicant,1,Full-Time,1,Year-Round,1/1/1998,Denver Health and Hospital Authority,777 Bannock St,Denver,CO,80204-4507,U.S. Government Entity,-104.9941032,39.731356,N,N,8031,Denver County,Denver,County            ,8,Region 8,8,Colorado,801,1,Colorado District 01,CO-01,Diana DeGette,Michael F. Bennet,John W. Hickenlooper,5/6/2025
Federally Qualified Health Center (FQHC),H80CS00134,80030,BPS-H80-031179,The Pulse School-Based Health Center,1215 Main St STE B,Canon City,CO,81212-3505,719-275-2301,,40,2,School,1,Active,61019,1225640931,1,Permanent,2,Service Delivery Site,1,Health Center/Applicant,0,Unknown,0,Unknown,8/17/2020,VALLEY-WIDE HEALTH SYSTEMS,128 Market St,Alamosa,CO,81101-2290,"Corporate Entity, Federal Tax Exempt",-105.2308629,38.44524528,N,N,8043,Fremont County,Fremont,County            ,8,Region 8,8,Colorado,807,7,Colorado District 07,CO-07,Brittany Pettersen,Michael F. Bennet,John W. Hickenlooper,5/6/2025
Federally Qualified Health Center (FQHC),H80CS00040,80620,BPS-H80-003120,Renaissance at Civic Center Apartments,25 E 16th Ave,Denver,CO,80202-5195,303-764-2100,www.coloradocoalition.org,40,7,All Other Clinic Types,1,Active,,,1,Permanent,2,Service Delivery Site,1,Health Center/Applicant,1,Full-Time,1,Year-Round,1/7/1994,THE COLORADO COALITION FOR THE HOMELESS,2111 Champa St,Denver,CO,80205-2529,"Corporate Entity, Federal Tax Exempt",-104.9865198,39.74174214,N,N,8031,Denver County,Denver,County            ,8,Region 8,8,Colorado,801,1,Colorado District 01,CO-01,Diana DeGette,Michael F. Bennet,John W. Hickenlooper,5/6/2025
Federally Qualified Health Center (FQHC),H80CS26510,08E00393,BPS-H80-038257,Axis Health System - Norwood,1605 Grand Ave,Norwood,CO,81423-5244,970-252-3200,,45,7,All Other Clinic Types,1,Active,,,1,Permanent,2,Service Delivery Site,1,Health Center/Applicant,0,Unknown,0,Unknown,2/14/2024,"SOUTHWEST COLORADO MENTAL HEALTH CENTER, INC",150 Mercury Village Dr,Durango,CO,81301-8955,"Corporate Entity, Federal Tax Exempt",-108.2893798,38.13078117,N,N,8113,San Miguel County,San Miguel,County            ,8,Region 8,8,Colorado,803,3,Colorado District 03,CO-03,Jeff Hurd,Michael F. Bennet,John W. Hickenlooper,5/6/2025
Federally Qualified Health Center (FQHC),H80CS00134,80030,BPS-H80-031019,Valley-Wide Buena Vista,707 US Highway 24 N,Buena Vista,CO,81211-9863,719-589-3658,,44,7,All Other Clinic Types,1,Active,61017,1972111953,1,Permanent,2,Service Delivery Site,1,Health Center/Applicant,0,Unknown,0,Unknown,7/15/2020,VALLEY-WIDE HEALTH SYSTEMS,128 Market St,Alamosa,CO,81101-2290,"Corporate Entity, Federal Tax Exempt",-106.1356888,38.84718792,N,N,8015,Chaffee County,Chaffee,County            ,8,Region 8,8,Colorado,807,7,Colorado District 07,CO-07,Brittany Pettersen,Michael F. Bennet,John W. Hickenlooper,5/6/2025
Federally Qualified Health Center (FQHC),H80CS00212,81460,BPS-H80-009521,Mobile Health Services Van 1,2510 E Platte Pl,Colorado Springs,CO,80909-6134,719-632-5700,www.peakvista.org,40,7,All Other Clinic Types,1,Active,61909,1285964262,5,Mobile Van,2,Service Delivery Site,1,Health Center/Applicant,2,Part-Time,1,Year-Round,6/16/2010,PEAK VISTA COMMUNITY HEALTH CENTERS,"3205 N Academy Blvd, Ste 130",Colorado Springs,CO,80917-5152,"Corporate Entity, Federal Tax Exempt",-104.7810057,38.83683336,N,N,8041,El Paso County,El Paso,County            ,8,Region 8,8,Colorado,805,5,Colorado District 05,CO-05,Jeff Crank,Michael F. Bennet,John W. Hickenlooper,5/6/2025
Federally Qualified Health Center (FQHC),H80CS00134,80030,BPS-H80-027328,Valley-Wide Hunt Street Alamosa,602 Hunt Ave,Alamosa,CO,81101-2680,719-589-3658,,,0,Unknown,1,Active,,,1,Permanent,1,Administrative,1,Health Center/Applicant,0,Unknown,0,Unknown,1/23/2019,VALLEY-WIDE HEALTH SYSTEMS,128 Market St,Alamosa,CO,81101-2290,"Corporate Entity, Federal Tax Exempt",-105.8637825,37.46674999,N,N,8003,Alamosa County,Alamosa,County            ,8,Region 8,8,Colorado,803,3,Colorado District 03,CO-03,Jeff Hurd,Michael F. Bennet,John W. Hickenlooper,5/6/2025
Federally Qualified Health Center (FQHC),H80CS00212,81460,BPS-H80-012373,"Enrollment Services at Academy, Suite 1500",3207 N Academy Blvd,Colorado Springs,CO,80917-5100,719-632-5700,www.peakvista.org,40,0,Unknown,1,Active,,,1,Permanent,1,Administrative,1,Health Center/Applicant,1,Full-Time,1,Year-Round,2/22/2013,PEAK VISTA COMMUNITY HEALTH CENTERS,"3205 N Academy Blvd, Ste 130",Colorado Springs,CO,80917-5152,"Corporate Entity, Federal Tax Exempt",-104.7569725,38.878488,N,N,8041,El Paso County,El Paso,County            ,8,Region 8,8,Colorado,805,5,Colorado District 05,CO-05,Jeff Crank,Michael F. Bennet,John W. Hickenlooper,5/6/2025
Federally Qualified Health Center (FQHC),H80CS00690,81650,BPS-H80-008441,Clinica Family Health - People's,2525 13th St,Boulder,CO,80304-4104,303-449-6050,clinica.org,49,7,All Other Clinic Types,1,Active,61836,1184613234,1,Permanent,2,Service Delivery Site,1,Health Center/Applicant,1,Full-Time,1,Year-Round,5/18/2009,CLINICA CAMPESINA/FAMILY HEALTH SERVICES,1735 S Public Rd,Lafayette,CO,80026-7093,"Corporate Entity, Federal Tax Exempt",-105.280581,40.02397385,N,N,8013,Boulder County,Boulder,County            ,8,Region 8,8,Colorado,802,2,Colorado District 02,CO-02,Joe Neguse,Michael F. Bennet,John W. Hickenlooper,5/6/2025
Federally Qualified Health Center (FQHC),H80CS00134,80030,BPS-H80-033568,South Conejos School District,13099 County Road G,Antonito,CO,81120,719-376-7000,,32,2,School,1,Active,,1104557776,2,Seasonal,2,Service Delivery Site,1,Health Center/Applicant,0,Unknown,0,Unknown,10/25/2021,VALLEY-WIDE HEALTH SYSTEMS,128 Market St,Alamosa,CO,81101-2290,"Corporate Entity, Federal Tax Exempt",-106.0161172,37.07917654,N,N,8021,Conejos County,Conejos,County            ,8,Region 8,8,Colorado,803,3,Colorado District 03,CO-03,Jeff Hurd,Michael F. Bennet,John W. Hickenlooper,5/6/2025
Federally Qualified Health Center (FQHC),H80CS00134,80030,BPS-H80-003646,Moffat Family Health Center,545 Moffat Way,Moffat,CO,81143-5028,719-256-4025,www.vwhs.org,16.5,7,All Other Clinic Types,1,Active,61853,1881681104,1,Permanent,2,Service Delivery Site,1,Health Center/Applicant,1,Full-Time,1,Year-Round,1/1/1996,VALLEY-WIDE HEALTH SYSTEMS,128 Market St,Alamosa,CO,81101-2290,"Corporate Entity, Federal Tax Exempt",-105.9083382,37.99939078,N,N,8109,Saguache County,Saguache,County            ,8,Region 8,8,Colorado,803,3,Colorado District 03,CO-03,Jeff Hurd,Michael F. Bennet,John W. Hickenlooper,5/6/2025
Federally Qualified Health Center (FQHC),H80CS00218,80060,BPS-H80-003752,Kunsmiller Creative Arts Academy,2250 S Quitman Way,Denver,CO,80219-5139,720-424-0156,www.denverhealth.org,40,2,School,1,Active,,1386714095,2,Seasonal,2,Service Delivery Site,1,Health Center/Applicant,1,Full-Time,1,Year-Round,8/1/2006,Denver Health and Hospital Authority,777 Bannock St,Denver,CO,80204-4507,U.S. Government Entity,-105.0405927,39.67569035,N,N,8031,Denver County,Denver,County            ,8,Region 8,8,Colorado,801,1,Colorado District 01,CO-01,Diana DeGette,Michael F. Bennet,John W. Hickenlooper,5/6/2025
Federally Qualified Health Center (FQHC),H80CS00040,80620,BPS-H80-003864,Health Outreach Program,2111 Champa St,Denver,CO,80205-2529,303-293-2220,www.coloradocoalition.org,50,7,All Other Clinic Types,1,Active,,,5,Mobile Van,2,Service Delivery Site,1,Health Center/Applicant,1,Full-Time,1,Year-Round,10/1/2002,THE COLORADO COALITION FOR THE HOMELESS,2111 Champa St,Denver,CO,80205-2529,"Corporate Entity, Federal Tax Exempt",-104.9876868,39.75138108,N,N,8031,Denver County,Denver,County            ,8,Region 8,8,Colorado,801,1,Colorado District 01,CO-01,Diana DeGette,Michael F. Bennet,John W. Hickenlooper,5/6/2025
Federally Qualified Health Center (FQHC),H80CS00690,81650,BPS-H80-033550,Clinica Family Health - Pecos Administration 3rd Floor,7290 Samuel Dr,Denver,CO,80221-2743,303-650-4460,,,7,All Other Clinic Types,1,Active,,,1,Permanent,1,Administrative,1,Health Center/Applicant,0,Unknown,0,Unknown,10/20/2021,CLINICA CAMPESINA/FAMILY HEALTH SERVICES,1735 S Public Rd,Lafayette,CO,80026-7093,"Corporate Entity, Federal Tax Exempt",-105.0078297,39.82892441,N,N,8001,Adams County,Adams,County            ,8,Region 8,8,Colorado,808,8,Colorado District 08,CO-08,Gabe Evans,Michael F. Bennet,John W. Hickenlooper,5/6/2025
Federally Qualified Health Center (FQHC),H80CS00804,80140,BPS-H80-003884,SUNRISE FAMILY DENTAL CLINIC,1006 A St,Greeley,CO,80631-2021,970-352-0048,sunrisecommunityhealth.org,50,7,All Other Clinic Types,1,Active,,1699073395,1,Permanent,2,Service Delivery Site,1,Health Center/Applicant,1,Full-Time,1,Year-Round,1/4/2003,SUNRISE COMMUNITY HEALTH,2930 11th Ave,Evans,CO,80620-1011,"Corporate Entity, Federal Tax Exempt",-104.6953196,40.43504803,N,N,8123,Weld County,Weld,County            ,8,Region 8,8,Colorado,808,8,Colorado District 08,CO-08,Gabe Evans,Michael F. Bennet,John W. Hickenlooper,5/6/2025
Federally Qualified Health Center (FQHC),H80CS26510,08E00393,BPS-H80-039162,Pagosa Springs Comprehensive Primary Care,"27 Talisman Dr, #B",Pagosa Springs,CO,81147-9377,970-335-2422,,40,7,All Other Clinic Types,1,Active,,,1,Permanent,2,Service Delivery Site,1,Health Center/Applicant,0,Unknown,0,Unknown,9/11/2024,"SOUTHWEST COLORADO MENTAL HEALTH CENTER, INC",150 Mercury Village Dr,Durango,CO,81301-8955,"Corporate Entity, Federal Tax Exempt",-107.0739718,37.25738908,N,N,8007,Archuleta County,Archuleta,County            ,8,Region 8,8,Colorado,803,3,Colorado District 03,CO-03,Jeff Hurd,Michael F. Bennet,John W. Hickenlooper,5/6/2025
Federally Qualified Health Center (FQHC),H80CS00218,80060,BPS-H80-032555,Denver Health Primary Care Center,660 Bannock St,Denver,CO,80204-4506,303-436-4949,www.denverhealth.org,40,7,All Other Clinic Types,1,Active,,,1,Permanent,2,Service Delivery Site,1,Health Center/Applicant,0,Unknown,0,Unknown,6/3/2021,Denver Health and Hospital Authority,777 Bannock St,Denver,CO,80204-4507,U.S. Government Entity,-104.9902618,39.72683291,N,N,8031,Denver County,Denver,County            ,8,Region 8,8,Colorado,801,1,Colorado District 01,CO-01,Diana DeGette,Michael F. Bennet,John W. Hickenlooper,5/6/2025
Federally Qualified Health Center (FQHC),H80CS00134,80030,BPS-H80-004243,Las Animas Clinic and Las Animas Dental Clinic,245 Vine Ave,Las Animas,CO,81054-1039,719-456-2653,www.vwhs.org,55,7,All Other Clinic Types,1,Active,61860,1124015607,1,Permanent,2,Service Delivery Site,1,Health Center/Applicant,1,Full-Time,1,Year-Round,1/4/1997,VALLEY-WIDE HEALTH SYSTEMS,128 Market St,Alamosa,CO,81101-2290,"Corporate Entity, Federal Tax Exempt",-103.22793,38.07074922,N,N,8011,Bent County,Bent,County            ,8,Region 8,8,Colorado,804,4,Colorado District 04,CO-04,Lauren Boebert,Michael F. Bennet,John W. Hickenlooper,5/6/2025
Federally Qualified Health Center (FQHC),H80CS00212,81460,BPS-H80-012713,"Health Center at Academy, Suite 3300",3207 N Academy Blvd STE 3300,Colorado Springs,CO,80917-5101,719-632-5700,www.peakvista.org,53,7,All Other Clinic Types,1,Active,61067,1760252001,1,Permanent,2,Service Delivery Site,1,Health Center/Applicant,1,Full-Time,1,Year-Round,7/10/2013,PEAK VISTA COMMUNITY HEALTH CENTERS,"3205 N Academy Blvd, Ste 130",Colorado Springs,CO,80917-5152,"Corporate Entity, Federal Tax Exempt",-104.7569725,38.878488,N,N,8041,El Paso County,El Paso,County            ,8,Region 8,8,Colorado,805,5,Colorado District 05,CO-05,Jeff Crank,Michael F. Bennet,John W. Hickenlooper,5/6/2025
Federally Qualified Health Center (FQHC),H80CS26510,08E00393,BPS-H80-037702,Durango Integrated Healthcare,150 Mercury Village Dr,Durango,CO,81301-8955,970-335-2288,,54,7,All Other Clinic Types,1,Active,,,1,Permanent,3,Administrative/Service Delivery Site,1,Health Center/Applicant,0,Unknown,0,Unknown,11/1/2023,"SOUTHWEST COLORADO MENTAL HEALTH CENTER, INC",150 Mercury Village Dr,Durango,CO,81301-8955,"Corporate Entity, Federal Tax Exempt",-107.8688878,37.23996817,N,N,8067,La Plata County,La Plata,County            ,8,Region 8,8,Colorado,803,3,Colorado District 03,CO-03,Jeff Hurd,Michael F. Bennet,John W. Hickenlooper,5/6/2025
Federally Qualified Health Center (FQHC),H80CS00690,81650,BPS-H80-034382,Clinica Family Health - Nederland,80 Big Springs Dr,Nederland,CO,80466-8900,303-650-4460,clinica.org,24,7,All Other Clinic Types,1,Active,,1104579481,1,Permanent,2,Service Delivery Site,1,Health Center/Applicant,0,Unknown,0,Unknown,3/21/2022,CLINICA CAMPESINA/FAMILY HEALTH SERVICES,1735 S Public Rd,Lafayette,CO,80026-7093,"Corporate Entity, Federal Tax Exempt",-105.5084455,39.95950304,N,N,8013,Boulder County,Boulder,County            ,8,Region 8,8,Colorado,802,2,Colorado District 02,CO-02,Joe Neguse,Michael F. Bennet,John W. Hickenlooper,5/6/2025
Federally Qualified Health Center (FQHC),H80CS00212,81460,BPS-H80-014122,Health Center  at Limon,820 1st St,Limon,CO,80828-5008,719-771-7556,www.peakvista.org,40,7,All Other Clinic Types,1,Active,61881,1568881688,1,Permanent,2,Service Delivery Site,1,Health Center/Applicant,1,Full-Time,0,Unknown,4/30/2014,PEAK VISTA COMMUNITY HEALTH CENTERS,"3205 N Academy Blvd, Ste 130",Colorado Springs,CO,80917-5152,"Corporate Entity, Federal Tax Exempt",-103.686867,39.26084591,N,N,8073,Lincoln County,Lincoln,County            ,8,Region 8,8,Colorado,804,4,Colorado District 04,CO-04,Lauren Boebert,Michael F. Bennet,John W. Hickenlooper,5/6/2025
Federally Qualified Health Center (FQHC),H80CS00217,80730,BPS-H80-005081,STRIDE CHC  -  Hampden and Chambers,15132 E Hampden Ave STE G,Aurora,CO,80014-5038,303-752-8070,https://stridechc.org,52.5,7,All Other Clinic Types,1,Active,61891,1144489675,1,Permanent,2,Service Delivery Site,1,Health Center/Applicant,1,Full-Time,1,Year-Round,11/26/2007,METRO COMMUNITY PROVIDER NETWORK INC,7495 W 29th Ave,Wheat Ridge,CO,80033-8002,"Corporate Entity, Federal Tax Exempt",-104.8123511,39.65297644,N,N,8005,Arapahoe County,Arapahoe,County            ,8,Region 8,8,Colorado,806,6,Colorado District 06,CO-06,Jason Crow,Michael F. Bennet,John W. Hickenlooper,5/6/2025
Federally Qualified Health Center (FQHC),H80CS00690,81650,BPS-H80-019394,Clinica Family Health - Westminster,"8510 Bryant St, Suite 200",Westminster,CO,80031-3845,303-650-4460,clinica.org,49,7,All Other Clinic Types,1,Active,61913,1811279136,1,Permanent,2,Service Delivery Site,1,Health Center/Applicant,0,Unknown,0,Unknown,1/23/2017,CLINICA CAMPESINA/FAMILY HEALTH SERVICES,1735 S Public Rd,Lafayette,CO,80026-7093,"Corporate Entity, Federal Tax Exempt",-105.0193913,39.85098235,N,N,8001,Adams County,Adams,County            ,8,Region 8,8,Colorado,808,8,Colorado District 08,CO-08,Gabe Evans,Michael F. Bennet,John W. Hickenlooper,5/6/2025
Federally Qualified Health Center (FQHC),H80CS00218,80060,BPS-H80-012335,Place Bridge Academy,7125 Cherry Creek North Dr,Denver,CO,80224-2044,720-424-2050,,40,2,School,1,Active,,1326311655,2,Seasonal,2,Service Delivery Site,1,Health Center/Applicant,1,Full-Time,2,Seasonal,1/25/2013,Denver Health and Hospital Authority,777 Bannock St,Denver,CO,80204-4507,U.S. Government Entity,-104.9064404,39.68759743,N,N,8031,Denver County,Denver,County            ,8,Region 8,8,Colorado,801,1,Colorado District 01,CO-01,Diana DeGette,Michael F. Bennet,John W. Hickenlooper,5/6/2025
Federally Qualified Health Center (FQHC),H80CS00212,81460,BPS-H80-009523,Logan Health Center at Myron Stratton,430 Gold Pass Hts,Colorado Spgs,CO,80906-3501,719-632-5700,www.peakvista.org,52.5,7,All Other Clinic Types,1,Active,61914,1396048054,1,Permanent,2,Service Delivery Site,1,Health Center/Applicant,1,Full-Time,1,Year-Round,6/16/2010,PEAK VISTA COMMUNITY HEALTH CENTERS,"3205 N Academy Blvd, Ste 130",Colorado Springs,CO,80917-5152,"Corporate Entity, Federal Tax Exempt",-104.8192862,38.79377035,N,N,8041,El Paso County,El Paso,County            ,8,Region 8,8,Colorado,805,5,Colorado District 05,CO-05,Jeff Crank,Michael F. Bennet,John W. Hickenlooper,5/6/2025
Federally Qualified Health Center (FQHC),H80CS00801,80130,BPS-H80-005098,Salud Frederick,5995 Iris Pkwy,Frederick,CO,80504-6412,303-697-2583,www.saludclinic.org,40,7,All Other Clinic Types,1,Active,61809,,1,Permanent,2,Service Delivery Site,1,Health Center/Applicant,1,Full-Time,1,Year-Round,1/1/1978,"SALUD FAMILY HEALTH, INC.",203 S Rollie Ave,Fort Lupton,CO,80621-1508,"Corporate Entity, Federal Tax Exempt",-104.94276,40.11139748,N,N,8123,Weld County,Weld,County            ,8,Region 8,8,Colorado,808,8,Colorado District 08,CO-08,Gabe Evans,Michael F. Bennet,John W. Hickenlooper,5/6/2025
Federally Qualified Health Center (FQHC),H80CS00212,81460,BPS-H80-005204,Health Center at Divide,34 Hybrook Rd S,Divide,CO,80814-9219,719-687-4460,www.peakvista.org,52.5,7,All Other Clinic Types,1,Active,61879,1609178524,1,Permanent,2,Service Delivery Site,1,Health Center/Applicant,1,Full-Time,1,Year-Round,8/25/2005,PEAK VISTA COMMUNITY HEALTH CENTERS,"3205 N Academy Blvd, Ste 130",Colorado Springs,CO,80917-5152,"Corporate Entity, Federal Tax Exempt",-105.1547021,38.94081755,N,N,8119,Teller County,Teller,County            ,8,Region 8,8,Colorado,807,7,Colorado District 07,CO-07,Brittany Pettersen,Michael F. Bennet,John W. Hickenlooper,5/6/2025
Federally Qualified Health Center (FQHC),H80CS28361,08E00412,BPS-H80-027749,Upper Blue Elementary,1200 Airport Rd,Breckenridge,CO,80424-9444,970-710-5049,,15,2,School,1,Active,,,2,Seasonal,2,Service Delivery Site,1,Health Center/Applicant,0,Unknown,0,Unknown,5/15/2019,"SUMMIT COMMUNITY CARE CLINIC, INC.",360 Peak One Dr STE 100,Frisco,CO,80443-5948,"Corporate Entity, Federal Tax Exempt",-106.048665,39.5001391,N,N,8117,Summit County,Summit,County            ,8,Region 8,8,Colorado,802,2,Colorado District 02,CO-02,Joe Neguse,Michael F. Bennet,John W. Hickenlooper,5/6/2025
Federally Qualified Health Center (FQHC),H80CS26510,08E00393,BPS-H80-038260,Axis Health System - Delta,107 W 11th St,Delta,CO,81416-1811,970-252-3200,,45,7,All Other Clinic Types,1,Active,,,1,Permanent,2,Service Delivery Site,1,Health Center/Applicant,0,Unknown,0,Unknown,2/14/2024,"SOUTHWEST COLORADO MENTAL HEALTH CENTER, INC",150 Mercury Village Dr,Durango,CO,81301-8955,"Corporate Entity, Federal Tax Exempt",-108.0712195,38.732561,N,N,8029,Delta County,Delta,County            ,8,Region 8,8,Colorado,803,3,Colorado District 03,CO-03,Jeff Hurd,Michael F. Bennet,John W. Hickenlooper,5/6/2025
Federally Qualified Health Center (FQHC),H80CS28361,08E00412,BPS-H80-032820,Medical Office Building - Suite 320,360 Peak One Dr,Frisco,CO,80443-5948,970-668-4040,,45,7,All Other Clinic Types,1,Active,,,1,Permanent,3,Administrative/Service Delivery Site,1,Health Center/Applicant,0,Unknown,0,Unknown,8/2/2021,"SUMMIT COMMUNITY CARE CLINIC, INC.",360 Peak One Dr STE 100,Frisco,CO,80443-5948,"Corporate Entity, Federal Tax Exempt",-106.0765929,39.57088941,N,N,8117,Summit County,Summit,County            ,8,Region 8,8,Colorado,802,2,Colorado District 02,CO-02,Joe Neguse,Michael F. Bennet,John W. Hickenlooper,5/6/2025
Federally Qualified Health Center (FQHC),H80CS00134,80030,BPS-H80-028367,Valley-Wide Ordway,319 Main St,Ordway,CO,81063-1302,719-267-3503,https://vwhs.org/,44,7,All Other Clinic Types,1,Active,61012,,1,Permanent,2,Service Delivery Site,1,Health Center/Applicant,0,Unknown,0,Unknown,9/16/2019,VALLEY-WIDE HEALTH SYSTEMS,128 Market St,Alamosa,CO,81101-2290,"Corporate Entity, Federal Tax Exempt",-103.7566217,38.21848593,N,N,8025,Crowley County,Crowley,County            ,8,Region 8,8,Colorado,804,4,Colorado District 04,CO-04,Lauren Boebert,Michael F. Bennet,John W. Hickenlooper,5/6/2025
Federally Qualified Health Center (FQHC),H80CS00801,80130,BPS-H80-005325,Salud Sterling,1410 S 7th Ave,Sterling,CO,80751-4557,303-697-2583,www.saludclinic.org,40,7,All Other Clinic Types,1,Active,61869,,1,Permanent,2,Service Delivery Site,1,Health Center/Applicant,1,Full-Time,1,Year-Round,1/1/2001,"SALUD FAMILY HEALTH, INC.",203 S Rollie Ave,Fort Lupton,CO,80621-1508,"Corporate Entity, Federal Tax Exempt",-103.2214371,40.61177962,N,N,8075,Logan County,Logan,County            ,8,Region 8,8,Colorado,804,4,Colorado District 04,CO-04,Lauren Boebert,Michael F. Bennet,John W. Hickenlooper,5/6/2025
Federally Qualified Health Center (FQHC),H80CS00217,80730,BPS-H80-030201,STRIDE CHC  -   Mobile Health Care Unit,11005 Ralston Rd,Arvada,CO,80004-4551,303-360-6276,https://stridechc.org,3,7,All Other Clinic Types,1,Active,,,5,Mobile Van,2,Service Delivery Site,1,Health Center/Applicant,0,Unknown,0,Unknown,1/10/2020,METRO COMMUNITY PROVIDER NETWORK INC,7495 W 29th Ave,Wheat Ridge,CO,80033-8002,"Corporate Entity, Federal Tax Exempt",-105.1220074,39.81353276,N,N,8059,Jefferson County,Jefferson,County            ,8,Region 8,8,Colorado,807,7,Colorado District 07,CO-07,Brittany Pettersen,Michael F. Bennet,John W. Hickenlooper,5/6/2025
Federally Qualified Health Center (FQHC),H80CS00692,80170,BPS-H80-007441,GRAND AVENUE HOMELESS CLINIC,1008 N Grand Ave,Pueblo,CO,81003-2916,719-584-3964,http://www.pueblochc.org,30,7,All Other Clinic Types,1,Active,61937,1144589425,1,Permanent,2,Service Delivery Site,1,Health Center/Applicant,2,Part-Time,1,Year-Round,3/1/1998,PUEBLO COMMUNITY HEALTH CENTER,310 Colorado Ave,Pueblo,CO,81004-2006,"Corporate Entity, Federal Tax Exempt",-104.6116796,38.27655001,N,N,8101,Pueblo County,Pueblo,County            ,8,Region 8,8,Colorado,803,3,Colorado District 03,CO-03,Jeff Hurd,Michael F. Bennet,John W. Hickenlooper,5/6/2025
Federally Qualified Health Center (FQHC),H80CS00040,80620,BPS-H80-008077,The Renaissance Village 88,388 E 88th Ave,Thornton,CO,80229-4430,303-430-0157,www.coloradocoalition.org,40,7,All Other Clinic Types,1,Active,,,1,Permanent,2,Service Delivery Site,1,Health Center/Applicant,0,Unknown,1,Year-Round,5/28/2008,THE COLORADO COALITION FOR THE HOMELESS,2111 Champa St,Denver,CO,80205-2529,"Corporate Entity, Federal Tax Exempt",-104.9817621,39.85604133,N,N,8001,Adams County,Adams,County            ,8,Region 8,8,Colorado,808,8,Colorado District 08,CO-08,Gabe Evans,Michael F. Bennet,John W. Hickenlooper,5/6/2025
Federally Qualified Health Center (FQHC),H80CS00218,80060,BPS-H80-027984,East High School-Based Health Center,1600 City Park Esplanade,Denver,CO,80206-1429,720-423-8378,denverhealth.org,40,2,School,1,Active,,1376197400,2,Seasonal,2,Service Delivery Site,1,Health Center/Applicant,0,Unknown,0,Unknown,7/3/2019,Denver Health and Hospital Authority,777 Bannock St,Denver,CO,80204-4507,U.S. Government Entity,-104.9566915,39.74160526,N,N,8031,Denver County,Denver,County            ,8,Region 8,8,Colorado,801,1,Colorado District 01,CO-01,Diana DeGette,Michael F. Bennet,John W. Hickenlooper,5/6/2025
Federally Qualified Health Center (FQHC),H80CS00690,81650,BPS-H80-039441,Clinica Family Health & Wellness -- Norton Center for Behavioral Medicine,975 North St,Boulder,CO,80304-3279,303-650-4460,,40,7,All Other Clinic Types,1,Active,,,1,Permanent,2,Service Delivery Site,1,Health Center/Applicant,0,Unknown,0,Unknown,11/1/2024,CLINICA CAMPESINA/FAMILY HEALTH SERVICES,1735 S Public Rd,Lafayette,CO,80026-7093,"Corporate Entity, Federal Tax Exempt",-105.284044,40.02448347,N,N,8013,Boulder County,Boulder,County            ,8,Region 8,8,Colorado,802,2,Colorado District 02,CO-02,Joe Neguse,Michael F. Bennet,John W. Hickenlooper,5/6/2025
Federally Qualified Health Center (FQHC),H80CS00212,81460,BPS-H80-017084,"Health Center at Printers Parkway, 340",340 Printers Pkwy,Colorado Springs,CO,80910-3190,719-632-5700,www.peakvista.org,53,7,All Other Clinic Types,1,Active,61979,1194276105,1,Permanent,2,Service Delivery Site,1,Health Center/Applicant,0,Unknown,0,Unknown,9/30/2015,PEAK VISTA COMMUNITY HEALTH CENTERS,"3205 N Academy Blvd, Ste 130",Colorado Springs,CO,80917-5152,"Corporate Entity, Federal Tax Exempt",-104.7865962,38.82722692,N,N,8041,El Paso County,El Paso,County            ,8,Region 8,8,Colorado,805,5,Colorado District 05,CO-05,Jeff Crank,Michael F. Bennet,John W. Hickenlooper,5/6/2025
Federally Qualified Health Center (FQHC),H80CS00804,80140,BPS-H80-011390,SUNRISE ADELANTE CLINIC,1010 A St,Greeley,CO,80631-2021,970-313-0400,sunrisecommunityhealth.org,49.5,7,All Other Clinic Types,1,Active,61950,1205236072,1,Permanent,2,Service Delivery Site,1,Health Center/Applicant,1,Full-Time,1,Year-Round,5/1/2012,SUNRISE COMMUNITY HEALTH,2930 11th Ave,Evans,CO,80620-1011,"Corporate Entity, Federal Tax Exempt",-104.6961994,40.43505918,N,N,8123,Weld County,Weld,County            ,8,Region 8,8,Colorado,808,8,Colorado District 08,CO-08,Gabe Evans,Michael F. Bennet,John W. Hickenlooper,5/6/2025
Federally Qualified Health Center (FQHC),H80CS00218,80060,BPS-H80-032552,Dermatology Clinic and Endocrinology Clinic,660 Bannock St,Denver,CO,80204-4506,303-436-4949,,40,7,All Other Clinic Types,1,Active,,,1,Permanent,2,Service Delivery Site,1,Health Center/Applicant,0,Unknown,0,Unknown,6/3/2021,Denver Health and Hospital Authority,777 Bannock St,Denver,CO,80204-4507,U.S. Government Entity,-104.9902618,39.72683291,N,N,8031,Denver County,Denver,County            ,8,Region 8,8,Colorado,801,1,Colorado District 01,CO-01,Diana DeGette,Michael F. Bennet,John W. Hickenlooper,5/6/2025
Federally Qualified Health Center (FQHC),H80CS00218,80060,BPS-H80-015252,Florence Crittenton Campus,55 S Zuni St,Denver,CO,80223-1208,720-423-8950,,40,2,School,1,Active,,1467830778,2,Seasonal,2,Service Delivery Site,1,Health Center/Applicant,0,Unknown,0,Unknown,6/22/2015,Denver Health and Hospital Authority,777 Bannock St,Denver,CO,80204-4507,U.S. Government Entity,-105.0157154,39.7153505,N,N,8031,Denver County,Denver,County            ,8,Region 8,8,Colorado,801,1,Colorado District 01,CO-01,Diana DeGette,Michael F. Bennet,John W. Hickenlooper,5/6/2025
Federally Qualified Health Center (FQHC),H80CS00217,80730,BPS-H80-037377,STRIDE CHC -Alameda,7944 W Arizona Ave,Denver,CO,80228,303-761-1977,https://stridechc.org/,17,2,School,1,Active,61049,,1,Permanent,2,Service Delivery Site,1,Health Center/Applicant,0,Unknown,0,Unknown,9/1/2023,METRO COMMUNITY PROVIDER NETWORK INC,7495 W 29th Ave,Wheat Ridge,CO,80033-8002,"Corporate Entity, Federal Tax Exempt",-105.1334347,39.69342503,N,N,8059,Jefferson County,Jefferson,County            ,8,Region 8,8,Colorado,807,7,Colorado District 07,CO-07,Brittany Pettersen,Michael F. Bennet,John W. Hickenlooper,5/6/2025
Federally Qualified Health Center (FQHC),H80CS00801,80130,BPS-H80-000401,Salud Longmont,220 E Rogers Rd,Longmont,CO,80501-6027,303-697-2583,www.saludclinic.org,40,7,All Other Clinic Types,1,Active,61808,,1,Permanent,2,Service Delivery Site,1,Health Center/Applicant,1,Full-Time,1,Year-Round,1/1/1979,"SALUD FAMILY HEALTH, INC.",203 S Rollie Ave,Fort Lupton,CO,80621-1508,"Corporate Entity, Federal Tax Exempt",-105.0868416,40.16223188,N,N,8013,Boulder County,Boulder,County            ,8,Region 8,8,Colorado,802,2,Colorado District 02,CO-02,Joe Neguse,Michael F. Bennet,John W. Hickenlooper,5/6/2025
Federally Qualified Health Center (FQHC),H80CS28361,08E00412,BPS-H80-014935,Dillon Valley Elementary,108 Deer Path Rd,Dillon,CO,80435-5379,970-368-1400,www.summitclinic.org,37.5,2,School,1,Active,61960,,2,Seasonal,2,Service Delivery Site,1,Health Center/Applicant,0,Unknown,0,Unknown,5/1/2015,"SUMMIT COMMUNITY CARE CLINIC, INC.",360 Peak One Dr STE 100,Frisco,CO,80443-5948,"Corporate Entity, Federal Tax Exempt",-106.040107,39.63911722,N,N,8117,Summit County,Summit,County            ,8,Region 8,8,Colorado,802,2,Colorado District 02,CO-02,Joe Neguse,Michael F. Bennet,John W. Hickenlooper,5/6/2025
Federally Qualified Health Center (FQHC),H80CS00040,80620,BPS-H80-011770,West End Health Center,5050 W Colfax Ave,Denver,CO,80204-1015,303-312-9750,,27,7,All Other Clinic Types,1,Active,61922,1477819506,1,Permanent,2,Service Delivery Site,1,Health Center/Applicant,1,Full-Time,1,Year-Round,6/20/2012,THE COLORADO COALITION FOR THE HOMELESS,2111 Champa St,Denver,CO,80205-2529,"Corporate Entity, Federal Tax Exempt",-105.0515282,39.740295,N,N,8031,Denver County,Denver,County            ,8,Region 8,8,Colorado,801,1,Colorado District 01,CO-01,Diana DeGette,Michael F. Bennet,John W. Hickenlooper,5/6/2025
Federally Qualified Health Center (FQHC),H80CS00134,80030,BPS-H80-007581,"San Luis Health Center, Ernesto Pacheco Dental Clinic, or San Luis Physical Therapy and Rehabilitation",233 Main St STE B,San Luis,CO,81152-5095,719-672-3352,www.vwhs.org,42,7,All Other Clinic Types,1,Active,61819,,1,Permanent,2,Service Delivery Site,1,Health Center/Applicant,1,Full-Time,1,Year-Round,10/20/2008,VALLEY-WIDE HEALTH SYSTEMS,128 Market St,Alamosa,CO,81101-2290,"Corporate Entity, Federal Tax Exempt",-105.4274396,37.19723406,N,N,8023,Costilla County,Costilla,County            ,8,Region 8,8,Colorado,803,3,Colorado District 03,CO-03,Jeff Hurd,Michael F. Bennet,John W. Hickenlooper,5/6/2025
Federally Qualified Health Center (FQHC),H80CS00830,81260,BPS-H80-031994,MOUNTAIN FAMILY HEALTH CENTERS Glenwood Springs High School SBHC,1521 Grand Ave,Glenwood Springs,CO,81601-3809,970-945-2840,www.mountainfamily.org,40,2,School,1,Active,,,1,Permanent,2,Service Delivery Site,1,Health Center/Applicant,0,Unknown,0,Unknown,1/11/2021,MOUNTAIN FAMILY HEALTH CENTERS,"1905 Blake Ave, Ste 101",Glenwood Springs,CO,81601-4206,"Corporate Entity, Federal Tax Exempt",-107.3251039,39.53766033,N,N,8045,Garfield County,Garfield,County            ,8,Region 8,8,Colorado,803,3,Colorado District 03,CO-03,Jeff Hurd,Michael F. Bennet,John W. Hickenlooper,5/6/2025
Federally Qualified Health Center (FQHC),H80CS28356,08E01132,BPS-H80-015052,Marillac Clinic - Primary Care Partners,3150 N 12th St,Grand Junction,CO,81506-2863,970-245-1220,www.MarillacHealth.org,40,7,All Other Clinic Types,1,Active,61004,1063861749,1,Permanent,2,Service Delivery Site,1,Health Center/Applicant,0,Unknown,0,Unknown,5/1/2015,"MARILLAC CLINIC, INC.",2333 N 6th St,Grand Junction,CO,81501-2001,"Corporate Entity, Federal Tax Exempt",-108.5523174,39.09652155,N,N,8077,Mesa County,Mesa,County            ,8,Region 8,8,Colorado,803,3,Colorado District 03,CO-03,Jeff Hurd,Michael F. Bennet,John W. Hickenlooper,5/6/2025
Federally Qualified Health Center (FQHC),H80CS00212,81460,BPS-H80-031779,Springs Rescue Mission- Health Center 2,5 W Las Vegas St,Colorado Springs,CO,80903-4217,719-632-1822,www.peakvista.org,20,7,All Other Clinic Types,1,Active,,,1,Permanent,2,Service Delivery Site,1,Health Center/Applicant,0,Unknown,0,Unknown,12/17/2020,PEAK VISTA COMMUNITY HEALTH CENTERS,"3205 N Academy Blvd, Ste 130",Colorado Springs,CO,80917-5152,"Corporate Entity, Federal Tax Exempt",-104.8265731,38.81850099,N,N,8041,El Paso County,El Paso,County            ,8,Region 8,8,Colorado,805,5,Colorado District 05,CO-05,Jeff Crank,Michael F. Bennet,John W. Hickenlooper,5/6/2025
Federally Qualified Health Center (FQHC),H80CS00040,80620,BPS-H80-000836,La Casa Quigg Newton Family Health & Counseling Center,4545 Navajo St,Denver,CO,80211-2440,720-956-2305,,40,7,All Other Clinic Types,1,Active,61861,1477866184,1,Permanent,2,Service Delivery Site,1,Health Center/Applicant,1,Full-Time,1,Year-Round,1/1/1994,THE COLORADO COALITION FOR THE HOMELESS,2111 Champa St,Denver,CO,80205-2529,"Corporate Entity, Federal Tax Exempt",-105.0042052,39.77889949,N,N,8031,Denver County,Denver,County            ,8,Region 8,8,Colorado,801,1,Colorado District 01,CO-01,Diana DeGette,Michael F. Bennet,John W. Hickenlooper,5/6/2025
Federally Qualified Health Center (FQHC),H80CS00690,81650,BPS-H80-001251,Clinica Family Health - Pecos,1701 W 72nd Ave,Denver,CO,80221-2721,303-650-4460,WWW.CLINICA.ORG,49,7,All Other Clinic Types,1,Active,61854,1548256522,1,Permanent,2,Service Delivery Site,1,Health Center/Applicant,1,Full-Time,1,Year-Round,1/6/1996,CLINICA CAMPESINA/FAMILY HEALTH SERVICES,1735 S Public Rd,Lafayette,CO,80026-7093,"Corporate Entity, Federal Tax Exempt",-105.0075154,39.82732175,N,N,8001,Adams County,Adams,County            ,8,Region 8,8,Colorado,808,8,Colorado District 08,CO-08,Gabe Evans,Michael F. Bennet,John W. Hickenlooper,5/6/2025
Federally Qualified Health Center (FQHC),H80CS24099,08E00441,BPS-H80-011638,Sheridan Health Services,3525 W Oxford Ave,Denver,CO,80236-3106,303-315-6150,www.nursing.ucdenver.edu/sheridan,40,7,All Other Clinic Types,1,Active,61931,1750657722,1,Permanent,3,Administrative/Service Delivery Site,1,Health Center/Applicant,1,Full-Time,1,Year-Round,6/1/2012,THE REGENTS OF THE UNIV. OF COLORADO,13001 E 17th Pl STE F428,Aurora,CO,80045-2571,U.S. Government Entity,-105.0336663,39.64229434,N,N,8031,Denver County,Denver,County            ,8,Region 8,8,Colorado,801,1,Colorado District 01,CO-01,Diana DeGette,Michael F. Bennet,John W. Hickenlooper,5/6/2025
Federally Qualified Health Center (FQHC),H80CS00040,80620,BPS-H80-001467,Beacon Place,3636 W Colfax Ave,Denver,CO,80204-1513,303-629-1667,www.coloradocoalition.org,168,7,All Other Clinic Types,1,Active,,1114694692,1,Permanent,2,Service Delivery Site,1,Health Center/Applicant,1,Full-Time,1,Year-Round,1/6/2001,THE COLORADO COALITION FOR THE HOMELESS,2111 Champa St,Denver,CO,80205-2529,"Corporate Entity, Federal Tax Exempt",-105.0355216,39.74031152,N,N,8031,Denver County,Denver,County            ,8,Region 8,8,Colorado,801,1,Colorado District 01,CO-01,Diana DeGette,Michael F. Bennet,John W. Hickenlooper,5/6/2025
Federally Qualified Health Center (FQHC),H80CS00212,81460,BPS-H80-001678,"Health Center at Wahsatch, Enrichment & Counseling Center at Wahsatch",722 S Wahsatch Ave,Colorado Springs,CO,80903-4035,719-632-5700,www.peakvista.org,52.5,7,All Other Clinic Types,1,Active,61833,1033412796,1,Permanent,2,Service Delivery Site,1,Health Center/Applicant,1,Full-Time,1,Year-Round,1/1/1998,PEAK VISTA COMMUNITY HEALTH CENTERS,"3205 N Academy Blvd, Ste 130",Colorado Springs,CO,80917-5152,"Corporate Entity, Federal Tax Exempt",-104.8185813,38.82374584,N,N,8041,El Paso County,El Paso,County            ,8,Region 8,8,Colorado,805,5,Colorado District 05,CO-05,Jeff Crank,Michael F. Bennet,John W. Hickenlooper,5/6/2025
Federally Qualified Health Center (FQHC),H80CS00801,80130,BPS-H80-001772,Salud Brighton,1860 E Egbert St,Brighton,CO,80601-2404,303-697-2583,www.saludclinic.org,40,7,All Other Clinic Types,1,Active,61811,,1,Permanent,2,Service Delivery Site,1,Health Center/Applicant,1,Full-Time,1,Year-Round,1/1/1980,"SALUD FAMILY HEALTH, INC.",203 S Rollie Ave,Fort Lupton,CO,80621-1508,"Corporate Entity, Federal Tax Exempt",-104.7997744,39.98365166,N,N,8001,Adams County,Adams,County            ,8,Region 8,8,Colorado,808,8,Colorado District 08,CO-08,Gabe Evans,Michael F. Bennet,John W. Hickenlooper,5/6/2025
Federally Qualified Health Center (FQHC),H80CS00040,80620,BPS-H80-001773,CCH Administration & Champa Dental Clinic,2111 Champa St,Denver,CO,80205-2529,303-293-2217,www.coloradocoalition.org,40,7,All Other Clinic Types,1,Active,61954,1538557889,1,Permanent,3,Administrative/Service Delivery Site,1,Health Center/Applicant,1,Full-Time,1,Year-Round,1/1/1986,THE COLORADO COALITION FOR THE HOMELESS,2111 Champa St,Denver,CO,80205-2529,"Corporate Entity, Federal Tax Exempt",-104.9876868,39.75138108,N,N,8031,Denver County,Denver,County            ,8,Region 8,8,Colorado,801,1,Colorado District 01,CO-01,Diana DeGette,Michael F. Bennet,John W. Hickenlooper,5/6/2025
Federally Qualified Health Center (FQHC),H80CS00212,81460,BPS-H80-013493,Lane Family Health Center,4863 N Nevada Ave,Colorado Springs,CO,80918-3951,719-632-5700,www.peakvista.org,55,7,All Other Clinic Types,1,Active,61892,1851693832,1,Permanent,2,Service Delivery Site,1,Health Center/Applicant,1,Full-Time,1,Year-Round,12/24/2013,PEAK VISTA COMMUNITY HEALTH CENTERS,"3205 N Academy Blvd, Ste 130",Colorado Springs,CO,80917-5152,"Corporate Entity, Federal Tax Exempt",-104.8173862,38.90204191,N,N,8041,El Paso County,El Paso,County            ,8,Region 8,8,Colorado,805,5,Colorado District 05,CO-05,Jeff Crank,Michael F. Bennet,John W. Hickenlooper,5/6/2025
Federally Qualified Health Center (FQHC),H80CS00040,80620,BPS-H80-006300,Renaissance Children's Center,1797 Kendall St,Lakewood,CO,80214-1454,303-237-6132,www.coloradocoalition.org,57.5,7,All Other Clinic Types,1,Active,,1457014888,1,Permanent,2,Service Delivery Site,1,Health Center/Applicant,2,Part-Time,1,Year-Round,1/3/1999,THE COLORADO COALITION FOR THE HOMELESS,2111 Champa St,Denver,CO,80205-2529,"Corporate Entity, Federal Tax Exempt",-105.0661775,39.74546601,N,N,8059,Jefferson County,Jefferson,County            ,8,Region 8,8,Colorado,807,7,Colorado District 07,CO-07,Brittany Pettersen,Michael F. Bennet,John W. Hickenlooper,5/6/2025
Federally Qualified Health Center (FQHC),H80CS28356,08E01132,BPS-H80-037072,Marillac Clinic-PIC Place,87 Merchant Dr,Montrose,CO,81401-3015,970-252-8896,,40,7,All Other Clinic Types,1,Active,61053,1710760343,1,Permanent,2,Service Delivery Site,1,Health Center/Applicant,0,Unknown,0,Unknown,8/7/2023,"MARILLAC CLINIC, INC.",2333 N 6th St,Grand Junction,CO,81501-2001,"Corporate Entity, Federal Tax Exempt",-107.891347,38.49003034,N,N,8085,Montrose County,Montrose,County            ,8,Region 8,8,Colorado,803,3,Colorado District 03,CO-03,Jeff Hurd,Michael F. Bennet,John W. Hickenlooper,5/6/2025
Federally Qualified Health Center (FQHC),H80CS28361,08E00412,BPS-H80-027627,Lake County Intermediate School,1000 W 6th St,Leadville,CO,80461-3890,970-710-5049,,24,2,School,1,Active,,,2,Seasonal,2,Service Delivery Site,1,Health Center/Applicant,0,Unknown,0,Unknown,4/11/2019,"SUMMIT COMMUNITY CARE CLINIC, INC.",360 Peak One Dr STE 100,Frisco,CO,80443-5948,"Corporate Entity, Federal Tax Exempt",-106.3052161,39.24587493,N,N,8065,Lake County,Lake,County            ,8,Region 8,8,Colorado,807,7,Colorado District 07,CO-07,Brittany Pettersen,Michael F. Bennet,John W. Hickenlooper,5/6/2025
Federally Qualified Health Center (FQHC) Look-Alike,LALCS32516,08E01320,BPS-LAL-028189,Wheat Ridge Family Health Clinic,6301 W 38th Ave BLDG,Wheat Ridge,CO,80033-5057,303-940-9118,,40,7,All Other Clinic Types,1,Active,61010,1013491208,1,Permanent,2,Service Delivery Site,1,Health Center/Applicant,0,Unknown,0,Unknown,7/22/2019,INNER CITY HEALTH CENTER,3800 N YORK ST,DENVER,CO,80205,NA,-105.067197,39.76939748,N,N,8059,Jefferson County,Jefferson,County            ,8,Region 8,8,Colorado,807,7,Colorado District 07,CO-07,Brittany Pettersen,Michael F. Bennet,John W. Hickenlooper,5/6/2025
Federally Qualified Health Center (FQHC),H80CS00830,81260,BPS-H80-018203,MOUNTAIN FAMILY HEALTH CENTERS AVON SCHOOL-BASED HEALTH CENTER,0850 W Beaver Creek Blvd,Avon,CO,81620-5399,970-945-2840,www.mountainfamily.org,40,2,School,1,Active,,,1,Permanent,2,Service Delivery Site,1,Health Center/Applicant,0,Unknown,0,Unknown,6/15/2016,MOUNTAIN FAMILY HEALTH CENTERS,"1905 Blake Ave, Ste 101",Glenwood Springs,CO,81601-4206,"Corporate Entity, Federal Tax Exempt",-106.5346786,39.63870713,N,N,8037,Eagle County,Eagle,County            ,8,Region 8,8,Colorado,802,2,Colorado District 02,CO-02,Joe Neguse,Michael F. Bennet,John W. Hickenlooper,5/6/2025
Federally Qualified Health Center (FQHC),H80CS28361,08E00412,BPS-H80-027750,Breckenridge Elementary,312 S Harris St,Breckenridge,CO,80424-5850,970-710-5049,,8,2,School,1,Active,,,2,Seasonal,2,Service Delivery Site,1,Health Center/Applicant,0,Unknown,0,Unknown,5/15/2019,"SUMMIT COMMUNITY CARE CLINIC, INC.",360 Peak One Dr STE 100,Frisco,CO,80443-5948,"Corporate Entity, Federal Tax Exempt",-106.0421605,39.47917492,N,N,8117,Summit County,Summit,County            ,8,Region 8,8,Colorado,802,2,Colorado District 02,CO-02,Joe Neguse,Michael F. Bennet,John W. Hickenlooper,5/6/2025
Federally Qualified Health Center (FQHC),H80CS00218,80060,BPS-H80-033562,George Washington Campus School-Based Health Center,655 S Monaco Pkwy,Denver,CO,80224-1228,720-423-8600,denverhealth.org,40,2,School,1,Active,,,2,Seasonal,2,Service Delivery Site,1,Health Center/Applicant,0,Unknown,0,Unknown,10/21/2021,Denver Health and Hospital Authority,777 Bannock St,Denver,CO,80204-4507,U.S. Government Entity,-104.9130125,39.70512546,N,N,8031,Denver County,Denver,County            ,8,Region 8,8,Colorado,801,1,Colorado District 01,CO-01,Diana DeGette,Michael F. Bennet,John W. Hickenlooper,5/6/2025
Federally Qualified Health Center (FQHC),H80CS00830,81260,BPS-H80-027305,MOUNTAIN FAMILY HEALTH CENTERS BASALT,"123 Emma Rd, Ste 106",Basalt,CO,81621-9169,970-945-2840,www.mountainfamily.org,40,7,All Other Clinic Types,1,Active,61912,,1,Permanent,2,Service Delivery Site,1,Health Center/Applicant,0,Unknown,0,Unknown,1/14/2019,MOUNTAIN FAMILY HEALTH CENTERS,"1905 Blake Ave, Ste 101",Glenwood Springs,CO,81601-4206,"Corporate Entity, Federal Tax Exempt",-107.0337147,39.36458386,N,N,8097,Pitkin County,Pitkin,County            ,8,Region 8,8,Colorado,803,3,Colorado District 03,CO-03,Jeff Hurd,Michael F. Bennet,John W. Hickenlooper,5/6/2025
Federally Qualified Health Center (FQHC),H80CS00801,80130,BPS-H80-021293,Salud Columbine Elementary School,815 West St,Fort Morgan,CO,80701-2836,303-697-2583,www.saludclinic.org,6,2,School,1,Active,,,2,Seasonal,2,Service Delivery Site,1,Health Center/Applicant,0,Unknown,0,Unknown,10/12/2017,"SALUD FAMILY HEALTH, INC.",203 S Rollie Ave,Fort Lupton,CO,80621-1508,"Corporate Entity, Federal Tax Exempt",-103.8108826,40.25786613,N,N,8087,Morgan County,Morgan,County            ,8,Region 8,8,Colorado,804,4,Colorado District 04,CO-04,Lauren Boebert,Michael F. Bennet,John W. Hickenlooper,5/6/2025
Federally Qualified Health Center (FQHC),H80CS00801,80130,BPS-H80-002411,Salud Administrative Site,203 S Rollie Ave,Fort Lupton,CO,80621-1508,303-892-6401,www.saludclinic.org,40,0,Unknown,1,Active,,,1,Permanent,1,Administrative,1,Health Center/Applicant,1,Full-Time,1,Year-Round,1/7/1970,"SALUD FAMILY HEALTH, INC.",203 S Rollie Ave,Fort Lupton,CO,80621-1508,"Corporate Entity, Federal Tax Exempt",-104.8047056,40.07766191,N,N,8123,Weld County,Weld,County            ,8,Region 8,8,Colorado,808,8,Colorado District 08,CO-08,Gabe Evans,Michael F. Bennet,John W. Hickenlooper,5/6/2025
Federally Qualified Health Center (FQHC),H80CS26510,08E00393,BPS-H80-030804,Dove Creek Integrated Healthcare,495 W 4th St,Dove Creek,CO,81324-4900,970-677-2291,www.axishealthsystem.org,53,7,All Other Clinic Types,1,Active,61014,,1,Permanent,2,Service Delivery Site,1,Health Center/Applicant,0,Unknown,0,Unknown,5/20/2020,"SOUTHWEST COLORADO MENTAL HEALTH CENTER, INC",150 Mercury Village Dr,Durango,CO,81301-8955,"Corporate Entity, Federal Tax Exempt",-108.913992,37.76501566,N,N,8033,Dolores County,Dolores,County            ,8,Region 8,8,Colorado,803,3,Colorado District 03,CO-03,Jeff Hurd,Michael F. Bennet,John W. Hickenlooper,5/6/2025
Federally Qualified Health Center (FQHC),H80CS28361,08E00412,BPS-H80-037751,Care Clinic Lake County,735 US Highway 24,Leadville,CO,80461-3952,970-668-4040,summitclinic.org,16,7,All Other Clinic Types,1,Active,61068,1992583710,1,Permanent,2,Service Delivery Site,1,Health Center/Applicant,0,Unknown,0,Unknown,11/15/2023,"SUMMIT COMMUNITY CARE CLINIC, INC.",360 Peak One Dr STE 100,Frisco,CO,80443-5948,"Corporate Entity, Federal Tax Exempt",-106.301971,39.24024659,N,N,8065,Lake County,Lake,County            ,8,Region 8,8,Colorado,807,7,Colorado District 07,CO-07,Brittany Pettersen,Michael F. Bennet,John W. Hickenlooper,5/6/2025
Federally Qualified Health Center (FQHC),H80CS28356,08E01132,BPS-H80-015058,Marillac Clinic-Grand Junction,2333 N 6th St,Grand Junction,CO,81501-2001,970-200-1600,www.MarillacHealth.org,53,7,All Other Clinic Types,1,Active,61968,1518239219,1,Permanent,3,Administrative/Service Delivery Site,1,Health Center/Applicant,0,Unknown,0,Unknown,5/1/2015,"MARILLAC CLINIC, INC.",2333 N 6th St,Grand Junction,CO,81501-2001,"Corporate Entity, Federal Tax Exempt",-108.562086,39.08904024,N,N,8077,Mesa County,Mesa,County            ,8,Region 8,8,Colorado,803,3,Colorado District 03,CO-03,Jeff Hurd,Michael F. Bennet,John W. Hickenlooper,5/6/2025
Federally Qualified Health Center (FQHC),H80CS00690,81650,BPS-H80-038479,Clinica Family Health - Pecos Administration 1st Floor,"7290 Samuel Dr, Ste 110",Denver,CO,80221-2796,303-650-4460,,,7,All Other Clinic Types,1,Active,,,1,Permanent,1,Administrative,1,Health Center/Applicant,0,Unknown,0,Unknown,4/8/2024,CLINICA CAMPESINA/FAMILY HEALTH SERVICES,1735 S Public Rd,Lafayette,CO,80026-7093,"Corporate Entity, Federal Tax Exempt",-105.0078295,39.8289317,N,N,8001,Adams County,Adams,County            ,8,Region 8,8,Colorado,808,8,Colorado District 08,CO-08,Gabe Evans,Michael F. Bennet,John W. Hickenlooper,5/6/2025
Federally Qualified Health Center (FQHC),H80CS00134,80030,BPS-H80-003074,Guadalupe Health Center,W 10th Ave & Dahlia St,Antonito,CO,81120,719-376-5426,www.vwhs.org,37,7,All Other Clinic Types,1,Active,61820,1508853813,1,Permanent,2,Service Delivery Site,1,Health Center/Applicant,1,Full-Time,1,Year-Round,1/1/1976,VALLEY-WIDE HEALTH SYSTEMS,128 Market St,Alamosa,CO,81101-2290,"Corporate Entity, Federal Tax Exempt",-106.01517,37.08094998,N,N,8021,Conejos County,Conejos,County            ,8,Region 8,8,Colorado,803,3,Colorado District 03,CO-03,Jeff Hurd,Michael F. Bennet,John W. Hickenlooper,5/6/2025
Federally Qualified Health Center (FQHC),H80CS00218,80060,BPS-H80-003166,Rachel B. Noel Campus,5290 Kittredge St,Denver,CO,80239-5628,720-424-0909,www.denverhealth.org,40,2,School,1,Active,,1437171204,2,Seasonal,2,Service Delivery Site,1,Health Center/Applicant,1,Full-Time,1,Year-Round,1/1/2003,Denver Health and Hospital Authority,777 Bannock St,Denver,CO,80204-4507,U.S. Government Entity,-104.8020146,39.78855059,N,N,8031,Denver County,Denver,County            ,8,Region 8,8,Colorado,801,1,Colorado District 01,CO-01,Diana DeGette,Michael F. Bennet,John W. Hickenlooper,5/6/2025
Federally Qualified Health Center (FQHC),H80CS00134,80030,BPS-H80-036979,Valley-Wide WAGEES Housing,910 W 3rd St,La Junta,CO,81050-1315,800-511-5446,,168,0,Unknown,1,Active,,,1,Permanent,1,Administrative,1,Health Center/Applicant,0,Unknown,0,Unknown,7/25/2023,VALLEY-WIDE HEALTH SYSTEMS,128 Market St,Alamosa,CO,81101-2290,"Corporate Entity, Federal Tax Exempt",-103.5548399,37.98585412,N,N,8089,Otero County,Otero,County            ,8,Region 8,8,Colorado,803,3,Colorado District 03,CO-03,Jeff Hurd,Michael F. Bennet,John W. Hickenlooper,5/6/2025
Federally Qualified Health Center (FQHC),H80CS00040,80620,BPS-H80-036136,Renaissance Downtown Lofts,2075 N Broadway,Denver,CO,80205-2853,303-293-2217,,40,7,All Other Clinic Types,1,Active,,1487326732,1,Permanent,2,Service Delivery Site,1,Health Center/Applicant,0,Unknown,0,Unknown,1/5/2023,THE COLORADO COALITION FOR THE HOMELESS,2111 Champa St,Denver,CO,80205-2529,"Corporate Entity, Federal Tax Exempt",-104.9874814,39.75039822,N,N,8031,Denver County,Denver,County            ,8,Region 8,8,Colorado,801,1,Colorado District 01,CO-01,Diana DeGette,Michael F. Bennet,John W. Hickenlooper,5/6/2025
Federally Qualified Health Center (FQHC),H80CS00218,80060,BPS-H80-014027,Thomas Jefferson High School,3950 S Holly St,Denver,CO,80237-1117,720-423-7190,www.denverhealth.org,40,2,School,1,Active,,1114341963,2,Seasonal,2,Service Delivery Site,1,Health Center/Applicant,1,Full-Time,2,Seasonal,7/11/2014,Denver Health and Hospital Authority,777 Bannock St,Denver,CO,80204-4507,U.S. Government Entity,-104.9224489,39.64682501,N,N,8031,Denver County,Denver,County            ,8,Region 8,8,Colorado,801,1,Colorado District 01,CO-01,Diana DeGette,Michael F. Bennet,John W. Hickenlooper,5/6/2025
Federally Qualified Health Center (FQHC),H80CS00830,81260,BPS-H80-031118,MOUNTAIN FAMILY HEALTH CENTERS Roaring Fork High School SBHC,2270 Highway 133,Carbondale,CO,81623-9271,970-945-2840,www.mountainfamily.org,45,2,School,1,Active,,,1,Permanent,2,Service Delivery Site,1,Health Center/Applicant,0,Unknown,0,Unknown,7/29/2020,MOUNTAIN FAMILY HEALTH CENTERS,"1905 Blake Ave, Ste 101",Glenwood Springs,CO,81601-4206,"Corporate Entity, Federal Tax Exempt",-107.2034725,39.38628298,N,N,8045,Garfield County,Garfield,County            ,8,Region 8,8,Colorado,803,3,Colorado District 03,CO-03,Jeff Hurd,Michael F. Bennet,John W. Hickenlooper,5/6/2025
Federally Qualified Health Center (FQHC),H80CS28998,08E01215,BPS-H80-036218,Tepeyac 48th Avenue Clinic,2101 E 48th Ave,Denver,CO,80216-2253,303-458-5302,https://www.tepeyachealth.org/,49,7,All Other Clinic Types,1,Active,61047,1659080620,1,Permanent,2,Service Delivery Site,1,Health Center/Applicant,0,Unknown,0,Unknown,1/24/2023,"LA CLINICA TEPEYAC, INC.",4725 High St,Denver,CO,80216-2220,"Corporate Entity, Federal Tax Exempt",-104.9619332,39.78379126,N,N,8031,Denver County,Denver,County            ,8,Region 8,8,Colorado,801,1,Colorado District 01,CO-01,Diana DeGette,Michael F. Bennet,John W. Hickenlooper,5/6/2025
Federally Qualified Health Center (FQHC),H80CS00217,80730,BPS-H80-017310,STRIDE CHC  -  Del Mar,10680 Del Mar Pkwy,Aurora,CO,80010-4011,303-761-1977,www.stridechc.org,52.5,7,All Other Clinic Types,1,Active,61969,1558727883,1,Permanent,2,Service Delivery Site,1,Health Center/Applicant,0,Unknown,0,Unknown,11/23/2015,METRO COMMUNITY PROVIDER NETWORK INC,7495 W 29th Ave,Wheat Ridge,CO,80033-8002,"Corporate Entity, Federal Tax Exempt",-104.8635931,39.73148496,N,N,8005,Arapahoe County,Arapahoe,County            ,8,Region 8,8,Colorado,806,6,Colorado District 06,CO-06,Jason Crow,Michael F. Bennet,John W. Hickenlooper,5/6/2025
Federally Qualified Health Center (FQHC),H80CS00218,80060,BPS-H80-012571,Park Hill Family Health Center,4995 E 33rd Ave,Denver,CO,80207-1902,303-602-3720,www.denverhealth.org,40,7,All Other Clinic Types,1,Active,61826,1326089400,1,Permanent,2,Service Delivery Site,1,Health Center/Applicant,1,Full-Time,1,Year-Round,5/7/2013,Denver Health and Hospital Authority,777 Bannock St,Denver,CO,80204-4507,U.S. Government Entity,-104.9297208,39.76382577,N,N,8031,Denver County,Denver,County            ,8,Region 8,8,Colorado,801,1,Colorado District 01,CO-01,Diana DeGette,Michael F. Bennet,John W. Hickenlooper,5/6/2025
Federally Qualified Health Center (FQHC),H80CS00690,81650,BPS-H80-039438,Clinica Family Health & Wellness -- Walk-In Crisis & Addiction Center,3180 Airport Rd,Boulder,CO,80301-2208,303-650-4460,,168,7,All Other Clinic Types,1,Active,,,1,Permanent,2,Service Delivery Site,1,Health Center/Applicant,0,Unknown,0,Unknown,11/1/2024,CLINICA CAMPESINA/FAMILY HEALTH SERVICES,1735 S Public Rd,Lafayette,CO,80026-7093,"Corporate Entity, Federal Tax Exempt",-105.2326589,40.03496282,N,N,8013,Boulder County,Boulder,County            ,8,Region 8,8,Colorado,802,2,Colorado District 02,CO-02,Joe Neguse,Michael F. Bennet,John W. Hickenlooper,5/6/2025
Federally Qualified Health Center (FQHC),H80CS28356,08E01132,BPS-H80-038678,Marillac Clinic - GJHS Health Center,1400 N 5th St,Grand Junction,CO,81501-7527,970-609-1113,MarillacHealth.org,40,2,School,1,Active,,1568219483,1,Permanent,2,Service Delivery Site,1,Health Center/Applicant,0,Unknown,0,Unknown,5/15/2024,"MARILLAC CLINIC, INC.",2333 N 6th St,Grand Junction,CO,81501-2001,"Corporate Entity, Federal Tax Exempt",-108.5644763,39.08026615,N,N,8077,Mesa County,Mesa,County            ,8,Region 8,8,Colorado,803,3,Colorado District 03,CO-03,Jeff Hurd,Michael F. Bennet,John W. Hickenlooper,5/6/2025
Federally Qualified Health Center (FQHC),H80CS00217,80730,BPS-H80-034103,STRIDE CHC - Overland High School,12400 E Jewell Ave,Aurora,CO,80012-5324,303-778-7433,https://stridechc.org,42.5,2,School,1,Active,61039,1699420976,1,Permanent,2,Service Delivery Site,1,Health Center/Applicant,0,Unknown,0,Unknown,1/14/2022,METRO COMMUNITY PROVIDER NETWORK INC,7495 W 29th Ave,Wheat Ridge,CO,80033-8002,"Corporate Entity, Federal Tax Exempt",-104.8432137,39.6820277,N,N,8005,Arapahoe County,Arapahoe,County            ,8,Region 8,8,Colorado,806,6,Colorado District 06,CO-06,Jason Crow,Michael F. Bennet,John W. Hickenlooper,5/6/2025
Federally Qualified Health Center (FQHC),H80CS00218,80060,BPS-H80-003804,North Campus,2960 N Speer Blvd,Denver,CO,80211-3795,720-423-2718,www.denverhealth.org,40,2,School,1,Active,,1093737868,2,Seasonal,2,Service Delivery Site,1,Health Center/Applicant,1,Full-Time,1,Year-Round,1/1/1995,Denver Health and Hospital Authority,777 Bannock St,Denver,CO,80204-4507,U.S. Government Entity,-105.0231221,39.75941111,N,N,8031,Denver County,Denver,County            ,8,Region 8,8,Colorado,801,1,Colorado District 01,CO-01,Diana DeGette,Michael F. Bennet,John W. Hickenlooper,5/6/2025
Federally Qualified Health Center (FQHC),H80CS28361,08E00412,BPS-H80-016817,Lake County High School,1000 W 4th St,Leadville,CO,80461-3800,719-486-6830,www.lakecountyschools.net,40,2,School,1,Active,61964,,1,Permanent,2,Service Delivery Site,1,Health Center/Applicant,0,Unknown,0,Unknown,8/23/2015,"SUMMIT COMMUNITY CARE CLINIC, INC.",360 Peak One Dr STE 100,Frisco,CO,80443-5948,"Corporate Entity, Federal Tax Exempt",-106.3032859,39.24445514,N,N,8065,Lake County,Lake,County            ,8,Region 8,8,Colorado,807,7,Colorado District 07,CO-07,Brittany Pettersen,Michael F. Bennet,John W. Hickenlooper,5/6/2025
Federally Qualified Health Center (FQHC),H80CS00134,80030,BPS-H80-003930,La Jara Dental Clinic,421 Walnut St,La Jara,CO,81140-5064,719-274-8948,www.vwhs.org,40,7,All Other Clinic Types,1,Active,,1295724797,1,Permanent,2,Service Delivery Site,1,Health Center/Applicant,1,Full-Time,1,Year-Round,1/3/1997,VALLEY-WIDE HEALTH SYSTEMS,128 Market St,Alamosa,CO,81101-2290,"Corporate Entity, Federal Tax Exempt",-105.9597202,37.27291714,N,N,8021,Conejos County,Conejos,County            ,8,Region 8,8,Colorado,803,3,Colorado District 03,CO-03,Jeff Hurd,Michael F. Bennet,John W. Hickenlooper,5/6/2025
Federally Qualified Health Center (FQHC),H80CS24176,08E00518,BPS-H80-036779,River Valley Family Health Center of Delta,1250 Valley View Dr,Delta,CO,81416-3138,970-874-8981,,58.5,7,All Other Clinic Types,1,Active,61978,,1,Permanent,2,Service Delivery Site,1,Health Center/Applicant,0,Unknown,0,Unknown,6/6/2023,"OLATHE COMMUNITY CLINIC, INC.",308 Main St,Olathe,CO,81425-5066,"Corporate Entity, Federal Tax Exempt",-108.0555372,38.75106254,N,N,8029,Delta County,Delta,County            ,8,Region 8,8,Colorado,803,3,Colorado District 03,CO-03,Jeff Hurd,Michael F. Bennet,John W. Hickenlooper,5/6/2025
Federally Qualified Health Center (FQHC),H80CS00134,80030,BPS-H80-036392,Valley-Wide Counseling & Support Center - Eads,S Rittgers St,Eads,CO,81036-9680,800-511-5446,,36,7,All Other Clinic Types,1,Active,,,1,Permanent,2,Service Delivery Site,1,Health Center/Applicant,0,Unknown,0,Unknown,3/6/2023,VALLEY-WIDE HEALTH SYSTEMS,128 Market St,Alamosa,CO,81101-2290,"Corporate Entity, Federal Tax Exempt",-102.77648,38.47703151,N,N,8061,Kiowa County,Kiowa,County            ,8,Region 8,8,Colorado,804,4,Colorado District 04,CO-04,Lauren Boebert,Michael F. Bennet,John W. Hickenlooper,5/6/2025
Federally Qualified Health Center (FQHC),H80CS00801,80130,BPS-H80-027033,Salud Brighton High School,270 S 8th Ave,Brighton,CO,80601-2132,303-697-2583,saludclinic.org,1,2,School,1,Active,,,2,Seasonal,2,Service Delivery Site,1,Health Center/Applicant,0,Unknown,0,Unknown,11/27/2018,"SALUD FAMILY HEALTH, INC.",203 S Rollie Ave,Fort Lupton,CO,80621-1508,"Corporate Entity, Federal Tax Exempt",-104.8125568,39.98121366,N,N,8001,Adams County,Adams,County            ,8,Region 8,8,Colorado,808,8,Colorado District 08,CO-08,Gabe Evans,Michael F. Bennet,John W. Hickenlooper,5/6/2025
Federally Qualified Health Center (FQHC),H80CS00218,80060,BPS-H80-004391,Eastside Family Health Center,501 28th St,Denver,CO,80205-3003,303-602-6333,www.denverhealth.org,40,7,All Other Clinic Types,1,Active,61822,1285675371,1,Permanent,2,Service Delivery Site,1,Health Center/Applicant,1,Full-Time,1,Year-Round,1/1/1966,Denver Health and Hospital Authority,777 Bannock St,Denver,CO,80204-4507,U.S. Government Entity,-104.9760365,39.75513072,N,N,8031,Denver County,Denver,County            ,8,Region 8,8,Colorado,801,1,Colorado District 01,CO-01,Diana DeGette,Michael F. Bennet,John W. Hickenlooper,5/6/2025
Federally Qualified Health Center (FQHC),H80CS00801,80130,BPS-H80-004397,Salud Estes Park,1950 Redtail Hawk Dr,Estes Park,CO,80517-9780,303-697-2583,www.saludclinic.org,40,7,All Other Clinic Types,1,Active,61864,,1,Permanent,2,Service Delivery Site,1,Health Center/Applicant,1,Full-Time,1,Year-Round,1/5/1992,"SALUD FAMILY HEALTH, INC.",203 S Rollie Ave,Fort Lupton,CO,80621-1508,"Corporate Entity, Federal Tax Exempt",-105.4890848,40.38899048,N,N,8069,Larimer County,Larimer,County            ,8,Region 8,8,Colorado,802,2,Colorado District 02,CO-02,Joe Neguse,Michael F. Bennet,John W. Hickenlooper,5/6/2025
Federally Qualified Health Center (FQHC),H80CS28361,08E00412,BPS-H80-014950,"Summit Community Care Clinic, Inc.","360 Peak One Dr, Ste 100",Frisco,CO,80443-5948,970-668-4040,www.summitclinic.org,54,7,All Other Clinic Types,1,Active,61923,,1,Permanent,3,Administrative/Service Delivery Site,1,Health Center/Applicant,0,Unknown,0,Unknown,5/1/2015,"SUMMIT COMMUNITY CARE CLINIC, INC.",360 Peak One Dr STE 100,Frisco,CO,80443-5948,"Corporate Entity, Federal Tax Exempt",-106.0766038,39.57088371,N,N,8117,Summit County,Summit,County            ,8,Region 8,8,Colorado,802,2,Colorado District 02,CO-02,Joe Neguse,Michael F. Bennet,John W. Hickenlooper,5/6/2025
Federally Qualified Health Center (FQHC),H80CS00218,80060,BPS-H80-004510,Westwood Family Health Center,4320 W Alaska Pl,Denver,CO,80219-2454,303-602-4660,www.denverhealth.org,40,7,All Other Clinic Types,1,Active,61824,1619918794,1,Permanent,2,Service Delivery Site,1,Health Center/Applicant,1,Full-Time,1,Year-Round,1/1/1972,Denver Health and Hospital Authority,777 Bannock St,Denver,CO,80204-4507,U.S. Government Entity,-105.0443524,39.70891328,N,N,8031,Denver County,Denver,County            ,8,Region 8,8,Colorado,801,1,Colorado District 01,CO-01,Diana DeGette,Michael F. Bennet,John W. Hickenlooper,5/6/2025
Federally Qualified Health Center (FQHC),H80CS00804,80140,BPS-H80-013578,LOVELAND COMMUNITY HEALTH CENTER/DENTAL,302 3rd St SE,Loveland,CO,80537-6419,970-669-4855,sunrisecommunityhealth.org,52,7,All Other Clinic Types,1,Active,61863,1902005382,1,Permanent,2,Service Delivery Site,1,Health Center/Applicant,1,Full-Time,1,Year-Round,2/7/2014,SUNRISE COMMUNITY HEALTH,2930 11th Ave,Evans,CO,80620-1011,"Corporate Entity, Federal Tax Exempt",-105.0724574,40.39041645,N,N,8069,Larimer County,Larimer,County            ,8,Region 8,8,Colorado,804,4,Colorado District 04,CO-04,Lauren Boebert,Michael F. Bennet,John W. Hickenlooper,5/6/2025
Federally Qualified Health Center (FQHC),H80CS24099,08E00441,BPS-H80-034381,Belleview Point,5001 S Parker Rd STE 215,Aurora,CO,80015-1183,303-315-6200,https://nursing.cuanschutz.edu/patient-care/belleview-point-clinic,40,7,All Other Clinic Types,1,Active,,,1,Permanent,2,Service Delivery Site,1,Health Center/Applicant,0,Unknown,0,Unknown,3/21/2022,THE REGENTS OF THE UNIV. OF COLORADO,13001 E 17th Pl STE F428,Aurora,CO,80045-2571,U.S. Government Entity,-104.8229565,39.62537798,N,N,8005,Arapahoe County,Arapahoe,County            ,8,Region 8,8,Colorado,806,6,Colorado District 06,CO-06,Jason Crow,Michael F. Bennet,John W. Hickenlooper,5/6/2025
Federally Qualified Health Center (FQHC),H80CS00212,81460,BPS-H80-014303,Peak Vista Administrative Services Center,"3205 N Academy Blvd, Ste 130",Colorado Springs,CO,80917-5152,719-632-5700,www.peakvista.org,40,7,All Other Clinic Types,1,Active,,1730166034,1,Permanent,1,Administrative,1,Health Center/Applicant,0,Unknown,0,Unknown,10/3/2014,PEAK VISTA COMMUNITY HEALTH CENTERS,"3205 N Academy Blvd, Ste 130",Colorado Springs,CO,80917-5152,"Corporate Entity, Federal Tax Exempt",-104.7569307,38.87850619,N,N,8041,El Paso County,El Paso,County            ,8,Region 8,8,Colorado,805,5,Colorado District 05,CO-05,Jeff Crank,Michael F. Bennet,John W. Hickenlooper,5/6/2025
Federally Qualified Health Center (FQHC),H80CS28361,08E00412,BPS-H80-035547,Mountain Cares Pharmacy,360 Peak One Dr STE 100-A,Frisco,CO,80443-5948,970-486-3110,,40,7,All Other Clinic Types,1,Active,,,1,Permanent,2,Service Delivery Site,1,Health Center/Applicant,0,Unknown,0,Unknown,8/29/2022,"SUMMIT COMMUNITY CARE CLINIC, INC.",360 Peak One Dr STE 100,Frisco,CO,80443-5948,"Corporate Entity, Federal Tax Exempt",-106.0766044,39.57089435,N,N,8117,Summit County,Summit,County            ,8,Region 8,8,Colorado,802,2,Colorado District 02,CO-02,Joe Neguse,Michael F. Bennet,John W. Hickenlooper,5/6/2025
Federally Qualified Health Center (FQHC),H80CS00804,80140,BPS-H80-004710,MONFORT FAMILY CLINIC,2930 11th Ave,Evans,CO,80620-1011,970-353-9403,sunrisecommunityhealth.org,55.5,7,All Other Clinic Types,1,Active,61801,1295732048,1,Permanent,3,Administrative/Service Delivery Site,1,Health Center/Applicant,1,Full-Time,1,Year-Round,1/7/2007,SUNRISE COMMUNITY HEALTH,2930 11th Ave,Evans,CO,80620-1011,"Corporate Entity, Federal Tax Exempt",-104.6920832,40.38899476,N,N,8123,Weld County,Weld,County            ,8,Region 8,8,Colorado,808,8,Colorado District 08,CO-08,Gabe Evans,Michael F. Bennet,John W. Hickenlooper,5/6/2025
Federally Qualified Health Center (FQHC),H80CS00801,80130,BPS-H80-004796,Salud Mobile Unit,203 S Rollie Ave,Fort Lupton,CO,80621-1508,303-892-6401,www.saludclinic.org,25,7,All Other Clinic Types,1,Active,,,5,Mobile Van,2,Service Delivery Site,1,Health Center/Applicant,1,Full-Time,1,Year-Round,1/1/1980,"SALUD FAMILY HEALTH, INC.",203 S Rollie Ave,Fort Lupton,CO,80621-1508,"Corporate Entity, Federal Tax Exempt",-104.8047056,40.07766191,N,N,8123,Weld County,Weld,County            ,8,Region 8,8,Colorado,808,8,Colorado District 08,CO-08,Gabe Evans,Michael F. Bennet,John W. Hickenlooper,5/6/2025
Federally Qualified Health Center (FQHC),H80CS00801,80130,BPS-H80-021291,Salud Trinidad,911 Robinson Ave,Trinidad,CO,81082-2832,719-422-8800,,40,7,All Other Clinic Types,1,Active,61980,,1,Permanent,2,Service Delivery Site,1,Health Center/Applicant,0,Unknown,0,Unknown,10/12/2017,"SALUD FAMILY HEALTH, INC.",203 S Rollie Ave,Fort Lupton,CO,80621-1508,"Corporate Entity, Federal Tax Exempt",-104.5208323,37.16617013,N,N,8071,Las Animas County,Las Animas,County            ,8,Region 8,8,Colorado,803,3,Colorado District 03,CO-03,Jeff Hurd,Michael F. Bennet,John W. Hickenlooper,5/6/2025
Federally Qualified Health Center (FQHC),H80CS00218,80060,BPS-H80-008864,Montbello Family Health Center,12600 Albrook Dr,Denver,CO,80239-4604,303-602-4000,www.denverhealth.org,44,7,All Other Clinic Types,1,Active,61848,1194766428,1,Permanent,2,Service Delivery Site,1,Health Center/Applicant,1,Full-Time,1,Year-Round,6/29/2009,Denver Health and Hospital Authority,777 Bannock St,Denver,CO,80204-4507,U.S. Government Entity,-104.843726,39.78154067,N,N,8031,Denver County,Denver,County            ,8,Region 8,8,Colorado,801,1,Colorado District 01,CO-01,Diana DeGette,Michael F. Bennet,John W. Hickenlooper,5/6/2025
Federally Qualified Health Center (FQHC),H80CS26510,08E00393,BPS-H80-038261,Axis Health System - Telluride,238 W Colorado Ave # 9,Telluride,CO,81435-5091,970-252-3200,,45,7,All Other Clinic Types,1,Active,,,1,Permanent,2,Service Delivery Site,1,Health Center/Applicant,0,Unknown,0,Unknown,2/14/2024,"SOUTHWEST COLORADO MENTAL HEALTH CENTER, INC",150 Mercury Village Dr,Durango,CO,81301-8955,"Corporate Entity, Federal Tax Exempt",-107.8121851,37.93745074,N,N,8113,San Miguel County,San Miguel,County            ,8,Region 8,8,Colorado,803,3,Colorado District 03,CO-03,Jeff Hurd,Michael F. Bennet,John W. Hickenlooper,5/6/2025
Federally Qualified Health Center (FQHC),H80CS00692,80170,BPS-H80-005023,ADMINISTRATION,112 E Pitkin Ave,Pueblo,CO,81004-2110,719-543-8711,http://www.pueblochc.org,45,0,Unknown,1,Active,,,1,Permanent,1,Administrative,1,Health Center/Applicant,1,Full-Time,1,Year-Round,4/1/2001,PUEBLO COMMUNITY HEALTH CENTER,310 Colorado Ave,Pueblo,CO,81004-2006,"Corporate Entity, Federal Tax Exempt",-104.6241887,38.25615269,N,N,8101,Pueblo County,Pueblo,County            ,8,Region 8,8,Colorado,803,3,Colorado District 03,CO-03,Jeff Hurd,Michael F. Bennet,John W. Hickenlooper,5/6/2025
Federally Qualified Health Center (FQHC),H80CS00134,80030,BPS-H80-036411,Valley-Wide Counseling & Support Center- Springfield,189 E 9th Ave,Springfield,CO,81073-1601,800-511-5446,,40,7,All Other Clinic Types,1,Active,,,1,Permanent,2,Service Delivery Site,1,Health Center/Applicant,0,Unknown,0,Unknown,3/9/2023,VALLEY-WIDE HEALTH SYSTEMS,128 Market St,Alamosa,CO,81101-2290,"Corporate Entity, Federal Tax Exempt",-102.6154338,37.40504953,N,N,8009,Baca County,Baca,County            ,8,Region 8,8,Colorado,804,4,Colorado District 04,CO-04,Lauren Boebert,Michael F. Bennet,John W. Hickenlooper,5/6/2025
Federally Qualified Health Center (FQHC),H80CS00218,80060,BPS-H80-017126,Federico F. Pena Family Health Center,1339 S Federal Blvd,Denver,CO,80219-4235,303-602-0000,,68,7,All Other Clinic Types,1,Active,61972,1992161780,1,Permanent,2,Service Delivery Site,1,Health Center/Applicant,0,Unknown,0,Unknown,10/4/2015,Denver Health and Hospital Authority,777 Bannock St,Denver,CO,80204-4507,U.S. Government Entity,-105.0251529,39.69225941,N,N,8031,Denver County,Denver,County            ,8,Region 8,8,Colorado,801,1,Colorado District 01,CO-01,Diana DeGette,Michael F. Bennet,John W. Hickenlooper,5/6/2025
Federally Qualified Health Center (FQHC),H80CS00690,81650,BPS-H80-008061,Boulder Shelter For The Homeless,4869 Broadway St,Boulder,CO,80304-0523,303-442-4646,www.clinica.org,2,7,All Other Clinic Types,1,Active,,,1,Permanent,2,Service Delivery Site,1,Health Center/Applicant,2,Part-Time,1,Year-Round,12/8/2008,CLINICA CAMPESINA/FAMILY HEALTH SERVICES,1735 S Public Rd,Lafayette,CO,80026-7093,"Corporate Entity, Federal Tax Exempt",-105.2821474,40.06258199,N,N,8013,Boulder County,Boulder,County            ,8,Region 8,8,Colorado,802,2,Colorado District 02,CO-02,Joe Neguse,Michael F. Bennet,John W. Hickenlooper,5/6/2025
Federally Qualified Health Center (FQHC),H80CS00212,81460,BPS-H80-009592,Enrollment Services,2828 International Cir STE 120,Colorado Spgs,CO,80910-3127,719-632-5700,www.peakvista.org,40,7,All Other Clinic Types,1,Active,,,1,Permanent,3,Administrative/Service Delivery Site,1,Health Center/Applicant,1,Full-Time,1,Year-Round,7/22/2010,PEAK VISTA COMMUNITY HEALTH CENTERS,"3205 N Academy Blvd, Ste 130",Colorado Springs,CO,80917-5152,"Corporate Entity, Federal Tax Exempt",-104.7881909,38.82718338,N,N,8041,El Paso County,El Paso,County            ,8,Region 8,8,Colorado,805,5,Colorado District 05,CO-05,Jeff Crank,Michael F. Bennet,John W. Hickenlooper,5/6/2025
Federally Qualified Health Center (FQHC),H80CS24176,08E00518,BPS-H80-013942,"Olathe Community Clinic, Inc.",308 Main St,Olathe,CO,81425-5066,970-323-6141,/www.rivervalleyfhc.com/,9.75,7,All Other Clinic Types,1,Active,61930,,1,Permanent,3,Administrative/Service Delivery Site,1,Health Center/Applicant,1,Full-Time,1,Year-Round,6/17/2014,"OLATHE COMMUNITY CLINIC, INC.",308 Main St,Olathe,CO,81425-5066,"Corporate Entity, Federal Tax Exempt",-107.9837828,38.60622371,N,N,8085,Montrose County,Montrose,County            ,8,Region 8,8,Colorado,803,3,Colorado District 03,CO-03,Jeff Hurd,Michael F. Bennet,John W. Hickenlooper,5/6/2025
Federally Qualified Health Center (FQHC),H80CS00212,81460,BPS-H80-036781,Developmental Disabilities Health Center,3205 N Academy Blvd STE 120,Colorado Springs,CO,80917-5147,719-632-5700,,52.5,7,All Other Clinic Types,1,Active,61878,1679877138,1,Permanent,2,Service Delivery Site,1,Health Center/Applicant,0,Unknown,0,Unknown,6/6/2023,PEAK VISTA COMMUNITY HEALTH CENTERS,"3205 N Academy Blvd, Ste 130",Colorado Springs,CO,80917-5152,"Corporate Entity, Federal Tax Exempt",-104.7569725,38.878488,N,N,8041,El Paso County,El Paso,County            ,8,Region 8,8,Colorado,805,5,Colorado District 05,CO-05,Jeff Crank,Michael F. Bennet,John W. Hickenlooper,5/6/2025
Federally Qualified Health Center (FQHC),H80CS00214,84100,BPS-H80-005499,LCC CAMPUS HEALTH CLINIC,2401 S Main St,Lamar,CO,81052-3912,719-336-1683,www.highplainschc.net,30,2,School,1,Active,61921,,2,Seasonal,2,Service Delivery Site,1,Health Center/Applicant,1,Full-Time,1,Year-Round,1/9/1998,HIGH PLAINS COMMUNITY HEALTH CENTER,201 Kendall Dr,Lamar,CO,81052,"Corporate Entity, Federal Tax Exempt",-102.6169731,38.06310721,N,N,8099,Prowers County,Prowers,County            ,8,Region 8,8,Colorado,804,4,Colorado District 04,CO-04,Lauren Boebert,Michael F. Bennet,John W. Hickenlooper,5/6/2025
Federally Qualified Health Center (FQHC),H80CS00134,80030,BPS-H80-010152,Edward M. Kennedy Health Clinic,925 2nd Ave,Monte Vista,CO,81144-1432,719-852-2512,www.vwhs.org,47,7,All Other Clinic Types,1,Active,61839,1821085994,1,Permanent,2,Service Delivery Site,1,Health Center/Applicant,1,Full-Time,1,Year-Round,10/1/2010,VALLEY-WIDE HEALTH SYSTEMS,128 Market St,Alamosa,CO,81101-2290,"Corporate Entity, Federal Tax Exempt",-106.145897,37.57923979,N,N,8105,Rio Grande County,Rio Grande,County            ,8,Region 8,8,Colorado,803,3,Colorado District 03,CO-03,Jeff Hurd,Michael F. Bennet,John W. Hickenlooper,5/6/2025
Federally Qualified Health Center (FQHC) Look-Alike,LALCS54746,08E01510,BPS-LAL-039878,"Uptown Community Health Center, Inc. Administration","1960 N Ogden St, Suite 300",Denver,CO,80218-3674,303-318-3285,www.uptowncommunityhealth.org,40,7,All Other Clinic Types,1,Active,,,1,Permanent,1,Administrative,1,Health Center/Applicant,0,Unknown,0,Unknown,3/1/2025,UPTOWN COMMUNITY HEALTH CENTER INC,1960 N OGDEN ST STE 300,DENVER,CO,80218,NA,-104.9747143,39.74677543,N,N,8031,Denver County,Denver,County            ,8,Region 8,8,Colorado,801,1,Colorado District 01,CO-01,Diana DeGette,Michael F. Bennet,John W. Hickenlooper,5/6/2025
Federally Qualified Health Center (FQHC),H80CS00212,81460,BPS-H80-031780,Springs Rescue Mission- Health Center,5 W Las Vegas St,Colorado Springs,CO,80903-4217,719-632-1822,www.peakvista.org,20,7,All Other Clinic Types,1,Active,,,1,Permanent,2,Service Delivery Site,1,Health Center/Applicant,0,Unknown,0,Unknown,12/17/2020,PEAK VISTA COMMUNITY HEALTH CENTERS,"3205 N Academy Blvd, Ste 130",Colorado Springs,CO,80917-5152,"Corporate Entity, Federal Tax Exempt",-104.8265731,38.81850099,N,N,8041,El Paso County,El Paso,County            ,8,Region 8,8,Colorado,805,5,Colorado District 05,CO-05,Jeff Crank,Michael F. Bennet,John W. Hickenlooper,5/6/2025
Federally Qualified Health Center (FQHC),H80CS00218,80060,BPS-H80-031067,Sloan's Lake Primary Care Center,4007 W Colfax Ave,Denver,CO,80204-1404,303-602-5900,,40,7,All Other Clinic Types,1,Active,61021,1174158992,1,Permanent,2,Service Delivery Site,1,Health Center/Applicant,0,Unknown,0,Unknown,7/29/2020,Denver Health and Hospital Authority,777 Bannock St,Denver,CO,80204-4507,U.S. Government Entity,-105.0395187,39.74036713,N,N,8031,Denver County,Denver,County            ,8,Region 8,8,Colorado,801,1,Colorado District 01,CO-01,Diana DeGette,Michael F. Bennet,John W. Hickenlooper,5/6/2025
Federally Qualified Health Center (FQHC),H80CS00212,81460,BPS-H80-013439,Health Center at Fountain,350 Lyckman Pl,Fountain,CO,80817-2861,719-632-5700,www.peakvista.org,52.5,7,All Other Clinic Types,1,Active,61895,1124320106,1,Permanent,2,Service Delivery Site,1,Health Center/Applicant,1,Full-Time,1,Year-Round,11/26/2013,PEAK VISTA COMMUNITY HEALTH CENTERS,"3205 N Academy Blvd, Ste 130",Colorado Springs,CO,80917-5152,"Corporate Entity, Federal Tax Exempt",-104.7069006,38.69219312,N,N,8041,El Paso County,El Paso,County            ,8,Region 8,8,Colorado,805,5,Colorado District 05,CO-05,Jeff Crank,Michael F. Bennet,John W. Hickenlooper,5/6/2025
Federally Qualified Health Center (FQHC),H80CS00218,80060,BPS-H80-000543,Lowry Family Health Center,1001 Yosemite St,Denver,CO,80230-6003,303-602-4545,www.denverhealth.org,40,7,All Other Clinic Types,1,Active,61847,1316988413,1,Permanent,2,Service Delivery Site,1,Health Center/Applicant,1,Full-Time,1,Year-Round,1/1/1995,Denver Health and Hospital Authority,777 Bannock St,Denver,CO,80204-4507,U.S. Government Entity,-104.8856034,39.73004251,N,N,8031,Denver County,Denver,County            ,8,Region 8,8,Colorado,801,1,Colorado District 01,CO-01,Diana DeGette,Michael F. Bennet,John W. Hickenlooper,5/6/2025
Federally Qualified Health Center (FQHC),H80CS00801,80130,BPS-H80-000566,Salud Fort Collins Blue Spruce,1635 Blue Spruce Dr,Fort Collins,CO,80524-5427,303-697-2583,www.saludclinic.org,40,7,All Other Clinic Types,1,Active,61870,,1,Permanent,2,Service Delivery Site,1,Health Center/Applicant,1,Full-Time,1,Year-Round,9/27/2002,"SALUD FAMILY HEALTH, INC.",203 S Rollie Ave,Fort Lupton,CO,80621-1508,"Corporate Entity, Federal Tax Exempt",-105.0717271,40.61005153,N,N,8069,Larimer County,Larimer,County            ,8,Region 8,8,Colorado,802,2,Colorado District 02,CO-02,Joe Neguse,Michael F. Bennet,John W. Hickenlooper,5/6/2025
Federally Qualified Health Center (FQHC),H80CS00801,80130,BPS-H80-021292,Salud Pioneer Elementary School,415 Spruce St,Fort Morgan,CO,80701-2279,303-697-2583,saludclinic.org,6,2,School,1,Active,61983,,2,Seasonal,2,Service Delivery Site,1,Health Center/Applicant,0,Unknown,0,Unknown,10/12/2017,"SALUD FAMILY HEALTH, INC.",203 S Rollie Ave,Fort Lupton,CO,80621-1508,"Corporate Entity, Federal Tax Exempt",-103.797297,40.24301949,N,N,8087,Morgan County,Morgan,County            ,8,Region 8,8,Colorado,804,4,Colorado District 04,CO-04,Lauren Boebert,Michael F. Bennet,John W. Hickenlooper,5/6/2025
Federally Qualified Health Center (FQHC),H80CS28356,08E01132,BPS-H80-015053,Marillac Clinic-County Health Department,510 29 1/2 Rd,Grand Junction,CO,81504-5383,970-200-1600,www.MarillacHealth.org,45,7,All Other Clinic Types,1,Active,61003,1104285882,1,Permanent,2,Service Delivery Site,1,Health Center/Applicant,0,Unknown,0,Unknown,5/1/2015,"MARILLAC CLINIC, INC.",2333 N 6th St,Grand Junction,CO,81501-2001,"Corporate Entity, Federal Tax Exempt",-108.5058219,39.07862455,N,N,8077,Mesa County,Mesa,County            ,8,Region 8,8,Colorado,803,3,Colorado District 03,CO-03,Jeff Hurd,Michael F. Bennet,John W. Hickenlooper,5/6/2025
Federally Qualified Health Center (FQHC),H80CS00804,80140,BPS-H80-010573,SUNRISE SUMMITSTONE CLINIC,1250 N Wilson Ave,Loveland,CO,80537-4461,970-353-9403,sunrisecommunityhealth.org,40,7,All Other Clinic Types,1,Active,61919,1750660726,1,Permanent,2,Service Delivery Site,1,Health Center/Applicant,1,Full-Time,1,Year-Round,5/25/2011,SUNRISE COMMUNITY HEALTH,2930 11th Ave,Evans,CO,80620-1011,"Corporate Entity, Federal Tax Exempt",-105.1102964,40.40609757,N,N,8069,Larimer County,Larimer,County            ,8,Region 8,8,Colorado,804,4,Colorado District 04,CO-04,Lauren Boebert,Michael F. Bennet,John W. Hickenlooper,5/6/2025
Federally Qualified Health Center (FQHC),H80CS00212,81460,BPS-H80-010559,Pediatric Health Center at International Circle,2828 International Cir,Colorado Springs,CO,80910-3127,719-632-5700,www.peakvista.org,53,7,All Other Clinic Types,1,Active,61917,1124321880,1,Permanent,2,Service Delivery Site,1,Health Center/Applicant,1,Full-Time,1,Year-Round,5/23/2011,PEAK VISTA COMMUNITY HEALTH CENTERS,"3205 N Academy Blvd, Ste 130",Colorado Springs,CO,80917-5152,"Corporate Entity, Federal Tax Exempt",-104.7880694,38.8272229,N,N,8041,El Paso County,El Paso,County            ,8,Region 8,8,Colorado,805,5,Colorado District 05,CO-05,Jeff Crank,Michael F. Bennet,John W. Hickenlooper,5/6/2025
Federally Qualified Health Center (FQHC),H80CS00040,80620,BPS-H80-011377,Stout Street Health Center,2130 Stout St,Denver,CO,80205-2827,303-293-2220,www.coloradocoalition.org,45,7,All Other Clinic Types,1,Active,61835,1396793030,1,Permanent,2,Service Delivery Site,1,Health Center/Applicant,1,Full-Time,1,Year-Round,5/1/2012,THE COLORADO COALITION FOR THE HOMELESS,2111 Champa St,Denver,CO,80205-2529,"Corporate Entity, Federal Tax Exempt",-104.9862631,39.75107606,N,N,8031,Denver County,Denver,County            ,8,Region 8,8,Colorado,801,1,Colorado District 01,CO-01,Diana DeGette,Michael F. Bennet,John W. Hickenlooper,5/6/2025
Federally Qualified Health Center (FQHC),H80CS00801,80130,BPS-H80-021294,Salud Green Acres Elementary School,930 Sherman St,Fort Morgan,CO,80701-3544,303-697-2583,saludclinic.org,6,2,School,1,Active,,,2,Seasonal,2,Service Delivery Site,1,Health Center/Applicant,0,Unknown,0,Unknown,10/12/2017,"SALUD FAMILY HEALTH, INC.",203 S Rollie Ave,Fort Lupton,CO,80621-1508,"Corporate Entity, Federal Tax Exempt",-103.7920026,40.25918401,N,N,8087,Morgan County,Morgan,County            ,8,Region 8,8,Colorado,804,4,Colorado District 04,CO-04,Lauren Boebert,Michael F. Bennet,John W. Hickenlooper,5/6/2025
Federally Qualified Health Center (FQHC),H80CS00212,81460,BPS-H80-031017,Peak Vista Enrichment and Counseling Center,"3207 N Academy Blvd, Ste 100",Colorado Springs,CO,80917-5101,719-344-7300,www.peakvista.org,50,7,All Other Clinic Types,1,Active,61018,1720696578,1,Permanent,2,Service Delivery Site,1,Health Center/Applicant,0,Unknown,0,Unknown,7/15/2020,PEAK VISTA COMMUNITY HEALTH CENTERS,"3205 N Academy Blvd, Ste 130",Colorado Springs,CO,80917-5152,"Corporate Entity, Federal Tax Exempt",-104.7569307,38.87850619,N,N,8041,El Paso County,El Paso,County            ,8,Region 8,8,Colorado,805,5,Colorado District 05,CO-05,Jeff Crank,Michael F. Bennet,John W. Hickenlooper,5/6/2025
Federally Qualified Health Center (FQHC),H80CS00218,80060,BPS-H80-001322,John F. Kennedy High School,2855 S Lamar St,Denver,CO,80227-3809,720-423-4355,www.denverhealth.org,40,2,School,1,Active,,1982626750,2,Seasonal,2,Service Delivery Site,1,Health Center/Applicant,1,Full-Time,1,Year-Round,1/1/1995,Denver Health and Hospital Authority,777 Bannock St,Denver,CO,80204-4507,U.S. Government Entity,-105.0673182,39.66253898,N,N,8031,Denver County,Denver,County            ,8,Region 8,8,Colorado,801,1,Colorado District 01,CO-01,Diana DeGette,Michael F. Bennet,John W. Hickenlooper,5/6/2025
Federally Qualified Health Center (FQHC),H80CS00134,80030,BPS-H80-001418,"Alamosa Family Medical Center, Valley-Wide Pharmacy, or Anti-Coagulation Clinic",1710 1st St,Alamosa,CO,81101-2302,719-589-3658,www.vwhs.org,45,7,All Other Clinic Types,1,Active,61817,1801883459,1,Permanent,2,Service Delivery Site,1,Health Center/Applicant,1,Full-Time,1,Year-Round,1/1/1976,VALLEY-WIDE HEALTH SYSTEMS,128 Market St,Alamosa,CO,81101-2290,"Corporate Entity, Federal Tax Exempt",-105.8828073,37.47289728,N,N,8003,Alamosa County,Alamosa,County            ,8,Region 8,8,Colorado,803,3,Colorado District 03,CO-03,Jeff Hurd,Michael F. Bennet,John W. Hickenlooper,5/6/2025
Federally Qualified Health Center (FQHC),H80CS00217,80730,BPS-H80-034492,STRIDE CHC - Mobile Health Unit #3,3515 S Delaware St,Englewood,CO,80110-3529,303-778-7433,https://stridechc.org,5,7,All Other Clinic Types,1,Active,,1295328243,5,Mobile Van,2,Service Delivery Site,1,Health Center/Applicant,0,Unknown,0,Unknown,4/19/2022,METRO COMMUNITY PROVIDER NETWORK INC,7495 W 29th Ave,Wheat Ridge,CO,80033-8002,"Corporate Entity, Federal Tax Exempt",-104.9924185,39.65275525,N,N,8005,Arapahoe County,Arapahoe,County            ,8,Region 8,8,Colorado,806,6,Colorado District 06,CO-06,Jason Crow,Michael F. Bennet,John W. Hickenlooper,5/6/2025
Federally Qualified Health Center (FQHC),H80CS00801,80130,BPS-H80-029994,Salud Aurora,"562 N Sable Blvd, Ste 100",Aurora,CO,80011-0809,303-697-2583,www.saludclinic.org,40,7,All Other Clinic Types,1,Active,,,1,Permanent,2,Service Delivery Site,1,Health Center/Applicant,0,Unknown,0,Unknown,11/21/2019,"SALUD FAMILY HEALTH, INC.",203 S Rollie Ave,Fort Lupton,CO,80621-1508,"Corporate Entity, Federal Tax Exempt",-104.8192938,39.72422187,N,N,8005,Arapahoe County,Arapahoe,County            ,8,Region 8,8,Colorado,806,6,Colorado District 06,CO-06,Jason Crow,Michael F. Bennet,John W. Hickenlooper,5/6/2025
Federally Qualified Health Center (FQHC),H80CS00692,80170,BPS-H80-012332,County High School SBWC,1050 35th Ln,Pueblo,CO,81006-9426,719-948-3351,http://www.pueblochc.org,33,2,School,1,Active,,1396098828,2,Seasonal,2,Service Delivery Site,1,Health Center/Applicant,1,Full-Time,2,Seasonal,1/25/2013,PUEBLO COMMUNITY HEALTH CENTER,310 Colorado Ave,Pueblo,CO,81004-2006,"Corporate Entity, Federal Tax Exempt",-104.4685315,38.24633744,N,N,8101,Pueblo County,Pueblo,County            ,8,Region 8,8,Colorado,803,3,Colorado District 03,CO-03,Jeff Hurd,Michael F. Bennet,John W. Hickenlooper,5/6/2025
Federally Qualified Health Center (FQHC),H80CS00690,81650,BPS-H80-035043,University Hill Elementary School,956 16th St,Boulder,CO,80302-7316,303-650-4460,www.clinica.org,5.85,2,School,1,Active,,,2,Seasonal,2,Service Delivery Site,1,Health Center/Applicant,0,Unknown,0,Unknown,5/1/2022,CLINICA CAMPESINA/FAMILY HEALTH SERVICES,1735 S Public Rd,Lafayette,CO,80026-7093,"Corporate Entity, Federal Tax Exempt",-105.2724987,40.00436716,N,N,8013,Boulder County,Boulder,County            ,8,Region 8,8,Colorado,802,2,Colorado District 02,CO-02,Joe Neguse,Michael F. Bennet,John W. Hickenlooper,5/6/2025
Federally Qualified Health Center (FQHC),H80CS00212,81460,BPS-H80-009591,Dental Health Center,2828 International Cir STE 100,Colorado Springs,CO,80910-3127,719-475-0738,www.peakvista.org,50,7,All Other Clinic Types,1,Active,,1497787535,1,Permanent,2,Service Delivery Site,1,Health Center/Applicant,1,Full-Time,1,Year-Round,7/22/2010,PEAK VISTA COMMUNITY HEALTH CENTERS,"3205 N Academy Blvd, Ste 130",Colorado Springs,CO,80917-5152,"Corporate Entity, Federal Tax Exempt",-104.7881909,38.82718338,N,N,8041,El Paso County,El Paso,County            ,8,Region 8,8,Colorado,805,5,Colorado District 05,CO-05,Jeff Crank,Michael F. Bennet,John W. Hickenlooper,5/6/2025
Federally Qualified Health Center (FQHC),H80CS10610,8.00E+68,BPS-H80-034724,Northwest Colorado Health Administrative Offices,1475 Pine Grove Rd STE 202,Steamboat Springs,CO,80487-8851,970-879-1632,,,0,Unknown,1,Active,,,1,Permanent,1,Administrative,1,Health Center/Applicant,0,Unknown,0,Unknown,5/3/2022,NORTHWEST COLORADO VISITING NURSE ASSOCIATION,940 Central Park Dr,Steamboat Springs,CO,80487-8816,"Corporate Entity, Federal Tax Exempt",-106.8240935,40.4652184,N,N,8107,Routt County,Routt,County            ,8,Region 8,8,Colorado,802,2,Colorado District 02,CO-02,Joe Neguse,Michael F. Bennet,John W. Hickenlooper,5/6/2025
Federally Qualified Health Center (FQHC),H80CS00217,80730,BPS-H80-009399,STRIDE CHC  -  Alameda High School,1255 S Wadsworth Blvd,Lakewood,CO,80232-5406,303-761-1977,,1,2,School,1,Active,,1437314481,1,Permanent,2,Service Delivery Site,1,Health Center/Applicant,0,Unknown,1,Year-Round,4/11/2008,METRO COMMUNITY PROVIDER NETWORK INC,7495 W 29th Ave,Wheat Ridge,CO,80033-8002,"Corporate Entity, Federal Tax Exempt",-105.0817424,39.69374984,N,N,8059,Jefferson County,Jefferson,County            ,8,Region 8,8,Colorado,807,7,Colorado District 07,CO-07,Brittany Pettersen,Michael F. Bennet,John W. Hickenlooper,5/6/2025
Federally Qualified Health Center (FQHC),H80CS28361,08E00412,BPS-H80-037750,Care Clinic Park County,548 Front St,Fairplay,CO,80440-5001,970-668-4055,summitclinic.org,8,7,All Other Clinic Types,1,Active,,1588449052,1,Permanent,2,Service Delivery Site,1,Health Center/Applicant,0,Unknown,0,Unknown,11/15/2023,"SUMMIT COMMUNITY CARE CLINIC, INC.",360 Peak One Dr STE 100,Frisco,CO,80443-5948,"Corporate Entity, Federal Tax Exempt",-106.0013493,39.22328187,N,N,8093,Park County,Park,County            ,8,Region 8,8,Colorado,807,7,Colorado District 07,CO-07,Brittany Pettersen,Michael F. Bennet,John W. Hickenlooper,5/6/2025
Federally Qualified Health Center (FQHC),H80CS00212,81460,BPS-H80-038377,Behavioral Health at Inside Out Youth Services,516 W Colorado Ave,Colorado Springs,CO,80905-1511,719-632-5700,www.peakvista.org,40,7,All Other Clinic Types,1,Active,,,1,Permanent,2,Service Delivery Site,1,Health Center/Applicant,0,Unknown,0,Unknown,2/29/2024,PEAK VISTA COMMUNITY HEALTH CENTERS,"3205 N Academy Blvd, Ste 130",Colorado Springs,CO,80917-5152,"Corporate Entity, Federal Tax Exempt",-104.8351393,38.83279439,N,N,8041,El Paso County,El Paso,County            ,8,Region 8,8,Colorado,805,5,Colorado District 05,CO-05,Jeff Crank,Michael F. Bennet,John W. Hickenlooper,5/6/2025
Federally Qualified Health Center (FQHC),H80CS00804,80140,BPS-H80-002275,Sunrise Cesar Chavez Outreach Program,2930 11th Ave,Evans,CO,80620-1011,970-395-1102,sunrisecommunityhealth.org,25,7,All Other Clinic Types,1,Active,,,5,Mobile Van,2,Service Delivery Site,1,Health Center/Applicant,1,Full-Time,1,Year-Round,1/1/2007,SUNRISE COMMUNITY HEALTH,2930 11th Ave,Evans,CO,80620-1011,"Corporate Entity, Federal Tax Exempt",-104.6920832,40.38899476,N,N,8123,Weld County,Weld,County            ,8,Region 8,8,Colorado,808,8,Colorado District 08,CO-08,Gabe Evans,Michael F. Bennet,John W. Hickenlooper,5/6/2025
Federally Qualified Health Center (FQHC),H80CS00040,80620,BPS-H80-002284,Renaissance Xenia Village,1420 Xenia St,Denver,CO,80220-3548,303-355-9196,www.coloradocoalition.org,40,7,All Other Clinic Types,1,Active,,,1,Permanent,2,Service Delivery Site,1,Health Center/Applicant,1,Full-Time,1,Year-Round,1/1/1996,THE COLORADO COALITION FOR THE HOMELESS,2111 Champa St,Denver,CO,80205-2529,"Corporate Entity, Federal Tax Exempt",-104.8858062,39.7390637,N,N,8031,Denver County,Denver,County            ,8,Region 8,8,Colorado,801,1,Colorado District 01,CO-01,Diana DeGette,Michael F. Bennet,John W. Hickenlooper,5/6/2025
Federally Qualified Health Center (FQHC) Look-Alike,LALCS54746,08E01510,BPS-LAL-039882,"Uptown Community Health Center, Inc. Bruner Family Medicine","1960 N Ogden St, Suite 460",Denver,CO,80218-3670,303-318-2500,www.uptowncommunityhealth.org,48.5,7,All Other Clinic Types,1,Active,,,1,Permanent,2,Service Delivery Site,1,Health Center/Applicant,0,Unknown,0,Unknown,3/1/2025,UPTOWN COMMUNITY HEALTH CENTER INC,1960 N OGDEN ST STE 300,DENVER,CO,80218,NA,-104.9747155,39.74644661,N,N,8031,Denver County,Denver,County            ,8,Region 8,8,Colorado,801,1,Colorado District 01,CO-01,Diana DeGette,Michael F. Bennet,John W. Hickenlooper,5/6/2025
Federally Qualified Health Center (FQHC),H80CS00214,84100,BPS-H80-008830,High Plains Adult Community Health Center,2221 WELLNESS WAY,Lamar,CO,81052-3867,719-336-0261,www.highplainschc.net,42.5,7,All Other Clinic Types,1,Active,61915,1770865644,1,Permanent,3,Administrative/Service Delivery Site,1,Health Center/Applicant,1,Full-Time,1,Year-Round,6/29/2009,HIGH PLAINS COMMUNITY HEALTH CENTER,201 Kendall Dr,Lamar,CO,81052,"Corporate Entity, Federal Tax Exempt",-102.615891,38.07728799,N,N,8099,Prowers County,Prowers,County            ,8,Region 8,8,Colorado,804,4,Colorado District 04,CO-04,Lauren Boebert,Michael F. Bennet,John W. Hickenlooper,5/6/2025
Federally Qualified Health Center (FQHC),H80CS00690,81650,BPS-H80-035042,Escuela Bilingue Pioneer,101 E Baseline Rd,Lafayette,CO,80026-2402,303-650-4460,www.clinica.org,3.79,2,School,1,Active,,,2,Seasonal,2,Service Delivery Site,1,Health Center/Applicant,0,Unknown,0,Unknown,5/1/2022,CLINICA CAMPESINA/FAMILY HEALTH SERVICES,1735 S Public Rd,Lafayette,CO,80026-7093,"Corporate Entity, Federal Tax Exempt",-105.0893728,40.00025546,N,N,8013,Boulder County,Boulder,County            ,8,Region 8,8,Colorado,802,2,Colorado District 02,CO-02,Joe Neguse,Michael F. Bennet,John W. Hickenlooper,5/6/2025
Federally Qualified Health Center (FQHC),H80CS00690,81650,BPS-H80-034977,Columbine Elementary School,3130 Repplier St,Boulder,CO,80304-2745,303-650-4460,clinica.org,4.13,2,School,1,Active,,,2,Seasonal,2,Service Delivery Site,1,Health Center/Applicant,0,Unknown,0,Unknown,5/1/2022,CLINICA CAMPESINA/FAMILY HEALTH SERVICES,1735 S Public Rd,Lafayette,CO,80026-7093,"Corporate Entity, Federal Tax Exempt",-105.270691,40.03197061,N,N,8013,Boulder County,Boulder,County            ,8,Region 8,8,Colorado,802,2,Colorado District 02,CO-02,Joe Neguse,Michael F. Bennet,John W. Hickenlooper,5/6/2025
Federally Qualified Health Center (FQHC),H80CS00134,80030,BPS-H80-036292,Centennial School District,14644 CO-159,Sanford,CO,81151,719-672-3322,,35,2,School,1,Active,,,2,Seasonal,2,Service Delivery Site,1,Health Center/Applicant,0,Unknown,0,Unknown,2/6/2023,VALLEY-WIDE HEALTH SYSTEMS,128 Market St,Alamosa,CO,81101-2290,"Corporate Entity, Federal Tax Exempt",-105.4250745,37.20985535,N,N,8023,Costilla County,Costilla,County            ,8,Region 8,8,Colorado,803,3,Colorado District 03,CO-03,Jeff Hurd,Michael F. Bennet,John W. Hickenlooper,5/6/2025
Federally Qualified Health Center (FQHC),H80CS00134,80030,BPS-H80-038327,Mini MERV,602 Hunt Ave,Alamosa,CO,81101-2680,719-589-5161,,57,7,All Other Clinic Types,1,Active,,,5,Mobile Van,2,Service Delivery Site,1,Health Center/Applicant,0,Unknown,0,Unknown,2/21/2024,VALLEY-WIDE HEALTH SYSTEMS,128 Market St,Alamosa,CO,81101-2290,"Corporate Entity, Federal Tax Exempt",-105.8637825,37.46674999,N,N,8003,Alamosa County,Alamosa,County            ,8,Region 8,8,Colorado,803,3,Colorado District 03,CO-03,Jeff Hurd,Michael F. Bennet,John W. Hickenlooper,5/6/2025
Federally Qualified Health Center (FQHC),H80CS00214,84100,BPS-H80-014852,High Plains Holly Clinic,410 W Colorado St,Holly,CO,81047-5064,719-336-0261,www.highplainschc.net,40,7,All Other Clinic Types,1,Active,61953,,1,Permanent,2,Service Delivery Site,1,Health Center/Applicant,0,Unknown,0,Unknown,4/26/2015,HIGH PLAINS COMMUNITY HEALTH CENTER,201 Kendall Dr,Lamar,CO,81052,"Corporate Entity, Federal Tax Exempt",-102.1234165,38.05334785,N,N,8099,Prowers County,Prowers,County            ,8,Region 8,8,Colorado,804,4,Colorado District 04,CO-04,Lauren Boebert,Michael F. Bennet,John W. Hickenlooper,5/6/2025
Federally Qualified Health Center (FQHC),H80CS00690,81650,BPS-H80-039365,Clinica Family Health & Wellness -- St. Vrain Community Hub,515 Coffman St,Longmont,CO,80501-5455,303-650-4460,,40,7,All Other Clinic Types,1,Active,,,1,Permanent,2,Service Delivery Site,1,Health Center/Applicant,0,Unknown,0,Unknown,10/21/2024,CLINICA CAMPESINA/FAMILY HEALTH SERVICES,1735 S Public Rd,Lafayette,CO,80026-7093,"Corporate Entity, Federal Tax Exempt",-105.103851,40.16812377,N,N,8013,Boulder County,Boulder,County            ,8,Region 8,8,Colorado,802,2,Colorado District 02,CO-02,Joe Neguse,Michael F. Bennet,John W. Hickenlooper,5/6/2025
Federally Qualified Health Center (FQHC),H80CS00217,80730,BPS-H80-003249,STRIDE CHC  -  Englewood,3515 S Delaware St,Englewood,CO,80110-3529,303-788-0782,www.mcpn.org,52.5,7,All Other Clinic Types,1,Active,61886,1841458882,1,Permanent,2,Service Delivery Site,1,Health Center/Applicant,1,Full-Time,1,Year-Round,1/3/1998,METRO COMMUNITY PROVIDER NETWORK INC,7495 W 29th Ave,Wheat Ridge,CO,80033-8002,"Corporate Entity, Federal Tax Exempt",-104.9924185,39.65275525,N,N,8005,Arapahoe County,Arapahoe,County            ,8,Region 8,8,Colorado,806,6,Colorado District 06,CO-06,Jason Crow,Michael F. Bennet,John W. Hickenlooper,5/6/2025
Federally Qualified Health Center (FQHC),H80CS00134,80030,BPS-H80-036424,Valley-Wide Counseling & Support Center - Lamar,100 Kendall Dr,Lamar,CO,81052,800-511-5446,,49,7,All Other Clinic Types,1,Active,,,1,Permanent,2,Service Delivery Site,1,Health Center/Applicant,0,Unknown,0,Unknown,3/10/2023,VALLEY-WIDE HEALTH SYSTEMS,128 Market St,Alamosa,CO,81101-2290,"Corporate Entity, Federal Tax Exempt",-102.6118415,38.06821185,N,N,8099,Prowers County,Prowers,County            ,8,Region 8,8,Colorado,804,4,Colorado District 04,CO-04,Lauren Boebert,Michael F. Bennet,John W. Hickenlooper,5/6/2025
Federally Qualified Health Center (FQHC),H80CS00692,80170,BPS-H80-008656,COLORADO AVENUE CLINIC,300 Colorado Ave,Pueblo,CO,81004-2006,719-543-8711,http://www.PuebloCHC.org,50.5,7,All Other Clinic Types,1,Active,61830,1770529950,1,Permanent,2,Service Delivery Site,1,Health Center/Applicant,1,Full-Time,1,Year-Round,6/29/2009,PUEBLO COMMUNITY HEALTH CENTER,310 Colorado Ave,Pueblo,CO,81004-2006,"Corporate Entity, Federal Tax Exempt",-104.6239638,38.25752959,N,N,8101,Pueblo County,Pueblo,County            ,8,Region 8,8,Colorado,803,3,Colorado District 03,CO-03,Jeff Hurd,Michael F. Bennet,John W. Hickenlooper,5/6/2025
Federally Qualified Health Center (FQHC),H80CS00801,80130,BPS-H80-003366,Salud Fort Lupton,1115 2nd St,Fort Lupton,CO,80621-1745,303-697-2583,www.saludclinic.org,40,7,All Other Clinic Types,1,Active,61810,,1,Permanent,2,Service Delivery Site,1,Health Center/Applicant,1,Full-Time,1,Year-Round,1/6/1970,"SALUD FAMILY HEALTH, INC.",203 S Rollie Ave,Fort Lupton,CO,80621-1508,"Corporate Entity, Federal Tax Exempt",-104.8054005,40.08149408,N,N,8123,Weld County,Weld,County            ,8,Region 8,8,Colorado,808,8,Colorado District 08,CO-08,Gabe Evans,Michael F. Bennet,John W. Hickenlooper,5/6/2025
Federally Qualified Health Center (FQHC),H80CS10610,8.00E+68,BPS-H80-021975,Northwest Colorado Health Dental Clinic  -  Oak Creek,300 E Main St,Oak Creek,CO,80467,970-824-8000,www.northwestcoloradohealth.org,24,7,All Other Clinic Types,1,Active,,,1,Permanent,2,Service Delivery Site,1,Health Center/Applicant,0,Unknown,0,Unknown,4/5/2018,NORTHWEST COLORADO VISITING NURSE ASSOCIATION,940 Central Park Dr,Steamboat Springs,CO,80487-8816,"Corporate Entity, Federal Tax Exempt",-106.9548852,40.27536519,N,N,8107,Routt County,Routt,County            ,8,Region 8,8,Colorado,802,2,Colorado District 02,CO-02,Joe Neguse,Michael F. Bennet,John W. Hickenlooper,5/6/2025
Federally Qualified Health Center (FQHC),H80CS28998,08E01215,BPS-H80-015400,Clinica Tepeyac - Clinic,5075 Lincoln St,Denver,CO,80216-2015,303-458-5302,www.clinicatepeyac.org,48,7,All Other Clinic Types,1,Active,61962,,1,Permanent,2,Service Delivery Site,1,Health Center/Applicant,0,Unknown,0,Unknown,8/1/2015,"LA CLINICA TEPEYAC, INC.",4725 High St,Denver,CO,80216-2220,"Corporate Entity, Federal Tax Exempt",-104.9864305,39.7885974,N,N,8031,Denver County,Denver,County            ,8,Region 8,8,Colorado,801,1,Colorado District 01,CO-01,Diana DeGette,Michael F. Bennet,John W. Hickenlooper,5/6/2025
Federally Qualified Health Center (FQHC),H80CS00804,80140,BPS-H80-009619,SUNRISE NORTH RANGE CLINIC,1300 N 17th Ave,Greeley,CO,80631-9584,970-353-9403,sunrisecommunityhealth.org,20,7,All Other Clinic Types,1,Active,61910,1295041598,1,Permanent,2,Service Delivery Site,1,Health Center/Applicant,1,Full-Time,1,Year-Round,7/30/2010,SUNRISE COMMUNITY HEALTH,2930 11th Ave,Evans,CO,80620-1011,"Corporate Entity, Federal Tax Exempt",-104.6998068,40.44938821,N,N,8123,Weld County,Weld,County            ,8,Region 8,8,Colorado,808,8,Colorado District 08,CO-08,Gabe Evans,Michael F. Bennet,John W. Hickenlooper,5/6/2025
Federally Qualified Health Center (FQHC),H80CS00218,80060,BPS-H80-021985,Denver Health and Hosptials,601 N Broadway,Denver,CO,80203-3407,303-602-4954,,,0,Unknown,1,Active,,,1,Permanent,1,Administrative,1,Health Center/Applicant,0,Unknown,0,Unknown,4/9/2018,Denver Health and Hospital Authority,777 Bannock St,Denver,CO,80204-4507,U.S. Government Entity,-104.9874587,39.72583387,N,N,8031,Denver County,Denver,County            ,8,Region 8,8,Colorado,801,1,Colorado District 01,CO-01,Diana DeGette,Michael F. Bennet,John W. Hickenlooper,5/6/2025
Federally Qualified Health Center (FQHC),H80CS00218,80060,BPS-H80-003785,Abraham Lincoln Campus,2285 S Federal Blvd,Denver,CO,80219-5433,720-423-5020,www.denverhealth.org,40,2,School,1,Active,,1255353025,2,Seasonal,2,Service Delivery Site,1,Health Center/Applicant,1,Full-Time,1,Year-Round,1/1/1988,Denver Health and Hospital Authority,777 Bannock St,Denver,CO,80204-4507,U.S. Government Entity,-105.0251595,39.67640948,N,N,8031,Denver County,Denver,County            ,8,Region 8,8,Colorado,801,1,Colorado District 01,CO-01,Diana DeGette,Michael F. Bennet,John W. Hickenlooper,5/6/2025
Federally Qualified Health Center (FQHC),H80CS00801,80130,BPS-H80-021295,Salud Baker Central School,300 Lake St,Fort Morgan,CO,80701-3118,303-697-2583,saludclinic.org,6,2,School,1,Active,,,2,Seasonal,2,Service Delivery Site,1,Health Center/Applicant,0,Unknown,0,Unknown,10/12/2017,"SALUD FAMILY HEALTH, INC.",203 S Rollie Ave,Fort Lupton,CO,80621-1508,"Corporate Entity, Federal Tax Exempt",-103.7967605,40.25054386,N,N,8087,Morgan County,Morgan,County            ,8,Region 8,8,Colorado,804,4,Colorado District 04,CO-04,Lauren Boebert,Michael F. Bennet,John W. Hickenlooper,5/6/2025
Federally Qualified Health Center (FQHC),H80CS28361,08E00412,BPS-H80-027747,Summit Cove Elementary,727 Cove Blvd,Dillon,CO,80435-8802,970-668-4040,,5.5,2,School,1,Active,,,2,Seasonal,2,Service Delivery Site,1,Health Center/Applicant,0,Unknown,0,Unknown,5/15/2019,"SUMMIT COMMUNITY CARE CLINIC, INC.",360 Peak One Dr STE 100,Frisco,CO,80443-5948,"Corporate Entity, Federal Tax Exempt",-106.0054524,39.59001536,N,N,8117,Summit County,Summit,County            ,8,Region 8,8,Colorado,802,2,Colorado District 02,CO-02,Joe Neguse,Michael F. Bennet,John W. Hickenlooper,5/6/2025
Federally Qualified Health Center (FQHC),H80CS00804,80140,BPS-H80-003894,MONFORT CHILDREN'S CLINIC,100 N 11th Ave,Greeley,CO,80631-2011,970-352-8898,sunrisecommunityhealth.org,50,7,All Other Clinic Types,1,Active,,1871890152,1,Permanent,2,Service Delivery Site,1,Health Center/Applicant,1,Full-Time,1,Year-Round,1/10/2001,SUNRISE COMMUNITY HEALTH,2930 11th Ave,Evans,CO,80620-1011,"Corporate Entity, Federal Tax Exempt",-104.6965997,40.43432258,N,N,8123,Weld County,Weld,County            ,8,Region 8,8,Colorado,808,8,Colorado District 08,CO-08,Gabe Evans,Michael F. Bennet,John W. Hickenlooper,5/6/2025
Federally Qualified Health Center (FQHC),H80CS00218,80060,BPS-H80-003900,Westside Family Health Center,1100 Federal Blvd,Denver,CO,80204-3219,303-436-4200,www.denverhealth.org,44,7,All Other Clinic Types,1,Active,61829,1801837810,1,Permanent,2,Service Delivery Site,1,Health Center/Applicant,1,Full-Time,1,Year-Round,1/1/1969,Denver Health and Hospital Authority,777 Bannock St,Denver,CO,80204-4507,U.S. Government Entity,-105.0250717,39.73436611,N,N,8031,Denver County,Denver,County            ,8,Region 8,8,Colorado,801,1,Colorado District 01,CO-01,Diana DeGette,Michael F. Bennet,John W. Hickenlooper,5/6/2025
Federally Qualified Health Center (FQHC),H80CS00134,80030,BPS-H80-035147,Valley-Wide Integrated Care Clinic - La Junta,711 Barnes Ave,La Junta,CO,81050-2138,833-350-1113,,48,7,All Other Clinic Types,1,Active,Pending,,1,Permanent,2,Service Delivery Site,1,Health Center/Applicant,0,Unknown,0,Unknown,6/23/2022,VALLEY-WIDE HEALTH SYSTEMS,128 Market St,Alamosa,CO,81101-2290,"Corporate Entity, Federal Tax Exempt",-103.5543762,37.98145312,N,N,8089,Otero County,Otero,County            ,8,Region 8,8,Colorado,803,3,Colorado District 03,CO-03,Jeff Hurd,Michael F. Bennet,John W. Hickenlooper,5/6/2025
Federally Qualified Health Center (FQHC),H80CS00214,84100,BPS-H80-014439,High Plains Financial Services Site,108 S 5th St,Lamar,CO,81052-2708,719-336-0261,,,0,Unknown,1,Active,,,1,Permanent,1,Administrative,1,Health Center/Applicant,0,Unknown,0,Unknown,12/1/2014,HIGH PLAINS COMMUNITY HEALTH CENTER,201 Kendall Dr,Lamar,CO,81052,"Corporate Entity, Federal Tax Exempt",-102.6205847,38.08832226,N,N,8099,Prowers County,Prowers,County            ,8,Region 8,8,Colorado,804,4,Colorado District 04,CO-04,Lauren Boebert,Michael F. Bennet,John W. Hickenlooper,5/6/2025
Federally Qualified Health Center (FQHC),H80CS00040,80620,BPS-H80-004131,Renaissance Off Broadway Lofts,2135 Stout St,Denver,CO,80205-2830,303-298-8148,www.coloradocoalition.org,40,7,All Other Clinic Types,1,Active,,,1,Permanent,2,Service Delivery Site,1,Health Center/Applicant,1,Full-Time,1,Year-Round,1/1/2001,THE COLORADO COALITION FOR THE HOMELESS,2111 Champa St,Denver,CO,80205-2529,"Corporate Entity, Federal Tax Exempt",-104.9862761,39.75113532,N,N,8031,Denver County,Denver,County            ,8,Region 8,8,Colorado,801,1,Colorado District 01,CO-01,Diana DeGette,Michael F. Bennet,John W. Hickenlooper,5/6/2025
Federally Qualified Health Center (FQHC),H80CS00134,80030,BPS-H80-036700,The Coffee Break Project,955 Swink Ave,Rocky Ford,CO,81067-1349,719-383-5454,,38,0,Unknown,1,Active,,,1,Permanent,1,Administrative,1,Health Center/Applicant,0,Unknown,0,Unknown,5/16/2023,VALLEY-WIDE HEALTH SYSTEMS,128 Market St,Alamosa,CO,81101-2290,"Corporate Entity, Federal Tax Exempt",-103.7188021,38.05440491,N,N,8089,Otero County,Otero,County            ,8,Region 8,8,Colorado,803,3,Colorado District 03,CO-03,Jeff Hurd,Michael F. Bennet,John W. Hickenlooper,5/6/2025
Federally Qualified Health Center (FQHC),H80CS28361,08E00412,BPS-H80-018132,Summit Community Care Clinic Dental Clinic,360 Peak One Dr STE 325,Frisco,CO,80443-5948,970-668-4040,www.summitclinic.org,44,7,All Other Clinic Types,1,Active,,1831219328,1,Permanent,2,Service Delivery Site,1,Health Center/Applicant,0,Unknown,0,Unknown,6/16/2016,"SUMMIT COMMUNITY CARE CLINIC, INC.",360 Peak One Dr STE 100,Frisco,CO,80443-5948,"Corporate Entity, Federal Tax Exempt",-106.0767867,39.57080156,N,N,8117,Summit County,Summit,County            ,8,Region 8,8,Colorado,802,2,Colorado District 02,CO-02,Joe Neguse,Michael F. Bennet,John W. Hickenlooper,5/6/2025
Federally Qualified Health Center (FQHC),H80CS28998,08E01215,BPS-H80-033866,48th Avenue Clinic,2101 E 48th Ave,Denver,CO,80216-2253,303-458-5302,www.TepeyacHealth.org,49,7,All Other Clinic Types,1,Active,,,1,Permanent,2,Service Delivery Site,1,Health Center/Applicant,0,Unknown,0,Unknown,9/15/2021,"LA CLINICA TEPEYAC, INC.",4725 High St,Denver,CO,80216-2220,"Corporate Entity, Federal Tax Exempt",-104.9619332,39.78379126,N,N,8031,Denver County,Denver,County            ,8,Region 8,8,Colorado,801,1,Colorado District 01,CO-01,Diana DeGette,Michael F. Bennet,John W. Hickenlooper,5/6/2025
Federally Qualified Health Center (FQHC),H80CS00218,80060,BPS-H80-032177,Mobile Health Center 3,777 Bannock St,Denver,CO,80204-4507,303-602-4954,,40,7,All Other Clinic Types,1,Active,,,5,Mobile Van,2,Service Delivery Site,1,Health Center/Applicant,0,Unknown,0,Unknown,3/19/2021,Denver Health and Hospital Authority,777 Bannock St,Denver,CO,80204-4507,U.S. Government Entity,-104.9902931,39.72800529,N,N,8031,Denver County,Denver,County            ,8,Region 8,8,Colorado,801,1,Colorado District 01,CO-01,Diana DeGette,Michael F. Bennet,John W. Hickenlooper,5/6/2025
Federally Qualified Health Center (FQHC),H80CS00134,80030,BPS-H80-027682,Valley-Wide Canon City,121 N 6th St,Canon City,CO,81212-3329,719-275-2301,https://vwhs.org,55,7,All Other Clinic Types,1,Active,61974,1215383500,1,Permanent,2,Service Delivery Site,1,Health Center/Applicant,0,Unknown,0,Unknown,4/22/2019,VALLEY-WIDE HEALTH SYSTEMS,128 Market St,Alamosa,CO,81101-2290,"Corporate Entity, Federal Tax Exempt",-105.2399351,38.44178251,N,N,8043,Fremont County,Fremont,County            ,8,Region 8,8,Colorado,807,7,Colorado District 07,CO-07,Brittany Pettersen,Michael F. Bennet,John W. Hickenlooper,5/6/2025
Federally Qualified Health Center (FQHC),H80CS00830,81260,BPS-H80-035663,MOUNTAIN FAMILY HEALTH CENTERS Avon,230 Chapel Sq UNIT D-102,Avon,CO,81620-6497,970-945-2840,,40,7,All Other Clinic Types,1,Active,61046,,1,Permanent,2,Service Delivery Site,1,Health Center/Applicant,0,Unknown,0,Unknown,9/21/2022,MOUNTAIN FAMILY HEALTH CENTERS,"1905 Blake Ave, Ste 101",Glenwood Springs,CO,81601-4206,"Corporate Entity, Federal Tax Exempt",-106.5190577,39.63284207,N,N,8037,Eagle County,Eagle,County            ,8,Region 8,8,Colorado,802,2,Colorado District 02,CO-02,Joe Neguse,Michael F. Bennet,John W. Hickenlooper,5/6/2025
Federally Qualified Health Center (FQHC),H80CS28361,08E00412,BPS-H80-014947,Silverthorne Elementary,101 Hamilton Creek Rd,Silverthorne,CO,80498,970-710-5049,www.summitclinic.org,40,2,School,1,Active,61959,,2,Seasonal,2,Service Delivery Site,1,Health Center/Applicant,0,Unknown,0,Unknown,5/1/2015,"SUMMIT COMMUNITY CARE CLINIC, INC.",360 Peak One Dr STE 100,Frisco,CO,80443-5948,"Corporate Entity, Federal Tax Exempt",-106.0831336,39.65970728,N,N,8117,Summit County,Summit,County            ,8,Region 8,8,Colorado,802,2,Colorado District 02,CO-02,Joe Neguse,Michael F. Bennet,John W. Hickenlooper,5/6/2025
Federally Qualified Health Center (FQHC),H80CS00690,81650,BPS-H80-034383,Clinica Family Health - Gilpin County,972 Golden Gate Canyon Rd,Black Hawk,CO,80422-8993,303-650-4460,clinica.org,16,7,All Other Clinic Types,1,Active,,1780337063,1,Permanent,2,Service Delivery Site,1,Health Center/Applicant,0,Unknown,0,Unknown,3/21/2022,CLINICA CAMPESINA/FAMILY HEALTH SERVICES,1735 S Public Rd,Lafayette,CO,80026-7093,"Corporate Entity, Federal Tax Exempt",-105.4757629,39.83891078,N,N,8047,Gilpin County,Gilpin,County            ,8,Region 8,8,Colorado,802,2,Colorado District 02,CO-02,Joe Neguse,Michael F. Bennet,John W. Hickenlooper,5/6/2025
Federally Qualified Health Center (FQHC) Look-Alike,LALCS32516,08E01320,BPS-LAL-024823,Inner City Health Center,3800 N York St,Denver,CO,80205-3540,303-296-1767,www.innercityhealth.org,54,7,All Other Clinic Types,1,Active,61002,1578539979,1,Permanent,3,Administrative/Service Delivery Site,1,Health Center/Applicant,0,Unknown,0,Unknown,10/1/2018,INNER CITY HEALTH CENTER,3800 N YORK ST,DENVER,CO,80205,NA,-104.9597204,39.76938767,N,N,8031,Denver County,Denver,County            ,8,Region 8,8,Colorado,801,1,Colorado District 01,CO-01,Diana DeGette,Michael F. Bennet,John W. Hickenlooper,5/6/2025
Federally Qualified Health Center (FQHC),H80CS00218,80060,BPS-H80-017509,Primary Care Clinic at WellPower,4455 E 12th Ave,Denver,CO,80220-2415,303-504-7700,,40,7,All Other Clinic Types,1,Active,61013,1598314528,1,Permanent,2,Service Delivery Site,1,Health Center/Applicant,0,Unknown,0,Unknown,1/26/2016,Denver Health and Hospital Authority,777 Bannock St,Denver,CO,80204-4507,U.S. Government Entity,-104.9356577,39.73470897,N,N,8031,Denver County,Denver,County            ,8,Region 8,8,Colorado,801,1,Colorado District 01,CO-01,Diana DeGette,Michael F. Bennet,John W. Hickenlooper,5/6/2025
Federally Qualified Health Center (FQHC),H80CS10610,8.00E+68,BPS-H80-039564,SOROCO Middle/High School,305 Grant Ave,Oak Creek,CO,80467-5011,970-879-1632,,14,2,School,1,Active,,,1,Permanent,2,Service Delivery Site,1,Health Center/Applicant,0,Unknown,0,Unknown,12/11/2024,NORTHWEST COLORADO VISITING NURSE ASSOCIATION,940 Central Park Dr,Steamboat Springs,CO,80487-8816,"Corporate Entity, Federal Tax Exempt",-106.9531937,40.27406809,N,N,8107,Routt County,Routt,County            ,8,Region 8,8,Colorado,802,2,Colorado District 02,CO-02,Joe Neguse,Michael F. Bennet,John W. Hickenlooper,5/6/2025
Federally Qualified Health Center (FQHC),H80CS00692,80170,BPS-H80-027798,Call Center,214 Colorado Ave,Pueblo,CO,81004-2004,719-543-8711,,42.5,0,Unknown,1,Active,,,1,Permanent,1,Administrative,1,Health Center/Applicant,0,Unknown,0,Unknown,5/28/2019,PUEBLO COMMUNITY HEALTH CENTER,310 Colorado Ave,Pueblo,CO,81004-2006,"Corporate Entity, Federal Tax Exempt",-104.6230698,38.25826091,N,N,8101,Pueblo County,Pueblo,County            ,8,Region 8,8,Colorado,803,3,Colorado District 03,CO-03,Jeff Hurd,Michael F. Bennet,John W. Hickenlooper,5/6/2025
Federally Qualified Health Center (FQHC),H80CS00214,84100,BPS-H80-005009,HIGH PLAINS COMMUNITY HEALTH CENTER,201 Kendall Dr,Lamar,CO,81052,719-336-0261,www.highplainschc.net,56.5,7,All Other Clinic Types,1,Active,61844,1700889151,1,Permanent,3,Administrative/Service Delivery Site,1,Health Center/Applicant,1,Full-Time,1,Year-Round,1/8/2001,HIGH PLAINS COMMUNITY HEALTH CENTER,201 Kendall Dr,Lamar,CO,81052,"Corporate Entity, Federal Tax Exempt",-102.6114051,38.06855038,N,N,8099,Prowers County,Prowers,County            ,8,Region 8,8,Colorado,804,4,Colorado District 04,CO-04,Lauren Boebert,Michael F. Bennet,John W. Hickenlooper,5/6/2025
Federally Qualified Health Center (FQHC),H80CS00217,80730,BPS-H80-032313,STRIDE CHC - Conifer,11030 Kitty Dr,Conifer,CO,80433-7767,303-360-6276,https://stridechc.org,16,7,All Other Clinic Types,1,Active,61041,1487220174,1,Permanent,2,Service Delivery Site,1,Health Center/Applicant,0,Unknown,0,Unknown,4/15/2021,METRO COMMUNITY PROVIDER NETWORK INC,7495 W 29th Ave,Wheat Ridge,CO,80033-8002,"Corporate Entity, Federal Tax Exempt",-105.3084814,39.51728194,N,N,8059,Jefferson County,Jefferson,County            ,8,Region 8,8,Colorado,807,7,Colorado District 07,CO-07,Brittany Pettersen,Michael F. Bennet,John W. Hickenlooper,5/6/2025
Federally Qualified Health Center (FQHC),H80CS28361,08E00412,BPS-H80-014944,Summit High School,16201 Highway 9,Breckenridge,CO,80424,970-367-1100,www.summitclinic.org,40,2,School,1,Active,61957,,2,Seasonal,2,Service Delivery Site,1,Health Center/Applicant,0,Unknown,0,Unknown,5/1/2015,"SUMMIT COMMUNITY CARE CLINIC, INC.",360 Peak One Dr STE 100,Frisco,CO,80443-5948,"Corporate Entity, Federal Tax Exempt",-106.0530171,39.56606173,N,N,8117,Summit County,Summit,County            ,8,Region 8,8,Colorado,802,2,Colorado District 02,CO-02,Joe Neguse,Michael F. Bennet,John W. Hickenlooper,5/6/2025
Federally Qualified Health Center (FQHC),H80CS00212,81460,BPS-H80-005239,"Health Center at Union, Women's Health Center",225 S Union Blvd,Colorado Springs,CO,80910-3184,719-344-6948,www.peakvista.org,45,7,All Other Clinic Types,1,Active,61903,1841593225,1,Permanent,2,Service Delivery Site,1,Health Center/Applicant,1,Full-Time,1,Year-Round,11/18/2007,PEAK VISTA COMMUNITY HEALTH CENTERS,"3205 N Academy Blvd, Ste 130",Colorado Springs,CO,80917-5152,"Corporate Entity, Federal Tax Exempt",-104.7949202,38.82826796,N,N,8041,El Paso County,El Paso,County            ,8,Region 8,8,Colorado,805,5,Colorado District 05,CO-05,Jeff Crank,Michael F. Bennet,John W. Hickenlooper,5/6/2025
Federally Qualified Health Center (FQHC),H80CS00134,80030,BPS-H80-036982,T-Shirt Palace,400 N Main St,Rocky Ford,CO,81067-1256,719-254-3766,,40,0,Unknown,1,Active,,,1,Permanent,1,Administrative,1,Health Center/Applicant,0,Unknown,0,Unknown,7/25/2023,VALLEY-WIDE HEALTH SYSTEMS,128 Market St,Alamosa,CO,81101-2290,"Corporate Entity, Federal Tax Exempt",-103.7187646,38.05453339,N,N,8089,Otero County,Otero,County            ,8,Region 8,8,Colorado,803,3,Colorado District 03,CO-03,Jeff Hurd,Michael F. Bennet,John W. Hickenlooper,5/6/2025
Federally Qualified Health Center (FQHC),H80CS00690,81650,BPS-H80-034993,Emerald Elementary School,275 Emerald St,Broomfield,CO,80020-2373,303-650-4460,clinica.org,2.75,2,School,1,Active,,,2,Seasonal,2,Service Delivery Site,1,Health Center/Applicant,0,Unknown,0,Unknown,5/1/2022,CLINICA CAMPESINA/FAMILY HEALTH SERVICES,1735 S Public Rd,Lafayette,CO,80026-7093,"Corporate Entity, Federal Tax Exempt",-105.0772676,39.92043426,N,N,8014,Broomfield County,Broomfield,County            ,8,Region 8,8,Colorado,807,7,Colorado District 07,CO-07,Brittany Pettersen,Michael F. Bennet,John W. Hickenlooper,5/6/2025
Federally Qualified Health Center (FQHC),H80CS00692,80170,BPS-H80-005563,O'ROURKE DENTAL CLINIC,2030 Lake Ave,Pueblo,CO,81004-3536,719-564-4823,http://www.pueblochc.org,45,7,All Other Clinic Types,1,Active,61875,1245275932,1,Permanent,2,Service Delivery Site,1,Health Center/Applicant,1,Full-Time,1,Year-Round,10/1/2000,PUEBLO COMMUNITY HEALTH CENTER,310 Colorado Ave,Pueblo,CO,81004-2006,"Corporate Entity, Federal Tax Exempt",-104.6246121,38.23198905,N,N,8101,Pueblo County,Pueblo,County            ,8,Region 8,8,Colorado,803,3,Colorado District 03,CO-03,Jeff Hurd,Michael F. Bennet,John W. Hickenlooper,5/6/2025
Federally Qualified Health Center (FQHC),H80CS00218,80060,BPS-H80-030107,Safe Center,405 S Platte River Dr,Denver,CO,80223-2069,720-944-3700,www.denverhealth.org,168,7,All Other Clinic Types,1,Active,,1497305270,1,Permanent,2,Service Delivery Site,1,Health Center/Applicant,0,Unknown,0,Unknown,12/13/2019,Denver Health and Hospital Authority,777 Bannock St,Denver,CO,80204-4507,U.S. Government Entity,-104.9999926,39.70973643,N,N,8031,Denver County,Denver,County            ,8,Region 8,8,Colorado,801,1,Colorado District 01,CO-01,Diana DeGette,Michael F. Bennet,John W. Hickenlooper,5/6/2025
Federally Qualified Health Center (FQHC),H80CS32521,08E01322,BPS-H80-027137,Community Health Care Center - Renaissance Square,202 2nd Ave S STE 203,Great Falls,MT,59405-1831,406-454-6973,www.chccgf.org,55,7,All Other Clinic Types,1,Active,,,1,Permanent,2,Service Delivery Site,1,Health Center/Applicant,0,Unknown,0,Unknown,1/1/2019,"COMMUNITY HEALTH CARE CENTER, INCORPORATED",601 1st Avenue North,Great Falls,MT,59401-2510,"Corporate Entity, Federal Tax Exempt",-111.3039498,47.50255828,N,N,30013,Cascade County,Cascade,County            ,8,Region 8,30,Montana,3002,2,Montana District 02,MT-02,Troy Downing,Jon Tester,Tim Sheehy,5/6/2025
Federally Qualified Health Center (FQHC),H80CS40219,08E01423,BPS-H80-037935,Greater Valley Health Center - Evergreen,2181 Us Highway 2 E STE 9,Kalispell,MT,59901-2858,406-607-4900,,40,7,All Other Clinic Types,1,Active,,,1,Permanent,2,Service Delivery Site,1,Health Center/Applicant,0,Unknown,0,Unknown,12/10/2023,"FLATHEAD COMMUNITY HEALTH CENTER, INC.",1035 1st Ave W,Kalispell,MT,59901-5626,"Corporate Entity, Federal Tax Exempt",-114.2760181,48.22433259,N,N,30029,Flathead County,Flathead,County            ,8,Region 8,30,Montana,3001,1,Montana District 01,MT-01,Ryan K. Zinke,Jon Tester,Tim Sheehy,5/6/2025
Federally Qualified Health Center (FQHC),H80CS00704,82160,BPS-H80-000607,Ag Worker Health & Services,35511 County Road 134,Fairview,MT,59221-9465,800-813-4492,https://www.agworker.org,40,7,All Other Clinic Types,1,Active,271852,1679857007,1,Permanent,2,Service Delivery Site,1,Health Center/Applicant,1,Full-Time,1,Year-Round,8/1/1972,MONTANA MIGRANT & SEASONAL FARM WORKERS,"3318 3rd Ave N, Ste 200",Billings,MT,59101-1900,"Corporate Entity, Federal Tax Exempt",-104.0596299,47.84556704,N,N,30083,Richland County,Richland,County            ,8,Region 8,30,Montana,3002,2,Montana District 02,MT-02,Troy Downing,Jon Tester,Tim Sheehy,5/6/2025
Federally Qualified Health Center (FQHC),H80CS24102,08E00468,BPS-H80-027079,One Health - Miles City Annex,515 Main Street,Miles City,MT,59301-3018,406-874-8700,,,7,All Other Clinic Types,1,Active,,,1,Permanent,1,Administrative,1,Health Center/Applicant,0,Unknown,0,Unknown,11/20/2018,BIGHORN VALLEY HEALTH CENTER INC,10 4th St W STE B,Hardin,MT,59034-1804,"Corporate Entity, Federal Tax Exempt",-105.8509355,46.40601574,N,N,30017,Custer County,Custer,County            ,8,Region 8,30,Montana,3002,2,Montana District 02,MT-02,Troy Downing,Jon Tester,Tim Sheehy,5/6/2025
Federally Qualified Health Center (FQHC),H80CS33884,83930,BPS-H80-037304,PureView Project for Alternative Learning Clinic,815 Front St,Helena,MT,59601-3310,406-457-0000,http://pureviewhealthcenter.org/,45,2,School,1,Active,,,1,Permanent,2,Service Delivery Site,1,Health Center/Applicant,0,Unknown,0,Unknown,9/14/2023,PUREVIEW HEALTH CENTER,1930 9th Avenue,Helena,MT,59601-9753,"Corporate Entity, Federal Tax Exempt",-112.0356916,46.59522174,N,N,30049,Lewis and Clark County,Lewis and Clark,County            ,8,Region 8,30,Montana,3002,2,Montana District 02,MT-02,Troy Downing,Jon Tester,Tim Sheehy,5/6/2025
Federally Qualified Health Center (FQHC),H80CS40219,08E01423,BPS-H80-032231,Greater Valley Health Center - Linderman Education Center,124 3rd Ave E RM G007,Kalispell,MT,59901-4530,406-607-4900,greatervalleyhealth.org,40,2,School,1,Active,,,1,Permanent,2,Service Delivery Site,1,Health Center/Applicant,0,Unknown,0,Unknown,6/1/2021,"FLATHEAD COMMUNITY HEALTH CENTER, INC.",1035 1st Ave W,Kalispell,MT,59901-5626,"Corporate Entity, Federal Tax Exempt",-114.3092065,48.19795772,N,N,30029,Flathead County,Flathead,County            ,8,Region 8,30,Montana,3001,1,Montana District 01,MT-01,Ryan K. Zinke,Jon Tester,Tim Sheehy,5/6/2025
Federally Qualified Health Center (FQHC),H80CS32521,08E01322,BPS-H80-027418,Community Health Care Center SBHC Belt,1 Church Street,Belt,MT,59412-7532,406-454-6973,,17,2,School,1,Active,,,2,Seasonal,3,Administrative/Service Delivery Site,1,Health Center/Applicant,0,Unknown,0,Unknown,2/1/2019,"COMMUNITY HEALTH CARE CENTER, INCORPORATED",601 1st Avenue North,Great Falls,MT,59401-2510,"Corporate Entity, Federal Tax Exempt",-110.9274367,47.38934986,N,N,30013,Cascade County,Cascade,County            ,8,Region 8,30,Montana,3002,2,Montana District 02,MT-02,Troy Downing,Jon Tester,Tim Sheehy,5/6/2025
Federally Qualified Health Center (FQHC),H80CS29012,08E01199,BPS-H80-022110,Marias Healthcare Services - Conrad,1 4th Ave SE,Conrad,MT,59425-2323,406-271-2007,,35,7,All Other Clinic Types,1,Active,271866,1790275709,1,Permanent,2,Service Delivery Site,1,Health Center/Applicant,0,Unknown,0,Unknown,5/15/2018,MARIAS HEALTHCARE SERVICES INC,1950 West Roosevelt Highway,Shelby,MT,59474-1549,"Corporate Entity, Federal Tax Exempt",-111.9466061,48.16897188,N,N,30073,Pondera County,Pondera,County            ,8,Region 8,30,Montana,3002,2,Montana District 02,MT-02,Troy Downing,Jon Tester,Tim Sheehy,5/6/2025
Federally Qualified Health Center (FQHC),H80CS00805,88300,BPS-H80-038530,Northwest Community Health Center Pharmacy - Hwy 2,1401 Minnesota Avenue,Libby,MT,59923-2309,406-293-3784,,59.5,7,All Other Clinic Types,1,Active,,,1,Permanent,1,Administrative,1,Health Center/Applicant,0,Unknown,0,Unknown,4/17/2024,"LINCOLN COUNTY COMMUNITY HEALTH CENTER, INCORPORATED",320 East 2nd Street,Libby,MT,59923-2010,"Corporate Entity, Federal Tax Exempt",-115.5483266,48.38169717,N,N,30053,Lincoln County,Lincoln,County            ,8,Region 8,30,Montana,3001,1,Montana District 01,MT-01,Ryan K. Zinke,Jon Tester,Tim Sheehy,5/6/2025
Federally Qualified Health Center (FQHC),H80CS24102,08E00468,BPS-H80-034150,One Health - Hardin High School,721 N Miles Ave FL 1,Hardin,MT,59034-1621,406-665-4103,,40,2,School,1,Active,,,1,Permanent,2,Service Delivery Site,1,Health Center/Applicant,0,Unknown,0,Unknown,12/28/2021,BIGHORN VALLEY HEALTH CENTER INC,10 4th St W STE B,Hardin,MT,59034-1804,"Corporate Entity, Federal Tax Exempt",-107.6170528,45.73477349,N,N,30003,Big Horn County,Big Horn,County            ,8,Region 8,30,Montana,3002,2,Montana District 02,MT-02,Troy Downing,Jon Tester,Tim Sheehy,5/6/2025
Federally Qualified Health Center (FQHC),H80CS24102,08E00468,BPS-H80-038848,One Health - Community Partners,1695 Tschache Ln,Bozeman,MT,59715-7965,406-585-1360,,49,7,All Other Clinic Types,1,Active,,1376787770,1,Permanent,2,Service Delivery Site,1,Health Center/Applicant,0,Unknown,0,Unknown,5/14/2024,BIGHORN VALLEY HEALTH CENTER INC,10 4th St W STE B,Hardin,MT,59034-1804,"Corporate Entity, Federal Tax Exempt",-111.0566841,45.69667465,N,N,30031,Gallatin County,Gallatin,County            ,8,Region 8,30,Montana,3001,1,Montana District 01,MT-01,Ryan K. Zinke,Jon Tester,Tim Sheehy,5/6/2025
Federally Qualified Health Center (FQHC),H80CS00528,83430,BPS-H80-036331,PHC - Watershed,2200 Mullan Rd STE A,Missoula,MT,59808-2059,406-258-4949,,35,7,All Other Clinic Types,1,Active,271016,1013623248,1,Permanent,2,Service Delivery Site,1,Health Center/Applicant,0,Unknown,0,Unknown,2/16/2023,COUNTY OF MISSOULA,301 West Alder Street,Missoula,MT,59802-4192,U.S. Government Entity,-114.0257601,46.88129165,N,N,30063,Missoula County,Missoula,County            ,8,Region 8,30,Montana,3001,1,Montana District 01,MT-01,Ryan K. Zinke,Jon Tester,Tim Sheehy,5/6/2025
Federally Qualified Health Center (FQHC),H80CS33884,83930,BPS-H80-030487,Healthcare for the Homeless,533 N Last Chance Gulch,Helena,MT,59601-3346,406-449-5682,http://pureviewhealthcenter.org/,12,7,All Other Clinic Types,1,Active,11111,,1,Permanent,2,Service Delivery Site,1,Health Center/Applicant,0,Unknown,0,Unknown,3/1/2020,PUREVIEW HEALTH CENTER,1930 9th Avenue,Helena,MT,59601-9753,"Corporate Entity, Federal Tax Exempt",-112.03664,46.59242395,N,N,30049,Lewis and Clark County,Lewis and Clark,County            ,8,Region 8,30,Montana,3002,2,Montana District 02,MT-02,Troy Downing,Jon Tester,Tim Sheehy,5/6/2025
Federally Qualified Health Center (FQHC),H80CS32521,08E01322,BPS-H80-032612,Community Health Care Center - Vaughn,480 Central Avenue,Vaughn,MT,59487-9716,406-454-6973,www.alluvionhealth.org,52.75,2,School,1,Active,,,1,Permanent,2,Service Delivery Site,1,Health Center/Applicant,0,Unknown,0,Unknown,6/7/2021,"COMMUNITY HEALTH CARE CENTER, INCORPORATED",601 1st Avenue North,Great Falls,MT,59401-2510,"Corporate Entity, Federal Tax Exempt",-111.5494765,47.56037245,N,N,30013,Cascade County,Cascade,County            ,8,Region 8,30,Montana,3002,2,Montana District 02,MT-02,Troy Downing,Jon Tester,Tim Sheehy,5/6/2025
Federally Qualified Health Center (FQHC),H80CS24102,08E00468,BPS-H80-027034,One Health - Miles City,305 S 4th St,Miles City,MT,59301-4175,406-874-8700,www.bighornvalley.org,50,7,All Other Clinic Types,1,Active,,,1,Permanent,2,Service Delivery Site,1,Health Center/Applicant,0,Unknown,0,Unknown,11/23/2018,BIGHORN VALLEY HEALTH CENTER INC,10 4th St W STE B,Hardin,MT,59034-1804,"Corporate Entity, Federal Tax Exempt",-105.8495738,46.40101137,N,N,30017,Custer County,Custer,County            ,8,Region 8,30,Montana,3002,2,Montana District 02,MT-02,Troy Downing,Jon Tester,Tim Sheehy,5/6/2025
Federally Qualified Health Center (FQHC),H80CS00799,83270,BPS-H80-027900,Blacktail Pharmacy,125 E Glendale St,Dillon,MT,59725-2505,406-842-7434,www.swmtchc.org,50,7,All Other Clinic Types,1,Active,,,1,Permanent,2,Service Delivery Site,1,Health Center/Applicant,0,Unknown,0,Unknown,9/15/2021,"BUTTE-SILVER BOW PRIMARY HEALTH CARE CLINIC, INC",445 Centennial Ave,Butte,MT,59701-2870,"Corporate Entity, Federal Tax Exempt",-112.6366496,45.2160019,N,N,30001,Beaverhead County,Beaverhead,County            ,8,Region 8,30,Montana,3001,1,Montana District 01,MT-01,Ryan K. Zinke,Jon Tester,Tim Sheehy,5/6/2025
Federally Qualified Health Center (FQHC),H80CS00528,83430,BPS-H80-038990,PHC-Hawthorne Elementary - Behavioral Health,2835 S 3rd St W,Missoula,MT,59804-1139,406-544-0434,,40,2,School,1,Active,,,2,Seasonal,2,Service Delivery Site,1,Health Center/Applicant,0,Unknown,0,Unknown,7/24/2024,COUNTY OF MISSOULA,301 West Alder Street,Missoula,MT,59802-4192,U.S. Government Entity,-114.0491734,46.8667993,N,N,30063,Missoula County,Missoula,County            ,8,Region 8,30,Montana,3001,1,Montana District 01,MT-01,Ryan K. Zinke,Jon Tester,Tim Sheehy,5/6/2025
Federally Qualified Health Center (FQHC),H80CS28359,08E00382,BPS-H80-032881,Victor School District,"425 Forth Ave,  Room 101",Victor,MT,59875-9468,406-642-3446,,40,2,School,1,Active,,,1,Permanent,2,Service Delivery Site,1,Health Center/Applicant,0,Unknown,0,Unknown,8/4/2021,"SAPPHIRE COMMUNITY HEALTH, INC","316 North 3rd Street, #101",Hamilton,MT,59840-2475,"Corporate Entity, Federal Tax Exempt",-114.150964,46.41546102,N,N,30081,Ravalli County,Ravalli,County            ,8,Region 8,30,Montana,3001,1,Montana District 01,MT-01,Ryan K. Zinke,Jon Tester,Tim Sheehy,5/6/2025
Federally Qualified Health Center (FQHC),H80CS00704,82160,BPS-H80-039100,Ag Worker Health & Services,3318 3rd Avenue North,Billings,MT,59101-1900,406-248-3149,https://www.agworker.org,40,7,All Other Clinic Types,1,Active,271851,,1,Permanent,3,Administrative/Service Delivery Site,1,Health Center/Applicant,0,Unknown,0,Unknown,8/27/2024,MONTANA MIGRANT & SEASONAL FARM WORKERS,"3318 3rd Ave N, Ste 200",Billings,MT,59101-1900,"Corporate Entity, Federal Tax Exempt",-108.514342,45.78045281,N,N,30111,Yellowstone County,Yellowstone,County            ,8,Region 8,30,Montana,3002,2,Montana District 02,MT-02,Troy Downing,Jon Tester,Tim Sheehy,5/6/2025
Federally Qualified Health Center (FQHC),H80CS32521,08E01322,BPS-H80-027422,Community Health Care Center SBHC North Middle School,2601 8th Street Northeast,Great Falls,MT,59404-1699,406-454-6973,,16,2,School,1,Active,,,2,Seasonal,2,Service Delivery Site,1,Health Center/Applicant,0,Unknown,0,Unknown,2/1/2019,"COMMUNITY HEALTH CARE CENTER, INCORPORATED",601 1st Avenue North,Great Falls,MT,59401-2510,"Corporate Entity, Federal Tax Exempt",-111.2946018,47.53025112,N,N,30013,Cascade County,Cascade,County            ,8,Region 8,30,Montana,3002,2,Montana District 02,MT-02,Troy Downing,Jon Tester,Tim Sheehy,5/6/2025
Federally Qualified Health Center (FQHC),H80CS00805,88300,BPS-H80-003713,Northwest Community Health Center,320 E 2nd St,Libby,MT,59923-2010,406-293-3755,na,46.5,7,All Other Clinic Types,1,Active,271814,,1,Permanent,3,Administrative/Service Delivery Site,1,Health Center/Applicant,1,Full-Time,1,Year-Round,2/12/2007,"LINCOLN COUNTY COMMUNITY HEALTH CENTER, INCORPORATED",320 East 2nd Street,Libby,MT,59923-2010,"Corporate Entity, Federal Tax Exempt",-115.5466725,48.39271019,N,N,30053,Lincoln County,Lincoln,County            ,8,Region 8,30,Montana,3001,1,Montana District 01,MT-01,Ryan K. Zinke,Jon Tester,Tim Sheehy,5/6/2025
Federally Qualified Health Center (FQHC),H80CS00528,83430,BPS-H80-015251,Lowell School Health Center,1150 Sherwood St,Missoula,MT,59802-2377,406-258-4789,,44,2,School,1,Active,271861,,1,Permanent,2,Service Delivery Site,1,Health Center/Applicant,0,Unknown,0,Unknown,6/22/2015,COUNTY OF MISSOULA,301 West Alder Street,Missoula,MT,59802-4192,U.S. Government Entity,-114.0077764,46.87999062,N,N,30063,Missoula County,Missoula,County            ,8,Region 8,30,Montana,3001,1,Montana District 01,MT-01,Ryan K. Zinke,Jon Tester,Tim Sheehy,5/6/2025
Federally Qualified Health Center (FQHC),H80CS29012,08E01199,BPS-H80-015584,Marias Healthcare Services - Sunburst,13 1st Street South,Sunburst,MT,59482,406-434-3118,www.mmcmt.org,15,7,All Other Clinic Types,1,Active,271827,,1,Permanent,2,Service Delivery Site,1,Health Center/Applicant,0,Unknown,0,Unknown,8/1/2015,MARIAS HEALTHCARE SERVICES INC,1950 West Roosevelt Highway,Shelby,MT,59474-1549,"Corporate Entity, Federal Tax Exempt",-111.9086103,48.88280908,N,N,30101,Toole County,Toole,County            ,8,Region 8,30,Montana,3002,2,Montana District 02,MT-02,Troy Downing,Jon Tester,Tim Sheehy,5/6/2025
Federally Qualified Health Center (FQHC),H80CS40219,08E01423,BPS-H80-038102,Greater Valley Health Center - Administration,1035 1st Ave W STE 210,Kalispell,MT,59901-5607,406-607-4900,,,0,Unknown,1,Active,,,1,Permanent,1,Administrative,1,Health Center/Applicant,0,Unknown,0,Unknown,1/13/2024,"FLATHEAD COMMUNITY HEALTH CENTER, INC.",1035 1st Ave W,Kalispell,MT,59901-5626,"Corporate Entity, Federal Tax Exempt",-114.3111972,48.18811724,N,N,30029,Flathead County,Flathead,County            ,8,Region 8,30,Montana,3001,1,Montana District 01,MT-01,Ryan K. Zinke,Jon Tester,Tim Sheehy,5/6/2025
Federally Qualified Health Center (FQHC),H80CS24102,08E00468,BPS-H80-036027,One Health - CMHD,333 2nd Ave N STE 2,Lewistown,MT,59457-2707,406-535-7433,,,0,Unknown,1,Active,,,1,Permanent,1,Administrative,1,Health Center/Applicant,0,Unknown,0,Unknown,12/8/2022,BIGHORN VALLEY HEALTH CENTER INC,10 4th St W STE B,Hardin,MT,59034-1804,"Corporate Entity, Federal Tax Exempt",-109.4265894,47.0673552,N,N,30027,Fergus County,Fergus,County            ,8,Region 8,30,Montana,3002,2,Montana District 02,MT-02,Troy Downing,Jon Tester,Tim Sheehy,5/6/2025
Federally Qualified Health Center (FQHC),H80CS24102,08E00468,BPS-H80-037451,One Health - Glendive,1515 W Bell St UNIT 15,Glendive,MT,59330-3240,406-815-5831,onechc.org,40,7,All Other Clinic Types,1,Active,,,1,Permanent,2,Service Delivery Site,1,Health Center/Applicant,0,Unknown,0,Unknown,9/29/2023,BIGHORN VALLEY HEALTH CENTER INC,10 4th St W STE B,Hardin,MT,59034-1804,"Corporate Entity, Federal Tax Exempt",-104.7365653,47.10533343,N,N,30021,Dawson County,Dawson,County            ,8,Region 8,30,Montana,3002,2,Montana District 02,MT-02,Troy Downing,Jon Tester,Tim Sheehy,5/6/2025
Federally Qualified Health Center (FQHC),H80CS24102,08E00468,BPS-H80-036026,One Health - HOPE Center,809 N Custer Ave,Hardin,MT,59034-1311,406-209-0109,,,0,Unknown,1,Active,,,1,Permanent,1,Administrative,1,Health Center/Applicant,0,Unknown,0,Unknown,12/8/2022,BIGHORN VALLEY HEALTH CENTER INC,10 4th St W STE B,Hardin,MT,59034-1804,"Corporate Entity, Federal Tax Exempt",-107.6074967,45.73672706,N,N,30003,Big Horn County,Big Horn,County            ,8,Region 8,30,Montana,3002,2,Montana District 02,MT-02,Troy Downing,Jon Tester,Tim Sheehy,5/6/2025
Federally Qualified Health Center (FQHC),H80CS32521,08E01322,BPS-H80-032058,Community Health Care Center - Pharmacy,105 6th Street North,Great Falls,MT,59401-2531,406-454-6973,,52.5,7,All Other Clinic Types,1,Active,,,1,Permanent,2,Service Delivery Site,1,Health Center/Applicant,0,Unknown,0,Unknown,2/12/2021,"COMMUNITY HEALTH CARE CENTER, INCORPORATED",601 1st Avenue North,Great Falls,MT,59401-2510,"Corporate Entity, Federal Tax Exempt",-111.2973098,47.50661176,N,N,30013,Cascade County,Cascade,County            ,8,Region 8,30,Montana,3002,2,Montana District 02,MT-02,Troy Downing,Jon Tester,Tim Sheehy,5/6/2025
Federally Qualified Health Center (FQHC),H80CS40219,08E01423,BPS-H80-037015,Greater Valley Health Center - Glacier High School,375 Wolfpack Way RM C101,Kalispell,MT,59901-1207,406-607-4900,,8,2,School,1,Active,,,1,Permanent,2,Service Delivery Site,1,Health Center/Applicant,0,Unknown,0,Unknown,7/28/2023,"FLATHEAD COMMUNITY HEALTH CENTER, INC.",1035 1st Ave W,Kalispell,MT,59901-5626,"Corporate Entity, Federal Tax Exempt",-114.3448287,48.23846255,N,N,30029,Flathead County,Flathead,County            ,8,Region 8,30,Montana,3001,1,Montana District 01,MT-01,Ryan K. Zinke,Jon Tester,Tim Sheehy,5/6/2025
Federally Qualified Health Center (FQHC),H80CS32521,08E01322,BPS-H80-035747,Community Health Care Center - SBHC West Elementary School,1205 1st Ave NW STE A,Great Falls,MT,59404-2202,406-454-6973,www.alluvionhealth.org,24,2,School,1,Active,,,2,Seasonal,2,Service Delivery Site,1,Health Center/Applicant,0,Unknown,0,Unknown,9/30/2022,"COMMUNITY HEALTH CARE CENTER, INCORPORATED",601 1st Avenue North,Great Falls,MT,59401-2510,"Corporate Entity, Federal Tax Exempt",-111.333031,47.50880455,N,N,30013,Cascade County,Cascade,County            ,8,Region 8,30,Montana,3002,2,Montana District 02,MT-02,Troy Downing,Jon Tester,Tim Sheehy,5/6/2025
Federally Qualified Health Center (FQHC),H80CS33884,83930,BPS-H80-038776,PureView YWCA Helena,501 North Park Avenue,Helena,MT,59601-2703,406-422-8774,,40,7,All Other Clinic Types,1,Active,,,1,Permanent,2,Service Delivery Site,1,Health Center/Applicant,0,Unknown,0,Unknown,6/10/2024,PUREVIEW HEALTH CENTER,1930 9th Avenue,Helena,MT,59601-9753,"Corporate Entity, Federal Tax Exempt",-112.0402228,46.59217836,N,N,30049,Lewis and Clark County,Lewis and Clark,County            ,8,Region 8,30,Montana,3002,2,Montana District 02,MT-02,Troy Downing,Jon Tester,Tim Sheehy,5/6/2025
Federally Qualified Health Center (FQHC),H80CS00418,82500,BPS-H80-012487,Lil Anderson Center,2626 1st Ave S,Billings,MT,59101-4228,406-247-3200,,1,7,All Other Clinic Types,1,Active,271858,,1,Permanent,1,Administrative,1,Health Center/Applicant,2,Part-Time,1,Year-Round,4/1/2013,YELLOWSTONE CITY COUNTY HEALTH DEPARTMENT,123 S 27th St,Billings,MT,59101-4227,U.S. Government Entity,-108.5009486,45.78048604,N,N,30111,Yellowstone County,Yellowstone,County            ,8,Region 8,30,Montana,3002,2,Montana District 02,MT-02,Troy Downing,Jon Tester,Tim Sheehy,5/6/2025
Federally Qualified Health Center (FQHC),H80CS00704,82160,BPS-H80-032257,Ag Worker Health & Services - Mobile Medical Unit,6385 US Highway 10 W,Missoula,MT,59808-9085,800-813-4492,https://www.agworker.org,40,7,All Other Clinic Types,1,Active,,,5,Mobile Van,2,Service Delivery Site,1,Health Center/Applicant,0,Unknown,0,Unknown,3/30/2021,MONTANA MIGRANT & SEASONAL FARM WORKERS,"3318 3rd Ave N, Ste 200",Billings,MT,59101-1900,"Corporate Entity, Federal Tax Exempt",-114.1029419,46.93205387,N,N,30063,Missoula County,Missoula,County            ,8,Region 8,30,Montana,3001,1,Montana District 01,MT-01,Ryan K. Zinke,Jon Tester,Tim Sheehy,5/6/2025
Federally Qualified Health Center (FQHC),H80CS28359,08E00382,BPS-H80-036244,Mobile Medical Unit,316 North 3rd Street,Hamilton,MT,59840-2480,406-541-0032,sapphirechc.org,32,7,All Other Clinic Types,1,Active,MO11006954,,5,Mobile Van,2,Service Delivery Site,1,Health Center/Applicant,0,Unknown,0,Unknown,1/27/2023,"SAPPHIRE COMMUNITY HEALTH, INC","316 North 3rd Street, #101",Hamilton,MT,59840-2475,"Corporate Entity, Federal Tax Exempt",-114.1589677,46.24978884,N,N,30081,Ravalli County,Ravalli,County            ,8,Region 8,30,Montana,3001,1,Montana District 01,MT-01,Ryan K. Zinke,Jon Tester,Tim Sheehy,5/6/2025
Federally Qualified Health Center (FQHC),H80CS29012,08E01199,BPS-H80-040058,Conrad Schools,308 South Illinois Street,Conrad,MT,59425-1900,406-434-3100,,4,2,School,1,Active,,,2,Seasonal,2,Service Delivery Site,1,Health Center/Applicant,0,Unknown,0,Unknown,4/8/2025,MARIAS HEALTHCARE SERVICES INC,1950 West Roosevelt Highway,Shelby,MT,59474-1549,"Corporate Entity, Federal Tax Exempt",-111.953546,48.17212138,N,N,30073,Pondera County,Pondera,County            ,8,Region 8,30,Montana,3002,2,Montana District 02,MT-02,Troy Downing,Jon Tester,Tim Sheehy,5/6/2025
Federally Qualified Health Center (FQHC),H80CS29012,08E01199,BPS-H80-033747,Marias Healthcare Service Inc - Shelby,1950 West Roosevelt Highway,Shelby,MT,59474-1549,406-434-3100,www.mariashealth.org,50,7,All Other Clinic Types,1,Active,271825,1881697209,1,Permanent,3,Administrative/Service Delivery Site,1,Health Center/Applicant,0,Unknown,0,Unknown,9/15/2021,MARIAS HEALTHCARE SERVICES INC,1950 West Roosevelt Highway,Shelby,MT,59474-1549,"Corporate Entity, Federal Tax Exempt",-111.881364,48.51763613,N,N,30101,Toole County,Toole,County            ,8,Region 8,30,Montana,3002,2,Montana District 02,MT-02,Troy Downing,Jon Tester,Tim Sheehy,5/6/2025
Federally Qualified Health Center (FQHC),H80CS00704,82160,BPS-H80-021199,Ag Worker Health & Services,116 N Washington St,Dillon,MT,59725-2631,406-683-5570,https://www.agworker.org,40,7,All Other Clinic Types,1,Active,271853,,1,Permanent,2,Service Delivery Site,1,Health Center/Applicant,0,Unknown,0,Unknown,9/25/2017,MONTANA MIGRANT & SEASONAL FARM WORKERS,"3318 3rd Ave N, Ste 200",Billings,MT,59101-1900,"Corporate Entity, Federal Tax Exempt",-112.6344258,45.2174504,N,N,30001,Beaverhead County,Beaverhead,County            ,8,Region 8,30,Montana,3001,1,Montana District 01,MT-01,Ryan K. Zinke,Jon Tester,Tim Sheehy,5/6/2025
Federally Qualified Health Center (FQHC),H80CS24102,08E00468,BPS-H80-030276,One Health - Campus,1223 N Center Ave,Hardin,MT,59034-1100,406-665-4103,,40,7,All Other Clinic Types,1,Active,,,1,Permanent,3,Administrative/Service Delivery Site,1,Health Center/Applicant,0,Unknown,0,Unknown,1/28/2020,BIGHORN VALLEY HEALTH CENTER INC,10 4th St W STE B,Hardin,MT,59034-1804,"Corporate Entity, Federal Tax Exempt",-107.605976,45.74148436,N,N,30003,Big Horn County,Big Horn,County            ,8,Region 8,30,Montana,3002,2,Montana District 02,MT-02,Troy Downing,Jon Tester,Tim Sheehy,5/6/2025
Federally Qualified Health Center (FQHC),H80CS32521,08E01322,BPS-H80-027139,Community Health Care Center @ CCHD,115 4th St S,Great Falls,MT,59401-3618,406-454-6973,www.chccgf.org,55,7,All Other Clinic Types,1,Active,271811,1902948946,1,Permanent,2,Service Delivery Site,1,Health Center/Applicant,0,Unknown,0,Unknown,1/1/2019,"COMMUNITY HEALTH CARE CENTER, INCORPORATED",601 1st Avenue North,Great Falls,MT,59401-2510,"Corporate Entity, Federal Tax Exempt",-111.3007925,47.50338301,N,N,30013,Cascade County,Cascade,County            ,8,Region 8,30,Montana,3002,2,Montana District 02,MT-02,Troy Downing,Jon Tester,Tim Sheehy,5/6/2025
Federally Qualified Health Center (FQHC),H80CS00799,83270,BPS-H80-028272,BUTTE RESCUE MISSION,610 E Platinum St,Butte,MT,59701-1930,406-782-0925,,4,7,All Other Clinic Types,1,Active,,,1,Permanent,2,Service Delivery Site,1,Health Center/Applicant,0,Unknown,0,Unknown,8/19/2019,"BUTTE-SILVER BOW PRIMARY HEALTH CARE CLINIC, INC",445 Centennial Ave,Butte,MT,59701-2870,"Corporate Entity, Federal Tax Exempt",-112.5283327,46.00923114,N,N,30093,Silver Bow County,Silver Bow,County            ,8,Region 8,30,Montana,3001,1,Montana District 01,MT-01,Ryan K. Zinke,Jon Tester,Tim Sheehy,5/6/2025
Federally Qualified Health Center (FQHC),H80CS00528,83430,BPS-H80-015227,Poverello Center,1110 West Broadway,Missoula,MT,59802,406-258-4789,,39,7,All Other Clinic Types,1,Active,271842,,1,Permanent,2,Service Delivery Site,1,Health Center/Applicant,0,Unknown,0,Unknown,6/15/2015,COUNTY OF MISSOULA,301 West Alder Street,Missoula,MT,59802-4192,U.S. Government Entity,-114.008944,46.87660454,N,N,30063,Missoula County,Missoula,County            ,8,Region 8,30,Montana,3001,1,Montana District 01,MT-01,Ryan K. Zinke,Jon Tester,Tim Sheehy,5/6/2025
Federally Qualified Health Center (FQHC),H80CS24102,08E00468,BPS-H80-036053,One Health - Miles City Finance,2000 Clark St STE 13,Miles City,MT,59301-2726,406-209-0109,,,0,Unknown,1,Active,,,1,Permanent,1,Administrative,1,Health Center/Applicant,0,Unknown,0,Unknown,12/16/2022,BIGHORN VALLEY HEALTH CENTER INC,10 4th St W STE B,Hardin,MT,59034-1804,"Corporate Entity, Federal Tax Exempt",-105.8353341,46.41099543,N,N,30017,Custer County,Custer,County            ,8,Region 8,30,Montana,3002,2,Montana District 02,MT-02,Troy Downing,Jon Tester,Tim Sheehy,5/6/2025
Federally Qualified Health Center (FQHC),H80CS24102,08E00468,BPS-H80-017520,One Health - Ashland,501 Main Street,Ashland,MT,59003-7701,406-748-3622,,8,7,All Other Clinic Types,1,Active,,,1,Permanent,2,Service Delivery Site,1,Health Center/Applicant,0,Unknown,0,Unknown,8/1/2015,BIGHORN VALLEY HEALTH CENTER INC,10 4th St W STE B,Hardin,MT,59034-1804,"Corporate Entity, Federal Tax Exempt",-106.2671625,45.59204908,N,N,30087,Rosebud County,Rosebud,County            ,8,Region 8,30,Montana,3002,2,Montana District 02,MT-02,Troy Downing,Jon Tester,Tim Sheehy,5/6/2025
Federally Qualified Health Center (FQHC),H80CS00418,82500,BPS-H80-039409,RiverStone Health Clinic-Joliet-602 W Front Ave,602 West Front Avenue,Joliet,MT,59041-9410,406-962-9062,https://riverstonehealth.org/,16,7,All Other Clinic Types,1,Active,,,1,Permanent,2,Service Delivery Site,1,Health Center/Applicant,0,Unknown,0,Unknown,10/30/2024,YELLOWSTONE CITY COUNTY HEALTH DEPARTMENT,123 S 27th St,Billings,MT,59101-4227,U.S. Government Entity,-108.9793238,45.48208283,N,N,30009,Carbon County,Carbon,County            ,8,Region 8,30,Montana,3002,2,Montana District 02,MT-02,Troy Downing,Jon Tester,Tim Sheehy,5/6/2025
Federally Qualified Health Center (FQHC),H80CS00418,82500,BPS-H80-030287,Healthcare For the Homeless,2424 1st Ave N,Billings,MT,59101-2317,406-671-9731,,30,7,All Other Clinic Types,1,Active,271863,1528575685,1,Permanent,2,Service Delivery Site,1,Health Center/Applicant,0,Unknown,0,Unknown,1/28/2020,YELLOWSTONE CITY COUNTY HEALTH DEPARTMENT,123 S 27th St,Billings,MT,59101-4227,U.S. Government Entity,-108.5015502,45.78395623,N,N,30111,Yellowstone County,Yellowstone,County            ,8,Region 8,30,Montana,3002,2,Montana District 02,MT-02,Troy Downing,Jon Tester,Tim Sheehy,5/6/2025
Federally Qualified Health Center (FQHC),H80CS01451,811480,BPS-H80-039966,GCHC Pharmacy,601 West Main Street,Cut Bank,MT,59427-2804,406-873-0404,www.glacierchc.org,,0,Unknown,1,Active,,1780764274,1,Permanent,1,Administrative,1,Health Center/Applicant,0,Unknown,0,Unknown,3/19/2025,GLACIER COMMUNITY HEALTH CENTER INC,519 East Main Street,Cut Bank,MT,59427-3015,"Corporate Entity, Federal Tax Exempt",-112.3401377,48.6394795,N,N,30035,Glacier County,Glacier,County            ,8,Region 8,30,Montana,3001,1,Montana District 01,MT-01,Ryan K. Zinke,Jon Tester,Tim Sheehy,5/6/2025
Federally Qualified Health Center (FQHC),H80CS24102,08E00468,BPS-H80-029786,One Health - Miles City Dental,2811 Comstock St,Miles City,MT,59301-5754,406-874-8730,www.bighornvalley.org,40,7,All Other Clinic Types,1,Active,,,1,Permanent,2,Service Delivery Site,1,Health Center/Applicant,0,Unknown,0,Unknown,9/18/2019,BIGHORN VALLEY HEALTH CENTER INC,10 4th St W STE B,Hardin,MT,59034-1804,"Corporate Entity, Federal Tax Exempt",-105.8245396,46.40100542,N,N,30017,Custer County,Custer,County            ,8,Region 8,30,Montana,3002,2,Montana District 02,MT-02,Troy Downing,Jon Tester,Tim Sheehy,5/6/2025
Federally Qualified Health Center (FQHC),H80CS33884,83930,BPS-H80-039068,PureView HMS,1025 North Rodney Street,Helena,MT,59601-3595,406-500-2050,,40,2,School,1,Active,,,1,Permanent,2,Service Delivery Site,1,Health Center/Applicant,0,Unknown,0,Unknown,8/16/2024,PUREVIEW HEALTH CENTER,1930 9th Avenue,Helena,MT,59601-9753,"Corporate Entity, Federal Tax Exempt",-112.0261901,46.59579544,N,N,30049,Lewis and Clark County,Lewis and Clark,County            ,8,Region 8,30,Montana,3002,2,Montana District 02,MT-02,Troy Downing,Jon Tester,Tim Sheehy,5/6/2025
Federally Qualified Health Center (FQHC),H80CS32521,08E01322,BPS-H80-034307,Community Health Care Center - Silver State Bldg - Admin,18 6th Street North,Great Falls,MT,59401-3192,406-454-6973,,,0,Unknown,1,Active,,,1,Permanent,1,Administrative,1,Health Center/Applicant,0,Unknown,0,Unknown,2/28/2022,"COMMUNITY HEALTH CARE CENTER, INCORPORATED",601 1st Avenue North,Great Falls,MT,59401-2510,"Corporate Entity, Federal Tax Exempt",-111.2973751,47.50598761,N,N,30013,Cascade County,Cascade,County            ,8,Region 8,30,Montana,3002,2,Montana District 02,MT-02,Troy Downing,Jon Tester,Tim Sheehy,5/6/2025
Federally Qualified Health Center (FQHC),H80CS24102,08E00468,BPS-H80-034148,One Health - Crow Public School,101 Makata St FL 1,Crow Agency,MT,59022-7066,406-665-4103,,30,2,School,1,Active,,,1,Permanent,2,Service Delivery Site,1,Health Center/Applicant,0,Unknown,0,Unknown,12/28/2021,BIGHORN VALLEY HEALTH CENTER INC,10 4th St W STE B,Hardin,MT,59034-1804,"Corporate Entity, Federal Tax Exempt",-107.4581468,45.60377364,N,N,30003,Big Horn County,Big Horn,County            ,8,Region 8,30,Montana,3002,2,Montana District 02,MT-02,Troy Downing,Jon Tester,Tim Sheehy,5/6/2025
Federally Qualified Health Center (FQHC),H80CS24102,08E00468,BPS-H80-038847,CHP - Bozeman High School,205 North 11th Avenue,Bozeman,MT,59715-3287,406-522-6200,,40,2,School,1,Active,,,1,Permanent,2,Service Delivery Site,1,Health Center/Applicant,0,Unknown,0,Unknown,5/14/2024,BIGHORN VALLEY HEALTH CENTER INC,10 4th St W STE B,Hardin,MT,59034-1804,"Corporate Entity, Federal Tax Exempt",-111.0514553,45.68260499,N,N,30031,Gallatin County,Gallatin,County            ,8,Region 8,30,Montana,3001,1,Montana District 01,MT-01,Ryan K. Zinke,Jon Tester,Tim Sheehy,5/6/2025
Federally Qualified Health Center (FQHC),H80CS32521,08E01322,BPS-H80-035142,Community Health Care Center - Choteau,19 1st Street Northeast,Choteau,MT,59422-9275,406-454-6973,,45,7,All Other Clinic Types,1,Active,,,1,Permanent,2,Service Delivery Site,1,Health Center/Applicant,0,Unknown,0,Unknown,6/7/2022,"COMMUNITY HEALTH CARE CENTER, INCORPORATED",601 1st Avenue North,Great Falls,MT,59401-2510,"Corporate Entity, Federal Tax Exempt",-112.1831063,47.8124895,N,N,30099,Teton County,Teton,County            ,8,Region 8,30,Montana,3002,2,Montana District 02,MT-02,Troy Downing,Jon Tester,Tim Sheehy,5/6/2025
Federally Qualified Health Center (FQHC),H80CS00704,82160,BPS-H80-008773,Mobile Dental Unit,3450 Duck Creek Road,Billings,MT,59101-6170,800-813-4492,https://www.agworker.org,40,7,All Other Clinic Types,1,Active,,,5,Mobile Van,2,Service Delivery Site,1,Health Center/Applicant,1,Full-Time,2,Seasonal,6/29/2009,MONTANA MIGRANT & SEASONAL FARM WORKERS,"3318 3rd Ave N, Ste 200",Billings,MT,59101-1900,"Corporate Entity, Federal Tax Exempt",-108.6390335,45.70652937,N,N,30111,Yellowstone County,Yellowstone,County            ,8,Region 8,30,Montana,3002,2,Montana District 02,MT-02,Troy Downing,Jon Tester,Tim Sheehy,5/6/2025
Federally Qualified Health Center (FQHC),H80CS32521,08E01322,BPS-H80-035641,Community Health Care Center Whittier Elementary,305 8th Street North,Great Falls,MT,59401-1599,406-454-6973,www.alluvionhealth.org,20,2,School,1,Active,,,2,Seasonal,2,Service Delivery Site,1,Health Center/Applicant,0,Unknown,0,Unknown,8/22/2022,"COMMUNITY HEALTH CARE CENTER, INCORPORATED",601 1st Avenue North,Great Falls,MT,59401-2510,"Corporate Entity, Federal Tax Exempt",-111.2937992,47.50896507,N,N,30013,Cascade County,Cascade,County            ,8,Region 8,30,Montana,3002,2,Montana District 02,MT-02,Troy Downing,Jon Tester,Tim Sheehy,5/6/2025
Federally Qualified Health Center (FQHC),H80CS24102,08E00468,BPS-H80-038846,One Health - Panther Clinic,410 Triple Crown Road,Belgrade,MT,59714,406-388-3311,,32,2,School,1,Active,,1366049967,1,Permanent,2,Service Delivery Site,1,Health Center/Applicant,0,Unknown,0,Unknown,5/14/2024,BIGHORN VALLEY HEALTH CENTER INC,10 4th St W STE B,Hardin,MT,59034-1804,"Corporate Entity, Federal Tax Exempt",-111.1837105,45.78383927,N,N,30031,Gallatin County,Gallatin,County            ,8,Region 8,30,Montana,3001,1,Montana District 01,MT-01,Ryan K. Zinke,Jon Tester,Tim Sheehy,5/6/2025
Federally Qualified Health Center (FQHC),H80CS24102,08E00468,BPS-H80-032088,One Health - Miles City Office,2911 Mallet Lane,Miles City,MT,59301-8526,406-874-8700,,,7,All Other Clinic Types,1,Active,,,1,Permanent,1,Administrative,1,Health Center/Applicant,0,Unknown,0,Unknown,3/1/2021,BIGHORN VALLEY HEALTH CENTER INC,10 4th St W STE B,Hardin,MT,59034-1804,"Corporate Entity, Federal Tax Exempt",-105.8234457,46.40600661,N,N,30017,Custer County,Custer,County            ,8,Region 8,30,Montana,3002,2,Montana District 02,MT-02,Troy Downing,Jon Tester,Tim Sheehy,5/6/2025
Federally Qualified Health Center (FQHC),H80CS00799,83270,BPS-H80-032882,Blacktail Dental Clinic,122 E Glendale St,Dillon,MT,59725,406-683-4440,,32,7,All Other Clinic Types,1,Active,,,1,Permanent,2,Service Delivery Site,1,Health Center/Applicant,0,Unknown,0,Unknown,8/4/2021,"BUTTE-SILVER BOW PRIMARY HEALTH CARE CLINIC, INC",445 Centennial Ave,Butte,MT,59701-2870,"Corporate Entity, Federal Tax Exempt",-112.6370515,45.21608583,N,N,30001,Beaverhead County,Beaverhead,County            ,8,Region 8,30,Montana,3001,1,Montana District 01,MT-01,Ryan K. Zinke,Jon Tester,Tim Sheehy,5/6/2025
Federally Qualified Health Center (FQHC),H80CS00704,82160,BPS-H80-031578,"""transport"" vehicle","3318 3rd Ave N, Ste 200",Billings,MT,59101-1900,800-813-4492,www.agworker.org,40,7,All Other Clinic Types,1,Active,,,5,Mobile Van,2,Service Delivery Site,1,Health Center/Applicant,0,Unknown,0,Unknown,9/1/2020,MONTANA MIGRANT & SEASONAL FARM WORKERS,"3318 3rd Ave N, Ste 200",Billings,MT,59101-1900,"Corporate Entity, Federal Tax Exempt",-108.5144502,45.78042888,N,N,30111,Yellowstone County,Yellowstone,County            ,8,Region 8,30,Montana,3002,2,Montana District 02,MT-02,Troy Downing,Jon Tester,Tim Sheehy,5/6/2025
Federally Qualified Health Center (FQHC),H80CS00799,83270,BPS-H80-003105,BUTTE-SILVER BOW PRIMARY HEALTH CARE,445 Centennial Ave,Butte,MT,59701-2870,406-723-4075,WWW.SWMTCHC.ORG,72,7,All Other Clinic Types,1,Active,271801,,1,Permanent,3,Administrative/Service Delivery Site,1,Health Center/Applicant,1,Full-Time,1,Year-Round,1/3/1986,"BUTTE-SILVER BOW PRIMARY HEALTH CARE CLINIC, INC",445 Centennial Ave,Butte,MT,59701-2870,"Corporate Entity, Federal Tax Exempt",-112.5408426,45.9981592,N,N,30093,Silver Bow County,Silver Bow,County            ,8,Region 8,30,Montana,3001,1,Montana District 01,MT-01,Ryan K. Zinke,Jon Tester,Tim Sheehy,5/6/2025
Federally Qualified Health Center (FQHC),H80CS24102,08E00468,BPS-H80-036025,One Health - Home Base,8 N 6th St,Miles City,MT,59301-3102,406-851-5824,,,0,Unknown,1,Active,,,1,Permanent,1,Administrative,1,Health Center/Applicant,0,Unknown,0,Unknown,12/8/2022,BIGHORN VALLEY HEALTH CENTER INC,10 4th St W STE B,Hardin,MT,59034-1804,"Corporate Entity, Federal Tax Exempt",-105.8507388,46.40651711,N,N,30017,Custer County,Custer,County            ,8,Region 8,30,Montana,3002,2,Montana District 02,MT-02,Troy Downing,Jon Tester,Tim Sheehy,5/6/2025
Federally Qualified Health Center (FQHC),H80CS24102,08E00468,BPS-H80-038850,One Health - Belgrade,19 East Main Street,Belgrade,MT,59714-3715,406-922-0820,,49,7,All Other Clinic Types,1,Active,,1447494000,1,Permanent,2,Service Delivery Site,1,Health Center/Applicant,0,Unknown,0,Unknown,5/14/2024,BIGHORN VALLEY HEALTH CENTER INC,10 4th St W STE B,Hardin,MT,59034-1804,"Corporate Entity, Federal Tax Exempt",-111.1766358,45.77596225,N,N,30031,Gallatin County,Gallatin,County            ,8,Region 8,30,Montana,3001,1,Montana District 01,MT-01,Ryan K. Zinke,Jon Tester,Tim Sheehy,5/6/2025
Federally Qualified Health Center (FQHC),H80CS32521,08E01322,BPS-H80-036406,Community Health Care Center - SBHC Mountain View Elementary,3420 15th Ave S,Great Falls,MT,59405-5514,406-454-6973,www.alluvionhealth.org,20,2,School,1,Active,,,2,Seasonal,2,Service Delivery Site,1,Health Center/Applicant,0,Unknown,0,Unknown,3/3/2023,"COMMUNITY HEALTH CARE CENTER, INCORPORATED",601 1st Avenue North,Great Falls,MT,59401-2510,"Corporate Entity, Federal Tax Exempt",-111.2449477,47.48722128,N,N,30013,Cascade County,Cascade,County            ,8,Region 8,30,Montana,3002,2,Montana District 02,MT-02,Troy Downing,Jon Tester,Tim Sheehy,5/6/2025
Federally Qualified Health Center (FQHC),H80CS32521,08E01322,BPS-H80-031308,Community Health Care Center - Longfellow Elementary,1101 7th Ave S RM 109,Great Falls,MT,59405-2267,406-454-6973,,52.5,2,School,1,Active,,,1,Permanent,2,Service Delivery Site,1,Health Center/Applicant,0,Unknown,0,Unknown,9/11/2020,"COMMUNITY HEALTH CARE CENTER, INCORPORATED",601 1st Avenue North,Great Falls,MT,59401-2510,"Corporate Entity, Federal Tax Exempt",-111.2886854,47.49755353,N,N,30013,Cascade County,Cascade,County            ,8,Region 8,30,Montana,3002,2,Montana District 02,MT-02,Troy Downing,Jon Tester,Tim Sheehy,5/6/2025
Federally Qualified Health Center (FQHC),H80CS01451,811480,BPS-H80-003636,GLACIER COMMUNITY HEALTH CENTER,519 East Main Street,Cut Bank,MT,59427-3015,406-873-5670,www.glacierchc.org,57,7,All Other Clinic Types,1,Active,271823,,1,Permanent,2,Service Delivery Site,1,Health Center/Applicant,1,Full-Time,1,Year-Round,2/24/2004,GLACIER COMMUNITY HEALTH CENTER INC,519 East Main Street,Cut Bank,MT,59427-3015,"Corporate Entity, Federal Tax Exempt",-112.3256708,48.63255894,N,N,30035,Glacier County,Glacier,County            ,8,Region 8,30,Montana,3001,1,Montana District 01,MT-01,Ryan K. Zinke,Jon Tester,Tim Sheehy,5/6/2025
Federally Qualified Health Center (FQHC),H80CS00528,83430,BPS-H80-038989,PHC - Russell Elementary - Behavioral Health,3216 Russell Street,Missoula,MT,59801-8595,406-370-0487,,40,2,School,1,Active,,,2,Seasonal,2,Service Delivery Site,1,Health Center/Applicant,0,Unknown,0,Unknown,7/24/2024,COUNTY OF MISSOULA,301 West Alder Street,Missoula,MT,59802-4192,U.S. Government Entity,-114.0182685,46.84060183,N,N,30063,Missoula County,Missoula,County            ,8,Region 8,30,Montana,3001,1,Montana District 01,MT-01,Ryan K. Zinke,Jon Tester,Tim Sheehy,5/6/2025
Federally Qualified Health Center (FQHC),H80CS33884,83930,BPS-H80-037257,PureView Capital High School Clinic,100 Valley Dr,Helena,MT,59601-0163,406-457-0000,http://pureviewhealthcenter.org/,45,2,School,1,Active,,,1,Permanent,2,Service Delivery Site,1,Health Center/Applicant,0,Unknown,0,Unknown,9/8/2023,PUREVIEW HEALTH CENTER,1930 9th Avenue,Helena,MT,59601-9753,"Corporate Entity, Federal Tax Exempt",-112.0481648,46.61452275,N,N,30049,Lewis and Clark County,Lewis and Clark,County            ,8,Region 8,30,Montana,3002,2,Montana District 02,MT-02,Troy Downing,Jon Tester,Tim Sheehy,5/6/2025
Federally Qualified Health Center (FQHC),H80CS32521,08E01322,BPS-H80-035744,Community Health Care Center - 510 1st Ave N,510 1st Avenue North,Great Falls,MT,59401-2592,406-454-6973,www.alluvionhealth.org,55,7,All Other Clinic Types,1,Active,,,1,Permanent,3,Administrative/Service Delivery Site,1,Health Center/Applicant,0,Unknown,0,Unknown,9/30/2022,"COMMUNITY HEALTH CARE CENTER, INCORPORATED",601 1st Avenue North,Great Falls,MT,59401-2510,"Corporate Entity, Federal Tax Exempt",-111.2982042,47.50638281,N,N,30013,Cascade County,Cascade,County            ,8,Region 8,30,Montana,3002,2,Montana District 02,MT-02,Troy Downing,Jon Tester,Tim Sheehy,5/6/2025
Federally Qualified Health Center (FQHC),H80CS01451,811480,BPS-H80-008142,Annex,140 S Central Ave,Cut Bank,MT,59427-3298,406-873-5670,www.glacierchc.org,40,7,All Other Clinic Types,1,Active,,,1,Permanent,1,Administrative,1,Health Center/Applicant,1,Full-Time,1,Year-Round,2/10/2009,GLACIER COMMUNITY HEALTH CENTER INC,519 East Main Street,Cut Bank,MT,59427-3015,"Corporate Entity, Federal Tax Exempt",-112.3353175,48.63431474,N,N,30035,Glacier County,Glacier,County            ,8,Region 8,30,Montana,3001,1,Montana District 01,MT-01,Ryan K. Zinke,Jon Tester,Tim Sheehy,5/6/2025
Federally Qualified Health Center (FQHC),H80CS40219,08E01423,BPS-H80-032229,Greater Valley Health Center - Evergreen Junior High,20 W Evergreen Dr RM 254,Kalispell,MT,59901-2810,406-607-4900,greatervalleyhealth.org,40,2,School,1,Active,,,1,Permanent,2,Service Delivery Site,1,Health Center/Applicant,0,Unknown,0,Unknown,6/1/2021,"FLATHEAD COMMUNITY HEALTH CENTER, INC.",1035 1st Ave W,Kalispell,MT,59901-5626,"Corporate Entity, Federal Tax Exempt",-114.2788314,48.2247444,N,N,30029,Flathead County,Flathead,County            ,8,Region 8,30,Montana,3001,1,Montana District 01,MT-01,Ryan K. Zinke,Jon Tester,Tim Sheehy,5/6/2025
Federally Qualified Health Center (FQHC),H80CS32521,08E01322,BPS-H80-027420,Community Health Care Center SBHC Charles M. Russell High School,228 17th Avenue Northwest,Great Falls,MT,59404-1899,406-454-6973,,40,2,School,1,Active,,,2,Seasonal,2,Service Delivery Site,1,Health Center/Applicant,0,Unknown,0,Unknown,2/1/2019,"COMMUNITY HEALTH CARE CENTER, INCORPORATED",601 1st Avenue North,Great Falls,MT,59401-2510,"Corporate Entity, Federal Tax Exempt",-111.319841,47.52157321,N,N,30013,Cascade County,Cascade,County            ,8,Region 8,30,Montana,3002,2,Montana District 02,MT-02,Troy Downing,Jon Tester,Tim Sheehy,5/6/2025
Federally Qualified Health Center (FQHC),H80CS28359,08E00382,BPS-H80-036282,Hamilton High School,327 Fairgrounds Rd,Hamilton,MT,59840-3135,406-375-6060,,40,2,School,1,Active,MO11006954,,1,Permanent,2,Service Delivery Site,1,Health Center/Applicant,0,Unknown,0,Unknown,2/2/2023,"SAPPHIRE COMMUNITY HEALTH, INC","316 North 3rd Street, #101",Hamilton,MT,59840-2475,"Corporate Entity, Federal Tax Exempt",-114.1413747,46.25402891,N,N,30081,Ravalli County,Ravalli,County            ,8,Region 8,30,Montana,3001,1,Montana District 01,MT-01,Ryan K. Zinke,Jon Tester,Tim Sheehy,5/6/2025
Federally Qualified Health Center (FQHC),H80CS24102,08E00468,BPS-H80-035307,One Health - Dawson Community College,300 College Dr OFC 145,Glendive,MT,59330-1405,406-815-5831,,40,2,School,1,Active,,,1,Permanent,2,Service Delivery Site,1,Health Center/Applicant,0,Unknown,0,Unknown,7/3/2022,BIGHORN VALLEY HEALTH CENTER INC,10 4th St W STE B,Hardin,MT,59034-1804,"Corporate Entity, Federal Tax Exempt",-104.7249723,47.08588109,N,N,30021,Dawson County,Dawson,County            ,8,Region 8,30,Montana,3002,2,Montana District 02,MT-02,Troy Downing,Jon Tester,Tim Sheehy,5/6/2025
Federally Qualified Health Center (FQHC),H80CS29012,08E01199,BPS-H80-015604,Marias Healthcare Services - Valier,422 Montana St,Valier,MT,59486-5506,406-279-3314,www.mmcmt.org,15,7,All Other Clinic Types,1,Active,271826,,1,Permanent,2,Service Delivery Site,1,Health Center/Applicant,0,Unknown,0,Unknown,8/1/2015,MARIAS HEALTHCARE SERVICES INC,1950 West Roosevelt Highway,Shelby,MT,59474-1549,"Corporate Entity, Federal Tax Exempt",-112.2503628,48.30841934,N,N,30073,Pondera County,Pondera,County            ,8,Region 8,30,Montana,3001,1,Montana District 01,MT-01,Ryan K. Zinke,Jon Tester,Tim Sheehy,5/6/2025
Federally Qualified Health Center (FQHC),H80CS24102,08E00468,BPS-H80-036024,One Health - Lewistown Annex,207 W Main St STE 5,Lewistown,MT,59457-2718,406-350-4338,,,0,Unknown,1,Active,,,1,Permanent,1,Administrative,1,Health Center/Applicant,0,Unknown,0,Unknown,12/8/2022,BIGHORN VALLEY HEALTH CENTER INC,10 4th St W STE B,Hardin,MT,59034-1804,"Corporate Entity, Federal Tax Exempt",-109.4251321,47.06602222,N,N,30027,Fergus County,Fergus,County            ,8,Region 8,30,Montana,3002,2,Montana District 02,MT-02,Troy Downing,Jon Tester,Tim Sheehy,5/6/2025
Federally Qualified Health Center (FQHC),H80CS33884,83930,BPS-H80-038777,PureView Health Center Mobile Clinic,1930 9th Avenue,Helena,MT,59601-9753,406-457-0000,,30,7,All Other Clinic Types,1,Active,,,5,Mobile Van,2,Service Delivery Site,1,Health Center/Applicant,0,Unknown,0,Unknown,6/3/2024,PUREVIEW HEALTH CENTER,1930 9th Avenue,Helena,MT,59601-9753,"Corporate Entity, Federal Tax Exempt",-112.0058861,46.58921255,N,N,30049,Lewis and Clark County,Lewis and Clark,County            ,8,Region 8,30,Montana,3002,2,Montana District 02,MT-02,Troy Downing,Jon Tester,Tim Sheehy,5/6/2025
Federally Qualified Health Center (FQHC),H80CS00528,83430,BPS-H80-037405,PHC - CS Porter School - Behavioral Health,2510 West Central Avenue,Missoula,MT,59804-6480,406-210-0402,https://www.mcpsmt.org/csporter,40,2,School,1,Active,271008,,2,Seasonal,2,Service Delivery Site,1,Health Center/Applicant,0,Unknown,0,Unknown,9/1/2023,COUNTY OF MISSOULA,301 West Alder Street,Missoula,MT,59802-4192,U.S. Government Entity,-114.0411663,46.8505843,N,N,30063,Missoula County,Missoula,County            ,8,Region 8,30,Montana,3001,1,Montana District 01,MT-01,Ryan K. Zinke,Jon Tester,Tim Sheehy,5/6/2025
Federally Qualified Health Center (FQHC),H80CS40219,08E01423,BPS-H80-039018,Greater Valley Health Center - Evergreen Crossroads,18 West Evergreen Drive,Kalispell,MT,59901-2810,406-607-4900,,30,2,School,1,Active,,,1,Permanent,2,Service Delivery Site,1,Health Center/Applicant,0,Unknown,0,Unknown,8/5/2024,"FLATHEAD COMMUNITY HEALTH CENTER, INC.",1035 1st Ave W,Kalispell,MT,59901-5626,"Corporate Entity, Federal Tax Exempt",-114.2772006,48.22584121,N,N,30029,Flathead County,Flathead,County            ,8,Region 8,30,Montana,3001,1,Montana District 01,MT-01,Ryan K. Zinke,Jon Tester,Tim Sheehy,5/6/2025
Federally Qualified Health Center (FQHC),H80CS00418,82500,BPS-H80-007501,RiverStone Health Clinic - Worden,2469 Main St,Worden,MT,59088-2227,406-967-2255,www.riverstonehealth.org,24,7,All Other Clinic Types,1,Active,271832,1902195027,1,Permanent,2,Service Delivery Site,1,Health Center/Applicant,2,Part-Time,1,Year-Round,9/1/2007,YELLOWSTONE CITY COUNTY HEALTH DEPARTMENT,123 S 27th St,Billings,MT,59101-4227,U.S. Government Entity,-108.1614646,45.9634365,N,N,30111,Yellowstone County,Yellowstone,County            ,8,Region 8,30,Montana,3002,2,Montana District 02,MT-02,Troy Downing,Jon Tester,Tim Sheehy,5/6/2025
Federally Qualified Health Center (FQHC),H80CS00418,82500,BPS-H80-007503,RiverStone Health Clinic - Bridger,410 S 2nd St,Bridger,MT,59014-7788,406-662-3740,www.riverstonehealth.org,32,7,All Other Clinic Types,1,Active,271834,1073803318,1,Permanent,2,Service Delivery Site,1,Health Center/Applicant,2,Part-Time,1,Year-Round,9/1/2007,YELLOWSTONE CITY COUNTY HEALTH DEPARTMENT,123 S 27th St,Billings,MT,59101-4227,U.S. Government Entity,-108.9160253,45.29168044,N,N,30009,Carbon County,Carbon,County            ,8,Region 8,30,Montana,3002,2,Montana District 02,MT-02,Troy Downing,Jon Tester,Tim Sheehy,5/6/2025
Federally Qualified Health Center (FQHC),H80CS00528,83430,BPS-H80-036567,Lowell Elementary School,1215 Philips Street,Missoula,MT,59802,406-542-4040,,40,2,School,1,Active,,,1,Permanent,2,Service Delivery Site,1,Health Center/Applicant,0,Unknown,0,Unknown,4/11/2023,COUNTY OF MISSOULA,301 West Alder Street,Missoula,MT,59802-4192,U.S. Government Entity,-114.0089596,46.88093827,N,N,30063,Missoula County,Missoula,County            ,8,Region 8,30,Montana,3001,1,Montana District 01,MT-01,Ryan K. Zinke,Jon Tester,Tim Sheehy,5/6/2025
Federally Qualified Health Center (FQHC),H80CS08219,818560,BPS-H80-011997,Bullhook Community Health and Wellness Center,521 4th St,Havre,MT,59501-3649,406-395-4305,www.bullhook.com,50,7,All Other Clinic Types,1,Active,,1528258720,1,Permanent,3,Administrative/Service Delivery Site,1,Health Center/Applicant,1,Full-Time,1,Year-Round,9/3/2012,"Bullhook Community Health Center, Inc.",521 4th St,Havre,MT,59501-3649,"Corporate Entity, Federal Tax Exempt",-109.6752987,48.55012575,N,N,30041,Hill County,Hill,County            ,8,Region 8,30,Montana,3002,2,Montana District 02,MT-02,Troy Downing,Jon Tester,Tim Sheehy,5/6/2025
Federally Qualified Health Center (FQHC),H80CS28359,08E00382,BPS-H80-031849,Administrative Offices,210 South 3rd Street,Hamilton,MT,59840-2717,406-541-0032,,45,7,All Other Clinic Types,1,Active,,,1,Permanent,3,Administrative/Service Delivery Site,1,Health Center/Applicant,0,Unknown,0,Unknown,1/4/2021,"SAPPHIRE COMMUNITY HEALTH, INC","316 North 3rd Street, #101",Hamilton,MT,59840-2475,"Corporate Entity, Federal Tax Exempt",-114.1583552,46.24546148,N,N,30081,Ravalli County,Ravalli,County            ,8,Region 8,30,Montana,3001,1,Montana District 01,MT-01,Ryan K. Zinke,Jon Tester,Tim Sheehy,5/6/2025
Federally Qualified Health Center (FQHC),H80CS00704,82160,BPS-H80-024528,Ag Worker Health & Services,35432 Mt Highway 35,Polson,MT,59860-8999,800-813-4492,https://www.agworker.org,40,7,All Other Clinic Types,1,Active,,,2,Seasonal,2,Service Delivery Site,1,Health Center/Applicant,0,Unknown,0,Unknown,8/8/2018,MONTANA MIGRANT & SEASONAL FARM WORKERS,"3318 3rd Ave N, Ste 200",Billings,MT,59101-1900,"Corporate Entity, Federal Tax Exempt",-114.0376983,47.72524705,N,N,30047,Lake County,Lake,County            ,8,Region 8,30,Montana,3001,1,Montana District 01,MT-01,Ryan K. Zinke,Jon Tester,Tim Sheehy,5/6/2025
Federally Qualified Health Center (FQHC),H80CS32521,08E01322,BPS-H80-027421,Community Health Care Center SBHC East Middle School,4040 Central Avenue,Great Falls,MT,59405-1696,406-454-6973,,24,2,School,1,Active,,,2,Seasonal,2,Service Delivery Site,1,Health Center/Applicant,0,Unknown,0,Unknown,2/7/2019,"COMMUNITY HEALTH CARE CENTER, INCORPORATED",601 1st Avenue North,Great Falls,MT,59401-2510,"Corporate Entity, Federal Tax Exempt",-111.2355822,47.50496137,N,N,30013,Cascade County,Cascade,County            ,8,Region 8,30,Montana,3002,2,Montana District 02,MT-02,Troy Downing,Jon Tester,Tim Sheehy,5/6/2025
Federally Qualified Health Center (FQHC),H80CS24102,08E00468,BPS-H80-038852,One Health - Belgrade High School,303 North Hoffman Street,Belgrade,MT,59714-3617,406-388-6862,,6,2,School,1,Active,,,1,Permanent,2,Service Delivery Site,1,Health Center/Applicant,0,Unknown,0,Unknown,5/14/2024,BIGHORN VALLEY HEALTH CENTER INC,10 4th St W STE B,Hardin,MT,59034-1804,"Corporate Entity, Federal Tax Exempt",-111.1775466,45.78134636,N,N,30031,Gallatin County,Gallatin,County            ,8,Region 8,30,Montana,3001,1,Montana District 01,MT-01,Ryan K. Zinke,Jon Tester,Tim Sheehy,5/6/2025
Federally Qualified Health Center (FQHC),H80CS24102,08E00468,BPS-H80-027311,One Health - Sweet,419 Pennsylvania St,Chinook,MT,59523-9726,1234567890,,40,7,All Other Clinic Types,1,Active,,,1,Permanent,2,Service Delivery Site,1,Health Center/Applicant,0,Unknown,0,Unknown,1/2/2019,BIGHORN VALLEY HEALTH CENTER INC,10 4th St W STE B,Hardin,MT,59034-1804,"Corporate Entity, Federal Tax Exempt",-109.2325968,48.59129483,N,N,30005,Blaine County,Blaine,County            ,8,Region 8,30,Montana,3002,2,Montana District 02,MT-02,Troy Downing,Jon Tester,Tim Sheehy,5/6/2025
Federally Qualified Health Center (FQHC),H80CS40219,08E01423,BPS-H80-032228,Greater Valley Health Center - Hungry Horse,200 North St,Hungry Horse,MT,59919-9742,406-607-4900,greatervalleyhealth.org,17,7,All Other Clinic Types,1,Active,,,1,Permanent,2,Service Delivery Site,1,Health Center/Applicant,0,Unknown,0,Unknown,6/1/2021,"FLATHEAD COMMUNITY HEALTH CENTER, INC.",1035 1st Ave W,Kalispell,MT,59901-5626,"Corporate Entity, Federal Tax Exempt",-114.058066,48.38103349,N,N,30029,Flathead County,Flathead,County            ,8,Region 8,30,Montana,3001,1,Montana District 01,MT-01,Ryan K. Zinke,Jon Tester,Tim Sheehy,5/6/2025
Federally Qualified Health Center (FQHC),H80CS00799,83270,BPS-H80-027341,Anaconda Community Health Center,110 Oak Street,Anaconda,MT,59711-2335,406-723-4075,www.swmtchc.org,32,7,All Other Clinic Types,1,Active,,,1,Permanent,2,Service Delivery Site,1,Health Center/Applicant,0,Unknown,0,Unknown,1/24/2019,"BUTTE-SILVER BOW PRIMARY HEALTH CARE CLINIC, INC",445 Centennial Ave,Butte,MT,59701-2870,"Corporate Entity, Federal Tax Exempt",-112.9513752,46.12960673,N,N,30023,Deer Lodge County,Deer Lodge,County            ,8,Region 8,30,Montana,3001,1,Montana District 01,MT-01,Ryan K. Zinke,Jon Tester,Tim Sheehy,5/6/2025
Federally Qualified Health Center (FQHC),H80CS29012,08E01199,BPS-H80-015586,Marias Healthcare Services - Dentistry,865 Oilfield Ave,Shelby,MT,59474-2702,406-434-3142,www.mmcmt.org,40,7,All Other Clinic Types,1,Active,,,1,Permanent,2,Service Delivery Site,1,Health Center/Applicant,0,Unknown,0,Unknown,8/1/2015,MARIAS HEALTHCARE SERVICES INC,1950 West Roosevelt Highway,Shelby,MT,59474-1549,"Corporate Entity, Federal Tax Exempt",-111.8560471,48.51363742,N,N,30101,Toole County,Toole,County            ,8,Region 8,30,Montana,3002,2,Montana District 02,MT-02,Troy Downing,Jon Tester,Tim Sheehy,5/6/2025
Federally Qualified Health Center (FQHC),H80CS00528,83430,BPS-H80-029746,Partnership Health Center at the Missoula Food Bank and Community Center,"1720 Wyoming Street, Ste 201",Missoula,MT,59801-1526,406-258-4789,partnershiphealthcenter.com,16,7,All Other Clinic Types,1,Active,,,1,Permanent,2,Service Delivery Site,1,Health Center/Applicant,0,Unknown,0,Unknown,9/18/2019,COUNTY OF MISSOULA,301 West Alder Street,Missoula,MT,59802-4192,U.S. Government Entity,-114.0233727,46.87195325,N,N,30063,Missoula County,Missoula,County            ,8,Region 8,30,Montana,3001,1,Montana District 01,MT-01,Ryan K. Zinke,Jon Tester,Tim Sheehy,5/6/2025
Federally Qualified Health Center (FQHC),H80CS40219,08E01423,BPS-H80-032232,Greater Valley Health Center - East Evergreen Elementary,585 E Evergreen Dr RM E145,Kalispell,MT,59901-2416,406-607-4900,www.greatervalleyhealth.org,40,2,School,1,Active,,,1,Permanent,2,Service Delivery Site,1,Health Center/Applicant,0,Unknown,0,Unknown,6/1/2021,"FLATHEAD COMMUNITY HEALTH CENTER, INC.",1035 1st Ave W,Kalispell,MT,59901-5626,"Corporate Entity, Federal Tax Exempt",-114.2538105,48.22593227,N,N,30029,Flathead County,Flathead,County            ,8,Region 8,30,Montana,3001,1,Montana District 01,MT-01,Ryan K. Zinke,Jon Tester,Tim Sheehy,5/6/2025
Federally Qualified Health Center (FQHC),H80CS40219,08E01423,BPS-H80-038409,Greater Valley Health Center - Downtown,1035 1st Ave W STE 310,Kalispell,MT,59901-5607,406-607-4900,,52,7,All Other Clinic Types,1,Active,,,1,Permanent,2,Service Delivery Site,1,Health Center/Applicant,0,Unknown,0,Unknown,3/15/2024,"FLATHEAD COMMUNITY HEALTH CENTER, INC.",1035 1st Ave W,Kalispell,MT,59901-5626,"Corporate Entity, Federal Tax Exempt",-114.3114663,48.1880221,N,N,30029,Flathead County,Flathead,County            ,8,Region 8,30,Montana,3001,1,Montana District 01,MT-01,Ryan K. Zinke,Jon Tester,Tim Sheehy,5/6/2025
Federally Qualified Health Center (FQHC),H80CS24102,08E00468,BPS-H80-011775,One Health - Bighorn,10 4th St W STE B,Hardin,MT,59034-1804,406-665-4103,www.bighornvalley.org,48,7,All Other Clinic Types,1,Active,271847,1255617130,1,Permanent,2,Service Delivery Site,1,Health Center/Applicant,1,Full-Time,1,Year-Round,6/1/2012,BIGHORN VALLEY HEALTH CENTER INC,10 4th St W STE B,Hardin,MT,59034-1804,"Corporate Entity, Federal Tax Exempt",-107.6063421,45.73224236,N,N,30003,Big Horn County,Big Horn,County            ,8,Region 8,30,Montana,3002,2,Montana District 02,MT-02,Troy Downing,Jon Tester,Tim Sheehy,5/6/2025
Federally Qualified Health Center (FQHC),H80CS40219,08E01423,BPS-H80-039207,Greater Valley Health Center - Flathead High School,644 4th Avenue West,Kalispell,MT,59901-5299,406-607-4900,,8,2,School,1,Active,,,1,Permanent,2,Service Delivery Site,1,Health Center/Applicant,0,Unknown,0,Unknown,9/13/2024,"FLATHEAD COMMUNITY HEALTH CENTER, INC.",1035 1st Ave W,Kalispell,MT,59901-5626,"Corporate Entity, Federal Tax Exempt",-114.3168687,48.19141149,N,N,30029,Flathead County,Flathead,County            ,8,Region 8,30,Montana,3001,1,Montana District 01,MT-01,Ryan K. Zinke,Jon Tester,Tim Sheehy,5/6/2025
Federally Qualified Health Center (FQHC),H80CS00805,88300,BPS-H80-017064,Northwest Community Health Center - Troy,102 Sandalwood Court,Troy,MT,59935,406-295-8318,www.northwestchc.org,45.75,7,All Other Clinic Types,1,Active,,,1,Permanent,2,Service Delivery Site,1,Health Center/Applicant,0,Unknown,0,Unknown,9/30/2015,"LINCOLN COUNTY COMMUNITY HEALTH CENTER, INCORPORATED",320 East 2nd Street,Libby,MT,59923-2010,"Corporate Entity, Federal Tax Exempt",-115.8972734,48.46764524,N,N,30053,Lincoln County,Lincoln,County            ,8,Region 8,30,Montana,3001,1,Montana District 01,MT-01,Ryan K. Zinke,Jon Tester,Tim Sheehy,5/6/2025
Federally Qualified Health Center (FQHC),H80CS32521,08E01322,BPS-H80-032057,"Community Health Care Center, Alliance For Youth Resource Center",3220 11th Avenue South,Great Falls,MT,59405-5402,406-454-6973,https://www.allianceforyouth.org/,18,7,All Other Clinic Types,1,Active,,,2,Seasonal,2,Service Delivery Site,1,Health Center/Applicant,0,Unknown,0,Unknown,2/12/2021,"COMMUNITY HEALTH CARE CENTER, INCORPORATED",601 1st Avenue North,Great Falls,MT,59401-2510,"Corporate Entity, Federal Tax Exempt",-111.2505693,47.49268096,N,N,30013,Cascade County,Cascade,County            ,8,Region 8,30,Montana,3002,2,Montana District 02,MT-02,Troy Downing,Jon Tester,Tim Sheehy,5/6/2025
Federally Qualified Health Center (FQHC),H80CS00799,83270,BPS-H80-032896,Kennedy Elementary Room #206,1101 N Emmett Ave,Butte,MT,59701-8514,406-533-2450,,16,2,School,1,Active,,,1,Permanent,2,Service Delivery Site,1,Health Center/Applicant,0,Unknown,0,Unknown,7/27/2021,"BUTTE-SILVER BOW PRIMARY HEALTH CARE CLINIC, INC",445 Centennial Ave,Butte,MT,59701-2870,"Corporate Entity, Federal Tax Exempt",-112.5529128,46.02058615,N,N,30093,Silver Bow County,Silver Bow,County            ,8,Region 8,30,Montana,3001,1,Montana District 01,MT-01,Ryan K. Zinke,Jon Tester,Tim Sheehy,5/6/2025
Federally Qualified Health Center (FQHC),H80CS32521,08E01322,BPS-H80-039209,Community Health Care Center - Sunnyside Elementary,1800 19th Avenue South,Great Falls,MT,59405-6130,406-454-6973,www.alluvionhealth.org,20,2,School,1,Active,,,2,Seasonal,2,Service Delivery Site,1,Health Center/Applicant,0,Unknown,0,Unknown,9/13/2024,"COMMUNITY HEALTH CARE CENTER, INCORPORATED",601 1st Avenue North,Great Falls,MT,59401-2510,"Corporate Entity, Federal Tax Exempt",-111.2763803,47.48461522,N,N,30013,Cascade County,Cascade,County            ,8,Region 8,30,Montana,3002,2,Montana District 02,MT-02,Troy Downing,Jon Tester,Tim Sheehy,5/6/2025
Federally Qualified Health Center (FQHC),H80CS24102,08E00468,BPS-H80-038851,One Health - Community Health Partners,112 West Lewis Street,Livingston,MT,59047-3066,406-222-1111,,49,7,All Other Clinic Types,1,Active,271812,1487741005,1,Permanent,3,Administrative/Service Delivery Site,1,Health Center/Applicant,0,Unknown,0,Unknown,5/14/2024,BIGHORN VALLEY HEALTH CENTER INC,10 4th St W STE B,Hardin,MT,59034-1804,"Corporate Entity, Federal Tax Exempt",-110.5594153,45.66018365,N,N,30067,Park County,Park,County            ,8,Region 8,30,Montana,3002,2,Montana District 02,MT-02,Troy Downing,Jon Tester,Tim Sheehy,5/6/2025
Federally Qualified Health Center (FQHC),H80CS00528,83430,BPS-H80-001684,MISSOULA CITY-COUNTY HEALTH DEPT (PARTNERSHIP HEALTH CENTER),323 W Alder St,Missoula,MT,59802-4123,406-258-4789,partnershiphealthcenter.org,49,7,All Other Clinic Types,1,Active,271803,,1,Permanent,3,Administrative/Service Delivery Site,1,Health Center/Applicant,1,Full-Time,1,Year-Round,1/10/1992,COUNTY OF MISSOULA,301 West Alder Street,Missoula,MT,59802-4192,U.S. Government Entity,-113.9959027,46.87608863,N,N,30063,Missoula County,Missoula,County            ,8,Region 8,30,Montana,3001,1,Montana District 01,MT-01,Ryan K. Zinke,Jon Tester,Tim Sheehy,5/6/2025
Federally Qualified Health Center (FQHC),H80CS00799,83270,BPS-H80-039457,Butte Silver Bow Health Department Mobile Clinic,25 W Front St,Butte,MT,59701-2801,406-723-4075,,4,7,All Other Clinic Types,1,Active,271802,1285725143,5,Mobile Van,2,Service Delivery Site,1,Health Center/Applicant,0,Unknown,0,Unknown,11/10/2024,"BUTTE-SILVER BOW PRIMARY HEALTH CARE CLINIC, INC",445 Centennial Ave,Butte,MT,59701-2870,"Corporate Entity, Federal Tax Exempt",-112.535437,45.99818017,N,N,30093,Silver Bow County,Silver Bow,County            ,8,Region 8,30,Montana,3001,1,Montana District 01,MT-01,Ryan K. Zinke,Jon Tester,Tim Sheehy,5/6/2025
Federally Qualified Health Center (FQHC),H80CS24102,08E00468,BPS-H80-034982,One Health - Hardin High School,721 North Miles Avenue,Hardin,MT,59034-1621,406-665-9300,www.onechc.org,30,2,School,1,Active,,,2,Seasonal,2,Service Delivery Site,1,Health Center/Applicant,0,Unknown,0,Unknown,5/1/2022,BIGHORN VALLEY HEALTH CENTER INC,10 4th St W STE B,Hardin,MT,59034-1804,"Corporate Entity, Federal Tax Exempt",-107.6170744,45.73560598,N,N,30003,Big Horn County,Big Horn,County            ,8,Region 8,30,Montana,3002,2,Montana District 02,MT-02,Troy Downing,Jon Tester,Tim Sheehy,5/6/2025
Federally Qualified Health Center (FQHC),H80CS33884,83930,BPS-H80-030488,Parker Medical Center,2363 W Mt Highway 200,Lincoln,MT,59639-9561,406-362-4603,https://pureviewhealthcenter.org/,40,7,All Other Clinic Types,1,Active,27135,,1,Permanent,2,Service Delivery Site,1,Health Center/Applicant,0,Unknown,0,Unknown,3/1/2020,PUREVIEW HEALTH CENTER,1930 9th Avenue,Helena,MT,59601-9753,"Corporate Entity, Federal Tax Exempt",-112.6967199,46.95460686,N,N,30049,Lewis and Clark County,Lewis and Clark,County            ,8,Region 8,30,Montana,3002,2,Montana District 02,MT-02,Troy Downing,Jon Tester,Tim Sheehy,5/6/2025
Federally Qualified Health Center (FQHC),H80CS00704,82160,BPS-H80-015154,Ag Worker Health & Services,9801 Valley Grove Drive,Lolo,MT,59847-8617,406-273-4633,https://www.agworker.org,40,7,All Other Clinic Types,1,Active,271865,1679984025,1,Permanent,2,Service Delivery Site,1,Health Center/Applicant,0,Unknown,0,Unknown,5/18/2015,MONTANA MIGRANT & SEASONAL FARM WORKERS,"3318 3rd Ave N, Ste 200",Billings,MT,59101-1900,"Corporate Entity, Federal Tax Exempt",-114.0887559,46.7764884,N,N,30063,Missoula County,Missoula,County            ,8,Region 8,30,Montana,3001,1,Montana District 01,MT-01,Ryan K. Zinke,Jon Tester,Tim Sheehy,5/6/2025
Federally Qualified Health Center (FQHC),H80CS32521,08E01322,BPS-H80-027140,Community Health Care Center SBHC Paris Gibson,2400 Central Ave RM 118,Great Falls,MT,59401-3915,406-454-6973,www.chccgf.org,36,2,School,1,Active,,,1,Permanent,2,Service Delivery Site,1,Health Center/Applicant,0,Unknown,0,Unknown,1/1/2019,"COMMUNITY HEALTH CARE CENTER, INCORPORATED",601 1st Avenue North,Great Falls,MT,59401-2510,"Corporate Entity, Federal Tax Exempt",-111.2650439,47.504725,N,N,30013,Cascade County,Cascade,County            ,8,Region 8,30,Montana,3002,2,Montana District 02,MT-02,Troy Downing,Jon Tester,Tim Sheehy,5/6/2025
Federally Qualified Health Center (FQHC),H80CS33884,83930,BPS-H80-038778,PureView Clubhouse,600 North Park Avenue,Helena,MT,59601-2704,406-422-8774,,40,7,All Other Clinic Types,1,Active,,,1,Permanent,2,Service Delivery Site,1,Health Center/Applicant,0,Unknown,0,Unknown,6/10/2024,PUREVIEW HEALTH CENTER,1930 9th Avenue,Helena,MT,59601-9753,"Corporate Entity, Federal Tax Exempt",-112.0409971,46.59370386,N,N,30049,Lewis and Clark County,Lewis and Clark,County            ,8,Region 8,30,Montana,3002,2,Montana District 02,MT-02,Troy Downing,Jon Tester,Tim Sheehy,5/6/2025
Federally Qualified Health Center (FQHC),H80CS33884,83930,BPS-H80-032754,PureView Health Center Downtown,630 North Last Chance Gulch,Helena,MT,59601-3551,406-457-0000,,44,7,All Other Clinic Types,1,Active,271879,,1,Permanent,3,Administrative/Service Delivery Site,1,Health Center/Applicant,0,Unknown,0,Unknown,7/14/2021,PUREVIEW HEALTH CENTER,1930 9th Avenue,Helena,MT,59601-9753,"Corporate Entity, Federal Tax Exempt",-112.0355644,46.59384321,N,N,30049,Lewis and Clark County,Lewis and Clark,County            ,8,Region 8,30,Montana,3002,2,Montana District 02,MT-02,Troy Downing,Jon Tester,Tim Sheehy,5/6/2025
Federally Qualified Health Center (FQHC),H80CS24102,08E00468,BPS-H80-034962,One Health - Wyola School,Mondell Ave,Wyola,MT,59089,406-343-2722,www.onechc.org,30,2,School,1,Active,,,2,Seasonal,2,Service Delivery Site,1,Health Center/Applicant,0,Unknown,0,Unknown,5/1/2022,BIGHORN VALLEY HEALTH CENTER INC,10 4th St W STE B,Hardin,MT,59034-1804,"Corporate Entity, Federal Tax Exempt",-107.394833,45.1280426,N,N,30003,Big Horn County,Big Horn,County            ,8,Region 8,30,Montana,3002,2,Montana District 02,MT-02,Troy Downing,Jon Tester,Tim Sheehy,5/6/2025
Federally Qualified Health Center (FQHC),H80CS40219,08E01423,BPS-H80-035140,Greater Valley Health Center - Kalispell Pharmacy,202 2nd Ave W STE A,Kalispell,MT,59901-4488,406-607-4900,,45,7,All Other Clinic Types,1,Active,,,1,Permanent,2,Service Delivery Site,1,Health Center/Applicant,0,Unknown,0,Unknown,6/17/2022,"FLATHEAD COMMUNITY HEALTH CENTER, INC.",1035 1st Ave W,Kalispell,MT,59901-5626,"Corporate Entity, Federal Tax Exempt",-114.3160885,48.19608302,N,N,30029,Flathead County,Flathead,County            ,8,Region 8,30,Montana,3001,1,Montana District 01,MT-01,Ryan K. Zinke,Jon Tester,Tim Sheehy,5/6/2025
Federally Qualified Health Center (FQHC),H80CS00528,83430,BPS-H80-039340,PHC- Friends of the Children Missoula,735 Michigan Avenue,Missoula,MT,59802-5585,406-218-6850,,40,7,All Other Clinic Types,1,Active,,,1,Permanent,2,Service Delivery Site,1,Health Center/Applicant,0,Unknown,0,Unknown,10/9/2024,COUNTY OF MISSOULA,301 West Alder Street,Missoula,MT,59802-4192,U.S. Government Entity,-113.9389727,46.87628066,N,N,30063,Missoula County,Missoula,County            ,8,Region 8,30,Montana,3001,1,Montana District 01,MT-01,Ryan K. Zinke,Jon Tester,Tim Sheehy,5/6/2025
Federally Qualified Health Center (FQHC),H80CS32521,08E01322,BPS-H80-027141,Community Health Care Center SBHC Giant Springs,520 32nd St N,Great Falls,MT,59401-2127,406-454-6973,www.chccgf.org,24,2,School,1,Active,,,2,Seasonal,2,Service Delivery Site,1,Health Center/Applicant,0,Unknown,0,Unknown,1/1/2019,"COMMUNITY HEALTH CARE CENTER, INCORPORATED",601 1st Avenue North,Great Falls,MT,59401-2510,"Corporate Entity, Federal Tax Exempt",-111.2526501,47.51123384,N,N,30013,Cascade County,Cascade,County            ,8,Region 8,30,Montana,3002,2,Montana District 02,MT-02,Troy Downing,Jon Tester,Tim Sheehy,5/6/2025
Federally Qualified Health Center (FQHC),H80CS00418,82500,BPS-H80-039361,Billings Senior High School - School Based Health Center,425 Grand Avenue,Billings,MT,59101-5999,406-247-3200,,20,2,School,1,Active,,,2,Seasonal,2,Service Delivery Site,1,Health Center/Applicant,0,Unknown,0,Unknown,10/18/2024,YELLOWSTONE CITY COUNTY HEALTH DEPARTMENT,123 S 27th St,Billings,MT,59101-4227,U.S. Government Entity,-108.5268049,45.78409948,N,N,30111,Yellowstone County,Yellowstone,County            ,8,Region 8,30,Montana,3002,2,Montana District 02,MT-02,Troy Downing,Jon Tester,Tim Sheehy,5/6/2025
Federally Qualified Health Center (FQHC),H80CS00799,83270,BPS-H80-036717,Blacktail Medical Clinic,125 E Glendale St,Dillon,MT,59725-2505,406-683-4440,,44,7,All Other Clinic Types,1,Active,271817,1235238718,1,Permanent,3,Administrative/Service Delivery Site,1,Health Center/Applicant,0,Unknown,0,Unknown,5/17/2023,"BUTTE-SILVER BOW PRIMARY HEALTH CARE CLINIC, INC",445 Centennial Ave,Butte,MT,59701-2870,"Corporate Entity, Federal Tax Exempt",-112.6366496,45.2160019,N,N,30001,Beaverhead County,Beaverhead,County            ,8,Region 8,30,Montana,3001,1,Montana District 01,MT-01,Ryan K. Zinke,Jon Tester,Tim Sheehy,5/6/2025
Federally Qualified Health Center (FQHC),H80CS24102,08E00468,BPS-H80-037191,One Health - Hardin Clinic,16 N Miles Ave STE 101,Hardin,MT,59034-2356,406-665-4103,,46,7,All Other Clinic Types,1,Active,,,1,Permanent,2,Service Delivery Site,1,Health Center/Applicant,0,Unknown,0,Unknown,8/31/2023,BIGHORN VALLEY HEALTH CENTER INC,10 4th St W STE B,Hardin,MT,59034-1804,"Corporate Entity, Federal Tax Exempt",-107.6173649,45.7291082,N,N,30003,Big Horn County,Big Horn,County            ,8,Region 8,30,Montana,3002,2,Montana District 02,MT-02,Troy Downing,Jon Tester,Tim Sheehy,5/6/2025
Federally Qualified Health Center (FQHC),H80CS00418,82500,BPS-H80-021305,St Vincent DePaul - Crane Bldg,3005 1st Avenue South,Billings,MT,59101-4020,406-247-3200,,10,7,All Other Clinic Types,1,Active,,1902305790,1,Permanent,2,Service Delivery Site,1,Health Center/Applicant,0,Unknown,0,Unknown,10/13/2017,YELLOWSTONE CITY COUNTY HEALTH DEPARTMENT,123 S 27th St,Billings,MT,59101-4227,U.S. Government Entity,-108.5062974,45.7781314,N,N,30111,Yellowstone County,Yellowstone,County            ,8,Region 8,30,Montana,3002,2,Montana District 02,MT-02,Troy Downing,Jon Tester,Tim Sheehy,5/6/2025
Federally Qualified Health Center (FQHC),H80CS24102,08E00468,BPS-H80-034149,One Health - Wyola School,1 S Mondell Ave BLDG 1,Wyola,MT,59089-7750,406-665-4103,,30,2,School,1,Active,,,1,Permanent,2,Service Delivery Site,1,Health Center/Applicant,0,Unknown,0,Unknown,12/28/2021,BIGHORN VALLEY HEALTH CENTER INC,10 4th St W STE B,Hardin,MT,59034-1804,"Corporate Entity, Federal Tax Exempt",-107.3958723,45.12964647,N,N,30003,Big Horn County,Big Horn,County            ,8,Region 8,30,Montana,3002,2,Montana District 02,MT-02,Troy Downing,Jon Tester,Tim Sheehy,5/6/2025
Federally Qualified Health Center (FQHC),H80CS32521,08E01322,BPS-H80-027340,Community Health Care Center Inc,601 1st Avenue North,Great Falls,MT,59401-2510,406-454-6973,www.chccgf.org,64,7,All Other Clinic Types,1,Active,,,1,Permanent,3,Administrative/Service Delivery Site,1,Health Center/Applicant,0,Unknown,0,Unknown,1/22/2019,"COMMUNITY HEALTH CARE CENTER, INCORPORATED",601 1st Avenue North,Great Falls,MT,59401-2510,"Corporate Entity, Federal Tax Exempt",-111.2967655,47.5064277,N,N,30013,Cascade County,Cascade,County            ,8,Region 8,30,Montana,3002,2,Montana District 02,MT-02,Troy Downing,Jon Tester,Tim Sheehy,5/6/2025
Federally Qualified Health Center (FQHC),H80CS24102,08E00468,BPS-H80-035815,One Health - Lewistown,311 W Main St,Lewistown,MT,59457-2770,406-535-6545,www.onechc.org,40,7,All Other Clinic Types,1,Active,,,1,Permanent,3,Administrative/Service Delivery Site,1,Health Center/Applicant,0,Unknown,0,Unknown,10/19/2022,BIGHORN VALLEY HEALTH CENTER INC,10 4th St W STE B,Hardin,MT,59034-1804,"Corporate Entity, Federal Tax Exempt",-109.4264717,47.06512867,N,N,30027,Fergus County,Fergus,County            ,8,Region 8,30,Montana,3002,2,Montana District 02,MT-02,Troy Downing,Jon Tester,Tim Sheehy,5/6/2025
Federally Qualified Health Center (FQHC),H80CS40219,08E01423,BPS-H80-032236,Greater Valley Health Center - Elrod Elementary,412 3rd Ave W RM L,Kalispell,MT,59901-4804,406-607-4900,greatervalleyhealth.org,40,2,School,1,Active,,,1,Permanent,2,Service Delivery Site,1,Health Center/Applicant,0,Unknown,0,Unknown,6/1/2021,"FLATHEAD COMMUNITY HEALTH CENTER, INC.",1035 1st Ave W,Kalispell,MT,59901-5626,"Corporate Entity, Federal Tax Exempt",-114.317068,48.1935871,N,N,30029,Flathead County,Flathead,County            ,8,Region 8,30,Montana,3001,1,Montana District 01,MT-01,Ryan K. Zinke,Jon Tester,Tim Sheehy,5/6/2025
Federally Qualified Health Center (FQHC),H80CS32521,08E01322,BPS-H80-035835,Community Health Care Center - Centerville School,693 Stockett Rd STE A,Sand Coulee,MT,59472-9757,406-454-6973,www.alluvionhealth.org,20,2,School,1,Active,,,2,Seasonal,2,Service Delivery Site,1,Health Center/Applicant,0,Unknown,0,Unknown,10/25/2022,"COMMUNITY HEALTH CARE CENTER, INCORPORATED",601 1st Avenue North,Great Falls,MT,59401-2510,"Corporate Entity, Federal Tax Exempt",-111.1434853,47.39070547,N,N,30013,Cascade County,Cascade,County            ,8,Region 8,30,Montana,3002,2,Montana District 02,MT-02,Troy Downing,Jon Tester,Tim Sheehy,5/6/2025
Federally Qualified Health Center (FQHC),H80CS00799,83270,BPS-H80-011420,Community Health Center Pharmacy,1145 S Montana St,Butte,MT,59701-2857,406-723-4075,www.buttechc.com,52,7,All Other Clinic Types,1,Active,,,1,Permanent,1,Administrative,1,Health Center/Applicant,1,Full-Time,1,Year-Round,5/3/2012,"BUTTE-SILVER BOW PRIMARY HEALTH CARE CLINIC, INC",445 Centennial Ave,Butte,MT,59701-2870,"Corporate Entity, Federal Tax Exempt",-112.5391399,45.99887578,N,N,30093,Silver Bow County,Silver Bow,County            ,8,Region 8,30,Montana,3001,1,Montana District 01,MT-01,Ryan K. Zinke,Jon Tester,Tim Sheehy,5/6/2025
Federally Qualified Health Center (FQHC),H80CS24102,08E00468,BPS-H80-033926,One Health - Harlem,530 Central Avenue West,Harlem,MT,59526-9444,406-357-2294,www.onechc.org,40,7,All Other Clinic Types,1,Active,271830,1619160504,1,Permanent,2,Service Delivery Site,1,Health Center/Applicant,0,Unknown,0,Unknown,11/4/2021,BIGHORN VALLEY HEALTH CENTER INC,10 4th St W STE B,Hardin,MT,59034-1804,"Corporate Entity, Federal Tax Exempt",-108.7921866,48.53537027,N,N,30005,Blaine County,Blaine,County            ,8,Region 8,30,Montana,3002,2,Montana District 02,MT-02,Troy Downing,Jon Tester,Tim Sheehy,5/6/2025
Federally Qualified Health Center (FQHC),H80CS08219,818560,BPS-H80-018257,Bullhook Community Health Center Finance Office,529 4th St,Havre,MT,59501-3649,406-395-4305,www.bullhook.com,55,7,All Other Clinic Types,1,Active,271831,,1,Permanent,1,Administrative,1,Health Center/Applicant,0,Unknown,0,Unknown,7/5/2016,"Bullhook Community Health Center, Inc.",521 4th St,Havre,MT,59501-3649,"Corporate Entity, Federal Tax Exempt",-109.6751991,48.55013363,N,N,30041,Hill County,Hill,County            ,8,Region 8,30,Montana,3002,2,Montana District 02,MT-02,Troy Downing,Jon Tester,Tim Sheehy,5/6/2025
Federally Qualified Health Center (FQHC),H80CS00418,82500,BPS-H80-001427,RiverStone Health Clinic,123 S 27th St,Billings,MT,59101-4227,406-247-3350,www.riverstonehealth.org,52,7,All Other Clinic Types,1,Active,271801,1841219698,1,Permanent,2,Service Delivery Site,1,Health Center/Applicant,1,Full-Time,1,Year-Round,1/1/1984,YELLOWSTONE CITY COUNTY HEALTH DEPARTMENT,123 S 27th St,Billings,MT,59101-4227,U.S. Government Entity,-108.5016338,45.77987697,N,N,30111,Yellowstone County,Yellowstone,County            ,8,Region 8,30,Montana,3002,2,Montana District 02,MT-02,Troy Downing,Jon Tester,Tim Sheehy,5/6/2025
Federally Qualified Health Center (FQHC),H80CS00528,83430,BPS-H80-012123,Partnership Health Center Creamery Building,401 Railroad St W,Missoula,MT,59802-4178,406-258-4789,www.co.missoula.mt.us/PHC,49,7,All Other Clinic Types,1,Active,281843,,1,Permanent,2,Service Delivery Site,1,Health Center/Applicant,1,Full-Time,1,Year-Round,5/1/2012,COUNTY OF MISSOULA,301 West Alder Street,Missoula,MT,59802-4192,U.S. Government Entity,-113.9962901,46.87734554,N,N,30063,Missoula County,Missoula,County            ,8,Region 8,30,Montana,3001,1,Montana District 01,MT-01,Ryan K. Zinke,Jon Tester,Tim Sheehy,5/6/2025
Federally Qualified Health Center (FQHC),H80CS33884,83930,BPS-H80-038779,PureView Learning Center,940 North Roberts Street,Helena,MT,59601-7930,406-422-8774,,40,7,All Other Clinic Types,1,Active,,,1,Permanent,2,Service Delivery Site,1,Health Center/Applicant,0,Unknown,0,Unknown,6/10/2024,PUREVIEW HEALTH CENTER,1930 9th Avenue,Helena,MT,59601-9753,"Corporate Entity, Federal Tax Exempt",-112.0171832,46.59354096,N,N,30049,Lewis and Clark County,Lewis and Clark,County            ,8,Region 8,30,Montana,3002,2,Montana District 02,MT-02,Troy Downing,Jon Tester,Tim Sheehy,5/6/2025
Federally Qualified Health Center (FQHC),H80CS24102,08E00468,BPS-H80-038854,CHP - Gallatin High School,4455 Annie Street,Bozeman,MT,59718-5705,406-522-6200,,40,2,School,1,Active,,,1,Permanent,2,Service Delivery Site,1,Health Center/Applicant,0,Unknown,0,Unknown,5/14/2024,BIGHORN VALLEY HEALTH CENTER INC,10 4th St W STE B,Hardin,MT,59034-1804,"Corporate Entity, Federal Tax Exempt",-111.1014804,45.68966163,N,N,30031,Gallatin County,Gallatin,County            ,8,Region 8,30,Montana,3001,1,Montana District 01,MT-01,Ryan K. Zinke,Jon Tester,Tim Sheehy,5/6/2025
Federally Qualified Health Center (FQHC),H80CS40219,08E01423,BPS-H80-036568,Greater Valley Health Center - Behavioral Health,431 1st Ave W,Kalispell,MT,59901-4959,406-607-4900,,50,7,All Other Clinic Types,1,Active,,,1,Permanent,2,Service Delivery Site,1,Health Center/Applicant,0,Unknown,0,Unknown,4/11/2023,"FLATHEAD COMMUNITY HEALTH CENTER, INC.",1035 1st Ave W,Kalispell,MT,59901-5626,"Corporate Entity, Federal Tax Exempt",-114.3136317,48.19387447,N,N,30029,Flathead County,Flathead,County            ,8,Region 8,30,Montana,3001,1,Montana District 01,MT-01,Ryan K. Zinke,Jon Tester,Tim Sheehy,5/6/2025
Federally Qualified Health Center (FQHC),H80CS00418,82500,BPS-H80-014532,Orchard School-Based Health Center,120 Jackson St,Billings,MT,59101-5251,406-247-3200,,20,2,School,1,Active,,1720587512,2,Seasonal,2,Service Delivery Site,1,Health Center/Applicant,0,Unknown,0,Unknown,1/9/2015,YELLOWSTONE CITY COUNTY HEALTH DEPARTMENT,123 S 27th St,Billings,MT,59101-4227,U.S. Government Entity,-108.5150741,45.7678595,N,N,30111,Yellowstone County,Yellowstone,County            ,8,Region 8,30,Montana,3002,2,Montana District 02,MT-02,Troy Downing,Jon Tester,Tim Sheehy,5/6/2025
Federally Qualified Health Center (FQHC),H80CS24102,08E00468,BPS-H80-038849,One Health - West Yellowstone,440 Yellowstone Avenue,West Yellowstone,MT,59758-9507,406-282-0450,,8,7,All Other Clinic Types,1,Active,,1699085720,1,Permanent,2,Service Delivery Site,1,Health Center/Applicant,0,Unknown,0,Unknown,5/14/2024,BIGHORN VALLEY HEALTH CENTER INC,10 4th St W STE B,Hardin,MT,59034-1804,"Corporate Entity, Federal Tax Exempt",-111.1079633,44.65873443,N,N,30031,Gallatin County,Gallatin,County            ,8,Region 8,30,Montana,3001,1,Montana District 01,MT-01,Ryan K. Zinke,Jon Tester,Tim Sheehy,5/6/2025
Federally Qualified Health Center (FQHC),H80CS24102,08E00468,BPS-H80-038853,CHP - Housing First Village,2007 Wheat Dr UNIT S,Bozeman,MT,59715-2566,406-556-1123,,8,7,All Other Clinic Types,1,Active,,,1,Permanent,2,Service Delivery Site,1,Health Center/Applicant,0,Unknown,0,Unknown,5/14/2024,BIGHORN VALLEY HEALTH CENTER INC,10 4th St W STE B,Hardin,MT,59034-1804,"Corporate Entity, Federal Tax Exempt",-111.0512397,45.6989867,N,N,30031,Gallatin County,Gallatin,County            ,8,Region 8,30,Montana,3001,1,Montana District 01,MT-01,Ryan K. Zinke,Jon Tester,Tim Sheehy,5/6/2025
Federally Qualified Health Center (FQHC),H80CS00418,82500,BPS-H80-021303,Medicine Crow Middle School - School-based Health Center,900 Barrett Rd,Billings,MT,59105-4179,406-247-3210,,24,2,School,1,Active,,,2,Seasonal,2,Service Delivery Site,1,Health Center/Applicant,0,Unknown,0,Unknown,10/12/2017,YELLOWSTONE CITY COUNTY HEALTH DEPARTMENT,123 S 27th St,Billings,MT,59101-4227,U.S. Government Entity,-108.4632636,45.83459814,N,N,30111,Yellowstone County,Yellowstone,County            ,8,Region 8,30,Montana,3002,2,Montana District 02,MT-02,Troy Downing,Jon Tester,Tim Sheehy,5/6/2025
Federally Qualified Health Center (FQHC),H80CS28359,08E00382,BPS-H80-018847,Sapphire Community Health,316 North 3rd Street,Hamilton,MT,59840-2480,406-541-0032,www.sapphirechc.org,50,7,All Other Clinic Types,1,Active,271862,,1,Permanent,3,Administrative/Service Delivery Site,1,Health Center/Applicant,0,Unknown,0,Unknown,10/31/2016,"SAPPHIRE COMMUNITY HEALTH, INC","316 North 3rd Street, #101",Hamilton,MT,59840-2475,"Corporate Entity, Federal Tax Exempt",-114.1589677,46.24978884,N,N,30081,Ravalli County,Ravalli,County            ,8,Region 8,30,Montana,3001,1,Montana District 01,MT-01,Ryan K. Zinke,Jon Tester,Tim Sheehy,5/6/2025
Federally Qualified Health Center (FQHC),H80CS24102,08E00468,BPS-H80-036035,One Health - Hardin Annex,310 N Center Ave,Hardin,MT,59034-1910,406-665-4103,,,0,Unknown,1,Active,,,1,Permanent,1,Administrative,1,Health Center/Applicant,0,Unknown,0,Unknown,12/12/2022,BIGHORN VALLEY HEALTH CENTER INC,10 4th St W STE B,Hardin,MT,59034-1804,"Corporate Entity, Federal Tax Exempt",-107.6061757,45.73171359,N,N,30003,Big Horn County,Big Horn,County            ,8,Region 8,30,Montana,3002,2,Montana District 02,MT-02,Troy Downing,Jon Tester,Tim Sheehy,5/6/2025
Federally Qualified Health Center (FQHC),H80CS00799,83270,BPS-H80-035693,West Elementary,1000 W Steel St,Butte,MT,59701-2299,406-496-6016,swmtchc.org,16,2,School,1,Active,,,1,Permanent,2,Service Delivery Site,1,Health Center/Applicant,0,Unknown,0,Unknown,9/23/2022,"BUTTE-SILVER BOW PRIMARY HEALTH CARE CLINIC, INC",445 Centennial Ave,Butte,MT,59701-2870,"Corporate Entity, Federal Tax Exempt",-112.5507596,46.00619039,N,N,30093,Silver Bow County,Silver Bow,County            ,8,Region 8,30,Montana,3001,1,Montana District 01,MT-01,Ryan K. Zinke,Jon Tester,Tim Sheehy,5/6/2025
Federally Qualified Health Center (FQHC),H80CS00528,83430,BPS-H80-034878,Freight House West,306 Railroad St W STE 107,Missoula,MT,59802-4174,406-258-4552,,40,0,Unknown,1,Active,,,1,Permanent,1,Administrative,1,Health Center/Applicant,0,Unknown,0,Unknown,5/26/2022,COUNTY OF MISSOULA,301 West Alder Street,Missoula,MT,59802-4192,U.S. Government Entity,-113.9953633,46.87698235,N,N,30063,Missoula County,Missoula,County            ,8,Region 8,30,Montana,3001,1,Montana District 01,MT-01,Ryan K. Zinke,Jon Tester,Tim Sheehy,5/6/2025
Federally Qualified Health Center (FQHC),H80CS00528,83430,BPS-H80-029809,Willard Alternative High School,901 S 6th St W,Missoula,MT,59801-3752,406-728-2400,www.mcpsmt.org,40,2,School,1,Active,271871,1750926762,1,Permanent,2,Service Delivery Site,1,Health Center/Applicant,0,Unknown,0,Unknown,10/17/2019,COUNTY OF MISSOULA,301 West Alder Street,Missoula,MT,59802-4192,U.S. Government Entity,-114.0095283,46.86403302,N,N,30063,Missoula County,Missoula,County            ,8,Region 8,30,Montana,3001,1,Montana District 01,MT-01,Ryan K. Zinke,Jon Tester,Tim Sheehy,5/6/2025
Federally Qualified Health Center (FQHC),H80CS32521,08E01322,BPS-H80-027419,Community Health Care Center SBHC Great Falls High School,1900 2nd Avenue South,Great Falls,MT,59405-2799,406-454-6973,,16.5,2,School,1,Active,,,2,Seasonal,2,Service Delivery Site,1,Health Center/Applicant,0,Unknown,0,Unknown,2/1/2019,"COMMUNITY HEALTH CARE CENTER, INCORPORATED",601 1st Avenue North,Great Falls,MT,59401-2510,"Corporate Entity, Federal Tax Exempt",-111.2735209,47.5029332,N,N,30013,Cascade County,Cascade,County            ,8,Region 8,30,Montana,3002,2,Montana District 02,MT-02,Troy Downing,Jon Tester,Tim Sheehy,5/6/2025
Federally Qualified Health Center (FQHC),H80CS32521,08E01322,BPS-H80-036605,Community Health Care Center - Mobile Unit,19 1st St NE,Choteau,MT,59422-9275,406-454-6973,,40,7,All Other Clinic Types,1,Active,,,5,Mobile Van,2,Service Delivery Site,1,Health Center/Applicant,0,Unknown,0,Unknown,4/22/2023,"COMMUNITY HEALTH CARE CENTER, INCORPORATED",601 1st Avenue North,Great Falls,MT,59401-2510,"Corporate Entity, Federal Tax Exempt",-112.1831063,47.8124895,N,N,30099,Teton County,Teton,County            ,8,Region 8,30,Montana,3002,2,Montana District 02,MT-02,Troy Downing,Jon Tester,Tim Sheehy,5/6/2025
Federally Qualified Health Center (FQHC),H80CS33884,83930,BPS-H80-030486,PureView Health Center,1930 9th Avenue,Helena,MT,59601-9753,406-443-2584,http://pureviewhealthcenter.org/,50,7,All Other Clinic Types,1,Active,271809,,1,Permanent,2,Service Delivery Site,1,Health Center/Applicant,0,Unknown,0,Unknown,3/1/2020,PUREVIEW HEALTH CENTER,1930 9th Avenue,Helena,MT,59601-9753,"Corporate Entity, Federal Tax Exempt",-112.0058861,46.58921255,N,N,30049,Lewis and Clark County,Lewis and Clark,County            ,8,Region 8,30,Montana,3002,2,Montana District 02,MT-02,Troy Downing,Jon Tester,Tim Sheehy,5/6/2025
Federally Qualified Health Center (FQHC),H80CS29012,08E01199,BPS-H80-037640,Marias Healthcare SHS SBSE,901 Valley St,Shelby,MT,59474-1542,406-434-3100,,25,2,School,1,Active,,,1,Permanent,2,Service Delivery Site,1,Health Center/Applicant,0,Unknown,0,Unknown,10/19/2023,MARIAS HEALTHCARE SERVICES INC,1950 West Roosevelt Highway,Shelby,MT,59474-1549,"Corporate Entity, Federal Tax Exempt",-111.8619617,48.51498301,N,N,30101,Toole County,Toole,County            ,8,Region 8,30,Montana,3002,2,Montana District 02,MT-02,Troy Downing,Jon Tester,Tim Sheehy,5/6/2025
Federally Qualified Health Center (FQHC),H80CS00528,83430,BPS-H80-013314,Seeley Lake,3050 Mt Highway 83 N,Seeley Lake,MT,59868-8620,406-258-4191,www.co.missoula.mt.us/phc,35,7,All Other Clinic Types,1,Active,271859,,1,Permanent,2,Service Delivery Site,1,Health Center/Applicant,1,Full-Time,1,Year-Round,10/31/2013,COUNTY OF MISSOULA,301 West Alder Street,Missoula,MT,59802-4192,U.S. Government Entity,-113.4756926,47.16402176,N,N,30063,Missoula County,Missoula,County            ,8,Region 8,30,Montana,3001,1,Montana District 01,MT-01,Ryan K. Zinke,Jon Tester,Tim Sheehy,5/6/2025
Federally Qualified Health Center (FQHC),H80CS32521,08E01322,BPS-H80-031638,"Community Health Care Center, MSDB, School for Deaf and Blind",3911 Central Avenue,Great Falls,MT,59405-1697,406-454-6973,,4,2,School,1,Active,,,2,Seasonal,2,Service Delivery Site,1,Health Center/Applicant,0,Unknown,0,Unknown,11/18/2020,"COMMUNITY HEALTH CARE CENTER, INCORPORATED",601 1st Avenue North,Great Falls,MT,59401-2510,"Corporate Entity, Federal Tax Exempt",-111.2393419,47.50501836,N,N,30013,Cascade County,Cascade,County            ,8,Region 8,30,Montana,3002,2,Montana District 02,MT-02,Troy Downing,Jon Tester,Tim Sheehy,5/6/2025
Federally Qualified Health Center (FQHC),H80CS00805,88300,BPS-H80-006970,Northwest Community Health Center - LIBBY MIDDLE HIGH SCHOOL,150 Education Way,Libby,MT,59923-2816,406-283-6900,na,16,2,School,1,Active,271822,,2,Seasonal,2,Service Delivery Site,1,Health Center/Applicant,2,Part-Time,1,Year-Round,9/1/2003,"LINCOLN COUNTY COMMUNITY HEALTH CENTER, INCORPORATED",320 East 2nd Street,Libby,MT,59923-2010,"Corporate Entity, Federal Tax Exempt",-115.5702934,48.39407192,N,N,30053,Lincoln County,Lincoln,County            ,8,Region 8,30,Montana,3001,1,Montana District 01,MT-01,Ryan K. Zinke,Jon Tester,Tim Sheehy,5/6/2025
Federally Qualified Health Center (FQHC),H80CS40219,08E01423,BPS-H80-033970,Greater Valley Health Center - Kalispell Middle School,205 Northwest Lane,Kalispell,MT,59901-3059,406-607-4900,,30,2,School,1,Active,271877,,1,Permanent,2,Service Delivery Site,1,Health Center/Applicant,0,Unknown,0,Unknown,12/3/2021,"FLATHEAD COMMUNITY HEALTH CENTER, INC.",1035 1st Ave W,Kalispell,MT,59901-5626,"Corporate Entity, Federal Tax Exempt",-114.3336933,48.21544115,N,N,30029,Flathead County,Flathead,County            ,8,Region 8,30,Montana,3001,1,Montana District 01,MT-01,Ryan K. Zinke,Jon Tester,Tim Sheehy,5/6/2025
Federally Qualified Health Center (FQHC),H80CS24102,08E00468,BPS-H80-035308,One Health - Colstrip,6230 Main Street,Colstrip,MT,59323-9520,406-784-2346,,16,7,All Other Clinic Types,1,Active,,,1,Permanent,2,Service Delivery Site,1,Health Center/Applicant,0,Unknown,0,Unknown,7/6/2022,BIGHORN VALLEY HEALTH CENTER INC,10 4th St W STE B,Hardin,MT,59034-1804,"Corporate Entity, Federal Tax Exempt",-106.6345635,45.88475264,N,N,30087,Rosebud County,Rosebud,County            ,8,Region 8,30,Montana,3002,2,Montana District 02,MT-02,Troy Downing,Jon Tester,Tim Sheehy,5/6/2025
Federally Qualified Health Center (FQHC) Look-Alike,LALCS33791,08E01372,BPS-LAL-028287,Helena Indian Alliance Health Center,501 Euclid Avenue,Helena,MT,59601-2865,406-438-1575,http://www.helenaindianalliance.com,40,7,All Other Clinic Types,1,Active,271804,1497964290,1,Permanent,2,Service Delivery Site,1,Health Center/Applicant,0,Unknown,0,Unknown,9/1/2019,HELENA INDIAN ALLIANCE,501 EUCLID AVE,HELENA,MT,59601,NA,-112.044531,46.59910022,N,N,30049,Lewis and Clark County,Lewis and Clark,County            ,8,Region 8,30,Montana,3002,2,Montana District 02,MT-02,Troy Downing,Jon Tester,Tim Sheehy,5/6/2025
Federally Qualified Health Center (FQHC),H80CS40219,08E01423,BPS-H80-035141,Greater Valley Health Center - Columbia Falls Pharmacy,500 12th Ave W STE 1A,Columbia Falls,MT,59912-3850,406-607-4900,,40,7,All Other Clinic Types,1,Active,,,1,Permanent,2,Service Delivery Site,1,Health Center/Applicant,0,Unknown,0,Unknown,6/17/2022,"FLATHEAD COMMUNITY HEALTH CENTER, INC.",1035 1st Ave W,Kalispell,MT,59901-5626,"Corporate Entity, Federal Tax Exempt",-114.1980103,48.37339506,N,N,30029,Flathead County,Flathead,County            ,8,Region 8,30,Montana,3001,1,Montana District 01,MT-01,Ryan K. Zinke,Jon Tester,Tim Sheehy,5/6/2025
Federally Qualified Health Center (FQHC),H80CS32521,08E01322,BPS-H80-029795,Community Health Care Center Mobile Dental,1 Church Street,Belt,MT,59412-7532,406-403-2776,www.alluvionhealth.org,8,2,School,1,Active,,,5,Mobile Van,2,Service Delivery Site,1,Health Center/Applicant,0,Unknown,0,Unknown,9/18/2019,"COMMUNITY HEALTH CARE CENTER, INCORPORATED",601 1st Avenue North,Great Falls,MT,59401-2510,"Corporate Entity, Federal Tax Exempt",-110.9274367,47.38934986,N,N,30013,Cascade County,Cascade,County            ,8,Region 8,30,Montana,3002,2,Montana District 02,MT-02,Troy Downing,Jon Tester,Tim Sheehy,5/6/2025
Federally Qualified Health Center (FQHC),H80CS00528,83430,BPS-H80-037390,PHC - Franklin School - Behavioral Health,1910 South 11th Street West,Missoula,MT,59801-4880,406-830-8231,https://www.mcpsmt.org/franklin,40,2,School,1,Active,271009,,2,Seasonal,2,Service Delivery Site,1,Health Center/Applicant,0,Unknown,0,Unknown,9/1/2023,COUNTY OF MISSOULA,301 West Alder Street,Missoula,MT,59802-4192,U.S. Government Entity,-114.0272137,46.8595446,N,N,30063,Missoula County,Missoula,County            ,8,Region 8,30,Montana,3001,1,Montana District 01,MT-01,Ryan K. Zinke,Jon Tester,Tim Sheehy,5/6/2025
Federally Qualified Health Center (FQHC),H80CS01451,811480,BPS-H80-027732,Glacier Dental Clinic,505 E Main St,Cut Bank,MT,59427-3015,406-873-5222,www.glacierchc.org,48,7,All Other Clinic Types,1,Active,,,1,Permanent,2,Service Delivery Site,1,Health Center/Applicant,0,Unknown,0,Unknown,5/14/2019,GLACIER COMMUNITY HEALTH CENTER INC,519 East Main Street,Cut Bank,MT,59427-3015,"Corporate Entity, Federal Tax Exempt",-112.3259506,48.63304215,N,N,30035,Glacier County,Glacier,County            ,8,Region 8,30,Montana,3001,1,Montana District 01,MT-01,Ryan K. Zinke,Jon Tester,Tim Sheehy,5/6/2025
Federally Qualified Health Center (FQHC),H80CS24102,08E00468,BPS-H80-018902,One Health - St. Labre,1000 Tongue River Rd,Lame Deer,MT,59043,406-784-6721,,36,2,School,1,Active,,,2,Seasonal,2,Service Delivery Site,1,Health Center/Applicant,0,Unknown,0,Unknown,8/1/2015,BIGHORN VALLEY HEALTH CENTER INC,10 4th St W STE B,Hardin,MT,59034-1804,"Corporate Entity, Federal Tax Exempt",-106.2809403,45.60425615,N,N,30087,Rosebud County,Rosebud,County            ,8,Region 8,30,Montana,3002,2,Montana District 02,MT-02,Troy Downing,Jon Tester,Tim Sheehy,5/6/2025
Federally Qualified Health Center (FQHC),H80CS24102,08E00468,BPS-H80-034972,One Health - Crow Public School,101 Makata St,Crow Agency,MT,59022,406-638-2252,www.onechc.org,30,2,School,1,Active,,,2,Seasonal,2,Service Delivery Site,1,Health Center/Applicant,0,Unknown,0,Unknown,5/1/2022,BIGHORN VALLEY HEALTH CENTER INC,10 4th St W STE B,Hardin,MT,59034-1804,"Corporate Entity, Federal Tax Exempt",-107.4581469,45.6037736,N,N,30003,Big Horn County,Big Horn,County            ,8,Region 8,30,Montana,3002,2,Montana District 02,MT-02,Troy Downing,Jon Tester,Tim Sheehy,5/6/2025
Federally Qualified Health Center (FQHC),H80CS09469,8.00E+54,BPS-H80-019615,CCCHC Killdeer Clinic,220 4th Ave SW,Killdeer,ND,58640-8500,701-764-5822,,42.5,7,All Other Clinic Types,1,Active,351818,,1,Permanent,2,Service Delivery Site,1,Health Center/Applicant,0,Unknown,0,Unknown,5/9/2017,COAL COUNTRY COMMUNITY HEALTH CENTER,1312 Highway 49,Beulah,ND,58523-9148,"Corporate Entity, Federal Tax Exempt",-102.7548464,47.36553063,N,N,38025,Dunn County,Dunn,County            ,8,Region 8,38,North Dakota,3800,0,North Dakota At Large,ND-00,Julie Fedorchak,John Hoeven,Kevin Cramer,5/6/2025
Federally Qualified Health Center (FQHC),H80CS00847,810710,BPS-H80-038620,Turtle Lake Health Center,55 1st Ave,Turtle Lake,ND,58575,701-448-2054,www.northlandchc.org,40,7,All Other Clinic Types,1,Active,,,1,Permanent,3,Administrative/Service Delivery Site,1,Health Center/Applicant,0,Unknown,0,Unknown,5/6/2024,NORTHLAND HEALTH PARTNERS COMMUNITY HEALTH CENTER,416 Kundert St,Turtle Lake,ND,58575-4205,"Corporate Entity, Not Federal Tax Exempt",-100.8897233,47.52191098,N,N,38055,McLean County,McLean,County            ,8,Region 8,38,North Dakota,3800,0,North Dakota At Large,ND-00,Julie Fedorchak,John Hoeven,Kevin Cramer,5/6/2025
Federally Qualified Health Center (FQHC),H80CS00847,810710,BPS-H80-007355,McClusky Clinic,122 2nd St E,Mcclusky,ND,58463-4139,701-363-2296,www.northlandchc.org,40,7,All Other Clinic Types,1,Active,351806,,1,Permanent,2,Service Delivery Site,1,Health Center/Applicant,1,Full-Time,1,Year-Round,1/3/2003,NORTHLAND HEALTH PARTNERS COMMUNITY HEALTH CENTER,416 Kundert St,Turtle Lake,ND,58575-4205,"Corporate Entity, Not Federal Tax Exempt",-100.4412088,47.4852701,N,N,38083,Sheridan County,Sheridan,County            ,8,Region 8,38,North Dakota,3800,0,North Dakota At Large,ND-00,Julie Fedorchak,John Hoeven,Kevin Cramer,5/6/2025
Federally Qualified Health Center (FQHC),H80CS09469,8.00E+54,BPS-H80-036275,Coal Country Community Health Center - Beulah Middle School Clinic,1700 Central Ave N,Beulah,ND,58523-6004,701-873-4445,,8,2,School,1,Active,,,2,Seasonal,2,Service Delivery Site,1,Health Center/Applicant,0,Unknown,0,Unknown,2/6/2023,COAL COUNTRY COMMUNITY HEALTH CENTER,1312 Highway 49,Beulah,ND,58523-9148,"Corporate Entity, Federal Tax Exempt",-101.7788208,47.28138297,N,N,38057,Mercer County,Mercer,County            ,8,Region 8,38,North Dakota,3800,0,North Dakota At Large,ND-00,Julie Fedorchak,John Hoeven,Kevin Cramer,5/6/2025
Federally Qualified Health Center (FQHC),H80CS00317,83670,BPS-H80-007400,CASS COUNTY JAIL,450 34th St S,Fargo,ND,58103-2229,701-271-2937,www.famhealthcare.org,8,6,Correctional Facility,1,Active,,,1,Permanent,3,Administrative/Service Delivery Site,1,Health Center/Applicant,2,Part-Time,1,Year-Round,3/1/1998,FAMILY HEALTHCARE CENTER,301 Np Ave N,Fargo,ND,58102-4835,"Corporate Entity, Federal Tax Exempt",-96.83537108,46.8703241,N,N,38017,Cass County,Cass,County            ,8,Region 8,38,North Dakota,3800,0,North Dakota At Large,ND-00,Julie Fedorchak,John Hoeven,Kevin Cramer,5/6/2025
Federally Qualified Health Center (FQHC),H80CS00660,50320,BPS-H80-029405,Community Health Service Inc. - Grafton,1113 W 11th St,Grafton,ND,58237-2139,701-352-4048,,42,7,All Other Clinic Types,1,Active,351821,1114478823,1,Permanent,2,Service Delivery Site,1,Health Center/Applicant,0,Unknown,0,Unknown,9/17/2019,Community Health Service Inc.,2310 4th Ave N,Moorhead,MN,56560-2473,"Corporate Entity, Federal Tax Exempt",-97.42852291,48.41399293,N,N,38099,Walsh County,Walsh,County            ,8,Region 8,38,North Dakota,3800,0,North Dakota At Large,ND-00,Julie Fedorchak,John Hoeven,Kevin Cramer,5/6/2025
Federally Qualified Health Center (FQHC),H80CS00317,83670,BPS-H80-037553,"Family HealthCare LaMoure, North Dakota",100 1st Ave SW,Lamoure,ND,58458-7415,701-271-3344,,32,7,All Other Clinic Types,1,Active,351000,1689350415,1,Permanent,2,Service Delivery Site,1,Health Center/Applicant,0,Unknown,0,Unknown,10/16/2023,FAMILY HEALTHCARE CENTER,301 Np Ave N,Fargo,ND,58102-4835,"Corporate Entity, Federal Tax Exempt",-98.29554539,46.35717485,N,N,38045,LaMoure County,LaMoure,County            ,8,Region 8,38,North Dakota,3800,0,North Dakota At Large,ND-00,Julie Fedorchak,John Hoeven,Kevin Cramer,5/6/2025
Federally Qualified Health Center (FQHC),H80CS09469,8.00E+54,BPS-H80-019528,CCCHC Hazen Clinic,510 8th Ave NE,Hazen,ND,58545-4637,701-748-2256,,45,7,All Other Clinic Types,1,Active,351820,1841658887,1,Permanent,2,Service Delivery Site,1,Health Center/Applicant,0,Unknown,0,Unknown,4/19/2017,COAL COUNTRY COMMUNITY HEALTH CENTER,1312 Highway 49,Beulah,ND,58523-9148,"Corporate Entity, Federal Tax Exempt",-101.6115262,47.29855927,N,N,38057,Mercer County,Mercer,County            ,8,Region 8,38,North Dakota,3800,0,North Dakota At Large,ND-00,Julie Fedorchak,John Hoeven,Kevin Cramer,5/6/2025
Federally Qualified Health Center (FQHC),H80CS00317,83670,BPS-H80-033489,Family HealthCare Mobile Clinic #1,301 Np Ave N,Fargo,ND,58102-4835,701-271-3344,,16,7,All Other Clinic Types,1,Active,,,5,Mobile Van,2,Service Delivery Site,1,Health Center/Applicant,0,Unknown,0,Unknown,10/1/2021,FAMILY HEALTHCARE CENTER,301 Np Ave N,Fargo,ND,58102-4835,"Corporate Entity, Federal Tax Exempt",-96.78319407,46.87597212,N,N,38017,Cass County,Cass,County            ,8,Region 8,38,North Dakota,3800,0,North Dakota At Large,ND-00,Julie Fedorchak,John Hoeven,Kevin Cramer,5/6/2025
Federally Qualified Health Center (FQHC),H80CS09469,8.00E+54,BPS-H80-002556,COAL COUNTRY COMMUNITY HEALTH CENTER,1312 Highway 49 N,Beulah,ND,58523-6038,701-873-4445,www.coalcountryhealth.com,47,7,All Other Clinic Types,1,Active,351810,1942288329,1,Permanent,2,Service Delivery Site,1,Health Center/Applicant,1,Full-Time,1,Year-Round,12/1/2003,COAL COUNTRY COMMUNITY HEALTH CENTER,1312 Highway 49,Beulah,ND,58523-9148,"Corporate Entity, Federal Tax Exempt",-101.7825304,47.27619207,N,N,38057,Mercer County,Mercer,County            ,8,Region 8,38,North Dakota,3800,0,North Dakota At Large,ND-00,Julie Fedorchak,John Hoeven,Kevin Cramer,5/6/2025
Federally Qualified Health Center (FQHC),H80CS01808,811510,BPS-H80-013645,Spectra Health Grand Forks Medical,212 S 4th St STE 301,Grand Forks,ND,58201-4776,701-757-2100,www.spectrahealth.org,51.5,7,All Other Clinic Types,1,Active,351817,1114343423,1,Permanent,2,Service Delivery Site,1,Health Center/Applicant,1,Full-Time,1,Year-Round,3/5/2014,SPECTRA HEALTH,"212 S 4th St, Ste 200",Grand Forks,ND,58201-4781,"Corporate Entity, Federal Tax Exempt",-97.02803877,47.92247323,N,N,38035,Grand Forks County,Grand Forks,County            ,8,Region 8,38,North Dakota,3800,0,North Dakota At Large,ND-00,Julie Fedorchak,John Hoeven,Kevin Cramer,5/6/2025
Federally Qualified Health Center (FQHC),H80CS00847,810710,BPS-H80-017485,Ray Clinic,24 Railroad Ave,Ray,ND,58849-7707,701-568-5600,www.northlandchc.org,40,7,All Other Clinic Types,1,Active,351819,1679958755,1,Permanent,2,Service Delivery Site,1,Health Center/Applicant,0,Unknown,0,Unknown,11/16/2015,NORTHLAND HEALTH PARTNERS COMMUNITY HEALTH CENTER,416 Kundert St,Turtle Lake,ND,58575-4205,"Corporate Entity, Not Federal Tax Exempt",-103.1665847,48.34237384,N,N,38105,Williams County,Williams,County            ,8,Region 8,38,North Dakota,3800,0,North Dakota At Large,ND-00,Julie Fedorchak,John Hoeven,Kevin Cramer,5/6/2025
Federally Qualified Health Center (FQHC),H80CS00317,83670,BPS-H80-022192,Family HealthCare Valley City,"415 2nd Ave NE, Suite 101",Valley City,ND,58072-3060,701-271-3344,,16,7,All Other Clinic Types,1,Active,1750876124,,1,Permanent,2,Service Delivery Site,1,Health Center/Applicant,0,Unknown,0,Unknown,6/6/2018,FAMILY HEALTHCARE CENTER,301 Np Ave N,Fargo,ND,58102-4835,"Corporate Entity, Federal Tax Exempt",-98.00169757,46.92652455,N,N,38003,Barnes County,Barnes,County            ,8,Region 8,38,North Dakota,3800,0,North Dakota At Large,ND-00,Julie Fedorchak,John Hoeven,Kevin Cramer,5/6/2025
Federally Qualified Health Center (FQHC),H80CS01808,811510,BPS-H80-008186,Spectra Health Larimore,607 Towner Ave,Larimore,ND,58251-4501,701-343-6418,www.spectrahealth.org,36.5,7,All Other Clinic Types,1,Active,351809,1256317905,1,Permanent,2,Service Delivery Site,1,Health Center/Applicant,1,Full-Time,1,Year-Round,4/1/2009,SPECTRA HEALTH,"212 S 4th St, Ste 200",Grand Forks,ND,58201-4781,"Corporate Entity, Federal Tax Exempt",-97.6237024,47.90893658,N,N,38035,Grand Forks County,Grand Forks,County            ,8,Region 8,38,North Dakota,3800,0,North Dakota At Large,ND-00,Julie Fedorchak,John Hoeven,Kevin Cramer,5/6/2025
Federally Qualified Health Center (FQHC),H80CS00847,810710,BPS-H80-001897,Rolette Clinic,401 2nd Ave,Rolette,ND,58366,701-246-3391,www.northlandchc.org,40,7,All Other Clinic Types,1,Active,351805,,1,Permanent,2,Service Delivery Site,1,Health Center/Applicant,1,Full-Time,1,Year-Round,1/3/2003,NORTHLAND HEALTH PARTNERS COMMUNITY HEALTH CENTER,416 Kundert St,Turtle Lake,ND,58575-4205,"Corporate Entity, Not Federal Tax Exempt",-99.84634911,48.66198216,N,N,38079,Rolette County,Rolette,County            ,8,Region 8,38,North Dakota,3800,0,North Dakota At Large,ND-00,Julie Fedorchak,John Hoeven,Kevin Cramer,5/6/2025
Federally Qualified Health Center (FQHC),H80CS00847,810710,BPS-H80-013102,Bowbells Clinic,18 Main St SW STE B,Bowbells,ND,58721-7711,701-377-6400,http://www.northlandchc.org/,32,7,All Other Clinic Types,1,Active,351815,,1,Permanent,2,Service Delivery Site,1,Health Center/Applicant,2,Part-Time,1,Year-Round,10/31/2013,NORTHLAND HEALTH PARTNERS COMMUNITY HEALTH CENTER,416 Kundert St,Turtle Lake,ND,58575-4205,"Corporate Entity, Not Federal Tax Exempt",-102.2469198,48.80261442,N,N,38013,Burke County,Burke,County            ,8,Region 8,38,North Dakota,3800,0,North Dakota At Large,ND-00,Julie Fedorchak,John Hoeven,Kevin Cramer,5/6/2025
Federally Qualified Health Center (FQHC),H80CS09469,8.00E+54,BPS-H80-036019,Coal Country Community Health Center - Killdeer Elementary School Clinic,101 High St NW,Killdeer,ND,58640-4112,701-873-4445,,12,2,School,1,Active,,,2,Seasonal,2,Service Delivery Site,1,Health Center/Applicant,0,Unknown,0,Unknown,12/7/2022,COAL COUNTRY COMMUNITY HEALTH CENTER,1312 Highway 49,Beulah,ND,58523-9148,"Corporate Entity, Federal Tax Exempt",-102.7543638,47.37210708,N,N,38025,Dunn County,Dunn,County            ,8,Region 8,38,North Dakota,3800,0,North Dakota At Large,ND-00,Julie Fedorchak,John Hoeven,Kevin Cramer,5/6/2025
Federally Qualified Health Center (FQHC),H80CS09469,8.00E+54,BPS-H80-003158,COAL COUNTRY CHC - CENTER,111 Main St,Center,ND,58530-4712,701-794-8798,www.coalcountryhealth.com,34,7,All Other Clinic Types,1,Active,351812,1003052952,1,Permanent,2,Service Delivery Site,1,Health Center/Applicant,1,Full-Time,1,Year-Round,12/1/2003,COAL COUNTRY COMMUNITY HEALTH CENTER,1312 Highway 49,Beulah,ND,58523-9148,"Corporate Entity, Federal Tax Exempt",-101.298868,47.11532131,N,N,38065,Oliver County,Oliver,County            ,8,Region 8,38,North Dakota,3800,0,North Dakota At Large,ND-00,Julie Fedorchak,John Hoeven,Kevin Cramer,5/6/2025
Federally Qualified Health Center (FQHC),H80CS01808,811510,BPS-H80-003172,Spectra Health Dental Clinic,212 S 4th St STE 101,Grand Forks,ND,58201-4776,701-757-2100,www.spectrahealth.org,47.5,7,All Other Clinic Types,1,Active,351808,1689878324,1,Permanent,2,Service Delivery Site,1,Health Center/Applicant,1,Full-Time,1,Year-Round,11/26/2007,SPECTRA HEALTH,"212 S 4th St, Ste 200",Grand Forks,ND,58201-4781,"Corporate Entity, Federal Tax Exempt",-97.02804773,47.92246564,N,N,38035,Grand Forks County,Grand Forks,County            ,8,Region 8,38,North Dakota,3800,0,North Dakota At Large,ND-00,Julie Fedorchak,John Hoeven,Kevin Cramer,5/6/2025
Federally Qualified Health Center (FQHC),H80CS00847,810710,BPS-H80-013060,Minot Clinic,1600 2nd Ave SW STE 19,Minot,ND,58701-3459,701-448-2054,http://www.northlandchc.org/,40,7,All Other Clinic Types,1,Active,351816,,1,Permanent,2,Service Delivery Site,1,Health Center/Applicant,1,Full-Time,1,Year-Round,10/31/2013,NORTHLAND HEALTH PARTNERS COMMUNITY HEALTH CENTER,416 Kundert St,Turtle Lake,ND,58575-4205,"Corporate Entity, Not Federal Tax Exempt",-101.3189083,48.23408766,N,N,38101,Ward County,Ward,County            ,8,Region 8,38,North Dakota,3800,0,North Dakota At Large,ND-00,Julie Fedorchak,John Hoeven,Kevin Cramer,5/6/2025
Federally Qualified Health Center (FQHC),H80CS00847,810710,BPS-H80-039821,Bismarck North Health Center,4401 Coleman St,Bismarck,ND,58503,701-448-2054,,40,7,All Other Clinic Types,1,Active,,,1,Permanent,2,Service Delivery Site,1,Health Center/Applicant,0,Unknown,0,Unknown,2/6/2025,NORTHLAND HEALTH PARTNERS COMMUNITY HEALTH CENTER,416 Kundert St,Turtle Lake,ND,58575-4205,"Corporate Entity, Not Federal Tax Exempt",-100.7802481,46.85327674,N,N,38015,Burleigh County,Burleigh,County            ,8,Region 8,38,North Dakota,3800,0,North Dakota At Large,ND-00,Julie Fedorchak,John Hoeven,Kevin Cramer,5/6/2025
Federally Qualified Health Center (FQHC),H80CS00847,810710,BPS-H80-019408,Minot Dental,15 2nd Ave SW STE 110,Minot,ND,58701-3874,701-838-3051,WWW.NORTHLANDCHC.ORG,32,7,All Other Clinic Types,1,Active,,,1,Permanent,2,Service Delivery Site,1,Health Center/Applicant,0,Unknown,0,Unknown,3/14/2017,NORTHLAND HEALTH PARTNERS COMMUNITY HEALTH CENTER,416 Kundert St,Turtle Lake,ND,58575-4205,"Corporate Entity, Not Federal Tax Exempt",-101.2935099,48.23437558,N,N,38101,Ward County,Ward,County            ,8,Region 8,38,North Dakota,3800,0,North Dakota At Large,ND-00,Julie Fedorchak,John Hoeven,Kevin Cramer,5/6/2025
Federally Qualified Health Center (FQHC),H80CS09469,8.00E+54,BPS-H80-036478,Coal Country Community Health Center - Killdeer High School Clinic,High St NW,Killdeer,ND,58640,701-873-4445,,8,2,School,1,Active,,,2,Seasonal,2,Service Delivery Site,1,Health Center/Applicant,0,Unknown,0,Unknown,3/23/2023,COAL COUNTRY COMMUNITY HEALTH CENTER,1312 Highway 49,Beulah,ND,58523-9148,"Corporate Entity, Federal Tax Exempt",-102.757266,47.37201762,N,N,38025,Dunn County,Dunn,County            ,8,Region 8,38,North Dakota,3800,0,North Dakota At Large,ND-00,Julie Fedorchak,John Hoeven,Kevin Cramer,5/6/2025
Federally Qualified Health Center (FQHC),H80CS09469,8.00E+54,BPS-H80-034040,Coal Country Community Health Center - Beulah High School Clinic,204 5th St NW,Beulah,ND,58523-6542,701-873-4445,,17,2,School,1,Active,,,2,Seasonal,2,Service Delivery Site,1,Health Center/Applicant,0,Unknown,0,Unknown,12/27/2021,COAL COUNTRY COMMUNITY HEALTH CENTER,1312 Highway 49,Beulah,ND,58523-9148,"Corporate Entity, Federal Tax Exempt",-101.7804131,47.26869945,N,N,38057,Mercer County,Mercer,County            ,8,Region 8,38,North Dakota,3800,0,North Dakota At Large,ND-00,Julie Fedorchak,John Hoeven,Kevin Cramer,5/6/2025
Federally Qualified Health Center (FQHC),H80CS09469,8.00E+54,BPS-H80-012433,Coal Country Community Health Center - Administrative Office,1101 3rd Ave NW,Beulah,ND,58523-6215,701-873-7788,,40,7,All Other Clinic Types,1,Active,,,1,Permanent,1,Administrative,1,Health Center/Applicant,1,Full-Time,1,Year-Round,3/13/2013,COAL COUNTRY COMMUNITY HEALTH CENTER,1312 Highway 49,Beulah,ND,58523-9148,"Corporate Entity, Federal Tax Exempt",-101.78203,47.27340392,N,N,38057,Mercer County,Mercer,County            ,8,Region 8,38,North Dakota,3800,0,North Dakota At Large,ND-00,Julie Fedorchak,John Hoeven,Kevin Cramer,5/6/2025
Federally Qualified Health Center (FQHC),H80CS09469,8.00E+54,BPS-H80-037056,Coal Country Community Health Center - Hazen Elementary School Clinic,519 1st Ave NE,Hazen,ND,58545,701-873-4445,,18,2,School,1,Active,,,2,Seasonal,2,Service Delivery Site,1,Health Center/Applicant,0,Unknown,0,Unknown,8/10/2023,COAL COUNTRY COMMUNITY HEALTH CENTER,1312 Highway 49,Beulah,ND,58523-9148,"Corporate Entity, Federal Tax Exempt",-101.6218505,47.29780798,N,N,38057,Mercer County,Mercer,County            ,8,Region 8,38,North Dakota,3800,0,North Dakota At Large,ND-00,Julie Fedorchak,John Hoeven,Kevin Cramer,5/6/2025
Federally Qualified Health Center (FQHC),H80CS00847,810710,BPS-H80-036769,Information Technology Office,15 2nd Ave SW STE 102,Minot,ND,58701-3854,701-838-4357,,,7,All Other Clinic Types,1,Active,,,1,Permanent,1,Administrative,1,Health Center/Applicant,0,Unknown,0,Unknown,6/1/2023,NORTHLAND HEALTH PARTNERS COMMUNITY HEALTH CENTER,416 Kundert St,Turtle Lake,ND,58575-4205,"Corporate Entity, Not Federal Tax Exempt",-101.2935099,48.23437558,N,N,38101,Ward County,Ward,County            ,8,Region 8,38,North Dakota,3800,0,North Dakota At Large,ND-00,Julie Fedorchak,John Hoeven,Kevin Cramer,5/6/2025
Federally Qualified Health Center (FQHC),H80CS00847,810710,BPS-H80-019628,Bismarck Clinic,914 S 12th St STE 101,Bismarck,ND,58504-5941,701-255-4242,,40,7,All Other Clinic Types,1,Active,351824,1841723855,1,Permanent,2,Service Delivery Site,1,Health Center/Applicant,0,Unknown,0,Unknown,5/15/2017,NORTHLAND HEALTH PARTNERS COMMUNITY HEALTH CENTER,416 Kundert St,Turtle Lake,ND,58575-4205,"Corporate Entity, Not Federal Tax Exempt",-100.7746422,46.79644131,N,N,38015,Burleigh County,Burleigh,County            ,8,Region 8,38,North Dakota,3800,0,North Dakota At Large,ND-00,Julie Fedorchak,John Hoeven,Kevin Cramer,5/6/2025
Federally Qualified Health Center (FQHC),H80CS00847,810710,BPS-H80-037151,Central Billing Office,543 S 7th St,Bismarck,ND,58504-5859,877-609-3577 x2,,,0,Unknown,1,Active,,,1,Permanent,1,Administrative,1,Health Center/Applicant,0,Unknown,0,Unknown,8/29/2023,NORTHLAND HEALTH PARTNERS COMMUNITY HEALTH CENTER,416 Kundert St,Turtle Lake,ND,58575-4205,"Corporate Entity, Not Federal Tax Exempt",-100.7806296,46.79962845,N,N,38015,Burleigh County,Burleigh,County            ,8,Region 8,38,North Dakota,3800,0,North Dakota At Large,ND-00,Julie Fedorchak,John Hoeven,Kevin Cramer,5/6/2025
Federally Qualified Health Center (FQHC),H80CS01808,811510,BPS-H80-017637,Spectra Health Admin Office,"212 S 4th St, Ste 200",Grand Forks,ND,58201-4781,701-757-2100,www.spectrahealth.org,,7,All Other Clinic Types,1,Active,,,1,Permanent,1,Administrative,1,Health Center/Applicant,0,Unknown,0,Unknown,3/3/2016,SPECTRA HEALTH,"212 S 4th St, Ste 200",Grand Forks,ND,58201-4781,"Corporate Entity, Federal Tax Exempt",-97.02817103,47.92254653,N,N,38035,Grand Forks County,Grand Forks,County            ,8,Region 8,38,North Dakota,3800,0,North Dakota At Large,ND-00,Julie Fedorchak,John Hoeven,Kevin Cramer,5/6/2025
Federally Qualified Health Center (FQHC),H80CS00847,810710,BPS-H80-033122,St. John Health Center,128 Foussard Ave SE,Saint John,ND,58369,701-448-2054,,40,7,All Other Clinic Types,1,Active,,,1,Permanent,2,Service Delivery Site,1,Health Center/Applicant,0,Unknown,0,Unknown,9/7/2021,NORTHLAND HEALTH PARTNERS COMMUNITY HEALTH CENTER,416 Kundert St,Turtle Lake,ND,58575-4205,"Corporate Entity, Not Federal Tax Exempt",-99.70125329,48.93573453,N,N,38079,Rolette County,Rolette,County            ,8,Region 8,38,North Dakota,3800,0,North Dakota At Large,ND-00,Julie Fedorchak,John Hoeven,Kevin Cramer,5/6/2025
Federally Qualified Health Center (FQHC),H80CS00317,83670,BPS-H80-019695,Family HealthCare South Fargo,4025 9th Ave S,Fargo,ND,58103-2101,701-271-3344,,40,7,All Other Clinic Types,1,Active,,,1,Permanent,2,Service Delivery Site,1,Health Center/Applicant,0,Unknown,0,Unknown,6/1/2017,FAMILY HEALTHCARE CENTER,301 Np Ave N,Fargo,ND,58102-4835,"Corporate Entity, Federal Tax Exempt",-96.84983146,46.86682047,N,N,38017,Cass County,Cass,County            ,8,Region 8,38,North Dakota,3800,0,North Dakota At Large,ND-00,Julie Fedorchak,John Hoeven,Kevin Cramer,5/6/2025
Federally Qualified Health Center (FQHC),H80CS00317,83670,BPS-H80-009250,"FHC Medical, Dental, Homeless Services, and Administrative Site in Fargo",301 Np Ave N,Fargo,ND,58102-4835,701-271-3344,www.famhealthcare.org,50,7,All Other Clinic Types,1,Active,1710066352,,1,Permanent,3,Administrative/Service Delivery Site,1,Health Center/Applicant,1,Full-Time,1,Year-Round,12/9/2009,FAMILY HEALTHCARE CENTER,301 Np Ave N,Fargo,ND,58102-4835,"Corporate Entity, Federal Tax Exempt",-96.78319407,46.87597212,N,N,38017,Cass County,Cass,County            ,8,Region 8,38,North Dakota,3800,0,North Dakota At Large,ND-00,Julie Fedorchak,John Hoeven,Kevin Cramer,5/6/2025
Federally Qualified Health Center (FQHC),H80CS00216,81890,BPS-H80-005784,Cornerstone Rescue Mission - Men's Shelter,30 Main St,Rapid City,SD,57701-2832,605-721-8939,www.chcbh.com,20,7,All Other Clinic Types,1,Active,431838,,1,Permanent,2,Service Delivery Site,1,Health Center/Applicant,2,Part-Time,1,Year-Round,1/1/1996,"COMMUNITY HEALTH CENTER OF THE BLACK HILLS, INC.",350 Pine St,Rapid City,SD,57701-1669,"Corporate Entity, Federal Tax Exempt",-103.2169956,44.07950632,N,N,46103,Pennington County,Pennington,County            ,8,Region 8,46,South Dakota,4600,0,South Dakota At Large,SD-00,Dusty Johnson,John Thune,Mike Rounds,5/6/2025
Federally Qualified Health Center (FQHC),H80CS00135,81030,BPS-H80-001060,Horizon Health - Administration,109 N Main St,Howard,SD,57349,605-772-4525,www.horizonhealthcare.org,40,7,All Other Clinic Types,1,Active,,,1,Permanent,1,Administrative,1,Health Center/Applicant,1,Full-Time,1,Year-Round,7/1/2006,"HORIZON HEALTH CARE, INC",109 N Main St,Howard,SD,57349,"Corporate Entity, Federal Tax Exempt",-97.52690837,44.0113126,N,N,46097,Miner County,Miner,County            ,8,Region 8,46,South Dakota,4600,0,South Dakota At Large,SD-00,Dusty Johnson,John Thune,Mike Rounds,5/6/2025
Federally Qualified Health Center (FQHC),H80CS00456,80590,BPS-H80-028108,Access Health - Mitchell,1900 Grassland Dr STE 103,Mitchell,SD,57301-6386,605-995-7000,,69,7,All Other Clinic Types,1,Active,431855,1669027678,1,Permanent,2,Service Delivery Site,1,Health Center/Applicant,0,Unknown,0,Unknown,7/18/2019,"RURAL HEALTH CARE, INC.",202 Island Dr STE 1,Fort Pierre,SD,57532-7303,"Corporate Entity, Federal Tax Exempt",-98.02126496,43.68956917,N,N,46035,Davison County,Davison,County            ,8,Region 8,46,South Dakota,4600,0,South Dakota At Large,SD-00,Dusty Johnson,John Thune,Mike Rounds,5/6/2025
Federally Qualified Health Center (FQHC),H80CS00135,81030,BPS-H80-017231,Horizon Health - Fort Thompson,125 SD Highway 249,Fort Thompson,SD,57339,605-245-2700,,44,7,All Other Clinic Types,1,Active,431853,1225411945,1,Permanent,2,Service Delivery Site,1,Health Center/Applicant,0,Unknown,0,Unknown,9/28/2015,"HORIZON HEALTH CARE, INC",109 N Main St,Howard,SD,57349,"Corporate Entity, Federal Tax Exempt",-99.43361778,44.07106872,N,N,46017,Buffalo County,Buffalo,County            ,8,Region 8,46,South Dakota,4600,0,South Dakota At Large,SD-00,Dusty Johnson,John Thune,Mike Rounds,5/6/2025
Federally Qualified Health Center (FQHC),H80CS00135,81030,BPS-H80-014464,Horizon Health - Woonsocket,PO BOX 368,Woonsocket,SD,57385-0368,605-796-4433,www.horizonhealthcare.org,43,7,All Other Clinic Types,1,Active,431807,1033227053,1,Permanent,2,Service Delivery Site,1,Health Center/Applicant,0,Unknown,0,Unknown,11/21/2014,"HORIZON HEALTH CARE, INC",109 N Main St,Howard,SD,57349,"Corporate Entity, Federal Tax Exempt",-98.274296,44.05042498,N,N,46111,Sanborn County,Sanborn,County            ,8,Region 8,46,South Dakota,4600,0,South Dakota At Large,SD-00,Dusty Johnson,John Thune,Mike Rounds,5/6/2025
Federally Qualified Health Center (FQHC),H80CS00456,80590,BPS-H80-002004,Access Health - Presho,116 N Main Ave,Presho,SD,57568-5420,605-895-2589,WWW.RURALHC.NET,42.5,7,All Other Clinic Types,1,Active,431842,1528071297,1,Permanent,2,Service Delivery Site,1,Health Center/Applicant,1,Full-Time,1,Year-Round,4/14/2006,"RURAL HEALTH CARE, INC.",202 Island Dr STE 1,Fort Pierre,SD,57532-7303,"Corporate Entity, Federal Tax Exempt",-100.058739,43.91058147,N,N,46085,Lyman County,Lyman,County            ,8,Region 8,46,South Dakota,4600,0,South Dakota At Large,SD-00,Dusty Johnson,John Thune,Mike Rounds,5/6/2025
Federally Qualified Health Center (FQHC),H80CS00219,81450,BPS-H80-007594,Falls Community Health/Hawthorne Site,601 N Spring Ave,Sioux Falls,SD,57104-2721,605-367-8793,http://www.siouxfalls.org/fch,14,2,School,1,Active,431843,,1,Permanent,2,Service Delivery Site,1,Health Center/Applicant,2,Part-Time,2,Seasonal,8/12/2008,CITY OF SIOUX FALLS,224 W 9th St,Sioux Falls,SD,57104-6407,U.S. Government Entity,-96.73284104,43.55403153,N,N,46099,Minnehaha County,Minnehaha,County            ,8,Region 8,46,South Dakota,4600,0,South Dakota At Large,SD-00,Dusty Johnson,John Thune,Mike Rounds,5/6/2025
Federally Qualified Health Center (FQHC),H80CS00456,80590,BPS-H80-031042,Access Health - Brookings,400 22nd Ave STE 1,Brookings,SD,57006-2450,605-697-9500,,61,7,All Other Clinic Types,1,Active,431856,1386254191,1,Permanent,2,Service Delivery Site,1,Health Center/Applicant,0,Unknown,0,Unknown,7/22/2020,"RURAL HEALTH CARE, INC.",202 Island Dr STE 1,Fort Pierre,SD,57532-7303,"Corporate Entity, Federal Tax Exempt",-96.76818812,44.30902261,N,N,46011,Brookings County,Brookings,County            ,8,Region 8,46,South Dakota,4600,0,South Dakota At Large,SD-00,Dusty Johnson,John Thune,Mike Rounds,5/6/2025
Federally Qualified Health Center (FQHC),H80CS00135,81030,BPS-H80-021107,Horizon Health - Alcester Dental,111 Iowa St,Alcester,SD,57001-7700,605-934-2251,www.horizonhealthcare.org,9,7,All Other Clinic Types,1,Active,,,1,Permanent,2,Service Delivery Site,1,Health Center/Applicant,0,Unknown,0,Unknown,8/31/2017,"HORIZON HEALTH CARE, INC",109 N Main St,Howard,SD,57349,"Corporate Entity, Federal Tax Exempt",-96.63090252,43.02124361,N,N,46127,Union County,Union,County            ,8,Region 8,46,South Dakota,4600,0,South Dakota At Large,SD-00,Dusty Johnson,John Thune,Mike Rounds,5/6/2025
Federally Qualified Health Center (FQHC),H80CS00135,81030,BPS-H80-017546,Horizon Health - Martin Medical,109 Pugh St,Martin,SD,57551-7700,605-685-6868,www.horizonhealthcare.org,58,7,All Other Clinic Types,1,Active,431823,1316054935,1,Permanent,2,Service Delivery Site,1,Health Center/Applicant,0,Unknown,0,Unknown,1/26/2016,"HORIZON HEALTH CARE, INC",109 N Main St,Howard,SD,57349,"Corporate Entity, Federal Tax Exempt",-101.7335307,43.17434623,N,N,46007,Bennett County,Bennett,County            ,8,Region 8,46,South Dakota,4600,0,South Dakota At Large,SD-00,Dusty Johnson,John Thune,Mike Rounds,5/6/2025
Federally Qualified Health Center (FQHC),H80CS00135,81030,BPS-H80-017542,Horizon Health - Bison,105 W Main St,Bison,SD,57620-7133,605-244-5206,,40,7,All Other Clinic Types,1,Active,431827,1598731648,1,Permanent,2,Service Delivery Site,1,Health Center/Applicant,0,Unknown,0,Unknown,1/1/2016,"HORIZON HEALTH CARE, INC",109 N Main St,Howard,SD,57349,"Corporate Entity, Federal Tax Exempt",-102.4654027,45.52237632,N,N,46105,Perkins County,Perkins,County            ,8,Region 8,46,South Dakota,4600,0,South Dakota At Large,SD-00,Dusty Johnson,John Thune,Mike Rounds,5/6/2025
Federally Qualified Health Center (FQHC),H80CS00135,81030,BPS-H80-000984,Horizon Health - Howard Medical,208 S Main St,Howard,SD,57349-8813,605-772-4574,www.horizonhealthcare.org,59,7,All Other Clinic Types,1,Active,431809,1114033164,1,Permanent,2,Service Delivery Site,1,Health Center/Applicant,1,Full-Time,1,Year-Round,1/10/1978,"HORIZON HEALTH CARE, INC",109 N Main St,Howard,SD,57349,"Corporate Entity, Federal Tax Exempt",-97.52680458,44.00976436,N,N,46097,Miner County,Miner,County            ,8,Region 8,46,South Dakota,4600,0,South Dakota At Large,SD-00,Dusty Johnson,John Thune,Mike Rounds,5/6/2025
Federally Qualified Health Center (FQHC),H80CS00135,81030,BPS-H80-017544,Horizon Health - Tiospaye Topa School,15618 1st St.,Ridgeview,SD,57652,605-733-2290,,40,2,School,1,Active,431848,1861563348,1,Permanent,2,Service Delivery Site,1,Health Center/Applicant,0,Unknown,0,Unknown,1/1/2016,"HORIZON HEALTH CARE, INC",109 N Main St,Howard,SD,57349,"Corporate Entity, Federal Tax Exempt",-100.7710411,45.1030226,N,N,46041,Dewey County,Dewey,County            ,8,Region 8,46,South Dakota,4600,0,South Dakota At Large,SD-00,Dusty Johnson,John Thune,Mike Rounds,5/6/2025
Federally Qualified Health Center (FQHC),H80CS00219,81450,BPS-H80-012710,Falls Community Health School Based Site/Hayward,410 N Valley View Rd,Sioux Falls,SD,57107-1022,605-367-8793,,20,2,School,1,Active,431849,,1,Permanent,2,Service Delivery Site,1,Health Center/Applicant,2,Part-Time,1,Year-Round,7/10/2013,CITY OF SIOUX FALLS,224 W 9th St,Sioux Falls,SD,57104-6407,U.S. Government Entity,-96.79926344,43.55092876,N,N,46099,Minnehaha County,Minnehaha,County            ,8,Region 8,46,South Dakota,4600,0,South Dakota At Large,SD-00,Dusty Johnson,John Thune,Mike Rounds,5/6/2025
Federally Qualified Health Center (FQHC),H80CS00135,81030,BPS-H80-030965,Horizon Health - Yankton,920 Broadway Ave,Yankton,SD,57078,605-260-0310,,40,7,All Other Clinic Types,1,Active,431851,,1,Permanent,2,Service Delivery Site,1,Health Center/Applicant,0,Unknown,0,Unknown,7/9/2020,"HORIZON HEALTH CARE, INC",109 N Main St,Howard,SD,57349,"Corporate Entity, Federal Tax Exempt",-97.39671259,42.87785363,N,N,46135,Yankton County,Yankton,County            ,8,Region 8,46,South Dakota,4600,0,South Dakota At Large,SD-00,Dusty Johnson,John Thune,Mike Rounds,5/6/2025
Federally Qualified Health Center (FQHC),H80CS00135,81030,BPS-H80-002664,Horizon Health - White River,309 E 4th St,White River,SD,57579-2054,605-259-3121,www.horizonhealthcare.org,40,7,All Other Clinic Types,1,Active,431824,1962511014,1,Permanent,2,Service Delivery Site,1,Health Center/Applicant,1,Full-Time,1,Year-Round,1/1/2002,"HORIZON HEALTH CARE, INC",109 N Main St,Howard,SD,57349,"Corporate Entity, Federal Tax Exempt",-100.7467474,43.56896005,N,N,46095,Mellette County,Mellette,County            ,8,Region 8,46,South Dakota,4600,0,South Dakota At Large,SD-00,Dusty Johnson,John Thune,Mike Rounds,5/6/2025
Federally Qualified Health Center (FQHC),H80CS00135,81030,BPS-H80-003887,Horizon Health - Wessington Springs Medical,602 1st St NE STE 1,Wessington Springs,SD,57382-2163,605-539-1767,www.horizonhealthcare.org,52,7,All Other Clinic Types,1,Active,431806,1831207844,1,Permanent,2,Service Delivery Site,1,Health Center/Applicant,1,Full-Time,1,Year-Round,8/1/1978,"HORIZON HEALTH CARE, INC",109 N Main St,Howard,SD,57349,"Corporate Entity, Federal Tax Exempt",-98.56513539,44.07835243,N,N,46073,Jerauld County,Jerauld,County            ,8,Region 8,46,South Dakota,4600,0,South Dakota At Large,SD-00,Dusty Johnson,John Thune,Mike Rounds,5/6/2025
Federally Qualified Health Center (FQHC),H80CS00135,81030,BPS-H80-021108,Horizon Health - Alcester,104 W 2nd St,Alcester,SD,57001-2281,605-934-2122,www.horizonhealthcare.org,45,7,All Other Clinic Types,1,Active,431804,1598293482,1,Permanent,2,Service Delivery Site,1,Health Center/Applicant,0,Unknown,0,Unknown,8/31/2017,"HORIZON HEALTH CARE, INC",109 N Main St,Howard,SD,57349,"Corporate Entity, Federal Tax Exempt",-96.63185562,43.02157079,N,N,46127,Union County,Union,County            ,8,Region 8,46,South Dakota,4600,0,South Dakota At Large,SD-00,Dusty Johnson,John Thune,Mike Rounds,5/6/2025
Federally Qualified Health Center (FQHC),H80CS00135,81030,BPS-H80-004357,Horizon Health - Howard Dental,112 N Main St,Howard,SD,57349-9055,605-772-4703,www.horizonhealthcare.org,40,7,All Other Clinic Types,1,Active,,,1,Permanent,2,Service Delivery Site,1,Health Center/Applicant,1,Full-Time,1,Year-Round,1/1/2003,"HORIZON HEALTH CARE, INC",109 N Main St,Howard,SD,57349,"Corporate Entity, Federal Tax Exempt",-97.52679989,44.01138735,N,N,46097,Miner County,Miner,County            ,8,Region 8,46,South Dakota,4600,0,South Dakota At Large,SD-00,Dusty Johnson,John Thune,Mike Rounds,5/6/2025
Federally Qualified Health Center (FQHC),H80CS00135,81030,BPS-H80-005202,Horizon Health - Lake Preston,709 4th St SE,Lake Preston,SD,57249-2116,605-847-4484,www.horizonhealthcare.org,42,7,All Other Clinic Types,1,Active,431810,1629181904,1,Permanent,2,Service Delivery Site,1,Health Center/Applicant,1,Full-Time,1,Year-Round,8/1/1990,"HORIZON HEALTH CARE, INC",109 N Main St,Howard,SD,57349,"Corporate Entity, Federal Tax Exempt",-97.36590976,44.35770802,N,N,46077,Kingsbury County,Kingsbury,County            ,8,Region 8,46,South Dakota,4600,0,South Dakota At Large,SD-00,Dusty Johnson,John Thune,Mike Rounds,5/6/2025
Federally Qualified Health Center (FQHC),H80CS00135,81030,BPS-H80-000952,Horizon Health - Mission,161 S Main St,Mission,SD,57555,605-856-4703,www.horizonhealthcare.org,62,7,All Other Clinic Types,1,Active,431825,1578672846,1,Permanent,2,Service Delivery Site,1,Health Center/Applicant,1,Full-Time,1,Year-Round,1/1/2002,"HORIZON HEALTH CARE, INC",109 N Main St,Howard,SD,57349,"Corporate Entity, Federal Tax Exempt",-100.6584812,43.30517389,N,N,46121,Todd County,Todd,County            ,8,Region 8,46,South Dakota,4600,0,South Dakota At Large,SD-00,Dusty Johnson,John Thune,Mike Rounds,5/6/2025
Federally Qualified Health Center (FQHC),H80CS00135,81030,BPS-H80-013495,Horizon Health - De Smet,401 Prairie Ave SW,De Smet,SD,57231-2333,605-854-3455,www.horizonhealthcare.org,50,7,All Other Clinic Types,1,Active,431817,1831208883,1,Permanent,2,Service Delivery Site,1,Health Center/Applicant,1,Full-Time,1,Year-Round,12/24/2013,"HORIZON HEALTH CARE, INC",109 N Main St,Howard,SD,57349,"Corporate Entity, Federal Tax Exempt",-97.56177519,44.38590033,N,N,46077,Kingsbury County,Kingsbury,County            ,8,Region 8,46,South Dakota,4600,0,South Dakota At Large,SD-00,Dusty Johnson,John Thune,Mike Rounds,5/6/2025
Federally Qualified Health Center (FQHC),H80CS00135,81030,BPS-H80-003372,Horizon Health - Plankinton,106 S Main St,Plankinton,SD,57368-2264,605-942-7711,www.horizonhealthcare.org,43,7,All Other Clinic Types,1,Active,431808,1356459382,1,Permanent,2,Service Delivery Site,1,Health Center/Applicant,1,Full-Time,1,Year-Round,8/1/1978,"HORIZON HEALTH CARE, INC",109 N Main St,Howard,SD,57349,"Corporate Entity, Federal Tax Exempt",-98.71393529,43.72726112,N,N,46003,Aurora County,Aurora,County            ,8,Region 8,46,South Dakota,4600,0,South Dakota At Large,SD-00,Dusty Johnson,John Thune,Mike Rounds,5/6/2025
Federally Qualified Health Center (FQHC),H80CS00135,81030,BPS-H80-017547,Horizon Health - Isabel,118 N Main St,Isabel,SD,57633,605-466-2120,www.horizonhealthcare.org,40,7,All Other Clinic Types,1,Active,431803,1205800075,1,Permanent,2,Service Delivery Site,1,Health Center/Applicant,0,Unknown,0,Unknown,1/1/2016,"HORIZON HEALTH CARE, INC",109 N Main St,Howard,SD,57349,"Corporate Entity, Federal Tax Exempt",-101.4299253,45.3933768,N,N,46041,Dewey County,Dewey,County            ,8,Region 8,46,South Dakota,4600,0,South Dakota At Large,SD-00,Dusty Johnson,John Thune,Mike Rounds,5/6/2025
Federally Qualified Health Center (FQHC),H80CS00456,80590,BPS-H80-004155,Access Health - Highmore,200 Commercial Ave SE,Highmore,SD,57345-2148,605-852-2238,WWW.RURALHC.NET,44.5,7,All Other Clinic Types,1,Active,431815,1205824927,1,Permanent,2,Service Delivery Site,1,Health Center/Applicant,1,Full-Time,1,Year-Round,10/1/1987,"RURAL HEALTH CARE, INC.",202 Island Dr STE 1,Fort Pierre,SD,57532-7303,"Corporate Entity, Federal Tax Exempt",-99.44014179,44.5191664,N,N,46069,Hyde County,Hyde,County            ,8,Region 8,46,South Dakota,4600,0,South Dakota At Large,SD-00,Dusty Johnson,John Thune,Mike Rounds,5/6/2025
Federally Qualified Health Center (FQHC),H80CS00135,81030,BPS-H80-021109,Horizon Health - Union Co. Correctional Facility,300 E Main St,Elk Point,SD,57025-2160,605-356-3317,www.horizonhealthcare.org,4,7,All Other Clinic Types,1,Active,,,1,Permanent,2,Service Delivery Site,1,Health Center/Applicant,0,Unknown,0,Unknown,8/31/2017,"HORIZON HEALTH CARE, INC",109 N Main St,Howard,SD,57349,"Corporate Entity, Federal Tax Exempt",-96.6825539,42.68512025,N,N,46127,Union County,Union,County            ,8,Region 8,46,South Dakota,4600,0,South Dakota At Large,SD-00,Dusty Johnson,John Thune,Mike Rounds,5/6/2025
Federally Qualified Health Center (FQHC),H80CS00456,80590,BPS-H80-004404,Access Health - Fort Pierre,202 Island Dr STE 1,Fort Pierre,SD,57532-7303,605-223-2200,WWW.RURALHC.NET,44.5,7,All Other Clinic Types,1,Active,431840,1487667077,1,Permanent,3,Administrative/Service Delivery Site,1,Health Center/Applicant,1,Full-Time,1,Year-Round,9/6/2006,"RURAL HEALTH CARE, INC.",202 Island Dr STE 1,Fort Pierre,SD,57532-7303,"Corporate Entity, Federal Tax Exempt",-100.3749927,44.36796558,N,N,46117,Stanley County,Stanley,County            ,8,Region 8,46,South Dakota,4600,0,South Dakota At Large,SD-00,Dusty Johnson,John Thune,Mike Rounds,5/6/2025
Federally Qualified Health Center (FQHC),H80CS00216,81890,BPS-H80-032324,OneHeart Clinic,217 Kansas City St,Rapid City,SD,57701-3079,605-721-8939,,30,7,All Other Clinic Types,1,Active,,,1,Permanent,2,Service Delivery Site,1,Health Center/Applicant,0,Unknown,0,Unknown,4/14/2021,"COMMUNITY HEALTH CENTER OF THE BLACK HILLS, INC.",350 Pine St,Rapid City,SD,57701-1669,"Corporate Entity, Federal Tax Exempt",-103.2216245,44.07795312,N,N,46103,Pennington County,Pennington,County            ,8,Region 8,46,South Dakota,4600,0,South Dakota At Large,SD-00,Dusty Johnson,John Thune,Mike Rounds,5/6/2025
Federally Qualified Health Center (FQHC),H80CS00216,81890,BPS-H80-008280,General Beadle Clinic,10 Van Buren St,Rapid City,SD,57701-0969,605-721-8985,www.chcbh.com,40,2,School,1,Active,431844,,1,Permanent,2,Service Delivery Site,1,Health Center/Applicant,0,Unknown,1,Year-Round,3/1/2009,"COMMUNITY HEALTH CENTER OF THE BLACK HILLS, INC.",350 Pine St,Rapid City,SD,57701-1669,"Corporate Entity, Federal Tax Exempt",-103.2132609,44.09306699,N,N,46103,Pennington County,Pennington,County            ,8,Region 8,46,South Dakota,4600,0,South Dakota At Large,SD-00,Dusty Johnson,John Thune,Mike Rounds,5/6/2025
Federally Qualified Health Center (FQHC),H80CS00456,80590,BPS-H80-013129,Access Health - Chamberlain,101 S Front St,Chamberlain,SD,57325-1612,605-234-6584,www.ruralhc.net,48,7,All Other Clinic Types,1,Active,431852,1750705232,1,Permanent,2,Service Delivery Site,1,Health Center/Applicant,1,Full-Time,1,Year-Round,10/30/2013,"RURAL HEALTH CARE, INC.",202 Island Dr STE 1,Fort Pierre,SD,57532-7303,"Corporate Entity, Federal Tax Exempt",-99.33859007,43.79561225,N,N,46015,Brule County,Brule,County            ,8,Region 8,46,South Dakota,4600,0,South Dakota At Large,SD-00,Dusty Johnson,John Thune,Mike Rounds,5/6/2025
Federally Qualified Health Center (FQHC),H80CS00135,81030,BPS-H80-017543,Horizon Health - Faith,112 N 2nd Ave W,Faith,SD,57626-6086,605-967-2644,,45,7,All Other Clinic Types,1,Active,431813,1912972712,1,Permanent,2,Service Delivery Site,1,Health Center/Applicant,0,Unknown,0,Unknown,1/1/2016,"HORIZON HEALTH CARE, INC",109 N Main St,Howard,SD,57349,"Corporate Entity, Federal Tax Exempt",-102.0413337,45.02389007,N,N,46093,Meade County,Meade,County            ,8,Region 8,46,South Dakota,4600,0,South Dakota At Large,SD-00,Dusty Johnson,John Thune,Mike Rounds,5/6/2025
Federally Qualified Health Center (FQHC),H80CS00216,81890,BPS-H80-017217,Main Clinic,350 Pine St,Rapid City,SD,57701-1669,605-721-8939,,50,7,All Other Clinic Types,1,Active,431812,,1,Permanent,3,Administrative/Service Delivery Site,1,Health Center/Applicant,0,Unknown,0,Unknown,10/5/2015,"COMMUNITY HEALTH CENTER OF THE BLACK HILLS, INC.",350 Pine St,Rapid City,SD,57701-1669,"Corporate Entity, Federal Tax Exempt",-103.2000606,44.08527949,N,N,46103,Pennington County,Pennington,County            ,8,Region 8,46,South Dakota,4600,0,South Dakota At Large,SD-00,Dusty Johnson,John Thune,Mike Rounds,5/6/2025
Federally Qualified Health Center (FQHC),H80CS00135,81030,BPS-H80-017545,Horizon Health - Eagle Butte,24337 US Highway 212,Eagle Butte,SD,57625-7770,605-964-8000,,45,7,All Other Clinic Types,1,Active,431802,1558335349,1,Permanent,2,Service Delivery Site,1,Health Center/Applicant,0,Unknown,0,Unknown,1/1/2016,"HORIZON HEALTH CARE, INC",109 N Main St,Howard,SD,57349,"Corporate Entity, Federal Tax Exempt",-101.231921,45.00814027,N,N,46041,Dewey County,Dewey,County            ,8,Region 8,46,South Dakota,4600,0,South Dakota At Large,SD-00,Dusty Johnson,John Thune,Mike Rounds,5/6/2025
Federally Qualified Health Center (FQHC),H80CS00456,80590,BPS-H80-014799,Access Health - Kennebec,120 S Main St,Kennebec,SD,57544,605-869-2872,www.ruralhc.net,42.5,7,All Other Clinic Types,1,Active,431854,1740669381,1,Permanent,2,Service Delivery Site,1,Health Center/Applicant,0,Unknown,0,Unknown,2/17/2015,"RURAL HEALTH CARE, INC.",202 Island Dr STE 1,Fort Pierre,SD,57532-7303,"Corporate Entity, Federal Tax Exempt",-99.86199837,43.90379883,N,N,46085,Lyman County,Lyman,County            ,8,Region 8,46,South Dakota,4600,0,South Dakota At Large,SD-00,Dusty Johnson,John Thune,Mike Rounds,5/6/2025
Federally Qualified Health Center (FQHC),H80CS00456,80590,BPS-H80-002693,Access Health - Murdo,609 Garfield Ave,Murdo,SD,57559-4100,605-669-2121,WWW.RURALHC.NET,42.5,7,All Other Clinic Types,1,Active,431814,1720076441,1,Permanent,2,Service Delivery Site,1,Health Center/Applicant,1,Full-Time,1,Year-Round,10/1/1987,"RURAL HEALTH CARE, INC.",202 Island Dr STE 1,Fort Pierre,SD,57532-7303,"Corporate Entity, Federal Tax Exempt",-100.7118256,43.88485783,N,N,46075,Jones County,Jones,County            ,8,Region 8,46,South Dakota,4600,0,South Dakota At Large,SD-00,Dusty Johnson,John Thune,Mike Rounds,5/6/2025
Federally Qualified Health Center (FQHC),H80CS00219,81450,BPS-H80-002703,FALLS COMMUNITY HEALTH,521 N Main Ave STE 101,Sioux Falls,SD,57104-5963,605-367-8793,www.siouxfalls.org/fch,46,7,All Other Clinic Types,1,Active,431822,,1,Permanent,3,Administrative/Service Delivery Site,1,Health Center/Applicant,1,Full-Time,1,Year-Round,1/1/1979,CITY OF SIOUX FALLS,224 W 9th St,Sioux Falls,SD,57104-6407,U.S. Government Entity,-96.72878462,43.5531311,N,N,46099,Minnehaha County,Minnehaha,County            ,8,Region 8,46,South Dakota,4600,0,South Dakota At Large,SD-00,Dusty Johnson,John Thune,Mike Rounds,5/6/2025
Federally Qualified Health Center (FQHC),H80CS00135,81030,BPS-H80-012221,Horizon Health - Huron,1000 18th St SW STE 27,Huron,SD,57350-3488,605-554-1015,www.horizonhealthcare.org,52,7,All Other Clinic Types,1,Active,431847,1245513811,1,Permanent,2,Service Delivery Site,1,Health Center/Applicant,1,Full-Time,1,Year-Round,12/14/2012,"HORIZON HEALTH CARE, INC",109 N Main St,Howard,SD,57349,"Corporate Entity, Federal Tax Exempt",-98.23104396,44.343288,N,N,46005,Beadle County,Beadle,County            ,8,Region 8,46,South Dakota,4600,0,South Dakota At Large,SD-00,Dusty Johnson,John Thune,Mike Rounds,5/6/2025
Federally Qualified Health Center (FQHC),H80CS00219,81450,BPS-H80-008936,Falls Community Health School Based Health Services/Terry Redlin,1722 E 8th St,Sioux Falls,SD,57103-1712,605-367-8793,www.siouxfalls.org/fch,16,2,School,1,Active,431845,,1,Permanent,2,Service Delivery Site,1,Health Center/Applicant,2,Part-Time,1,Year-Round,6/29/2009,CITY OF SIOUX FALLS,224 W 9th St,Sioux Falls,SD,57104-6407,U.S. Government Entity,-96.70457911,43.5485584,N,N,46099,Minnehaha County,Minnehaha,County            ,8,Region 8,46,South Dakota,4600,0,South Dakota At Large,SD-00,Dusty Johnson,John Thune,Mike Rounds,5/6/2025
Federally Qualified Health Center (FQHC),H80CS00135,81030,BPS-H80-009057,Horizon Health - Wessington Springs Dental,602 1st St NE STE 3,Wessington Springs,SD,57382-2167,605-772-4525,www.horizonhealthcare.org,42,7,All Other Clinic Types,1,Active,,,1,Permanent,2,Service Delivery Site,1,Health Center/Applicant,1,Full-Time,1,Year-Round,7/30/2009,"HORIZON HEALTH CARE, INC",109 N Main St,Howard,SD,57349,"Corporate Entity, Federal Tax Exempt",-98.56513539,44.07835243,N,N,46073,Jerauld County,Jerauld,County            ,8,Region 8,46,South Dakota,4600,0,South Dakota At Large,SD-00,Dusty Johnson,John Thune,Mike Rounds,5/6/2025
Federally Qualified Health Center (FQHC),H80CS00456,80590,BPS-H80-003780,Access Health - Onida,303 S Main St,Onida,SD,57564-2160,605-258-2635,WWW.RURALHC.NET,42.5,7,All Other Clinic Types,1,Active,431816,1992793616,1,Permanent,2,Service Delivery Site,1,Health Center/Applicant,1,Full-Time,1,Year-Round,10/1/1993,"RURAL HEALTH CARE, INC.",202 Island Dr STE 1,Fort Pierre,SD,57532-7303,"Corporate Entity, Federal Tax Exempt",-100.0661799,44.70495074,N,N,46119,Sully County,Sully,County            ,8,Region 8,46,South Dakota,4600,0,South Dakota At Large,SD-00,Dusty Johnson,John Thune,Mike Rounds,5/6/2025
Federally Qualified Health Center (FQHC),H80CS00135,81030,BPS-H80-021105,Horizon Health - Elk Point,204 E Main St,Elk Point,SD,57025-2334,605-356-3317,www.horizonhealthcare.org,50,7,All Other Clinic Types,1,Active,431805,1841728730,1,Permanent,2,Service Delivery Site,1,Health Center/Applicant,0,Unknown,0,Unknown,8/31/2017,"HORIZON HEALTH CARE, INC",109 N Main St,Howard,SD,57349,"Corporate Entity, Federal Tax Exempt",-96.68335194,42.68552894,N,N,46127,Union County,Union,County            ,8,Region 8,46,South Dakota,4600,0,South Dakota At Large,SD-00,Dusty Johnson,John Thune,Mike Rounds,5/6/2025
Federally Qualified Health Center (FQHC),H80CS00135,81030,BPS-H80-017101,Horizon Health - Aberdeen,506 S Wilson St,Aberdeen,SD,57401-5082,605-725-3900,www.horizonhealthcare.org,43,7,All Other Clinic Types,1,Active,431850,1104248475,1,Permanent,2,Service Delivery Site,1,Health Center/Applicant,0,Unknown,0,Unknown,9/30/2015,"HORIZON HEALTH CARE, INC",109 N Main St,Howard,SD,57349,"Corporate Entity, Federal Tax Exempt",-98.46163112,45.46012363,N,N,46013,Brown County,Brown,County            ,8,Region 8,46,South Dakota,4600,0,South Dakota At Large,SD-00,Dusty Johnson,John Thune,Mike Rounds,5/6/2025
Federally Qualified Health Center (FQHC),H80CS00135,81030,BPS-H80-014207,Horizon Health - Martin Dental,103 E Bennett Ave,Martin,SD,57551-2203,605-685-1046,www.horizonhealthcare.org,40,7,All Other Clinic Types,1,Active,,,1,Permanent,2,Service Delivery Site,1,Health Center/Applicant,1,Full-Time,0,Unknown,8/11/2014,"HORIZON HEALTH CARE, INC",109 N Main St,Howard,SD,57349,"Corporate Entity, Federal Tax Exempt",-101.7305886,43.17209917,N,N,46007,Bennett County,Bennett,County            ,8,Region 8,46,South Dakota,4600,0,South Dakota At Large,SD-00,Dusty Johnson,John Thune,Mike Rounds,5/6/2025
Federally Qualified Health Center (FQHC),H80CS00820,84980,BPS-H80-018580,San Juan Family Dental,217 S 100 W,Monticello,UT,84535-7813,435-587-2528,,40,7,All Other Clinic Types,1,Active,,,1,Permanent,2,Service Delivery Site,1,Health Center/Applicant,0,Unknown,0,Unknown,9/6/2016,UTAH NAVAJO HEALTH SYSTEM INC,State Rte-162,Montezuma Creek,UT,84534,"Corporate Entity, Federal Tax Exempt",-109.3447227,37.86949013,N,N,49037,San Juan County,San Juan,County            ,8,Region 8,49,Utah,4903,3,Utah District 03,UT-03,Mike Kennedy,Mike Lee,John  R. Curtis,5/6/2025
Federally Qualified Health Center (FQHC),H80CS07890,818490,BPS-H80-013925,Family Healthcare Hurricane Utah School Based Clinic,391 N 200 W,Hurricane,UT,84737-1616,435-986-2565,,51.5,2,School,1,Active,461843,,1,Permanent,2,Service Delivery Site,1,Health Center/Applicant,1,Full-Time,1,Year-Round,6/12/2014,"Southwest Utah Community Health Center, Inc.",2276 E Riverside Dr,Saint George,UT,84790-2636,"Corporate Entity, Federal Tax Exempt",-113.2919088,37.18192727,N,N,49053,Washington County,Washington,County            ,8,Region 8,49,Utah,4902,2,Utah District 02,UT-02,Celeste Maloy,Mike Lee,John  R. Curtis,5/6/2025
Federally Qualified Health Center (FQHC),H80CS00220,80220,BPS-H80-015779,"Community Health Center, Inc. Ellis R. Shipp",4535 S 5600 W,West Valley City,UT,84120-4639,801-676-4405,www.chc-ut.org,44,7,All Other Clinic Types,1,Active,461854,,1,Permanent,2,Service Delivery Site,1,Health Center/Applicant,0,Unknown,0,Unknown,8/14/2015,COMMUNITY HEALTH CENTERS INC,"1455 W 2200 S, Ste 300",West Valley City,UT,84119-7219,"Corporate Entity, Federal Tax Exempt",-112.024666,40.67167314,N,N,49035,Salt Lake County,Salt Lake,County            ,8,Region 8,49,Utah,4904,4,Utah District 04,UT-04,Burgess Owens,Mike Lee,John  R. Curtis,5/6/2025
Federally Qualified Health Center (FQHC),H80CS00220,80220,BPS-H80-013214,Neighborhood Clinic at Mountainview School,1388 Navajo St,Salt Lake City,UT,84104,801-955-2360,http://www.chc-ut.org,55,2,School,1,Active,461856,,1,Permanent,2,Service Delivery Site,1,Health Center/Applicant,1,Full-Time,1,Year-Round,10/31/2013,COMMUNITY HEALTH CENTERS INC,"1455 W 2200 S, Ste 300",West Valley City,UT,84119-7219,"Corporate Entity, Federal Tax Exempt",-111.9295248,40.73882873,N,N,49035,Salt Lake County,Salt Lake,County            ,8,Region 8,49,Utah,4902,2,Utah District 02,UT-02,Celeste Maloy,Mike Lee,John  R. Curtis,5/6/2025
Federally Qualified Health Center (FQHC),H80CS00820,84980,BPS-H80-028183,Blanding Family Practice Community Health Center,910 S 300 W,Blanding,UT,84511-3921,435-678-0700,www.unhsinc.org,68,7,All Other Clinic Types,1,Active,,,1,Permanent,2,Service Delivery Site,1,Health Center/Applicant,0,Unknown,0,Unknown,8/7/2019,UTAH NAVAJO HEALTH SYSTEM INC,State Rte-162,Montezuma Creek,UT,84534,"Corporate Entity, Federal Tax Exempt",-109.4833451,37.61253966,N,N,49037,San Juan County,San Juan,County            ,8,Region 8,49,Utah,4903,3,Utah District 03,UT-03,Mike Kennedy,Mike Lee,John  R. Curtis,5/6/2025
Federally Qualified Health Center (FQHC),H80CS26515,08E01040,BPS-H80-012940,Paiute Indian Tribe of Utah,440 N Paiute Dr,Cedar City,UT,84721-6181,435-586-1112,www.utahpaiutes.org,40,0,Unknown,1,Active,,,1,Permanent,1,Administrative,1,Health Center/Applicant,1,Full-Time,1,Year-Round,9/1/2013,PAIUTE INDIAN TRIBE OF UTAH,440 N Paiute Dr,Cedar City,UT,84721-6181,Other,-113.0590138,37.68499053,N,N,49021,Iron County,Iron,County            ,8,Region 8,49,Utah,4902,2,Utah District 02,UT-02,Celeste Maloy,Mike Lee,John  R. Curtis,5/6/2025
Federally Qualified Health Center (FQHC),H80CS00519,82240,BPS-H80-013188,Escalante Dental Clinic,65 N Center St,Escalante,UT,84726-7713,435-425-3744,waynechc.org,40,7,All Other Clinic Types,1,Active,,,1,Permanent,2,Service Delivery Site,1,Health Center/Applicant,1,Full-Time,1,Year-Round,10/31/2013,WAYNE COMMUNITY HEALTH CENTERS INC,128 S 300 W,Bicknell,UT,84715-7722,"Corporate Entity, Federal Tax Exempt",-111.9945787,37.56312894,N,N,49017,Garfield County,Garfield,County            ,8,Region 8,49,Utah,4902,2,Utah District 02,UT-02,Celeste Maloy,Mike Lee,John  R. Curtis,5/6/2025
Federally Qualified Health Center (FQHC),H80CS07890,818490,BPS-H80-034798,Family Healthcare Mobile Unit 1,2276 E Riverside Dr,Saint George,UT,84790-2636,801-986-2565,www.familyhc.org,10,7,All Other Clinic Types,1,Active,,,5,Mobile Van,2,Service Delivery Site,1,Health Center/Applicant,0,Unknown,0,Unknown,9/15/2021,"Southwest Utah Community Health Center, Inc.",2276 E Riverside Dr,Saint George,UT,84790-2636,"Corporate Entity, Federal Tax Exempt",-113.5334023,37.10239059,N,N,49053,Washington County,Washington,County            ,8,Region 8,49,Utah,4902,2,Utah District 02,UT-02,Celeste Maloy,Mike Lee,John  R. Curtis,5/6/2025
Federally Qualified Health Center (FQHC),H80CS00213,83950,BPS-H80-013756,Mountainlands Family Health Center--Wasatch,750 N Freedom Blvd STE 201,Provo,UT,84601-1677,801-429-2000,www.mountainlands.org,40,7,All Other Clinic Types,1,Active,461838,1710329958,1,Permanent,2,Service Delivery Site,1,Health Center/Applicant,1,Full-Time,1,Year-Round,4/15/2014,"MOUNTAINLANDS COMMUNITY HEALTH CENTER, INC.",589 S State St,Provo,UT,84606-5056,"Corporate Entity, Federal Tax Exempt",-111.6620935,40.2436826,N,N,49049,Utah County,Utah,County            ,8,Region 8,49,Utah,4903,3,Utah District 03,UT-03,Mike Kennedy,Mike Lee,John  R. Curtis,5/6/2025
Federally Qualified Health Center (FQHC),H80CS00043,85060,BPS-H80-002639,"WASATCH HOMELESS HEALTH CARE, INC d.b.a Fourth Street Clinic",409 W 400 S,Salt Lake City,UT,84101-1135,801-364-0058,www.fourthstreetclinic.org,50,7,All Other Clinic Types,1,Active,461817,1528128899,1,Permanent,3,Administrative/Service Delivery Site,1,Health Center/Applicant,1,Full-Time,1,Year-Round,4/1/1991,WASATCH HOMELESS HEALTH CARE INC,409 W 400 S,Salt Lake City,UT,84101-1135,"Corporate Entity, Federal Tax Exempt",-111.9030329,40.76061016,N,N,49035,Salt Lake County,Salt Lake,County            ,8,Region 8,49,Utah,4902,2,Utah District 02,UT-02,Celeste Maloy,Mike Lee,John  R. Curtis,5/6/2025
Federally Qualified Health Center (FQHC),H80CS07890,818490,BPS-H80-014975,Family Healthcare Cedar East,245 E 680 S,Cedar City,UT,84720-3593,435-865-1387,www.familyhc.org,55,7,All Other Clinic Types,1,Active,461846,,1,Permanent,2,Service Delivery Site,1,Health Center/Applicant,0,Unknown,0,Unknown,5/5/2015,"Southwest Utah Community Health Center, Inc.",2276 E Riverside Dr,Saint George,UT,84790-2636,"Corporate Entity, Federal Tax Exempt",-113.057547,37.66544079,N,N,49021,Iron County,Iron,County            ,8,Region 8,49,Utah,4902,2,Utah District 02,UT-02,Celeste Maloy,Mike Lee,John  R. Curtis,5/6/2025
Federally Qualified Health Center (FQHC),H80CS00519,82240,BPS-H80-003607,"WAYNE COMMUNITY HEALTH CENTER, INC.",128 S 300 W,Bicknell,UT,84715-7722,435-425-3744,NONE,44,7,All Other Clinic Types,1,Active,461802,1093816282,1,Permanent,3,Administrative/Service Delivery Site,1,Health Center/Applicant,1,Full-Time,1,Year-Round,1/7/1980,WAYNE COMMUNITY HEALTH CENTERS INC,128 S 300 W,Bicknell,UT,84715-7722,"Corporate Entity, Federal Tax Exempt",-111.5497853,38.33913647,N,N,49055,Wayne County,Wayne,County            ,8,Region 8,49,Utah,4902,2,Utah District 02,UT-02,Celeste Maloy,Mike Lee,John  R. Curtis,5/6/2025
Federally Qualified Health Center (FQHC),H80CS00519,82240,BPS-H80-014423,Kazan Memorial Clinic,570 E Moqui Ln,Escalante,UT,84726-7753,435-826-4374,,40,7,All Other Clinic Types,1,Active,461841,1568886000,1,Permanent,2,Service Delivery Site,1,Health Center/Applicant,0,Unknown,0,Unknown,11/21/2014,WAYNE COMMUNITY HEALTH CENTERS INC,128 S 300 W,Bicknell,UT,84715-7722,"Corporate Entity, Federal Tax Exempt",-111.5902158,37.76714709,N,N,49017,Garfield County,Garfield,County            ,8,Region 8,49,Utah,4902,2,Utah District 02,UT-02,Celeste Maloy,Mike Lee,John  R. Curtis,5/6/2025
Federally Qualified Health Center (FQHC),H80CS00831,83800,BPS-H80-015301,Midtown Community Health Center Hope,W 3300 S,Ogden,UT,84401,801-393-5355,,50,7,All Other Clinic Types,1,Active,461845,1609254796,1,Permanent,2,Service Delivery Site,1,Health Center/Applicant,0,Unknown,0,Unknown,6/23/2015,"MIDTOWN COMMUNITY HEALTH CENTER, INC",2240 Adams Ave,Ogden,UT,84401-1511,"Corporate Entity, Federal Tax Exempt",-112.0794552,41.20535434,N,N,49057,Weber County,Weber,County            ,8,Region 8,49,Utah,4901,1,Utah District 01,UT-01,Blake D. Moore,Mike Lee,John  R. Curtis,5/6/2025
Federally Qualified Health Center (FQHC),H80CS07890,818490,BPS-H80-034392,Family Healthcare Riverside Drive Clinic,2276 E Riverside Dr,Saint George,UT,84790,435-986-2565,,71,7,All Other Clinic Types,1,Active,461819,,1,Permanent,3,Administrative/Service Delivery Site,1,Health Center/Applicant,0,Unknown,0,Unknown,3/29/2022,"Southwest Utah Community Health Center, Inc.",2276 E Riverside Dr,Saint George,UT,84790-2636,"Corporate Entity, Federal Tax Exempt",-113.5331508,37.10255328,N,N,49053,Washington County,Washington,County            ,8,Region 8,49,Utah,4902,2,Utah District 02,UT-02,Celeste Maloy,Mike Lee,John  R. Curtis,5/6/2025
Federally Qualified Health Center (FQHC),H80CS00820,84980,BPS-H80-009078,Blanding Family Practice Community Health Center,802 S 200 W,Blanding,UT,84511,435-678-3601,www.unhsinc.com,40,1,Hospital,1,Active,461833,1457489486,1,Permanent,1,Administrative,1,Health Center/Applicant,1,Full-Time,1,Year-Round,9/15/2009,UTAH NAVAJO HEALTH SYSTEM INC,State Rte-162,Montezuma Creek,UT,84534,"Corporate Entity, Federal Tax Exempt",-109.4816423,37.61345751,N,N,49037,San Juan County,San Juan,County            ,8,Region 8,49,Utah,4903,3,Utah District 03,UT-03,Mike Kennedy,Mike Lee,John  R. Curtis,5/6/2025
Federally Qualified Health Center (FQHC),H80CS00831,83800,BPS-H80-037641,Midtown Community Health Center South Salt Lake,60 E 3750 S,Salt Lake City,UT,84115-4428,801-486-0911,,50,7,All Other Clinic Types,1,Active,,,1,Permanent,2,Service Delivery Site,1,Health Center/Applicant,0,Unknown,0,Unknown,10/19/2023,"MIDTOWN COMMUNITY HEALTH CENTER, INC",2240 Adams Ave,Ogden,UT,84401-1511,"Corporate Entity, Federal Tax Exempt",-111.889284,40.68974256,N,N,49035,Salt Lake County,Salt Lake,County            ,8,Region 8,49,Utah,4902,2,Utah District 02,UT-02,Celeste Maloy,Mike Lee,John  R. Curtis,5/6/2025
Federally Qualified Health Center (FQHC),H80CS26644,08E01071,BPS-H80-017367,Utah Partners for Health Dental Clinic,7651 S Main St,Midvale,UT,84047-7101,801-417-0131,,38,7,All Other Clinic Types,1,Active,461842,,1,Permanent,3,Administrative/Service Delivery Site,1,Health Center/Applicant,0,Unknown,0,Unknown,12/16/2015,UTAH PARTNERS FOR HEALTH,7651 S Main St,Midvale,UT,84047-7101,"Corporate Entity, Federal Tax Exempt",-111.9102316,40.61230081,N,N,49035,Salt Lake County,Salt Lake,County            ,8,Region 8,49,Utah,4904,4,Utah District 04,UT-04,Burgess Owens,Mike Lee,John  R. Curtis,5/6/2025
Federally Qualified Health Center (FQHC),H80CS07890,818490,BPS-H80-039557,Family Healthcare Main Street Clinic,189 N Main St,Saint George,UT,84770,435-986-2565,,57,7,All Other Clinic Types,1,Active,,,1,Permanent,3,Administrative/Service Delivery Site,1,Health Center/Applicant,0,Unknown,0,Unknown,12/5/2024,"Southwest Utah Community Health Center, Inc.",2276 E Riverside Dr,Saint George,UT,84790-2636,"Corporate Entity, Federal Tax Exempt",-113.5834294,37.11150147,N,N,49053,Washington County,Washington,County            ,8,Region 8,49,Utah,4902,2,Utah District 02,UT-02,Celeste Maloy,Mike Lee,John  R. Curtis,5/6/2025
Federally Qualified Health Center (FQHC),H80CS26515,08E01040,BPS-H80-012950,FourPoints Health - Kanosh Clinic,157 N Reservation Rd,Fillmore,UT,84631,435-759-2610,fourpointshealth.org,40,7,All Other Clinic Types,1,Active,,,1,Permanent,2,Service Delivery Site,1,Health Center/Applicant,1,Full-Time,1,Year-Round,9/1/2013,PAIUTE INDIAN TRIBE OF UTAH,440 N Paiute Dr,Cedar City,UT,84721-6181,Other,-112.404966,38.82115712,N,N,49027,Millard County,Millard,County            ,8,Region 8,49,Utah,4902,2,Utah District 02,UT-02,Celeste Maloy,Mike Lee,John  R. Curtis,5/6/2025
Federally Qualified Health Center (FQHC),H80CS26644,08E01071,BPS-H80-028059,Utah Partners for Health Family Health Clinics - West Jordan,9103 S 1300 W STE 102,West Jordan,UT,84088-6709,801-417-0131,www.upfh.org,52,7,All Other Clinic Types,1,Active,461865,,1,Permanent,2,Service Delivery Site,1,Health Center/Applicant,0,Unknown,0,Unknown,7/15/2019,UTAH PARTNERS FOR HEALTH,7651 S Main St,Midvale,UT,84047-7101,"Corporate Entity, Federal Tax Exempt",-111.9291625,40.58587498,N,N,49035,Salt Lake County,Salt Lake,County            ,8,Region 8,49,Utah,4904,4,Utah District 04,UT-04,Burgess Owens,Mike Lee,John  R. Curtis,5/6/2025
Federally Qualified Health Center (FQHC),H80CS00321,100180,BPS-H80-038298,HEALTH WEST - GARDEN CITY CHC,325 W Logan Rd,Garden City,UT,84028,435-946-3660,www.healthwestinc.org,45,7,All Other Clinic Types,1,Active,461001,1013623941,1,Permanent,2,Service Delivery Site,1,Health Center/Applicant,0,Unknown,0,Unknown,2/21/2024,"HEALTH WEST, INC",500 S 11th Ave STE 400,Pocatello,ID,83201-4880,"Corporate Entity, Federal Tax Exempt",-111.4012892,41.94678996,N,N,49033,Rich County,Rich,County            ,8,Region 8,49,Utah,4901,1,Utah District 01,UT-01,Blake D. Moore,Mike Lee,John  R. Curtis,5/6/2025
Federally Qualified Health Center (FQHC),H80CS00213,83950,BPS-H80-008780,Mountainlands Community Health Center Main Site Clinic,589 S State St,Provo,UT,84606-5056,801-374-9660,www.mountainlands.org,64,7,All Other Clinic Types,1,Active,461813,1427075134,1,Permanent,3,Administrative/Service Delivery Site,1,Health Center/Applicant,1,Full-Time,1,Year-Round,6/29/2009,"MOUNTAINLANDS COMMUNITY HEALTH CENTER, INC.",589 S State St,Provo,UT,84606-5056,"Corporate Entity, Federal Tax Exempt",-111.6437549,40.2261563,N,N,49049,Utah County,Utah,County            ,8,Region 8,49,Utah,4903,3,Utah District 03,UT-03,Mike Kennedy,Mike Lee,John  R. Curtis,5/6/2025
Federally Qualified Health Center (FQHC),H80CS00043,85060,BPS-H80-039558,Magnolia Apartments,165 S 300 E,Salt Lake City,UT,84111-2556,385-252-3160,,40,7,All Other Clinic Types,1,Active,,,1,Permanent,2,Service Delivery Site,1,Health Center/Applicant,0,Unknown,0,Unknown,12/8/2024,WASATCH HOMELESS HEALTH CARE INC,409 W 400 S,Salt Lake City,UT,84101-1135,"Corporate Entity, Federal Tax Exempt",-111.8823974,40.76572082,N,N,49035,Salt Lake County,Salt Lake,County            ,8,Region 8,49,Utah,4901,1,Utah District 01,UT-01,Blake D. Moore,Mike Lee,John  R. Curtis,5/6/2025
Federally Qualified Health Center (FQHC),H80CS00820,84980,BPS-H80-038992,UNHS Mobile Dental Unit,State Rte-162,Montezuma Creek,UT,84534,435-678-0601,,8,7,All Other Clinic Types,1,Active,,,5,Mobile Van,2,Service Delivery Site,1,Health Center/Applicant,0,Unknown,0,Unknown,7/28/2024,UTAH NAVAJO HEALTH SYSTEM INC,State Rte-162,Montezuma Creek,UT,84534,"Corporate Entity, Federal Tax Exempt",-109.332188,37.273597,N,N,49037,San Juan County,San Juan,County            ,8,Region 8,49,Utah,4903,3,Utah District 03,UT-03,Mike Kennedy,Mike Lee,John  R. Curtis,5/6/2025
Federally Qualified Health Center (FQHC),H80CS26644,08E01071,BPS-H80-013349,Mid-Valley Health Clinic,8446 S Harrison St,Midvale,UT,84047-3501,801-417-0131,www.upfh.org,35,7,All Other Clinic Types,1,Active,79430,1508299892,1,Permanent,2,Service Delivery Site,1,Health Center/Applicant,1,Full-Time,1,Year-Round,11/1/2013,UTAH PARTNERS FOR HEALTH,7651 S Main St,Midvale,UT,84047-7101,"Corporate Entity, Federal Tax Exempt",-111.9004381,40.59802165,N,N,49035,Salt Lake County,Salt Lake,County            ,8,Region 8,49,Utah,4903,3,Utah District 03,UT-03,Mike Kennedy,Mike Lee,John  R. Curtis,5/6/2025
Federally Qualified Health Center (FQHC),H80CS00220,80220,BPS-H80-010549,"Community Health Centers, Inc. 72nd Street Clinic",220 W 7200 S,Midvale,UT,84047-1043,801-566-5494,www.chc-ut.org,52,7,All Other Clinic Types,1,Active,461808,,1,Permanent,3,Administrative/Service Delivery Site,1,Health Center/Applicant,1,Full-Time,1,Year-Round,4/25/2011,COMMUNITY HEALTH CENTERS INC,"1455 W 2200 S, Ste 300",West Valley City,UT,84119-7219,"Corporate Entity, Federal Tax Exempt",-111.8981056,40.62068561,N,N,49035,Salt Lake County,Salt Lake,County            ,8,Region 8,49,Utah,4904,4,Utah District 04,UT-04,Burgess Owens,Mike Lee,John  R. Curtis,5/6/2025
Federally Qualified Health Center (FQHC),H80CS00831,83800,BPS-H80-003548,MIDTOWN COMMUNITY HEALTH CENTER,2240 Adams Ave,Ogden,UT,84401-1511,801-393-5355,NA,65,7,All Other Clinic Types,1,Active,461815,1548267420,1,Permanent,3,Administrative/Service Delivery Site,1,Health Center/Applicant,1,Full-Time,1,Year-Round,5/16/2007,"MIDTOWN COMMUNITY HEALTH CENTER, INC",2240 Adams Ave,Ogden,UT,84401-1511,"Corporate Entity, Federal Tax Exempt",-111.9675158,41.22583626,N,N,49057,Weber County,Weber,County            ,8,Region 8,49,Utah,4901,1,Utah District 01,UT-01,Blake D. Moore,Mike Lee,John  R. Curtis,5/6/2025
Federally Qualified Health Center (FQHC),H80CS00213,83950,BPS-H80-014977,East Bay Health Center,299 E 900 S STE 101,Provo,UT,84606-6107,801-429-2000,www.mountainlands.org,40,7,All Other Clinic Types,1,Active,0,,1,Permanent,2,Service Delivery Site,1,Health Center/Applicant,0,Unknown,0,Unknown,5/5/2015,"MOUNTAINLANDS COMMUNITY HEALTH CENTER, INC.",589 S State St,Provo,UT,84606-5056,"Corporate Entity, Federal Tax Exempt",-111.653383,40.22208747,N,N,49049,Utah County,Utah,County            ,8,Region 8,49,Utah,4903,3,Utah District 03,UT-03,Mike Kennedy,Mike Lee,John  R. Curtis,5/6/2025
Federally Qualified Health Center (FQHC),H80CS00043,85060,BPS-H80-027959,Admin Only,242 W Paramount Ave,Salt Lake City,UT,84115-5216,801-364-0058,,40,7,All Other Clinic Types,1,Active,46187,,5,Mobile Van,2,Service Delivery Site,1,Health Center/Applicant,0,Unknown,0,Unknown,7/1/2019,WASATCH HOMELESS HEALTH CARE INC,409 W 400 S,Salt Lake City,UT,84101-1135,"Corporate Entity, Federal Tax Exempt",-111.898309,40.73639954,N,N,49035,Salt Lake County,Salt Lake,County            ,8,Region 8,49,Utah,4902,2,Utah District 02,UT-02,Celeste Maloy,Mike Lee,John  R. Curtis,5/6/2025
Federally Qualified Health Center (FQHC),H80CS26515,08E01040,BPS-H80-017926,FourPoints Health - Richfield Clinic,440 S Main St,Richfield,UT,84701-2855,435-893-0977,fourpointshealth.org,40,7,All Other Clinic Types,1,Active,,1700062296,1,Permanent,2,Service Delivery Site,1,Health Center/Applicant,0,Unknown,0,Unknown,5/1/2016,PAIUTE INDIAN TRIBE OF UTAH,440 N Paiute Dr,Cedar City,UT,84721-6181,Other,-112.0847767,38.76221705,N,N,49041,Sevier County,Sevier,County            ,8,Region 8,49,Utah,4902,2,Utah District 02,UT-02,Celeste Maloy,Mike Lee,John  R. Curtis,5/6/2025
Federally Qualified Health Center (FQHC),H80CS00220,80220,BPS-H80-004858,STEPHEN RATCLIFFE COMMUNITY HLTH CTR,1365 W 1000 N,Salt Lake City,UT,84116-1654,801-328-5750,www.chc-ut.org,52,7,All Other Clinic Types,1,Active,461811,,1,Permanent,2,Service Delivery Site,1,Health Center/Applicant,1,Full-Time,1,Year-Round,1/1/1979,COMMUNITY HEALTH CENTERS INC,"1455 W 2200 S, Ste 300",West Valley City,UT,84119-7219,"Corporate Entity, Federal Tax Exempt",-111.9305589,40.79102486,N,N,49035,Salt Lake County,Salt Lake,County            ,8,Region 8,49,Utah,4902,2,Utah District 02,UT-02,Celeste Maloy,Mike Lee,John  R. Curtis,5/6/2025
Federally Qualified Health Center (FQHC),H80CS00321,100180,BPS-H80-038297,HEALTH WEST - NORTH LOGAN CHC,1515 N 400 E STE 104,North Logan,UT,84341-7595,435-755-6061,www.healthwestinc.org,45,7,All Other Clinic Types,1,Active,461004,1457067381,1,Permanent,2,Service Delivery Site,1,Health Center/Applicant,0,Unknown,0,Unknown,2/21/2024,"HEALTH WEST, INC",500 S 11th Ave STE 400,Pocatello,ID,83201-4880,"Corporate Entity, Federal Tax Exempt",-111.8239654,41.75941996,N,N,49005,Cache County,Cache,County            ,8,Region 8,49,Utah,4901,1,Utah District 01,UT-01,Blake D. Moore,Mike Lee,John  R. Curtis,5/6/2025
Federally Qualified Health Center (FQHC),H80CS00519,82240,BPS-H80-037526,WCHC Physical Therapy Building,130 S 300 W,Bicknell,UT,84715-7722,435-425-3744,,40,7,All Other Clinic Types,1,Active,,,1,Permanent,2,Service Delivery Site,1,Health Center/Applicant,0,Unknown,0,Unknown,10/12/2023,WAYNE COMMUNITY HEALTH CENTERS INC,128 S 300 W,Bicknell,UT,84715-7722,"Corporate Entity, Federal Tax Exempt",-111.5497646,38.33912368,N,N,49055,Wayne County,Wayne,County            ,8,Region 8,49,Utah,4902,2,Utah District 02,UT-02,Celeste Maloy,Mike Lee,John  R. Curtis,5/6/2025
Federally Qualified Health Center (FQHC),H80CS00518,83440,BPS-H80-005650,"CARBON MEDICAL SERVICE ASSOCIATION, INC.",305 Center St,East Carbon,UT,84520-7726,435-888-4411,carbonmedialservice.com,40,7,All Other Clinic Types,1,Active,,1497717821,1,Permanent,1,Administrative,1,Health Center/Applicant,1,Full-Time,1,Year-Round,1/10/1992,"CARBON MEDICAL SERVICE ASSOCIATION, INCORPORATED",305 Center St,East Carbon,UT,84520-7726,"Corporate Entity, Federal Tax Exempt",-110.4166369,39.54357475,N,N,49007,Carbon County,Carbon,County            ,8,Region 8,49,Utah,4903,3,Utah District 03,UT-03,Mike Kennedy,Mike Lee,John  R. Curtis,5/6/2025
Federally Qualified Health Center (FQHC),H80CS00518,83440,BPS-H80-000089,CARBON MED SERV-HELPER CLINIC,125 S Main St,Helper,UT,84526-1535,435-472-7000,carbonmedicalservice.com,40,7,All Other Clinic Types,1,Active,461822,1679749196,1,Permanent,2,Service Delivery Site,1,Health Center/Applicant,1,Full-Time,1,Year-Round,6/1/2003,"CARBON MEDICAL SERVICE ASSOCIATION, INCORPORATED",305 Center St,East Carbon,UT,84520-7726,"Corporate Entity, Federal Tax Exempt",-110.8546149,39.6848325,N,N,49007,Carbon County,Carbon,County            ,8,Region 8,49,Utah,4903,3,Utah District 03,UT-03,Mike Kennedy,Mike Lee,John  R. Curtis,5/6/2025
Federally Qualified Health Center (FQHC),H80CS00820,84980,BPS-H80-000296,Montezuma Creek Community Health Center,State Rte-262,Montezuma Creek,UT,84534,435-651-3894,www.unhsinc.com,40,7,All Other Clinic Types,1,Active,,,1,Permanent,1,Administrative,1,Health Center/Applicant,1,Full-Time,1,Year-Round,1/11/2001,UTAH NAVAJO HEALTH SYSTEM INC,State Rte-162,Montezuma Creek,UT,84534,"Corporate Entity, Federal Tax Exempt",-109.2764465,37.25821567,N,N,49037,San Juan County,San Juan,County            ,8,Region 8,49,Utah,4903,3,Utah District 03,UT-03,Mike Kennedy,Mike Lee,John  R. Curtis,5/6/2025
Federally Qualified Health Center (FQHC),H80CS00220,80220,BPS-H80-038478,"Community Health Centers, Inc.","1455 W 2200 S, Ste 300",West Valley City,UT,84119-7219,801-412-6920,,,0,Unknown,1,Active,,,1,Permanent,1,Administrative,1,Health Center/Applicant,0,Unknown,0,Unknown,4/8/2024,COMMUNITY HEALTH CENTERS INC,"1455 W 2200 S, Ste 300",West Valley City,UT,84119-7219,"Corporate Entity, Federal Tax Exempt",-111.93298,40.72368,N,N,49035,Salt Lake County,Salt Lake,County            ,8,Region 8,49,Utah,4902,2,Utah District 02,UT-02,Celeste Maloy,Mike Lee,John  R. Curtis,5/6/2025
Federally Qualified Health Center (FQHC),H80CS07890,818490,BPS-H80-037302,Family Healthcare Zion Canyon Clinic,120 Lion Blvd,Springdale,UT,84767-7724,801-986-2565,,38,7,All Other Clinic Types,1,Active,461000,,1,Permanent,2,Service Delivery Site,1,Health Center/Applicant,0,Unknown,0,Unknown,9/14/2023,"Southwest Utah Community Health Center, Inc.",2276 E Riverside Dr,Saint George,UT,84790-2636,"Corporate Entity, Federal Tax Exempt",-112.9978306,37.19476579,N,N,49053,Washington County,Washington,County            ,8,Region 8,49,Utah,4902,2,Utah District 02,UT-02,Celeste Maloy,Mike Lee,John  R. Curtis,5/6/2025
Federally Qualified Health Center (FQHC),H80CS00220,80220,BPS-H80-024756,"Community Health Centers, Inc - Central City",610 S 200 E STE B,Salt Lake City,UT,84111-3802,801-964-6214,,50,7,All Other Clinic Types,1,Active,461862,,1,Permanent,2,Service Delivery Site,1,Health Center/Applicant,0,Unknown,0,Unknown,9/18/2018,COMMUNITY HEALTH CENTERS INC,"1455 W 2200 S, Ste 300",West Valley City,UT,84119-7219,"Corporate Entity, Federal Tax Exempt",-111.8853764,40.75586471,N,N,49035,Salt Lake County,Salt Lake,County            ,8,Region 8,49,Utah,4901,1,Utah District 01,UT-01,Blake D. Moore,Mike Lee,John  R. Curtis,5/6/2025
Federally Qualified Health Center (FQHC),H80CS00820,84980,BPS-H80-007814,Monument Valley Health Center- Satellite,30 Medical Dr,Monument Valley New,UT,84536,435-727-3000,www.unhsinc.com,48,7,All Other Clinic Types,1,Active,461835,1699803635,1,Permanent,2,Service Delivery Site,1,Health Center/Applicant,0,Unknown,1,Year-Round,8/4/2008,UTAH NAVAJO HEALTH SYSTEM INC,State Rte-162,Montezuma Creek,UT,84534,"Corporate Entity, Federal Tax Exempt",-110.1781094,36.99940718,N,N,49037,San Juan County,San Juan,County            ,8,Region 8,49,Utah,4903,3,Utah District 03,UT-03,Mike Kennedy,Mike Lee,John  R. Curtis,5/6/2025
Federally Qualified Health Center (FQHC),H80CS00831,83800,BPS-H80-007698,Midtown Community Health Center at James Madison Elementary,2563 Monroe Blvd,Ogden,UT,84401-2513,801-334-2213,none,40,2,School,1,Active,461825,1447495981,1,Permanent,2,Service Delivery Site,1,Health Center/Applicant,1,Full-Time,1,Year-Round,12/1/2008,"MIDTOWN COMMUNITY HEALTH CENTER, INC",2240 Adams Ave,Ogden,UT,84401-1511,"Corporate Entity, Federal Tax Exempt",-111.9593665,41.2192902,N,N,49057,Weber County,Weber,County            ,8,Region 8,49,Utah,4901,1,Utah District 01,UT-01,Blake D. Moore,Mike Lee,John  R. Curtis,5/6/2025
Federally Qualified Health Center (FQHC),H80CS00220,80220,BPS-H80-001779,OQUIRRH VIEW COMMUNITY HEALTH CENTER,4745 S 3200 W,Salt Lake City,UT,84129-2822,801-964-6214,www.chc-ut.org,52,7,All Other Clinic Types,1,Active,461816,,1,Permanent,2,Service Delivery Site,1,Health Center/Applicant,1,Full-Time,1,Year-Round,9/1/1996,COMMUNITY HEALTH CENTERS INC,"1455 W 2200 S, Ste 300",West Valley City,UT,84119-7219,"Corporate Entity, Federal Tax Exempt",-111.9674325,40.66664999,N,N,49035,Salt Lake County,Salt Lake,County            ,8,Region 8,49,Utah,4904,4,Utah District 04,UT-04,Burgess Owens,Mike Lee,John  R. Curtis,5/6/2025
Federally Qualified Health Center (FQHC),H80CS00831,83800,BPS-H80-008823,Midtown Community Health Center Davis County,22 S State St,Clearfield,UT,84015-1043,801-393-5355,N/A,50,7,All Other Clinic Types,1,Active,461823,1467644740,1,Permanent,2,Service Delivery Site,1,Health Center/Applicant,1,Full-Time,1,Year-Round,6/29/2009,"MIDTOWN COMMUNITY HEALTH CENTER, INC",2240 Adams Ave,Ogden,UT,84401-1511,"Corporate Entity, Federal Tax Exempt",-112.0257285,41.11369167,N,N,49011,Davis County,Davis,County            ,8,Region 8,49,Utah,4901,1,Utah District 01,UT-01,Blake D. Moore,Mike Lee,John  R. Curtis,5/6/2025
Federally Qualified Health Center (FQHC),H80CS26644,08E01071,BPS-H80-013358,Utah Partners for Health Mobile Clinic,8446 S Harrison St,Midvale,UT,84047-3501,801-417-0131,www.upfh.org,17,7,All Other Clinic Types,1,Active,,,5,Mobile Van,2,Service Delivery Site,1,Health Center/Applicant,2,Part-Time,1,Year-Round,11/1/2013,UTAH PARTNERS FOR HEALTH,7651 S Main St,Midvale,UT,84047-7101,"Corporate Entity, Federal Tax Exempt",-111.9004381,40.59802165,N,N,49035,Salt Lake County,Salt Lake,County            ,8,Region 8,49,Utah,4903,3,Utah District 03,UT-03,Mike Kennedy,Mike Lee,John  R. Curtis,5/6/2025
Federally Qualified Health Center (FQHC),H80CS00220,80220,BPS-H80-019078,"Community Health Centers, Inc. - Brigham City","980 Medical Dr, Ste 1",Brigham City,UT,84302-3094,435-726-8276,chc-ut.org,40,7,All Other Clinic Types,1,Active,,,1,Permanent,2,Service Delivery Site,1,Health Center/Applicant,0,Unknown,0,Unknown,12/23/2016,COMMUNITY HEALTH CENTERS INC,"1455 W 2200 S, Ste 300",West Valley City,UT,84119-7219,"Corporate Entity, Federal Tax Exempt",-112.0258624,41.48953273,N,N,49003,Box Elder County,Box Elder,County            ,8,Region 8,49,Utah,4901,1,Utah District 01,UT-01,Blake D. Moore,Mike Lee,John  R. Curtis,5/6/2025
Federally Qualified Health Center (FQHC),H80CS00820,84980,BPS-H80-003946,Navajo Mountain Community Health Center,2 Rainbow City Rd,Monument Valley,UT,84536,928-672-2494,www.unhsinc.com,36,7,All Other Clinic Types,1,Active,461834,1740318401,1,Permanent,2,Service Delivery Site,1,Health Center/Applicant,1,Full-Time,1,Year-Round,1/3/2004,UTAH NAVAJO HEALTH SYSTEM INC,State Rte-162,Montezuma Creek,UT,84534,"Corporate Entity, Federal Tax Exempt",-110.7658151,37.06209218,N,N,49037,San Juan County,San Juan,County            ,8,Region 8,49,Utah,4903,3,Utah District 03,UT-03,Mike Kennedy,Mike Lee,John  R. Curtis,5/6/2025
Federally Qualified Health Center (FQHC),H80CS00462,82490,BPS-H80-004708,GREEN RIVER MEDICAL CENTER,585 W Main St,Green River,UT,84525-7784,435-564-3434,grmc.biz,50,7,All Other Clinic Types,1,Active,461804,1942317722,1,Permanent,2,Service Delivery Site,1,Health Center/Applicant,1,Full-Time,1,Year-Round,1/1/1984,GREEN RIVER MEDICAL CENTER,585 W Main St,Green River,UT,84525-7784,"Corporate Entity, Federal Tax Exempt",-110.1698267,38.99544556,N,N,49015,Emery County,Emery,County            ,8,Region 8,49,Utah,4903,3,Utah District 03,UT-03,Mike Kennedy,Mike Lee,John  R. Curtis,5/6/2025
Federally Qualified Health Center (FQHC),H80CS00820,84980,BPS-H80-039020,UNHS Mobile Medical Unit,State Rte-162,Montezuma Creek,UT,84534,435-678-0601,,8,7,All Other Clinic Types,1,Active,,,5,Mobile Van,2,Service Delivery Site,1,Health Center/Applicant,0,Unknown,0,Unknown,8/5/2024,UTAH NAVAJO HEALTH SYSTEM INC,State Rte-162,Montezuma Creek,UT,84534,"Corporate Entity, Federal Tax Exempt",-109.332188,37.273597,N,N,49037,San Juan County,San Juan,County            ,8,Region 8,49,Utah,4903,3,Utah District 03,UT-03,Mike Kennedy,Mike Lee,John  R. Curtis,5/6/2025
Federally Qualified Health Center (FQHC),H80CS00321,100180,BPS-H80-038295,HEALTH WEST - BRIGHAM CITY CHC,5 W 200 N,Brigham City,UT,84302-2109,435-723-7999,www.healthwestinc.org,45,7,All Other Clinic Types,1,Active,461002,1518673441,1,Permanent,2,Service Delivery Site,1,Health Center/Applicant,0,Unknown,0,Unknown,2/21/2024,"HEALTH WEST, INC",500 S 11th Ave STE 400,Pocatello,ID,83201-4880,"Corporate Entity, Federal Tax Exempt",-112.0160407,41.51481515,N,N,49003,Box Elder County,Box Elder,County            ,8,Region 8,49,Utah,4901,1,Utah District 01,UT-01,Blake D. Moore,Mike Lee,John  R. Curtis,5/6/2025
Federally Qualified Health Center (FQHC),H80CS07890,818490,BPS-H80-027275,Family Healthcare Integrated Clinic,74 W Harding Ave,Cedar City,UT,84720-2562,435-865-1387,,27,7,All Other Clinic Types,1,Active,461864,1659358687,1,Permanent,2,Service Delivery Site,1,Health Center/Applicant,0,Unknown,0,Unknown,12/27/2018,"Southwest Utah Community Health Center, Inc.",2276 E Riverside Dr,Saint George,UT,84790-2636,"Corporate Entity, Federal Tax Exempt",-113.0630601,37.67858728,N,N,49021,Iron County,Iron,County            ,8,Region 8,49,Utah,4902,2,Utah District 02,UT-02,Celeste Maloy,Mike Lee,John  R. Curtis,5/6/2025
Federally Qualified Health Center (FQHC),H80CS00519,82240,BPS-H80-015136,WAYNE COMMUNITY HEALTH HANKSVILLE,30 S Highway 95,Hanksville,UT,84734,435-542-3281,,6,7,All Other Clinic Types,1,Active,,,1,Permanent,2,Service Delivery Site,1,Health Center/Applicant,0,Unknown,0,Unknown,4/12/2015,WAYNE COMMUNITY HEALTH CENTERS INC,128 S 300 W,Bicknell,UT,84715-7722,"Corporate Entity, Federal Tax Exempt",-110.7047057,38.37321535,N,N,49055,Wayne County,Wayne,County            ,8,Region 8,49,Utah,4902,2,Utah District 02,UT-02,Celeste Maloy,Mike Lee,John  R. Curtis,5/6/2025
Federally Qualified Health Center (FQHC),H80CS00831,83800,BPS-H80-009174,Midtown Community Health Center Children's Clinic,5285 S 400 E STE A,Washington Terrace,UT,84405-7194,801-475-7007,,50,7,All Other Clinic Types,1,Active,461824,1013186717,1,Permanent,2,Service Delivery Site,1,Health Center/Applicant,1,Full-Time,1,Year-Round,11/20/2009,"MIDTOWN COMMUNITY HEALTH CENTER, INC",2240 Adams Ave,Ogden,UT,84401-1511,"Corporate Entity, Federal Tax Exempt",-111.9713318,41.16736101,N,N,49057,Weber County,Weber,County            ,8,Region 8,49,Utah,4901,1,Utah District 01,UT-01,Blake D. Moore,Mike Lee,John  R. Curtis,5/6/2025
Federally Qualified Health Center (FQHC),H80CS33638,09E01367,BPS-H80-030129,Creek Valley Admin ONLY Site,1065 N Hildale St # 418,Hildale,UT,84784-7770,435-900-1104 x45,www.creekvalleyhc.com,,7,All Other Clinic Types,1,Active,,,1,Permanent,1,Administrative,1,Health Center/Applicant,0,Unknown,0,Unknown,12/23/2019,CREEK VALLEY HEALTH CLINIC,20 South Colvin Street,Colorado City,AZ,86021,"Corporate Entity, Federal Tax Exempt",-112.9669949,37.00834157,N,N,49053,Washington County,Washington,County            ,8,Region 8,49,Utah,4902,2,Utah District 02,UT-02,Celeste Maloy,Mike Lee,John  R. Curtis,5/6/2025
Federally Qualified Health Center (FQHC),H80CS00213,83950,BPS-H80-033434,Mountainlands Community Health Center - Payson 2,285 N 1250 E,Payson,UT,84651-5794,801-429-2000,www.mountainlands.org,40,7,All Other Clinic Types,1,Active,,,1,Permanent,2,Service Delivery Site,1,Health Center/Applicant,0,Unknown,0,Unknown,9/15/2021,"MOUNTAINLANDS COMMUNITY HEALTH CENTER, INC.",589 S State St,Provo,UT,84606-5056,"Corporate Entity, Federal Tax Exempt",-111.7112505,40.04682016,N,N,49049,Utah County,Utah,County            ,8,Region 8,49,Utah,4904,4,Utah District 04,UT-04,Burgess Owens,Mike Lee,John  R. Curtis,5/6/2025
Federally Qualified Health Center (FQHC),H80CS00820,84980,BPS-H80-022078,Montezuma Creek Community Health Center,State Rte-162,Montezuma Creek,UT,84534,435-651-3700,www.unhsinc.org,56,7,All Other Clinic Types,1,Active,461818,1811991151,1,Permanent,3,Administrative/Service Delivery Site,1,Health Center/Applicant,0,Unknown,0,Unknown,5/4/2018,UTAH NAVAJO HEALTH SYSTEM INC,State Rte-162,Montezuma Creek,UT,84534,"Corporate Entity, Federal Tax Exempt",-109.332188,37.273597,N,N,49037,San Juan County,San Juan,County            ,8,Region 8,49,Utah,4903,3,Utah District 03,UT-03,Mike Kennedy,Mike Lee,John  R. Curtis,5/6/2025
Federally Qualified Health Center (FQHC),H80CS00321,100180,BPS-H80-038294,HEALTH WEST - PROVIDENCE CHC,517 W 100 N STE 110,Providence,UT,84332-9826,435-755-6075,www.healthwestinc.org,50,7,All Other Clinic Types,1,Active,461006,1528774452,1,Permanent,2,Service Delivery Site,1,Health Center/Applicant,0,Unknown,0,Unknown,2/21/2024,"HEALTH WEST, INC",500 S 11th Ave STE 400,Pocatello,ID,83201-4880,"Corporate Entity, Federal Tax Exempt",-111.8305603,41.71016194,N,N,49005,Cache County,Cache,County            ,8,Region 8,49,Utah,4901,1,Utah District 01,UT-01,Blake D. Moore,Mike Lee,John  R. Curtis,5/6/2025
Federally Qualified Health Center (FQHC),H80CS00213,83950,BPS-H80-013946,Mountainlands Family Health Center Vernal Dental Clinic,133 S 500 E,Vernal,UT,84078-2728,435-247-1177,,32,7,All Other Clinic Types,1,Active,U000071433,,1,Permanent,2,Service Delivery Site,1,Health Center/Applicant,2,Part-Time,1,Year-Round,6/18/2014,"MOUNTAINLANDS COMMUNITY HEALTH CENTER, INC.",589 S State St,Provo,UT,84606-5056,"Corporate Entity, Federal Tax Exempt",-109.5189339,40.45395156,N,N,49047,Uintah County,Uintah,County            ,8,Region 8,49,Utah,4903,3,Utah District 03,UT-03,Mike Kennedy,Mike Lee,John  R. Curtis,5/6/2025
Federally Qualified Health Center (FQHC),H80CS00518,83440,BPS-H80-038397,Price Clinic,92 N 400 E,Price,UT,84501-2509,435-637-6338,,40,7,All Other Clinic Types,1,Active,461869,,1,Permanent,2,Service Delivery Site,1,Health Center/Applicant,0,Unknown,0,Unknown,2/29/2024,"CARBON MEDICAL SERVICE ASSOCIATION, INCORPORATED",305 Center St,East Carbon,UT,84520-7726,"Corporate Entity, Federal Tax Exempt",-110.8035405,39.60079088,N,N,49007,Carbon County,Carbon,County            ,8,Region 8,49,Utah,4903,3,Utah District 03,UT-03,Mike Kennedy,Mike Lee,John  R. Curtis,5/6/2025
Federally Qualified Health Center (FQHC),H80CS00220,80220,BPS-H80-013581,Bear River Health Clinic,440 W 600 N,Tremonton,UT,84337-2400,435-257-3318,,20,7,All Other Clinic Types,1,Active,461847,,1,Permanent,2,Service Delivery Site,1,Health Center/Applicant,2,Part-Time,1,Year-Round,2/6/2014,COMMUNITY HEALTH CENTERS INC,"1455 W 2200 S, Ste 300",West Valley City,UT,84119-7219,"Corporate Entity, Federal Tax Exempt",-112.1725366,41.71882929,N,N,49003,Box Elder County,Box Elder,County            ,8,Region 8,49,Utah,4901,1,Utah District 01,UT-01,Blake D. Moore,Mike Lee,John  R. Curtis,5/6/2025
Federally Qualified Health Center (FQHC),H80CS26644,08E01071,BPS-H80-017311,Utah Partners for Health Mobile Eye Clinic,8446 S Harrison St,Midvale,UT,84047-3501,801-417-0131,,19.5,7,All Other Clinic Types,1,Active,,,5,Mobile Van,2,Service Delivery Site,1,Health Center/Applicant,0,Unknown,0,Unknown,11/25/2015,UTAH PARTNERS FOR HEALTH,7651 S Main St,Midvale,UT,84047-7101,"Corporate Entity, Federal Tax Exempt",-111.9004381,40.59802165,N,N,49035,Salt Lake County,Salt Lake,County            ,8,Region 8,49,Utah,4903,3,Utah District 03,UT-03,Mike Kennedy,Mike Lee,John  R. Curtis,5/6/2025
Federally Qualified Health Center (FQHC),H80CS00644,82480,BPS-H80-003242,"ENTERPRISE VALLEY MED CLINIC, INC.",223 S 200 E,Enterprise,UT,84725,435-878-2281,evmc.org,48,7,All Other Clinic Types,1,Active,461803,1659457786,1,Permanent,3,Administrative/Service Delivery Site,1,Health Center/Applicant,1,Full-Time,1,Year-Round,1/1/1984,"ENTERPRISE VALLEY MEDICAL CLINIC, INC",223 S 200 E,Enterprise,UT,84725,"Corporate Entity, Federal Tax Exempt",-113.7166729,37.56989472,N,N,49053,Washington County,Washington,County            ,8,Region 8,49,Utah,4902,2,Utah District 02,UT-02,Celeste Maloy,Mike Lee,John  R. Curtis,5/6/2025
Federally Qualified Health Center (FQHC),H80CS00519,82240,BPS-H80-037569,WCHC Administration Building,357 W 100 S BLDG,Bicknell,UT,84715-7762,435-425-3744,,,0,Unknown,1,Active,,,1,Permanent,1,Administrative,1,Health Center/Applicant,0,Unknown,0,Unknown,10/18/2023,WAYNE COMMUNITY HEALTH CENTERS INC,128 S 300 W,Bicknell,UT,84715-7722,"Corporate Entity, Federal Tax Exempt",-111.5507553,38.34207619,N,N,49055,Wayne County,Wayne,County            ,8,Region 8,49,Utah,4902,2,Utah District 02,UT-02,Celeste Maloy,Mike Lee,John  R. Curtis,5/6/2025
Federally Qualified Health Center (FQHC),H80CS00518,83440,BPS-H80-027731,"Carbon Medical Service Association, Inc.",331 E Hwy 123,Sunnyside,UT,84539,435-888-4411,carbonmedicalservice.com,60,7,All Other Clinic Types,1,Active,461801,,1,Permanent,2,Service Delivery Site,1,Health Center/Applicant,0,Unknown,0,Unknown,5/9/2019,"CARBON MEDICAL SERVICE ASSOCIATION, INCORPORATED",305 Center St,East Carbon,UT,84520-7726,"Corporate Entity, Federal Tax Exempt",-110.393285,39.54970033,N,N,49007,Carbon County,Carbon,County            ,8,Region 8,49,Utah,4903,3,Utah District 03,UT-03,Mike Kennedy,Mike Lee,John  R. Curtis,5/6/2025
Federally Qualified Health Center (FQHC),H80CS00820,84980,BPS-H80-039019,UNHS Mobile Mammography Unit,State Rte-162,Montezuma Creek,UT,84534,435-678-0601,,8,7,All Other Clinic Types,1,Active,,,5,Mobile Van,2,Service Delivery Site,1,Health Center/Applicant,0,Unknown,0,Unknown,8/5/2024,UTAH NAVAJO HEALTH SYSTEM INC,State Rte-162,Montezuma Creek,UT,84534,"Corporate Entity, Federal Tax Exempt",-109.332188,37.273597,N,N,49037,San Juan County,San Juan,County            ,8,Region 8,49,Utah,4903,3,Utah District 03,UT-03,Mike Kennedy,Mike Lee,John  R. Curtis,5/6/2025
Federally Qualified Health Center (FQHC),H80CS00213,83950,BPS-H80-013490,Mountainlands Community Health Center - Vernal,1680 W Highway 40 STE 201,Vernal,UT,84078-4142,801-429-2000,www.mountainlands.org,40,7,All Other Clinic Types,1,Active,461839,1801226907,1,Permanent,2,Service Delivery Site,1,Health Center/Applicant,1,Full-Time,1,Year-Round,12/24/2013,"MOUNTAINLANDS COMMUNITY HEALTH CENTER, INC.",589 S State St,Provo,UT,84606-5056,"Corporate Entity, Federal Tax Exempt",-109.560511,40.44270771,N,N,49047,Uintah County,Uintah,County            ,8,Region 8,49,Utah,4903,3,Utah District 03,UT-03,Mike Kennedy,Mike Lee,John  R. Curtis,5/6/2025
Federally Qualified Health Center (FQHC),H80CS00564,86120,BPS-H80-037306,Fremont County Pediatrics and Community Health,8185 State Highway 789,Lander,WY,82520-2942,307-332-2185,www.chccw.org,40,7,All Other Clinic Types,1,Active,,1234567890,1,Permanent,2,Service Delivery Site,1,Health Center/Applicant,0,Unknown,0,Unknown,9/21/2023,"COMMUNITY HEALTH CENTER OF CENTRAL WYOMING, INC.",5000 Blackmore Rd,Casper,WY,82609-3345,"Corporate Entity, Federal Tax Exempt",-108.7215143,42.83438517,N,N,56013,Fremont County,Fremont,County            ,8,Region 8,56,Wyoming,5600,0,Wyoming At Large,WY-00,Harriet M. Hageman,John Barrasso,Cynthia M. Lummis,5/6/2025
Federally Qualified Health Center (FQHC),H80CS00321,100180,BPS-H80-038300,HEALTH WEST - EVANSTON CHC,"75 Yellow Creek Rd, Ste 102",Evanston,WY,82930-5205,307-789-8290,www.healthwestinc.org,45,7,All Other Clinic Types,1,Active,531000,1619683547,1,Permanent,2,Service Delivery Site,1,Health Center/Applicant,0,Unknown,0,Unknown,2/21/2024,"HEALTH WEST, INC",500 S 11th Ave STE 400,Pocatello,ID,83201-4880,"Corporate Entity, Federal Tax Exempt",-110.9682803,41.25513667,N,N,56041,Uinta County,Uinta,County            ,8,Region 8,56,Wyoming,5600,0,Wyoming At Large,WY-00,Harriet M. Hageman,John Barrasso,Cynthia M. Lummis,5/6/2025
Federally Qualified Health Center (FQHC),H80CS00042,84620,BPS-H80-039228,"Community Action of Laramie County, Inc.",1700 Westland Rd,Cheyenne,WY,82001-3322,307-635-9291,https://www.calc.net/,40,7,All Other Clinic Types,1,Active,116157,1043436983,1,Permanent,2,Service Delivery Site,1,Health Center/Applicant,0,Unknown,0,Unknown,9/20/2024,"COMMUNITY ACTION OF LARAMIE COUNTY, INC.",1700 Westland Rd,Cheyenne,WY,82001-3322,"Corporate Entity, Federal Tax Exempt",-104.8391919,41.12539474,N,N,56021,Laramie County,Laramie,County            ,8,Region 8,56,Wyoming,5600,0,Wyoming At Large,WY-00,Harriet M. Hageman,John Barrasso,Cynthia M. Lummis,5/6/2025
Federally Qualified Health Center (FQHC),H80CS24102,08E00468,BPS-H80-035944,One Health - Mobile Medical Van,128 N Bent St,Powell,WY,82435-2712,307-764-4107,,8,7,All Other Clinic Types,1,Active,,,5,Mobile Van,2,Service Delivery Site,1,Health Center/Applicant,0,Unknown,0,Unknown,11/14/2022,BIGHORN VALLEY HEALTH CENTER INC,10 4th St W STE B,Hardin,MT,59034-1804,"Corporate Entity, Federal Tax Exempt",-108.7575933,44.75363757,N,N,56029,Park County,Park,County            ,8,Region 8,56,Wyoming,5600,0,Wyoming At Large,WY-00,Harriet M. Hageman,John Barrasso,Cynthia M. Lummis,5/6/2025
Federally Qualified Health Center (FQHC),H80CS24102,08E00468,BPS-H80-038321,One Health - Cody Clinic,902 Blackburn St STE F,Cody,WY,82414-8494,307-291-0447,,42,7,All Other Clinic Types,1,Active,,,1,Permanent,2,Service Delivery Site,1,Health Center/Applicant,0,Unknown,0,Unknown,2/22/2024,BIGHORN VALLEY HEALTH CENTER INC,10 4th St W STE B,Hardin,MT,59034-1804,"Corporate Entity, Federal Tax Exempt",-109.0425196,44.52853146,N,N,56029,Park County,Park,County            ,8,Region 8,56,Wyoming,5600,0,Wyoming At Large,WY-00,Harriet M. Hageman,John Barrasso,Cynthia M. Lummis,5/6/2025
Federally Qualified Health Center (FQHC),H80CS00042,84620,BPS-H80-015141,Crossroads Healthcare Mobile Clinic,100 Central Ave,Cheyenne,WY,82007-1330,307-632-8064,,7,7,All Other Clinic Types,1,Active,531802,,5,Mobile Van,2,Service Delivery Site,1,Health Center/Applicant,0,Unknown,0,Unknown,4/26/2015,"COMMUNITY ACTION OF LARAMIE COUNTY, INC.",1700 Westland Rd,Cheyenne,WY,82001-3322,"Corporate Entity, Federal Tax Exempt",-104.8077729,41.12011163,N,N,56021,Laramie County,Laramie,County            ,8,Region 8,56,Wyoming,5600,0,Wyoming At Large,WY-00,Harriet M. Hageman,John Barrasso,Cynthia M. Lummis,5/6/2025
Federally Qualified Health Center (FQHC),H80CS00564,86120,BPS-H80-010142,Community Health Center of Central Wyoming,5000 Blackmore Rd,Casper,WY,82609-3345,307-233-6000,http//www.chccw.org,168,7,All Other Clinic Types,1,Active,308471,1447480561,1,Permanent,3,Administrative/Service Delivery Site,1,Health Center/Applicant,1,Full-Time,1,Year-Round,10/1/2010,"COMMUNITY HEALTH CENTER OF CENTRAL WYOMING, INC.",5000 Blackmore Rd,Casper,WY,82609-3345,"Corporate Entity, Federal Tax Exempt",-106.2578773,42.84134227,N,N,56025,Natrona County,Natrona,County            ,8,Region 8,56,Wyoming,5600,0,Wyoming At Large,WY-00,Harriet M. Hageman,John Barrasso,Cynthia M. Lummis,5/6/2025
Federally Qualified Health Center (FQHC),H80CS04196,814640,BPS-H80-035904,MobileVan3E350,2508 E Fox Farm Rd STE 1A,Cheyenne,WY,82007-2559,307-635-3618,,168,2,School,1,Active,,,5,Mobile Van,2,Service Delivery Site,1,Health Center/Applicant,0,Unknown,0,Unknown,11/7/2022,CHEYENNE HEALTH AND WELLNESS CENTER,"2508 E Fox Farm Rd, Ste 2",Cheyenne,WY,82007-2559,"Corporate Entity, Federal Tax Exempt",-104.769201,41.11663234,N,N,56021,Laramie County,Laramie,County            ,8,Region 8,56,Wyoming,5600,0,Wyoming At Large,WY-00,Harriet M. Hageman,John Barrasso,Cynthia M. Lummis,5/6/2025
Federally Qualified Health Center (FQHC),H80CS24102,08E00468,BPS-H80-035946,One Health - Powell BH,130 N Bent St STE B,Powell,WY,82435-2742,307-764-4107,,40,7,All Other Clinic Types,1,Active,,,1,Permanent,2,Service Delivery Site,1,Health Center/Applicant,0,Unknown,0,Unknown,11/13/2022,BIGHORN VALLEY HEALTH CENTER INC,10 4th St W STE B,Hardin,MT,59034-1804,"Corporate Entity, Federal Tax Exempt",-108.7576249,44.75372415,N,N,56029,Park County,Park,County            ,8,Region 8,56,Wyoming,5600,0,Wyoming At Large,WY-00,Harriet M. Hageman,John Barrasso,Cynthia M. Lummis,5/6/2025
Federally Qualified Health Center (FQHC),H80CS00321,100180,BPS-H80-038296,HEALTH WEST - ROCK SPRINGS CHC,2620 Commercial Way,Rock Springs,WY,82901-4671,307-212-5116,www.healthwestinc.org,49,7,All Other Clinic Types,1,Active,531001,1992411821,1,Permanent,2,Service Delivery Site,1,Health Center/Applicant,0,Unknown,0,Unknown,2/21/2024,"HEALTH WEST, INC",500 S 11th Ave STE 400,Pocatello,ID,83201-4880,"Corporate Entity, Federal Tax Exempt",-109.2568364,41.5819526,N,N,56037,Sweetwater County,Sweetwater,County            ,8,Region 8,56,Wyoming,5600,0,Wyoming At Large,WY-00,Harriet M. Hageman,John Barrasso,Cynthia M. Lummis,5/6/2025
Federally Qualified Health Center (FQHC),H80CS04196,814640,BPS-H80-035886,MobileVan2-Mercedes,2508 E Fox Farm Rd STE 1A,Cheyenne,WY,82007-2559,307-635-3618,,168,2,School,1,Active,,,5,Mobile Van,2,Service Delivery Site,1,Health Center/Applicant,0,Unknown,0,Unknown,11/4/2022,CHEYENNE HEALTH AND WELLNESS CENTER,"2508 E Fox Farm Rd, Ste 2",Cheyenne,WY,82007-2559,"Corporate Entity, Federal Tax Exempt",-104.769201,41.11663234,N,N,56021,Laramie County,Laramie,County            ,8,Region 8,56,Wyoming,5600,0,Wyoming At Large,WY-00,Harriet M. Hageman,John Barrasso,Cynthia M. Lummis,5/6/2025
Federally Qualified Health Center (FQHC),H80CS02330,83970,BPS-H80-031984,Healthcare for the Homeless - Mobile,1514 E 12th St UNIT 201,Casper,WY,82601-4080,307-235-6116,www.capnc.org,5,7,All Other Clinic Types,1,Active,1629121330,,5,Mobile Van,2,Service Delivery Site,1,Health Center/Applicant,0,Unknown,0,Unknown,2/3/2021,FRIENDS OF THE COMMUNITY ACTION PARTNERSHIP OF NATRONA COUNTY,606 S David St,Casper,WY,82601-3136,U.S. Government Entity,-106.3044459,42.84068471,N,N,56025,Natrona County,Natrona,County            ,8,Region 8,56,Wyoming,5600,0,Wyoming At Large,WY-00,Harriet M. Hageman,John Barrasso,Cynthia M. Lummis,5/6/2025
Federally Qualified Health Center (FQHC),H80CS24102,08E00468,BPS-H80-038433,One Health - Whitney Building,31 E Whitney St,Sheridan,WY,82801,307-674-6995,onechc.org,40,7,All Other Clinic Types,1,Active,,,1,Permanent,2,Service Delivery Site,1,Health Center/Applicant,0,Unknown,0,Unknown,3/19/2024,BIGHORN VALLEY HEALTH CENTER INC,10 4th St W STE B,Hardin,MT,59034-1804,"Corporate Entity, Federal Tax Exempt",-106.9554757,44.79461728,N,N,56033,Sheridan County,Sheridan,County            ,8,Region 8,56,Wyoming,5600,0,Wyoming At Large,WY-00,Harriet M. Hageman,John Barrasso,Cynthia M. Lummis,5/6/2025
Federally Qualified Health Center (FQHC),H80CS24102,08E00468,BPS-H80-035948,One Health - Powell,128 N Bent St,Powell,WY,82435-2712,307-764-4107,,40,7,All Other Clinic Types,1,Active,,1568846962,1,Permanent,2,Service Delivery Site,1,Health Center/Applicant,0,Unknown,0,Unknown,11/13/2022,BIGHORN VALLEY HEALTH CENTER INC,10 4th St W STE B,Hardin,MT,59034-1804,"Corporate Entity, Federal Tax Exempt",-108.7575933,44.75363757,N,N,56029,Park County,Park,County            ,8,Region 8,56,Wyoming,5600,0,Wyoming At Large,WY-00,Harriet M. Hageman,John Barrasso,Cynthia M. Lummis,5/6/2025
Federally Qualified Health Center (FQHC),H80CS24102,08E00468,BPS-H80-040012,One Health - Powell,1201 E 7th St,Powell,WY,82435-2126,307-764-4107,https://www.onechc.org/heritage,47,7,All Other Clinic Types,1,Active,,,1,Permanent,2,Service Delivery Site,1,Health Center/Applicant,0,Unknown,0,Unknown,3/27/2025,BIGHORN VALLEY HEALTH CENTER INC,10 4th St W STE B,Hardin,MT,59034-1804,"Corporate Entity, Federal Tax Exempt",-108.739032,44.761327,N,N,56029,Park County,Park,County            ,8,Region 8,56,Wyoming,5600,0,Wyoming At Large,WY-00,Harriet M. Hageman,John Barrasso,Cynthia M. Lummis,5/6/2025
Federally Qualified Health Center (FQHC),H80CS00704,82160,BPS-H80-030899,Ag Worker Health & Services,212 E 6th St,Powell,WY,82435-1909,307-754-6350,https://www.agworker.org,40,7,All Other Clinic Types,1,Active,531826,,1,Permanent,2,Service Delivery Site,1,Health Center/Applicant,0,Unknown,0,Unknown,6/22/2020,MONTANA MIGRANT & SEASONAL FARM WORKERS,"3318 3rd Ave N, Ste 200",Billings,MT,59101-1900,"Corporate Entity, Federal Tax Exempt",-108.7569015,44.75949158,N,N,56029,Park County,Park,County            ,8,Region 8,56,Wyoming,5600,0,Wyoming At Large,WY-00,Harriet M. Hageman,John Barrasso,Cynthia M. Lummis,5/6/2025
Federally Qualified Health Center (FQHC),H80CS04196,814640,BPS-H80-019647,Cheyenne Health and Wellness  Center 1C,2508 E Fox Farm Rd # 1C,Cheyenne,WY,82007-2559,307-635-3618,,45,7,All Other Clinic Types,1,Active,,,1,Permanent,3,Administrative/Service Delivery Site,1,Health Center/Applicant,0,Unknown,0,Unknown,5/12/2017,CHEYENNE HEALTH AND WELLNESS CENTER,"2508 E Fox Farm Rd, Ste 2",Cheyenne,WY,82007-2559,"Corporate Entity, Federal Tax Exempt",-104.769201,41.11663234,N,N,56021,Laramie County,Laramie,County            ,8,Region 8,56,Wyoming,5600,0,Wyoming At Large,WY-00,Harriet M. Hageman,John Barrasso,Cynthia M. Lummis,5/6/2025
Federally Qualified Health Center (FQHC),H80CS02330,83970,BPS-H80-035683,Community Action Partnership of Natrona County,606 S David St,Casper,WY,82601-3191,307-232-0124,www.capnc.org,40,7,All Other Clinic Types,1,Active,,,1,Permanent,1,Administrative,1,Health Center/Applicant,0,Unknown,0,Unknown,9/26/2022,FRIENDS OF THE COMMUNITY ACTION PARTNERSHIP OF NATRONA COUNTY,606 S David St,Casper,WY,82601-3136,U.S. Government Entity,-106.3266679,42.84429819,N,N,56025,Natrona County,Natrona,County            ,8,Region 8,56,Wyoming,5600,0,Wyoming At Large,WY-00,Harriet M. Hageman,John Barrasso,Cynthia M. Lummis,5/6/2025
Federally Qualified Health Center (FQHC),H80CS02330,83970,BPS-H80-003374,HEALTH CARE FOR THE HOMELESS,1514 E 12th St UNIT 201,Casper,WY,82601-4080,307-235-6116,www.capnc.org,40,7,All Other Clinic Types,1,Active,531803,,1,Permanent,2,Service Delivery Site,1,Health Center/Applicant,1,Full-Time,1,Year-Round,1/12/1992,FRIENDS OF THE COMMUNITY ACTION PARTNERSHIP OF NATRONA COUNTY,606 S David St,Casper,WY,82601-3136,U.S. Government Entity,-106.3044459,42.84068471,N,N,56025,Natrona County,Natrona,County            ,8,Region 8,56,Wyoming,5600,0,Wyoming At Large,WY-00,Harriet M. Hageman,John Barrasso,Cynthia M. Lummis,5/6/2025
Federally Qualified Health Center (FQHC),H80CS04196,814640,BPS-H80-035999,Mobile Van1F550,2508 E Fox Farm Rd STE 1A,Cheyenne,WY,82007-2559,307-635-3618,,168,2,School,1,Active,,,5,Mobile Van,2,Service Delivery Site,1,Health Center/Applicant,0,Unknown,0,Unknown,11/28/2022,CHEYENNE HEALTH AND WELLNESS CENTER,"2508 E Fox Farm Rd, Ste 2",Cheyenne,WY,82007-2559,"Corporate Entity, Federal Tax Exempt",-104.769201,41.11663234,N,N,56021,Laramie County,Laramie,County            ,8,Region 8,56,Wyoming,5600,0,Wyoming At Large,WY-00,Harriet M. Hageman,John Barrasso,Cynthia M. Lummis,5/6/2025
Federally Qualified Health Center (FQHC),H80CS24102,08E00468,BPS-H80-035945,One Health - Greybull,444 Greybull Ave,Greybull,WY,82426-2037,307-765-1450,,18,7,All Other Clinic Types,1,Active,,,1,Permanent,2,Service Delivery Site,1,Health Center/Applicant,0,Unknown,0,Unknown,11/13/2022,BIGHORN VALLEY HEALTH CENTER INC,10 4th St W STE B,Hardin,MT,59034-1804,"Corporate Entity, Federal Tax Exempt",-108.0537456,44.48889021,N,N,56003,Big Horn County,Big Horn,County            ,8,Region 8,56,Wyoming,5600,0,Wyoming At Large,WY-00,Harriet M. Hageman,John Barrasso,Cynthia M. Lummis,5/6/2025
Federally Qualified Health Center (FQHC),H80CS30723,08E01122,BPS-H80-019630,University of Wyoming Family Medicine Residency Casper,1522 E A St,Casper,WY,82601-2254,307-234-6161,www.wyomingfamilypractice.com,53,7,All Other Clinic Types,1,Active,531818,1558657650,1,Permanent,2,Service Delivery Site,1,Health Center/Applicant,0,Unknown,0,Unknown,5/11/2017,UNIVERSITY OF WYOMING,1000 E University Ave,Laramie,WY,82071-2000,U.S. Government Entity,-106.3047349,42.85181471,N,N,56025,Natrona County,Natrona,County            ,8,Region 8,56,Wyoming,5600,0,Wyoming At Large,WY-00,Harriet M. Hageman,John Barrasso,Cynthia M. Lummis,5/6/2025
Federally Qualified Health Center (FQHC),H80CS00042,84620,BPS-H80-031320,Crossroads Healthcare Clinic,100 Central Ave,Cheyenne,WY,82007-1330,307-632-8064,,40,7,All Other Clinic Types,1,Active,27580,,1,Permanent,2,Service Delivery Site,1,Health Center/Applicant,0,Unknown,0,Unknown,9/14/2020,"COMMUNITY ACTION OF LARAMIE COUNTY, INC.",1700 Westland Rd,Cheyenne,WY,82001-3322,"Corporate Entity, Federal Tax Exempt",-104.8077729,41.12011163,N,N,56021,Laramie County,Laramie,County            ,8,Region 8,56,Wyoming,5600,0,Wyoming At Large,WY-00,Harriet M. Hageman,John Barrasso,Cynthia M. Lummis,5/6/2025
Federally Qualified Health Center (FQHC),H80CS24102,08E00468,BPS-H80-035947,One Health - Powell Viral,126 N Bent St,Powell,WY,82435-2712,307-764-4107,,39,7,All Other Clinic Types,1,Active,531823,,1,Permanent,2,Service Delivery Site,1,Health Center/Applicant,0,Unknown,0,Unknown,11/13/2022,BIGHORN VALLEY HEALTH CENTER INC,10 4th St W STE B,Hardin,MT,59034-1804,"Corporate Entity, Federal Tax Exempt",-108.757593,44.75356594,N,N,56029,Park County,Park,County            ,8,Region 8,56,Wyoming,5600,0,Wyoming At Large,WY-00,Harriet M. Hageman,John Barrasso,Cynthia M. Lummis,5/6/2025
Federally Qualified Health Center (FQHC),H80CS00564,86120,BPS-H80-010841,DUBOIS MEDICAL CLINIC,5647 US Highway 26,Dubois,WY,82513-9607,307-455-2516,www.chccw.org,40,7,All Other Clinic Types,1,Active,531814,1306136205,1,Permanent,2,Service Delivery Site,1,Health Center/Applicant,1,Full-Time,1,Year-Round,8/11/2011,"COMMUNITY HEALTH CENTER OF CENTRAL WYOMING, INC.",5000 Blackmore Rd,Casper,WY,82609-3345,"Corporate Entity, Federal Tax Exempt",-109.6165193,43.52657501,N,N,56013,Fremont County,Fremont,County            ,8,Region 8,56,Wyoming,5600,0,Wyoming At Large,WY-00,Harriet M. Hageman,John Barrasso,Cynthia M. Lummis,5/6/2025
Federally Qualified Health Center (FQHC),H80CS24102,08E00468,BPS-H80-035949,One Health - Lovell,229 E Main St,Lovell,WY,82431-2101,307-764-4107,,18,7,All Other Clinic Types,1,Active,,1356910426,1,Permanent,2,Service Delivery Site,1,Health Center/Applicant,0,Unknown,0,Unknown,11/13/2022,BIGHORN VALLEY HEALTH CENTER INC,10 4th St W STE B,Hardin,MT,59034-1804,"Corporate Entity, Federal Tax Exempt",-108.3886234,44.83760202,N,N,56003,Big Horn County,Big Horn,County            ,8,Region 8,56,Wyoming,5600,0,Wyoming At Large,WY-00,Harriet M. Hageman,John Barrasso,Cynthia M. Lummis,5/6/2025
Federally Qualified Health Center (FQHC),H80CS24102,08E00468,BPS-H80-034451,One Health - Sheridan,201 E 5th St,Sheridan,WY,82801-3658,406-665-4103,www.onechc.org,40,7,All Other Clinic Types,1,Active,,,1,Permanent,2,Service Delivery Site,1,Health Center/Applicant,0,Unknown,0,Unknown,3/18/2022,BIGHORN VALLEY HEALTH CENTER INC,10 4th St W STE B,Hardin,MT,59034-1804,"Corporate Entity, Federal Tax Exempt",-106.953103,44.80685213,N,N,56033,Sheridan County,Sheridan,County            ,8,Region 8,56,Wyoming,5600,0,Wyoming At Large,WY-00,Harriet M. Hageman,John Barrasso,Cynthia M. Lummis,5/6/2025
Federally Qualified Health Center (FQHC),H80CS00564,86120,BPS-H80-031052,Community Health Center of Central Wyoming - Riverton,1035 Rose Ln BLDG,Riverton,WY,82501-2286,307-463-7160,www.chccw.org,40,7,All Other Clinic Types,1,Active,531816,1275810160,1,Permanent,2,Service Delivery Site,1,Health Center/Applicant,0,Unknown,0,Unknown,7/15/2020,"COMMUNITY HEALTH CENTER OF CENTRAL WYOMING, INC.",5000 Blackmore Rd,Casper,WY,82609-3345,"Corporate Entity, Federal Tax Exempt",-108.418815,43.03602249,N,N,56013,Fremont County,Fremont,County            ,8,Region 8,56,Wyoming,5600,0,Wyoming At Large,WY-00,Harriet M. Hageman,John Barrasso,Cynthia M. Lummis,5/6/2025
Federally Qualified Health Center (FQHC),H80CS30723,08E01122,BPS-H80-037249,Albany Community Health Clinic,2710 Harney St STE 202-204,Laramie,WY,82072-3038,307-766-3313,www.albanycommunityhealthclinic.com,46,7,All Other Clinic Types,1,Active,531824,,1,Permanent,2,Service Delivery Site,1,Health Center/Applicant,0,Unknown,0,Unknown,9/12/2023,UNIVERSITY OF WYOMING,1000 E University Ave,Laramie,WY,82071-2000,U.S. Government Entity,-105.5614964,41.32072678,N,N,56001,Albany County,Albany,County            ,8,Region 8,56,Wyoming,5600,0,Wyoming At Large,WY-00,Harriet M. Hageman,John Barrasso,Cynthia M. Lummis,5/6/2025
Federally Qualified Health Center (FQHC),H80CS30723,08E01122,BPS-H80-019631,University of Wyoming Family Medicine Residency Cheyenne,821 E 18th St,Cheyenne,WY,82001-4775,307-777-7911,www.uwfamilymedicine.com,53,7,All Other Clinic Types,1,Active,531819,1770681439,1,Permanent,2,Service Delivery Site,1,Health Center/Applicant,0,Unknown,0,Unknown,5/11/2017,UNIVERSITY OF WYOMING,1000 E University Ave,Laramie,WY,82071-2000,U.S. Government Entity,-104.8072083,41.13788327,N,N,56021,Laramie County,Laramie,County            ,8,Region 8,56,Wyoming,5600,0,Wyoming At Large,WY-00,Harriet M. Hageman,John Barrasso,Cynthia M. Lummis,5/6/2025
Federally Qualified Health Center (FQHC),H80CS04196,814640,BPS-H80-005565,CHEYENNE HEALTH AND WELLNESS CENTER,2508 E Fox Farm Rd STE 1-1A,Cheyenne,WY,82007-2559,307-635-3618,http://www.wyhealthworks.org,53.75,7,All Other Clinic Types,1,Active,531810,1386632594,1,Permanent,3,Administrative/Service Delivery Site,1,Health Center/Applicant,1,Full-Time,1,Year-Round,1/12/2004,CHEYENNE HEALTH AND WELLNESS CENTER,"2508 E Fox Farm Rd, Ste 2",Cheyenne,WY,82007-2559,"Corporate Entity, Federal Tax Exempt",-104.769201,41.11663234,N,N,56021,Laramie County,Laramie,County            ,8,Region 8,56,Wyoming,5600,0,Wyoming At Large,WY-00,Harriet M. Hageman,John Barrasso,Cynthia M. Lummis,5/6/2025
